<?xml version="1.0" encoding="UTF-8"?>
<COLLADA xmlns="http://www.collada.org/2005/11/COLLADASchema" version="1.4.1">
    <asset>
        <contributor>
            <author>VCGLab</author>
            <authoring_tool>VCGLib | MeshLab</authoring_tool>
        </contributor>
        <created>mar. jul. 22 08:44:37 2025 GMT</created>
        <modified>mar. jul. 22 08:44:37 2025 GMT</modified>
        <up_axis>Y_UP</up_axis>
    </asset>
    <library_geometries>
        <geometry id="shape0-lib" name="shape0">
            <mesh>
                <source id="shape0-lib-positions" name="position">
                    <float_array id="shape0-lib-positions-array" count="19800">-0.080108 0.0351469 -0.0752833 -0.0805279 0.0353861 -0.0764842 -0.0759554 0.0448016 -0.0872071 -0.0619552 0.0448016 -0.0629581 -0.0634928 0.0430083 -0.0620705 -0.0802109 0.0344933 -0.0741672 -0.0648548 0.0416416 -0.0617236 -0.0808088 0.0336005 -0.0734352 -0.06639 0.040483 -0.0620887 -0.0817418 0.0327077 -0.0732833 -0.0826151 0.0300651 -0.0695637 -0.0827597 0.0320541 -0.0737523 -0.0850541 0.0288455 -0.0713732 -0.0835898 0.0318148 -0.0747164 -0.0868403 0.0286623 -0.0741042 -0.0840097 0.0320541 -0.0759174 -0.0875841 0.0295556 -0.0771614 -0.0839069 0.0327077 -0.0770334 -0.0871235 0.0313307 -0.0798783 -0.0833088 0.0336005 -0.0777654 -0.0855589 0.0336005 -0.0816626 -0.0823759 0.0344933 -0.0779173 -0.081358 0.0351469 -0.0774483 -0.0665546 0.0465795 -0.0603027 -0.0650171 0.0483728 -0.0611904 -0.0790173 0.0483728 -0.0854394 -0.0886208 0.0371717 -0.0798948 -0.0854378 0.0380645 -0.0761495 -0.08442 0.0387181 -0.0756805 -0.0835898 0.0389574 -0.0747164 -0.0831699 0.0387181 -0.0735154 -0.0832727 0.0380645 -0.0723995 -0.0863708 0.0371717 -0.0759976 -0.0869688 0.0362789 -0.0752656 -0.0901854 0.0349019 -0.0781105 -0.0870716 0.0356253 -0.0741496 -0.090646 0.0331269 -0.0753936 -0.0866517 0.0353861 -0.0729487 -0.0899021 0.0322335 -0.0723365 -0.0858216 0.0356253 -0.0719845 -0.088116 0.0324167 -0.0696054 -0.0848037 0.0362789 -0.0715156 -0.085677 0.0336364 -0.0677958 -0.0838707 0.0371717 -0.0716674 -0.069452 0.0440543 -0.060321 -0.0679167 0.0452129 -0.0599558 -0.0321062 0.0449495 -0.082501 -0.0321062 0.05 -0.082501 -0.0280018 0.0449495 -0.082501 -0.0280018 0.05 -0.082501 -0.0221061 0.0449495 -0.082501 -0.0221061 0.05 -0.082501 -0.0373157 0.0449495 -0.0829567 -0.0373157 0.05 -0.0829567 -0.0707628 0.05 -0.0888543 -0.0707628 0.0449495 -0.0888543 0.0317228 0.0449495 -0.0379453 0.0464454 0.0449495 -0.0464454 0.0634456 0.0449495 -0.0170002 0.0361655 0.0449495 -0.0576404 0.0365004 0.0449495 -0.0588904 -0.0658357 0.0449495 0.00124998 -0.0655007 0.0449495 0 -0.048723 0.0449495 0.00850008 -0.0567253 0.0449495 -0.0327503 -0.0563903 0.0449495 -0.0340004 -0.0379453 0.0449495 -0.0317228 0.087501 0.0449495 0.0134457 0.0842623 0.0449495 0.0190553 0.0781682 0.0449495 0.00850008 -0.0134457 0.0449495 0.087501 -0.0190553 0.0449495 0.0842623 -0.00850008 0.0449495 0.0781682 -0.0600281 0.0449495 -0.0606925 -0.0596981 0.0449495 -0.0612978 -0.0464454 0.0449495 -0.0464454 -0.0603949 0.0449495 -0.0603949 -0.0690552 0.0449495 -0.0553948 -0.0719457 0.0449495 -0.0317228 -0.0737947 0.0449495 -0.0531848 -0.0596737 0.0449495 -0.0619868 -0.0599601 0.0449495 -0.0626139 -0.0709302 0.0449495 -0.0888543 -0.0604968 0.0449495 -0.0630467 -0.0611703 0.0449495 -0.0631938 -0.0724993 0.0449495 -0.0888543 -0.0616354 0.0449495 -0.0631114 -0.074131 0.0449495 -0.0882604 -0.0756492 0.0449495 -0.0873839 -0.0852678 0.0449495 -0.0240313 -0.0880689 0.0449495 -0.0256485 -0.0825061 0.0449495 -0.0500141 -0.0987276 0.0449495 -0.0441099 -0.109206 0.0449495 -0.0378521 -0.10833 0.0449495 -0.0393702 -0.10571 0.0449495 -0.0415687 -0.107213 0.0449495 -0.0407004 -0.0826724 0.0449495 -0.0238452 -0.083234 0.0449495 -0.0242452 -0.0839152 0.0449495 -0.0243516 -0.0845719 0.0449495 -0.0241422 -0.0849336 0.0449495 -0.0238384 -0.0634456 0.0449495 -0.0170002 -0.0781682 0.0449495 -0.00850008 -0.0842623 0.0449495 -0.0190553 -0.082501 0.0449495 -0.0221061 -0.0823321 0.0449495 -0.0225471 -0.082349 0.0449495 -0.0232364 -0.103166 0.0449495 0.00593258 -0.0905005 0.0449495 -0.009162 -0.087501 0.0449495 -0.0134457 -0.0854739 0.0449495 0.0218221 -0.113501 0.0449495 0.0218221 -0.113501 0.0449495 0.0200692 -0.0634456 0.0449495 0.0170002 -0.0829345 0.0449495 0.0210512 -0.083519 0.0449495 0.0206856 -0.0842054 0.0449495 0.02062 -0.082501 0.0449495 0.0280018 -0.082501 0.0449495 0.0221061 -0.0825753 0.0449495 0.0216396 -0.0848484 0.0449495 0.0208684 -0.0853126 0.0449495 0.0213782 -0.112332 0.0449495 0.0168552 -0.1132 0.0449495 0.018359 -0.0610555 0.0449495 0.0352504 -0.0601404 0.0449495 0.0361655 -0.0888543 0.0449495 0.0709302 -0.0567253 0.0449495 0.0327503 -0.0576404 0.0449495 0.0318353 -0.0588904 0.0449495 0.0365004 -0.0576404 0.0449495 0.0361655 -0.0464454 0.0449495 0.0464454 -0.0567253 0.0449495 0.0352504 -0.0563903 0.0449495 0.0340004 -0.0588904 0.0449495 0.0315004 -0.0601404 0.0449495 0.0318353 -0.0610555 0.0449495 0.0327503 -0.082501 0.0449495 0.0321062 -0.0613904 0.0449495 0.0340004 -0.0829567 0.0449495 0.0373157 -0.0888543 0.0449495 0.0707628 -0.0603949 0.0449495 0.0603949 -0.0606925 0.0449495 0.0600281 -0.0612978 0.0449495 0.0596981 -0.0619868 0.0449495 0.0596737 -0.0626139 0.0449495 0.0599601 -0.0553948 0.0449495 0.0690552 -0.0317228 0.0449495 0.0719457 -0.0531848 0.0449495 0.0737947 -0.0630467 0.0449495 0.0604968 -0.0631938 0.0449495 0.0611703 -0.0888543 0.0449495 0.0724993 -0.0631114 0.0449495 0.0616354 -0.0882604 0.0449495 0.074131 -0.0873839 0.0449495 0.0756492 -0.0240313 0.0449495 0.0852678 -0.0256485 0.0449495 0.0880689 -0.0500141 0.0449495 0.0825061 -0.0441099 0.0449495 0.0987276 -0.0378521 0.0449495 0.109206 -0.0393702 0.0449495 0.10833 -0.0415687 0.0449495 0.10571 -0.0407004 0.0449495 0.107213 -0.0238452 0.0449495 0.0826724 -0.0242452 0.0449495 0.083234 -0.0170002 0.0449495 0.0634456 -0.0243516 0.0449495 0.0839152 -0.0241422 0.0449495 0.0845719 -0.0238384 0.0449495 0.0849336 -0.0221061 0.0449495 0.082501 -0.0225471 0.0449495 0.0823321 -0.0232364 0.0449495 0.082349 0.0170002 0.0449495 0.0634456 0.0280018 0.0449495 0.082501 0.0221061 0.0449495 0.082501 0.02062 0.0449495 0.0842054 0.00593258 0.0449495 0.103166 -0.009162 0.0449495 0.0905005 0.0216396 0.0449495 0.0825753 0.0210512 0.0449495 0.0829345 0.0206856 0.0449495 0.083519 0.0218221 0.0449495 0.0854739 0.0218221 0.0449495 0.113501 0.0200692 0.0449495 0.113501 0.0208684 0.0449495 0.0848484 0.0213782 0.0449495 0.0853126 0.0168552 0.0449495 0.112332 0.018359 0.0449495 0.1132 0.0327503 0.0449495 0.0567253 0.0318353 0.0449495 0.0576404 0.0365004 0.0449495 0.0588904 0.0361655 0.0449495 0.0576404 0.0464454 0.0449495 0.0464454 0.0352504 0.0449495 0.0567253 0.0340004 0.0449495 0.0563903 0.0352504 0.0449495 0.0610555 0.0361655 0.0449495 0.0601404 0.0709302 0.0449495 0.0888543 0.0315004 0.0449495 0.0588904 0.0318353 0.0449495 0.0601404 0.0327503 0.0449495 0.0610555 0.0321062 0.0449495 0.082501 0.0340004 0.0449495 0.0613904 0.0373157 0.0449495 0.0829567 0.0707628 0.0449495 0.0888543 0.0603949 0.0449495 0.0603949 0.0600281 0.0449495 0.0606925 0.0596981 0.0449495 0.0612978 0.0596737 0.0449495 0.0619868 0.0599601 0.0449495 0.0626139 0.0690552 0.0449495 0.0553948 0.0719457 0.0449495 0.0317228 0.0737947 0.0449495 0.0531848 0.0604968 0.0449495 0.0630467 0.0611703 0.0449495 0.0631938 0.0724993 0.0449495 0.0888543 0.0616354 0.0449495 0.0631114 0.074131 0.0449495 0.0882604 0.0756492 0.0449495 0.0873839 0.0852678 0.0449495 0.0240313 0.0880689 0.0449495 0.0256485 0.0825061 0.0449495 0.0500141 0.0987276 0.0449495 0.0441099 0.109206 0.0449495 0.0378521 0.10833 0.0449495 0.0393702 0.10571 0.0449495 0.0415687 0.107213 0.0449495 0.0407004 0.0634456 0.0449495 0.0170002 0.082501 0.0449495 0.0221061 0.0823321 0.0449495 0.0225471 0.082349 0.0449495 0.0232364 0.0826724 0.0449495 0.0238452 0.083234 0.0449495 0.0242452 0.0839152 0.0449495 0.0243516 0.0845719 0.0449495 0.0241422 0.0849336 0.0449495 0.0238384 0.0842054 0.0449495 -0.02062 0.103166 0.0449495 -0.00593258 0.0905005 0.0449495 0.009162 0.0829345 0.0449495 -0.0210512 0.083519 0.0449495 -0.0206856 0.113501 0.0449495 -0.0200692 0.1132 0.0449495 -0.018359 0.112332 0.0449495 -0.0168552 0.082501 0.0449495 -0.0280018 0.082501 0.0449495 -0.0221061 0.0825753 0.0449495 -0.0216396 0.113501 0.0449495 -0.0218221 0.0854739 0.0449495 -0.0218221 0.0853126 0.0449495 -0.0213782 0.0848484 0.0449495 -0.0208684 0.0610555 0.0449495 -0.0352504 0.0601404 0.0449495 -0.0361655 0.0888543 0.0449495 -0.0709302 0.0588904 0.0449495 -0.0365004 0.0576404 0.0449495 -0.0361655 0.0567253 0.0449495 -0.0352504 0.0563903 0.0449495 -0.0340004 0.0567253 0.0449495 -0.0327503 0.0576404 0.0449495 -0.0318353 0.0888543 0.0449495 -0.0707628 0.0829567 0.0449495 -0.0373157 0.0613904 0.0449495 -0.0340004 0.082501 0.0449495 -0.0321062 0.0610555 0.0449495 -0.0327503 0.0601404 0.0449495 -0.0318353 0.0588904 0.0449495 -0.0315004 0.0553948 0.0449495 -0.0690552 0.0603949 0.0449495 -0.0603949 0.0606925 0.0449495 -0.0600281 0.0612978 0.0449495 -0.0596981 0.0619868 0.0449495 -0.0596737 0.0626139 0.0449495 -0.0599601 0.0630467 0.0449495 -0.0604968 0.0631938 0.0449495 -0.0611703 0.0888543 0.0449495 -0.0724993 0.0631114 0.0449495 -0.0616354 0.0882604 0.0449495 -0.074131 0.0873839 0.0449495 -0.0756492 0.0240313 0.0449495 -0.0852678 0.0256485 0.0449495 -0.0880689 0.0317228 0.0449495 -0.0719457 0.0500141 0.0449495 -0.0825061 0.0531848 0.0449495 -0.0737947 0.0393702 0.0449495 -0.10833 0.0407004 0.0449495 -0.107213 0.0378521 0.0449495 -0.109206 0.0415687 0.0449495 -0.10571 0.0441099 0.0449495 -0.0987276 0.0238452 0.0449495 -0.0826724 0.0242452 0.0449495 -0.083234 0.0190553 0.0449495 -0.0842623 0.0221061 0.0449495 -0.082501 0.0170002 0.0449495 -0.0634456 0.0225471 0.0449495 -0.0823321 0.0232364 0.0449495 -0.082349 0.0243516 0.0449495 -0.0839152 0.0241422 0.0449495 -0.0845719 0.0238384 0.0449495 -0.0849336 -0.00593258 0.0449495 -0.103166 0.009162 0.0449495 -0.0905005 0.00850008 0.0449495 -0.0781682 0.0134457 0.0449495 -0.087501 -0.0170002 0.0449495 -0.0634456 -0.0210512 0.0449495 -0.0829345 -0.0216396 0.0449495 -0.0825753 -0.0206856 0.0449495 -0.083519 -0.02062 0.0449495 -0.0842054 -0.0200692 0.0449495 -0.113501 -0.018359 0.0449495 -0.1132 -0.0168552 0.0449495 -0.112332 -0.0218221 0.0449495 -0.113501 -0.0218221 0.0449495 -0.0854739 -0.0213782 0.0449495 -0.0853126 -0.0208684 0.0449495 -0.0848484 -0.0327503 0.0449495 -0.0567253 -0.0318353 0.0449495 -0.0576404 -0.0352504 0.0449495 -0.0567253 -0.0340004 0.0449495 -0.0563903 -0.0352504 0.0449495 -0.0610555 -0.0361655 0.0449495 -0.0601404 -0.0365004 0.0449495 -0.0588904 -0.0361655 0.0449495 -0.0576404 -0.0315004 0.0449495 -0.0588904 -0.0318353 0.0449495 -0.0601404 -0.0327503 0.0449495 -0.0610555 -0.0340004 0.0449495 -0.0613904 -0.0613904 0.0449495 -0.0340004 -0.0610555 0.0449495 -0.0327503 -0.0576404 0.0449495 -0.0318353 -0.0601404 0.0449495 -0.0318353 -0.0588904 0.0449495 -0.0315004 -0.0567253 0.0449495 -0.0352504 -0.0576404 0.0449495 -0.0361655 -0.0588904 0.0449495 -0.0365004 -0.0601404 0.0449495 -0.0361655 -0.0610555 0.0449495 -0.0352504 0.00216504 0.0449495 -0.0692508 0.00124998 0.0449495 -0.0701659 -0.00250003 0.0449495 -0.0680008 -0.00216504 0.0449495 -0.0667508 0 0.0449495 -0.0705008 -0.00124998 0.0449495 -0.0701659 -0.00216504 0.0449495 -0.0692508 0.00250003 0.0449495 -0.0680008 -0.00850008 0.0449495 -0.048723 -0.00124998 0.0449495 -0.0658357 0 0.0449495 -0.0655007 0.00124998 0.0449495 -0.0658357 0.00216504 0.0449495 -0.0667508 -0.0667508 0.0449495 0.00216504 -0.0658357 0.0449495 -0.00124998 -0.0667508 0.0449495 -0.00216504 -0.0680008 0.0449495 -0.00250003 -0.0692508 0.0449495 -0.00216504 -0.0701659 0.0449495 -0.00124998 -0.0705008 0.0449495 0 -0.0701659 0.0449495 0.00124998 -0.0692508 0.0449495 0.00216504 -0.0680008 0.0449495 0.00250003 0.0361655 0.0449495 -0.0601404 0.0352504 0.0449495 -0.0610555 0.0315004 0.0449495 -0.0588904 0.0318353 0.0449495 -0.0576404 0.0340004 0.0449495 -0.0613904 0.0327503 0.0449495 -0.0610555 0.0318353 0.0449495 -0.0601404 0.0327503 0.0449495 -0.0567253 0.0340004 0.0449495 -0.0563903 0.0352504 0.0449495 -0.0567253 -0.0317228 0.0449495 0.0379453 -0.0340004 0.0449495 0.0613904 -0.0327503 0.0449495 0.0610555 -0.0318353 0.0449495 0.0601404 -0.0315004 0.0449495 0.0588904 -0.0318353 0.0449495 0.0576404 -0.0327503 0.0449495 0.0567253 -0.0340004 0.0449495 0.0563903 -0.0352504 0.0449495 0.0567253 -0.0361655 0.0449495 0.0576404 -0.0365004 0.0449495 0.0588904 -0.0361655 0.0449495 0.0601404 -0.0352504 0.0449495 0.0610555 0.00850008 0.0449495 0.048723 0.0379453 0.0449495 0.0317228 0.0232227 0.0449495 0.0062225 -0.0062225 0.0449495 0.0232227 -0.0232227 0.0449495 -0.0062225 0.0701659 0.0449495 0.00124998 0.0705008 0.0449495 0 0.0701659 0.0449495 -0.00124998 0.0692508 0.0449495 -0.00216504 0.0680008 0.0449495 -0.00250003 0.0658357 0.0449495 -0.00124998 0.0655007 0.0449495 0 0.048723 0.0449495 -0.00850008 0.0667508 0.0449495 -0.00216504 0.0062225 0.0449495 -0.0232227 0.0658357 0.0449495 0.00124998 0.0667508 0.0449495 0.00216504 0.0680008 0.0449495 0.00250003 0.0692508 0.0449495 0.00216504 0.00250003 0.0449495 0.0680008 0.00216504 0.0449495 0.0667508 -0.00124998 0.0449495 0.0658357 0 0.0449495 0.0655007 0.00124998 0.0449495 0.0658357 -0.00216504 0.0449495 0.0667508 -0.00250003 0.0449495 0.0680008 -0.00216504 0.0449495 0.0692508 -0.00124998 0.0449495 0.0701659 0 0.0449495 0.0705008 0.00124998 0.0449495 0.0701659 0.00216504 0.0449495 0.0692508 0.0613904 0.0449495 0.0340004 0.0610555 0.0449495 0.0327503 0.0601404 0.0449495 0.0318353 0.0588904 0.0449495 0.0315004 0.0576404 0.0449495 0.0318353 0.0567253 0.0449495 0.0327503 0.0563903 0.0449495 0.0340004 0.0567253 0.0449495 0.0352504 0.0576404 0.0449495 0.0361655 0.0588904 0.0449495 0.0365004 0.0601404 0.0449495 0.0361655 0.0610555 0.0449495 0.0352504 -0.074131 0.05 -0.0882604 -0.0756492 0.05 -0.0873839 -0.00250003 0.05 -0.0680008 -0.0170002 0.05 -0.0634456 -0.00850008 0.05 -0.048723 -0.0701659 0.05 0.00124998 -0.0705008 0.05 0 -0.0781682 0.05 -0.00850008 -0.10833 0.05 -0.0393702 -0.109206 0.05 -0.0378521 -0.0880689 0.05 -0.0256485 -0.0852678 0.05 -0.0240313 -0.0719457 0.05 -0.0317228 -0.0393702 0.05 0.10833 -0.0378521 0.05 0.109206 -0.0256485 0.05 0.0880689 -0.0240313 0.05 0.0852678 -0.0317228 0.05 0.0719457 0.10833 0.05 0.0393702 0.109206 0.05 0.0378521 0.0880689 0.05 0.0256485 0.0852678 0.05 0.0240313 0.0719457 0.05 0.0317228 0.0256485 0.05 -0.0880689 0.0240313 0.05 -0.0852678 0.0317228 0.05 -0.0719457 -0.0327503 0.05 -0.0567253 -0.0340004 0.05 -0.0563903 -0.0464454 0.05 -0.0464454 -0.0352504 0.05 -0.0567253 -0.0361655 0.05 -0.0576404 -0.0709302 0.05 -0.0888543 -0.0352504 0.05 -0.0610555 -0.0340004 0.05 -0.0613904 -0.0327503 0.05 -0.0610555 -0.0318353 0.05 -0.0601404 -0.0315004 0.05 -0.0588904 -0.0318353 0.05 -0.0576404 -0.0365004 0.05 -0.0588904 -0.0361655 0.05 -0.0601404 -0.0200692 0.05 -0.113501 -0.0218221 0.05 -0.113501 -0.0218221 0.05 -0.0854739 -0.0208684 0.05 -0.0848484 -0.02062 0.05 -0.0842054 0.00850008 0.05 -0.0781682 -0.0206856 0.05 -0.083519 -0.0210512 0.05 -0.0829345 -0.0216396 0.05 -0.0825753 -0.018359 0.05 -0.1132 -0.0168552 0.05 -0.112332 -0.00593258 0.05 -0.103166 -0.0213782 0.05 -0.0853126 0.009162 0.05 -0.0905005 0.0134457 0.05 -0.087501 0.0243516 0.05 -0.0839152 0.0242452 0.05 -0.083234 0.0238452 0.05 -0.0826724 0.0232364 0.05 -0.082349 0.0170002 0.05 -0.0634456 0.0225471 0.05 -0.0823321 0.0221061 0.05 -0.082501 0.0190553 0.05 -0.0842623 0.0241422 0.05 -0.0845719 0.0238384 0.05 -0.0849336 0.0378521 0.05 -0.109206 0.0393702 0.05 -0.10833 0.0415687 0.05 -0.10571 0.0407004 0.05 -0.107213 0.0631938 0.05 -0.0611703 0.0630467 0.05 -0.0604968 0.0888543 0.05 -0.0709302 0.0619868 0.05 -0.0596737 0.0612978 0.05 -0.0596981 0.0464454 0.05 -0.0464454 0.0873839 0.05 -0.0756492 0.0631114 0.05 -0.0616354 0.0882604 0.05 -0.074131 0.0888543 0.05 -0.0724993 0.0626139 0.05 -0.0599601 0.0606925 0.05 -0.0600281 0.0603949 0.05 -0.0603949 0.0553948 0.05 -0.0690552 0.0531848 0.05 -0.0737947 0.0500141 0.05 -0.0825061 0.0441099 0.05 -0.0987276 0.0567253 0.05 -0.0327503 0.0563903 0.05 -0.0340004 0.0567253 0.05 -0.0352504 0.0610555 0.05 -0.0327503 0.0601404 0.05 -0.0318353 0.0634456 0.05 -0.0170002 0.0588904 0.05 -0.0315004 0.0576404 0.05 -0.0318353 0.0576404 0.05 -0.0361655 0.0610555 0.05 -0.0352504 0.0613904 0.05 -0.0340004 0.082501 0.05 -0.0321062 0.082501 0.05 -0.0280018 0.0588904 0.05 -0.0365004 0.0601404 0.05 -0.0361655 0.0888543 0.05 -0.0707628 0.0829567 0.05 -0.0373157 0.113501 0.05 -0.0200692 0.113501 0.05 -0.0218221 0.0854739 0.05 -0.0218221 0.0848484 0.05 -0.0208684 0.0842054 0.05 -0.02062 0.0781682 0.05 0.00850008 0.083519 0.05 -0.0206856 0.0829345 0.05 -0.0210512 0.0825753 0.05 -0.0216396 0.1132 0.05 -0.018359 0.112332 0.05 -0.0168552 0.103166 0.05 -0.00593258 0.0853126 0.05 -0.0213782 0.082501 0.05 -0.0221061 0.082501 0.05 0.0221061 0.0842623 0.05 0.0190553 0.087501 0.05 0.0134457 0.0905005 0.05 0.009162 0.082349 0.05 0.0232364 0.0634456 0.05 0.0170002 0.0823321 0.05 0.0225471 0.0839152 0.05 0.0243516 0.083234 0.05 0.0242452 0.0826724 0.05 0.0238452 0.0845719 0.05 0.0241422 0.0849336 0.05 0.0238384 0.0987276 0.05 0.0441099 0.10571 0.05 0.0415687 0.107213 0.05 0.0407004 0.0611703 0.05 0.0631938 0.0604968 0.05 0.0630467 0.0709302 0.05 0.0888543 0.0599601 0.05 0.0626139 0.0464454 0.05 0.0464454 0.0596737 0.05 0.0619868 0.0596981 0.05 0.0612978 0.0756492 0.05 0.0873839 0.0616354 0.05 0.0631114 0.074131 0.05 0.0882604 0.0724993 0.05 0.0888543 0.0600281 0.05 0.0606925 0.0603949 0.05 0.0603949 0.0690552 0.05 0.0553948 0.0825061 0.05 0.0500141 0.0737947 0.05 0.0531848 0.0327503 0.05 0.0567253 0.0170002 0.05 0.0634456 0.0318353 0.05 0.0576404 0.0315004 0.05 0.0588904 0.0340004 0.05 0.0563903 0.0352504 0.05 0.0567253 0.0361655 0.05 0.0576404 0.0280018 0.05 0.082501 0.0327503 0.05 0.0610555 0.0318353 0.05 0.0601404 0.0352504 0.05 0.0610555 0.0707628 0.05 0.0888543 0.0361655 0.05 0.0601404 0.0365004 0.05 0.0588904 0.0340004 0.05 0.0613904 0.0321062 0.05 0.082501 0.0373157 0.05 0.0829567 0.0221061 0.05 0.082501 0.0216396 0.05 0.0825753 0.0208684 0.05 0.0848484 0.02062 0.05 0.0842054 -0.00850008 0.05 0.0781682 0.0206856 0.05 0.083519 0.0210512 0.05 0.0829345 0.0218221 0.05 0.113501 0.0218221 0.05 0.0854739 0.0200692 0.05 0.113501 0.0213782 0.05 0.0853126 0.018359 0.05 0.1132 0.00593258 0.05 0.103166 0.0168552 0.05 0.112332 -0.009162 0.05 0.0905005 -0.0134457 0.05 0.087501 -0.0243516 0.05 0.0839152 -0.0242452 0.05 0.083234 -0.0238452 0.05 0.0826724 -0.0232364 0.05 0.082349 -0.0170002 0.05 0.0634456 -0.0241422 0.05 0.0845719 -0.0238384 0.05 0.0849336 -0.0225471 0.05 0.0823321 -0.0221061 0.05 0.082501 -0.0190553 0.05 0.0842623 -0.0441099 0.05 0.0987276 -0.0415687 0.05 0.10571 -0.0407004 0.05 0.107213 -0.0631938 0.05 0.0611703 -0.0630467 0.05 0.0604968 -0.0888543 0.05 0.0709302 -0.0619868 0.05 0.0596737 -0.0612978 0.05 0.0596981 -0.0464454 0.05 0.0464454 -0.0626139 0.05 0.0599601 -0.0873839 0.05 0.0756492 -0.0631114 0.05 0.0616354 -0.0882604 0.05 0.074131 -0.0888543 0.05 0.0724993 -0.0606925 0.05 0.0600281 -0.0603949 0.05 0.0603949 -0.0553948 0.05 0.0690552 -0.0500141 0.05 0.0825061 -0.0531848 0.05 0.0737947 -0.0601404 0.05 0.0318353 -0.0588904 0.05 0.0315004 -0.0634456 0.05 0.0170002 -0.082501 0.05 0.0280018 -0.082501 0.05 0.0321062 -0.0613904 0.05 0.0340004 -0.0610555 0.05 0.0352504 -0.0610555 0.05 0.0327503 -0.0567253 0.05 0.0352504 -0.0576404 0.05 0.0361655 -0.0588904 0.05 0.0365004 -0.0601404 0.05 0.0361655 -0.0888543 0.05 0.0707628 -0.0829567 0.05 0.0373157 -0.0576404 0.05 0.0318353 -0.0567253 0.05 0.0327503 -0.0563903 0.05 0.0340004 -0.113501 0.05 0.0218221 -0.0854739 0.05 0.0218221 -0.113501 0.05 0.0200692 -0.0853126 0.05 0.0213782 -0.1132 0.05 0.018359 -0.103166 0.05 0.00593258 -0.112332 0.05 0.0168552 -0.0848484 0.05 0.0208684 -0.0842054 0.05 0.02062 -0.083519 0.05 0.0206856 -0.0829345 0.05 0.0210512 -0.0825753 0.05 0.0216396 -0.082501 0.05 0.0221061 -0.0905005 0.05 -0.009162 -0.087501 0.05 -0.0134457 -0.0849336 0.05 -0.0238384 -0.0845719 0.05 -0.0241422 -0.0839152 0.05 -0.0243516 -0.083234 0.05 -0.0242452 -0.0826724 0.05 -0.0238452 -0.082349 0.05 -0.0232364 -0.0634456 0.05 -0.0170002 -0.0823321 0.05 -0.0225471 -0.082501 0.05 -0.0221061 -0.0842623 0.05 -0.0190553 -0.0987276 0.05 -0.0441099 -0.10571 0.05 -0.0415687 -0.107213 0.05 -0.0407004 -0.0616354 0.05 -0.0631114 -0.0611703 0.05 -0.0631938 -0.0724993 0.05 -0.0888543 -0.0604968 0.05 -0.0630467 -0.0599601 0.05 -0.0626139 -0.0596737 0.05 -0.0619868 -0.0596981 0.05 -0.0612978 -0.0600281 0.05 -0.0606925 -0.0603949 0.05 -0.0603949 -0.0690552 0.05 -0.0553948 -0.0825061 0.05 -0.0500141 -0.0737947 0.05 -0.0531848 -0.00216504 0.05 0.0667508 -0.00124998 0.05 0.0658357 0 0.05 0.0655007 0.00850008 0.05 0.048723 0.00124998 0.05 0.0658357 0.00216504 0.05 0.0667508 0.00250003 0.05 0.0680008 0.00216504 0.05 0.0692508 0.00124998 0.05 0.0701659 0 0.05 0.0705008 -0.00124998 0.05 0.0701659 -0.00216504 0.05 0.0692508 -0.00250003 0.05 0.0680008 0.0379453 0.05 0.0317228 0.0563903 0.05 0.0340004 0.0567253 0.05 0.0327503 0.0576404 0.05 0.0318353 0.0567253 0.05 0.0352504 0.0576404 0.05 0.0361655 0.0588904 0.05 0.0315004 0.0601404 0.05 0.0318353 0.0610555 0.05 0.0327503 0.0613904 0.05 0.0340004 0.0610555 0.05 0.0352504 0.0601404 0.05 0.0361655 0.0588904 0.05 0.0365004 -0.0361655 0.05 0.0576404 -0.0352504 0.05 0.0567253 -0.0340004 0.05 0.0613904 -0.0352504 0.05 0.0610555 -0.0361655 0.05 0.0601404 -0.0365004 0.05 0.0588904 -0.0340004 0.05 0.0563903 -0.0317228 0.05 0.0379453 -0.0327503 0.05 0.0567253 -0.0318353 0.05 0.0576404 -0.0315004 0.05 0.0588904 -0.0318353 0.05 0.0601404 -0.0327503 0.05 0.0610555 0.0701659 0.05 0.00124998 0.0692508 0.05 0.00216504 0.048723 0.05 -0.00850008 0.0658357 0.05 -0.00124998 0.0667508 0.05 -0.00216504 0.0680008 0.05 -0.00250003 0.0680008 0.05 0.00250003 0.0667508 0.05 0.00216504 0.0658357 0.05 0.00124998 0.0655007 0.05 0 0.0692508 0.05 -0.00216504 0.0701659 0.05 -0.00124998 0.0705008 0.05 0 0.0317228 0.05 -0.0379453 -0.0692508 0.05 0.00216504 -0.0680008 0.05 0.00250003 -0.0667508 0.05 0.00216504 -0.0680008 0.05 -0.00250003 -0.0692508 0.05 -0.00216504 -0.0701659 0.05 -0.00124998 -0.048723 0.05 0.00850008 -0.0658357 0.05 0.00124998 -0.0667508 0.05 -0.00216504 -0.0658357 0.05 -0.00124998 -0.0655007 0.05 0 0.0315004 0.05 -0.0588904 0.0318353 0.05 -0.0601404 0.0327503 0.05 -0.0610555 0.0340004 0.05 -0.0613904 0.0327503 0.05 -0.0567253 0.0318353 0.05 -0.0576404 0.0365004 0.05 -0.0588904 0.0361655 0.05 -0.0601404 0.0352504 0.05 -0.0610555 0.0361655 0.05 -0.0576404 0.0352504 0.05 -0.0567253 0.0340004 0.05 -0.0563903 -0.0576404 0.05 -0.0361655 -0.0567253 0.05 -0.0352504 -0.0576404 0.05 -0.0318353 -0.0588904 0.05 -0.0315004 -0.0601404 0.05 -0.0318353 -0.0610555 0.05 -0.0327503 -0.0613904 0.05 -0.0340004 -0.0379453 0.05 -0.0317228 -0.0563903 0.05 -0.0340004 -0.0567253 0.05 -0.0327503 -0.0062225 0.05 0.0232227 -0.0232227 0.05 -0.0062225 -0.0610555 0.05 -0.0352504 -0.0601404 0.05 -0.0361655 -0.0588904 0.05 -0.0365004 0.0062225 0.05 -0.0232227 0.0232227 0.05 0.0062225 -0.00216504 0.05 -0.0692508 -0.00124998 0.05 -0.0701659 0 0.05 -0.0705008 0.00216504 0.05 -0.0667508 0.00124998 0.05 -0.0658357 0 0.05 -0.0655007 -0.00124998 0.05 -0.0658357 -0.00216504 0.05 -0.0667508 0.00124998 0.05 -0.0701659 0.00216504 0.05 -0.0692508 0.00250003 0.05 -0.0680008 -0.0616354 0.0474747 -0.0631114 -0.0616354 0.0455808 -0.0631114 -0.0616354 0.0462121 -0.0631114 -0.0758149 0.044911 -0.0872883 -0.077472 0.0495771 -0.0863316 -0.0616725 0.0462117 -0.0631016 -0.0620991 0.0499751 -0.0628751 -0.0618946 0.0474612 -0.0629932 -0.0618537 0.0499946 -0.063006 -0.0617585 0.0474718 -0.0630609 -0.0616899 0.0449472 -0.0631113 -0.0616788 0.0449482 -0.0631144 -0.061711 0.0462104 -0.0630884 -0.0616635 0.0449486 -0.0631134 -0.061661 0.0455805 -0.0631082 -0.0616497 0.0449491 -0.0631124 -0.0634718 0.0495771 -0.0620825 -0.0618147 0.044911 -0.0630393 -0.107017 0.0351469 -0.0251432 -0.107981 0.0353861 -0.0259733 -0.109383 0.0448016 -0.0375459 -0.109182 0.0351469 -0.0263932 -0.110298 0.0344933 -0.0262904 -0.114927 0.0336005 -0.0279424 -0.11103 0.0336005 -0.0256923 -0.11539 0.0313307 -0.0256148 -0.111182 0.0327077 -0.0247594 -0.114431 0.0295556 -0.0230316 -0.110713 0.0320541 -0.0237415 -0.112258 0.0286623 -0.020756 -0.109749 0.0318148 -0.0229114 -0.109346 0.0288455 -0.0192839 -0.108548 0.0320541 -0.0224915 -0.106329 0.0300651 -0.0189363 -0.107432 0.0327077 -0.0225944 -0.0885399 0.040483 -0.0205754 -0.1067 0.0336005 -0.0231923 -0.0870277 0.0416416 -0.0210268 -0.106548 0.0344933 -0.0241253 -0.0860215 0.0430083 -0.0220083 -0.0851339 0.0448016 -0.0235457 -0.0877894 0.0465795 -0.0189463 -0.0869017 0.0483728 -0.0204839 -0.111151 0.0483728 -0.034484 -0.116695 0.0371717 -0.0248805 -0.112066 0.0380645 -0.0232285 -0.11095 0.0387181 -0.0233313 -0.109749 0.0389574 -0.0229114 -0.108785 0.0387181 -0.0220813 -0.108316 0.0380645 -0.0210634 -0.112798 0.0371717 -0.0226305 -0.11295 0.0362789 -0.0216975 -0.117158 0.0349019 -0.0225529 -0.112481 0.0356253 -0.0206796 -0.116199 0.0331269 -0.0199698 -0.111517 0.0353861 -0.0198495 -0.114026 0.0322335 -0.0176941 -0.110316 0.0356253 -0.0194296 -0.111113 0.0324167 -0.016222 -0.1092 0.0362789 -0.0195324 -0.108096 0.0336364 -0.0158744 -0.108468 0.0371717 -0.0201304 -0.0903076 0.0440543 -0.0175135 -0.0887955 0.0452129 -0.0179649 -0.0849336 0.0455808 -0.0238384 -0.0849336 0.0474747 -0.0238384 -0.0849336 0.0462121 -0.0238384 -0.109302 0.044911 -0.0376864 -0.110259 0.0495771 -0.0360293 -0.0849607 0.0462117 -0.0238113 -0.085217 0.0499751 -0.0234018 -0.0850988 0.0474612 -0.0236065 -0.0850699 0.0499946 -0.0236379 -0.0850149 0.0474718 -0.0237331 -0.0849807 0.0449472 -0.023811 -0.0849725 0.0449482 -0.0238192 -0.0849874 0.0462104 -0.0237807 -0.0849589 0.0449486 -0.023826 -0.0849541 0.0455805 -0.0238228 -0.0849464 0.0449491 -0.0238321 -0.0860095 0.0495771 -0.0220291 -0.0850528 0.044911 -0.0236862 -0.105251 0.0351469 0.0317339 -0.106501 0.0353861 0.0314971 -0.113501 0.0448016 0.0221757 -0.107751 0.0351469 0.0317339 -0.108666 0.0344933 0.032381 -0.113501 0.0336005 0.0332648 -0.109001 0.0336005 0.0332648 -0.112738 0.0313307 0.035512 -0.108666 0.0327077 0.0341487 -0.110616 0.0295556 0.0372694 -0.107751 0.0320541 0.0347958 -0.107596 0.0286623 0.0381537 -0.106501 0.0318148 0.0350327 -0.104338 0.0288455 0.0379724 -0.105251 0.0320541 0.0347958 -0.101551 0.0300651 0.0367649 -0.104336 0.0327077 0.0341487 -0.0869654 0.040483 0.0264511 -0.104001 0.0336005 0.0332648 -0.0858816 0.0416416 0.0253041 -0.104336 0.0344933 0.032381 -0.085501 0.0430083 0.023951 -0.085501 0.0448016 0.0221757 -0.085501 0.0465795 0.0274866 -0.085501 0.0483728 0.0257112 -0.113501 0.0483728 0.0257112 -0.113501 0.0371717 0.0368005 -0.104336 0.0380645 0.0359166 -0.105251 0.0387181 0.0352695 -0.106501 0.0389574 0.0350327 -0.107751 0.0387181 0.0352695 -0.108666 0.0380645 0.0359166 -0.109001 0.0371717 0.0368005 -0.108666 0.0362789 0.0376843 -0.112738 0.0349019 0.0390476 -0.107751 0.0356253 0.0383314 -0.110616 0.0331269 0.0408049 -0.106501 0.0353861 0.0385682 -0.107596 0.0322335 0.0416893 -0.105251 0.0356253 0.0383314 -0.104338 0.0324167 0.041508 -0.104336 0.0362789 0.0376843 -0.101551 0.0336364 0.0403005 -0.104001 0.0371717 0.0368005 -0.0869654 0.0440543 0.0299867 -0.0858816 0.0452129 0.0288396 -0.0854739 0.0474747 0.0218221 -0.0854739 0.0455808 0.0218221 -0.0854739 0.0462121 0.0218221 -0.113501 0.044911 0.0220135 -0.113501 0.0495771 0.0239269 -0.0854838 0.0462117 0.0218591 -0.085501 0.0499751 0.0223419 -0.085501 0.0474612 0.0221056 -0.0854916 0.0499946 0.0220639 -0.0854916 0.0474718 0.021954 -0.085501 0.0449472 0.0218694 -0.085498 0.0449482 0.0218582 -0.0854916 0.0462104 0.0218991 -0.0854896 0.0449486 0.0218455 -0.0854838 0.0455805 0.0218459 -0.0854818 0.0449491 0.021834 -0.085501 0.0495771 0.0239269 -0.085501 0.044911 0.0220135 -0.0752833 0.0351469 0.080108 -0.0764842 0.0353861 0.0805279 -0.0872071 0.0448016 0.0759554 -0.0629581 0.0448016 0.0619552 -0.0620705 0.0430083 0.0634928 -0.0741672 0.0344933 0.0802109 -0.0617236 0.0416416 0.0648548 -0.0734352 0.0336005 0.0808088 -0.0620887 0.040483 0.06639 -0.0732833 0.0327077 0.0817418 -0.0695637 0.0300651 0.0826151 -0.0737523 0.0320541 0.0827597 -0.0713732 0.0288455 0.0850541 -0.0747164 0.0318148 0.0835898 -0.0741042 0.0286623 0.0868403 -0.0759174 0.0320541 0.0840097 -0.0771614 0.0295556 0.0875841 -0.0770334 0.0327077 0.0839069 -0.0798783 0.0313307 0.0871235 -0.0777654 0.0336005 0.0833088 -0.0816626 0.0336005 0.0855589 -0.0779173 0.0344933 0.0823759 -0.0774483 0.0351469 0.081358 -0.0603027 0.0465795 0.0665546 -0.0611904 0.0483728 0.0650171 -0.0854394 0.0483728 0.0790173 -0.0798948 0.0371717 0.0886208 -0.0729487 0.0353861 0.0866517 -0.0741496 0.0356253 0.0870716 -0.0723365 0.0322335 0.0899021 -0.0761495 0.0380645 0.0854378 -0.0756805 0.0387181 0.08442 -0.0747164 0.0389574 0.0835898 -0.0735154 0.0387181 0.0831699 -0.0723995 0.0380645 0.0832727 -0.0719845 0.0356253 0.0858216 -0.0696054 0.0324167 0.088116 -0.0715156 0.0362789 0.0848037 -0.0677958 0.0336364 0.085677 -0.0716674 0.0371717 0.0838707 -0.060321 0.0440543 0.069452 -0.0599558 0.0452129 0.0679167 -0.0759976 0.0371717 0.0863708 -0.0752656 0.0362789 0.0869688 -0.0781105 0.0349019 0.0901854 -0.0753936 0.0331269 0.090646 -0.0631114 0.0474747 0.0616354 -0.0631114 0.0455808 0.0616354 -0.0631114 0.0462121 0.0616354 -0.0872883 0.044911 0.0758149 -0.0863316 0.0495771 0.077472 -0.0631016 0.0462117 0.0616725 -0.0628751 0.0499751 0.0620991 -0.0629932 0.0474612 0.0618946 -0.063006 0.0499946 0.0618537 -0.0630609 0.0474718 0.0617585 -0.0631113 0.0449472 0.0616899 -0.0631144 0.0449482 0.0616788 -0.0630884 0.0462104 0.061711 -0.0631134 0.0449486 0.0616635 -0.0631082 0.0455805 0.061661 -0.0631124 0.0449491 0.0616497 -0.0620825 0.0495771 0.0634718 -0.0630393 0.044911 0.0618147 -0.0251432 0.0351469 0.107017 -0.0259733 0.0353861 0.107981 -0.0375459 0.0448016 0.109383 -0.0235457 0.0448016 0.0851339 -0.0220083 0.0430083 0.0860215 -0.0241253 0.0344933 0.106548 -0.0210268 0.0416416 0.0870277 -0.0231923 0.0336005 0.1067 -0.0205754 0.040483 0.0885399 -0.0225944 0.0327077 0.107432 -0.0189363 0.0300651 0.106329 -0.0224915 0.0320541 0.108548 -0.0192839 0.0288455 0.109346 -0.020756 0.0286623 0.112258 -0.0263932 0.0351469 0.109182 -0.0262904 0.0344933 0.110298 -0.0279424 0.0336005 0.114927 -0.0256923 0.0336005 0.11103 -0.0256148 0.0313307 0.11539 -0.0247594 0.0327077 0.111182 -0.0230316 0.0295556 0.114431 -0.0237415 0.0320541 0.110713 -0.0229114 0.0318148 0.109749 -0.0189463 0.0465795 0.0877894 -0.0204839 0.0483728 0.0869017 -0.034484 0.0483728 0.111151 -0.0248805 0.0371717 0.116695 -0.0232285 0.0380645 0.112066 -0.0233313 0.0387181 0.11095 -0.0229114 0.0389574 0.109749 -0.0220813 0.0387181 0.108785 -0.0210634 0.0380645 0.108316 -0.0226305 0.0371717 0.112798 -0.0216975 0.0362789 0.11295 -0.0225529 0.0349019 0.117158 -0.0206796 0.0356253 0.112481 -0.0199698 0.0331269 0.116199 -0.0198495 0.0353861 0.111517 -0.0176941 0.0322335 0.114026 -0.0194296 0.0356253 0.110316 -0.016222 0.0324167 0.111113 -0.0195324 0.0362789 0.1092 -0.0158744 0.0336364 0.108096 -0.0201304 0.0371717 0.108468 -0.0175135 0.0440543 0.0903076 -0.0179649 0.0452129 0.0887955 -0.0238384 0.0474747 0.0849336 -0.0238384 0.0455808 0.0849336 -0.0238384 0.0462121 0.0849336 -0.0376864 0.044911 0.109302 -0.0360293 0.0495771 0.110259 -0.0238113 0.0462117 0.0849607 -0.0234018 0.0499751 0.085217 -0.0236065 0.0474612 0.0850988 -0.0236379 0.0499946 0.0850699 -0.0237331 0.0474718 0.0850149 -0.023811 0.0449472 0.0849807 -0.0238192 0.0449482 0.0849725 -0.0237807 0.0462104 0.0849874 -0.023826 0.0449486 0.0849589 -0.0238228 0.0455805 0.0849541 -0.0238321 0.0449491 0.0849464 -0.0220291 0.0495771 0.0860095 -0.0236862 0.044911 0.0850528 0.0317339 0.0351469 0.105251 0.0314971 0.0353861 0.106501 0.0221757 0.0448016 0.113501 0.0221757 0.0448016 0.085501 0.023951 0.0430083 0.085501 0.032381 0.0344933 0.104336 0.0253041 0.0416416 0.0858816 0.0332648 0.0336005 0.104001 0.0264511 0.040483 0.0869654 0.0341487 0.0327077 0.104336 0.0367649 0.0300651 0.101551 0.0347958 0.0320541 0.105251 0.0379724 0.0288455 0.104338 0.0350327 0.0318148 0.106501 0.0381537 0.0286623 0.107596 0.0347958 0.0320541 0.107751 0.0372694 0.0295556 0.110616 0.0341487 0.0327077 0.108666 0.035512 0.0313307 0.112738 0.0332648 0.0336005 0.109001 0.0332648 0.0336005 0.113501 0.032381 0.0344933 0.108666 0.0317339 0.0351469 0.107751 0.0274866 0.0465795 0.085501 0.0257112 0.0483728 0.085501 0.0257112 0.0483728 0.113501 0.0368005 0.0371717 0.113501 0.0352695 0.0387181 0.107751 0.0350327 0.0389574 0.106501 0.0352695 0.0387181 0.105251 0.0359166 0.0380645 0.104336 0.0288396 0.0452129 0.0858816 0.0299867 0.0440543 0.0869654 0.0368005 0.0371717 0.104001 0.0403005 0.0336364 0.101551 0.0376843 0.0362789 0.104336 0.041508 0.0324167 0.104338 0.0383314 0.0356253 0.105251 0.0416893 0.0322335 0.107596 0.0385682 0.0353861 0.106501 0.0408049 0.0331269 0.110616 0.0383314 0.0356253 0.107751 0.0390476 0.0349019 0.112738 0.0376843 0.0362789 0.108666 0.0368005 0.0371717 0.109001 0.0359166 0.0380645 0.108666 0.0218221 0.0474747 0.0854739 0.0218221 0.0455808 0.0854739 0.0218221 0.0462121 0.0854739 0.0220135 0.044911 0.113501 0.0239269 0.0495771 0.113501 0.0218591 0.0462117 0.0854838 0.0223419 0.0499751 0.085501 0.0221056 0.0474612 0.085501 0.0220639 0.0499946 0.0854916 0.021954 0.0474718 0.0854916 0.0218694 0.0449472 0.085501 0.0218582 0.0449482 0.085498 0.0218991 0.0462104 0.0854916 0.0218455 0.0449486 0.0854896 0.0218459 0.0455805 0.0854838 0.021834 0.0449491 0.0854818 0.0239269 0.0495771 0.085501 0.0220135 0.044911 0.085501 0.080108 0.0351469 0.0752833 0.0805279 0.0353861 0.0764842 0.0759554 0.0448016 0.0872071 0.081358 0.0351469 0.0774483 0.0823759 0.0344933 0.0779173 0.0855589 0.0336005 0.0816626 0.0833088 0.0336005 0.0777654 0.0871235 0.0313307 0.0798783 0.0839069 0.0327077 0.0770334 0.0875841 0.0295556 0.0771614 0.0840097 0.0320541 0.0759174 0.0868403 0.0286623 0.0741042 0.0835898 0.0318148 0.0747164 0.0850541 0.0288455 0.0713732 0.0827597 0.0320541 0.0737523 0.0826151 0.0300651 0.0695637 0.0817418 0.0327077 0.0732833 0.06639 0.040483 0.0620887 0.0808088 0.0336005 0.0734352 0.0648548 0.0416416 0.0617236 0.0802109 0.0344933 0.0741672 0.0634928 0.0430083 0.0620705 0.0619552 0.0448016 0.0629581 0.0665546 0.0465795 0.0603027 0.0650171 0.0483728 0.0611904 0.0790173 0.0483728 0.0854394 0.0886208 0.0371717 0.0798948 0.0832727 0.0380645 0.0723995 0.0679167 0.0452129 0.0599558 0.0831699 0.0387181 0.0735154 0.0835898 0.0389574 0.0747164 0.08442 0.0387181 0.0756805 0.069452 0.0440543 0.060321 0.0838707 0.0371717 0.0716674 0.085677 0.0336364 0.0677958 0.0848037 0.0362789 0.0715156 0.088116 0.0324167 0.0696054 0.0858216 0.0356253 0.0719845 0.0899021 0.0322335 0.0723365 0.0866517 0.0353861 0.0729487 0.090646 0.0331269 0.0753936 0.0870716 0.0356253 0.0741496 0.0901854 0.0349019 0.0781105 0.0869688 0.0362789 0.0752656 0.0863708 0.0371717 0.0759976 0.0854378 0.0380645 0.0761495 0.0616354 0.0474747 0.0631114 0.0616354 0.0455808 0.0631114 0.0616354 0.0462121 0.0631114 0.0758149 0.044911 0.0872883 0.077472 0.0495771 0.0863316 0.0616725 0.0462117 0.0631016 0.0620991 0.0499751 0.0628751 0.0618946 0.0474612 0.0629932 0.0618537 0.0499946 0.063006 0.0617585 0.0474718 0.0630609 0.0616899 0.0449472 0.0631113 0.0616788 0.0449482 0.0631144 0.061711 0.0462104 0.0630884 0.0616635 0.0449486 0.0631134 0.061661 0.0455805 0.0631082 0.0616497 0.0449491 0.0631124 0.0634718 0.0495771 0.0620825 0.0618147 0.044911 0.0630393 0.107017 0.0351469 0.0251432 0.107981 0.0353861 0.0259733 0.109383 0.0448016 0.0375459 0.109182 0.0351469 0.0263932 0.110298 0.0344933 0.0262904 0.114927 0.0336005 0.0279424 0.11103 0.0336005 0.0256923 0.11539 0.0313307 0.0256148 0.111182 0.0327077 0.0247594 0.114431 0.0295556 0.0230316 0.110713 0.0320541 0.0237415 0.112258 0.0286623 0.020756 0.109749 0.0318148 0.0229114 0.109346 0.0288455 0.0192839 0.108548 0.0320541 0.0224915 0.106329 0.0300651 0.0189363 0.107432 0.0327077 0.0225944 0.0885399 0.040483 0.0205754 0.1067 0.0336005 0.0231923 0.0870277 0.0416416 0.0210268 0.106548 0.0344933 0.0241253 0.0860215 0.0430083 0.0220083 0.0851339 0.0448016 0.0235457 0.0877894 0.0465795 0.0189463 0.0869017 0.0483728 0.0204839 0.111151 0.0483728 0.034484 0.116695 0.0371717 0.0248805 0.11095 0.0387181 0.0233313 0.109749 0.0389574 0.0229114 0.108785 0.0387181 0.0220813 0.108316 0.0380645 0.0210634 0.0887955 0.0452129 0.0179649 0.0903076 0.0440543 0.0175135 0.108468 0.0371717 0.0201304 0.108096 0.0336364 0.0158744 0.1092 0.0362789 0.0195324 0.111113 0.0324167 0.016222 0.110316 0.0356253 0.0194296 0.114026 0.0322335 0.0176941 0.111517 0.0353861 0.0198495 0.116199 0.0331269 0.0199698 0.112481 0.0356253 0.0206796 0.117158 0.0349019 0.0225529 0.11295 0.0362789 0.0216975 0.112798 0.0371717 0.0226305 0.112066 0.0380645 0.0232285 0.0849336 0.0474747 0.0238384 0.0849336 0.0455808 0.0238384 0.0849336 0.0462121 0.0238384 0.109302 0.044911 0.0376864 0.110259 0.0495771 0.0360293 0.0849607 0.0462117 0.0238113 0.085217 0.0499751 0.0234018 0.0850988 0.0474612 0.0236065 0.0850699 0.0499946 0.0236379 0.0850149 0.0474718 0.0237331 0.0849807 0.0449472 0.023811 0.0849725 0.0449482 0.0238192 0.0849874 0.0462104 0.0237807 0.0849589 0.0449486 0.023826 0.0849541 0.0455805 0.0238228 0.0849464 0.0449491 0.0238321 0.0860095 0.0495771 0.0220291 0.0850528 0.044911 0.0236862 0.105251 0.0351469 -0.0317339 0.106501 0.0353861 -0.0314971 0.113501 0.0448016 -0.0221757 0.107751 0.0351469 -0.0317339 0.108666 0.0344933 -0.032381 0.113501 0.0336005 -0.0332648 0.109001 0.0336005 -0.0332648 0.112738 0.0313307 -0.035512 0.108666 0.0327077 -0.0341487 0.110616 0.0295556 -0.0372694 0.107751 0.0320541 -0.0347958 0.107596 0.0286623 -0.0381537 0.106501 0.0318148 -0.0350327 0.104338 0.0288455 -0.0379724 0.105251 0.0320541 -0.0347958 0.101551 0.0300651 -0.0367649 0.104336 0.0327077 -0.0341487 0.0869654 0.040483 -0.0264511 0.104001 0.0336005 -0.0332648 0.0858816 0.0416416 -0.0253041 0.104336 0.0344933 -0.032381 0.085501 0.0430083 -0.023951 0.085501 0.0448016 -0.0221757 0.085501 0.0465795 -0.0274866 0.085501 0.0483728 -0.0257112 0.113501 0.0483728 -0.0257112 0.113501 0.0371717 -0.0368005 0.104336 0.0380645 -0.0359166 0.105251 0.0387181 -0.0352695 0.106501 0.0389574 -0.0350327 0.107751 0.0387181 -0.0352695 0.108666 0.0380645 -0.0359166 0.109001 0.0371717 -0.0368005 0.108666 0.0362789 -0.0376843 0.112738 0.0349019 -0.0390476 0.107751 0.0356253 -0.0383314 0.110616 0.0331269 -0.0408049 0.106501 0.0353861 -0.0385682 0.107596 0.0322335 -0.0416893 0.105251 0.0356253 -0.0383314 0.104338 0.0324167 -0.041508 0.104336 0.0362789 -0.0376843 0.101551 0.0336364 -0.0403005 0.104001 0.0371717 -0.0368005 0.0869654 0.0440543 -0.0299867 0.0858816 0.0452129 -0.0288396 0.0854739 0.0474747 -0.0218221 0.0854739 0.0455808 -0.0218221 0.0854739 0.0462121 -0.0218221 0.113501 0.044911 -0.0220135 0.113501 0.0495771 -0.0239269 0.0854838 0.0462117 -0.0218591 0.085501 0.0499751 -0.0223419 0.085501 0.0474612 -0.0221056 0.0854916 0.0499946 -0.0220639 0.0854916 0.0474718 -0.021954 0.085501 0.0449472 -0.0218694 0.085498 0.0449482 -0.0218582 0.0854916 0.0462104 -0.0218991 0.0854896 0.0449486 -0.0218455 0.0854838 0.0455805 -0.0218459 0.0854818 0.0449491 -0.021834 0.085501 0.0495771 -0.0239269 0.085501 0.044911 -0.0220135 0.0752833 0.0351469 -0.080108 0.0764842 0.0353861 -0.0805279 0.0872071 0.0448016 -0.0759554 0.0774483 0.0351469 -0.081358 0.0779173 0.0344933 -0.0823759 0.0816626 0.0336005 -0.0855589 0.0777654 0.0336005 -0.0833088 0.0798783 0.0313307 -0.0871235 0.0770334 0.0327077 -0.0839069 0.0771614 0.0295556 -0.0875841 0.0759174 0.0320541 -0.0840097 0.0741042 0.0286623 -0.0868403 0.0747164 0.0318148 -0.0835898 0.0713732 0.0288455 -0.0850541 0.0737523 0.0320541 -0.0827597 0.0695637 0.0300651 -0.0826151 0.0732833 0.0327077 -0.0817418 0.0620887 0.040483 -0.06639 0.0734352 0.0336005 -0.0808088 0.0617236 0.0416416 -0.0648548 0.0741672 0.0344933 -0.0802109 0.0620705 0.0430083 -0.0634928 0.0629581 0.0448016 -0.0619552 0.0603027 0.0465795 -0.0665546 0.0611904 0.0483728 -0.0650171 0.0854394 0.0483728 -0.0790173 0.0798948 0.0371717 -0.0886208 0.0723995 0.0380645 -0.0832727 0.0735154 0.0387181 -0.0831699 0.0747164 0.0389574 -0.0835898 0.0756805 0.0387181 -0.08442 0.0761495 0.0380645 -0.0854378 0.0759976 0.0371717 -0.0863708 0.0752656 0.0362789 -0.0869688 0.0781105 0.0349019 -0.0901854 0.0741496 0.0356253 -0.0870716 0.0753936 0.0331269 -0.090646 0.0729487 0.0353861 -0.0866517 0.0723365 0.0322335 -0.0899021 0.0719845 0.0356253 -0.0858216 0.0696054 0.0324167 -0.088116 0.0715156 0.0362789 -0.0848037 0.0677958 0.0336364 -0.085677 0.0716674 0.0371717 -0.0838707 0.060321 0.0440543 -0.069452 0.0599558 0.0452129 -0.0679167 0.0631114 0.0474747 -0.0616354 0.0631114 0.0455808 -0.0616354 0.0631114 0.0462121 -0.0616354 0.0872883 0.044911 -0.0758149 0.0863316 0.0495771 -0.077472 0.0631016 0.0462117 -0.0616725 0.0628751 0.0499751 -0.0620991 0.0629932 0.0474612 -0.0618946 0.063006 0.0499946 -0.0618537 0.0630609 0.0474718 -0.0617585 0.0631113 0.0449472 -0.0616899 0.0631144 0.0449482 -0.0616788 0.0630884 0.0462104 -0.061711 0.0631134 0.0449486 -0.0616635 0.0631082 0.0455805 -0.061661 0.0631124 0.0449491 -0.0616497 0.0620825 0.0495771 -0.0634718 0.0630393 0.044911 -0.0618147 0.0251432 0.0351469 -0.107017 0.0259733 0.0353861 -0.107981 0.0375459 0.0448016 -0.109383 0.0263932 0.0351469 -0.109182 0.0262904 0.0344933 -0.110298 0.0279424 0.0336005 -0.114927 0.0256923 0.0336005 -0.11103 0.0256148 0.0313307 -0.11539 0.0247594 0.0327077 -0.111182 0.0230316 0.0295556 -0.114431 0.0237415 0.0320541 -0.110713 0.020756 0.0286623 -0.112258 0.0229114 0.0318148 -0.109749 0.0192839 0.0288455 -0.109346 0.0224915 0.0320541 -0.108548 0.0189363 0.0300651 -0.106329 0.0225944 0.0327077 -0.107432 0.0205754 0.040483 -0.0885399 0.0231923 0.0336005 -0.1067 0.0210268 0.0416416 -0.0870277 0.0241253 0.0344933 -0.106548 0.0220083 0.0430083 -0.0860215 0.0235457 0.0448016 -0.0851339 0.0189463 0.0465795 -0.0877894 0.0204839 0.0483728 -0.0869017 0.034484 0.0483728 -0.111151 0.0248805 0.0371717 -0.116695 0.0232285 0.0380645 -0.112066 0.0233313 0.0387181 -0.11095 0.0229114 0.0389574 -0.109749 0.0220813 0.0387181 -0.108785 0.0210634 0.0380645 -0.108316 0.0226305 0.0371717 -0.112798 0.0216975 0.0362789 -0.11295 0.0225529 0.0349019 -0.117158 0.0206796 0.0356253 -0.112481 0.0199698 0.0331269 -0.116199 0.0198495 0.0353861 -0.111517 0.0176941 0.0322335 -0.114026 0.0194296 0.0356253 -0.110316 0.016222 0.0324167 -0.111113 0.0195324 0.0362789 -0.1092 0.0158744 0.0336364 -0.108096 0.0201304 0.0371717 -0.108468 0.0175135 0.0440543 -0.0903076 0.0179649 0.0452129 -0.0887955 0.0238384 0.0474747 -0.0849336 0.0238384 0.0455808 -0.0849336 0.0238384 0.0462121 -0.0849336 0.0376864 0.044911 -0.109302 0.0360293 0.0495771 -0.110259 0.0238113 0.0462117 -0.0849607 0.0234018 0.0499751 -0.085217 0.0236065 0.0474612 -0.0850988 0.0236379 0.0499946 -0.0850699 0.0237331 0.0474718 -0.0850149 0.023811 0.0449472 -0.0849807 0.0238192 0.0449482 -0.0849725 0.0237807 0.0462104 -0.0849874 0.023826 0.0449486 -0.0849589 0.0238228 0.0455805 -0.0849541 0.0238321 0.0449491 -0.0849464 0.0220291 0.0495771 -0.0860095 0.0236862 0.044911 -0.0850528 -0.0317339 0.0351469 -0.105251 -0.0314971 0.0353861 -0.106501 -0.0221757 0.0448016 -0.113501 -0.0221757 0.0448016 -0.085501 -0.023951 0.0430083 -0.085501 -0.032381 0.0344933 -0.104336 -0.0253041 0.0416416 -0.0858816 -0.0332648 0.0336005 -0.104001 -0.0264511 0.040483 -0.0869654 -0.0341487 0.0327077 -0.104336 -0.0367649 0.0300651 -0.101551 -0.0347958 0.0320541 -0.105251 -0.0379724 0.0288455 -0.104338 -0.0350327 0.0318148 -0.106501 -0.0381537 0.0286623 -0.107596 -0.0347958 0.0320541 -0.107751 -0.0372694 0.0295556 -0.110616 -0.0341487 0.0327077 -0.108666 -0.035512 0.0313307 -0.112738 -0.0332648 0.0336005 -0.109001 -0.0332648 0.0336005 -0.113501 -0.032381 0.0344933 -0.108666 -0.0317339 0.0351469 -0.107751 -0.0274866 0.0465795 -0.085501 -0.0257112 0.0483728 -0.085501 -0.0257112 0.0483728 -0.113501 -0.0368005 0.0371717 -0.113501 -0.0359166 0.0380645 -0.108666 -0.0352695 0.0387181 -0.107751 -0.0350327 0.0389574 -0.106501 -0.0352695 0.0387181 -0.105251 -0.0359166 0.0380645 -0.104336 -0.0368005 0.0371717 -0.109001 -0.0376843 0.0362789 -0.108666 -0.0390476 0.0349019 -0.112738 -0.0383314 0.0356253 -0.107751 -0.0408049 0.0331269 -0.110616 -0.0385682 0.0353861 -0.106501 -0.0416893 0.0322335 -0.107596 -0.0383314 0.0356253 -0.105251 -0.041508 0.0324167 -0.104338 -0.0376843 0.0362789 -0.104336 -0.0403005 0.0336364 -0.101551 -0.0368005 0.0371717 -0.104001 -0.0299867 0.0440543 -0.0869654 -0.0288396 0.0452129 -0.0858816 -0.0218221 0.0474747 -0.0854739 -0.0218221 0.0455808 -0.0854739 -0.0218221 0.0462121 -0.0854739 -0.0220135 0.044911 -0.113501 -0.0239269 0.0495771 -0.113501 -0.0218591 0.0462117 -0.0854838 -0.0223419 0.0499751 -0.085501 -0.0221056 0.0474612 -0.085501 -0.0220639 0.0499946 -0.0854916 -0.021954 0.0474718 -0.0854916 -0.0218694 0.0449472 -0.085501 -0.0218582 0.0449482 -0.085498 -0.0218991 0.0462104 -0.0854916 -0.0218455 0.0449486 -0.0854896 -0.0218459 0.0455805 -0.0854838 -0.021834 0.0449491 -0.0854818 -0.0239269 0.0495771 -0.085501 -0.0220135 0.044911 -0.085501 0 0.05 -0.0655007 0 0.0449495 -0.0655007 0 0.05 -0.0705008 0 0.0449495 -0.0705008 -0.0655007 0.05 0 -0.0655007 0.0449495 0 -0.0705008 0.05 0 -0.0705008 0.0449495 0 0 0.05 0.0655007 0 0.0449495 0.0655007 0 0.05 0.0705008 0 0.0449495 0.0705008 0.0655007 0.05 0 0.0655007 0.0449495 0 0.0705008 0.05 0 0.0705008 0.0449495 0 0.080108 -0.0351469 -0.0752833 0.0619552 -0.0448016 -0.0629581 0.0634928 -0.0430082 -0.0620705 0.0802109 -0.0344933 -0.0741672 0.0648548 -0.0416416 -0.0617236 0.0808088 -0.0336005 -0.0734352 0.06639 -0.040483 -0.0620887 0.0817418 -0.0327077 -0.0732833 0.0826151 -0.0300651 -0.0695637 0.0827597 -0.0320541 -0.0737523 0.0850541 -0.0288455 -0.0713732 0.0835898 -0.0318148 -0.0747164 0.0868403 -0.0286623 -0.0741042 0.0840097 -0.0320541 -0.0759174 0.0875841 -0.0295556 -0.0771614 0.0839069 -0.0327077 -0.0770334 0.0871235 -0.0313307 -0.0798783 0.0833088 -0.0336005 -0.0777654 0.0855589 -0.0336005 -0.0816626 0.0823759 -0.0344933 -0.0779173 0.0759554 -0.0448016 -0.0872071 0.081358 -0.0351469 -0.0774483 0.0805279 -0.0353861 -0.0764842 0.0665546 -0.0465795 -0.0603027 0.0650171 -0.0483728 -0.0611904 0.0790173 -0.0483728 -0.0854394 0.0886208 -0.0371717 -0.0798948 0.0866517 -0.0353861 -0.0729487 0.0870716 -0.0356253 -0.0741496 0.0899021 -0.0322335 -0.0723365 0.0858216 -0.0356253 -0.0719845 0.088116 -0.0324167 -0.0696054 0.0848037 -0.0362789 -0.0715156 0.085677 -0.0336364 -0.0677958 0.0838707 -0.0371717 -0.0716674 0.069452 -0.0440543 -0.060321 0.0832727 -0.0380645 -0.0723995 0.0854378 -0.0380645 -0.0761495 0.0863708 -0.0371717 -0.0759976 0.0869688 -0.0362789 -0.0752656 0.0901854 -0.0349019 -0.0781105 0.090646 -0.0331269 -0.0753936 0.0679167 -0.0452128 -0.0599558 0.0831699 -0.0387181 -0.0735154 0.0835898 -0.0389574 -0.0747164 0.08442 -0.0387181 -0.0756805 0.0321062 -0.0449495 -0.082501 0.0321062 -0.05 -0.082501 0.0280018 -0.0449495 -0.082501 0.0280018 -0.05 -0.082501 0.0221061 -0.0449495 -0.082501 0.0221061 -0.05 -0.082501 0.0373157 -0.0449495 -0.0829567 0.0373157 -0.05 -0.0829567 0.0707628 -0.05 -0.0888543 0.0707628 -0.0449495 -0.0888543 -0.0361655 -0.0449495 -0.0576404 -0.0365004 -0.0449495 -0.0588904 -0.0464454 -0.0449495 -0.0464454 -0.087501 -0.0449495 0.0134457 -0.0842623 -0.0449495 0.0190553 -0.0781682 -0.0449495 0.00850008 0.0690552 -0.0449495 -0.0553948 0.0603949 -0.0449495 -0.0603949 0.0464454 -0.0449495 -0.0464454 0.0600281 -0.0449495 -0.0606925 0.0596981 -0.0449495 -0.0612978 0.0596737 -0.0449495 -0.0619868 0.0599601 -0.0449495 -0.0626139 0.0709302 -0.0449495 -0.0888543 0.0604968 -0.0449495 -0.0630467 0.0611703 -0.0449495 -0.0631938 0.0724993 -0.0449495 -0.0888543 0.0616354 -0.0449495 -0.0631114 0.074131 -0.0449495 -0.0882604 0.0756492 -0.0449495 -0.0873839 0.0852678 -0.0449495 -0.0240313 0.0880689 -0.0449495 -0.0256485 0.0719457 -0.0449495 -0.0317228 0.0825061 -0.0449495 -0.0500141 0.0737947 -0.0449495 -0.0531848 0.10833 -0.0449495 -0.0393702 0.107213 -0.0449495 -0.0407004 0.109206 -0.0449495 -0.0378521 0.10571 -0.0449495 -0.0415687 0.0987276 -0.0449495 -0.0441099 0.0634456 -0.0449495 -0.0170002 0.0823321 -0.0449495 -0.0225471 0.0781682 -0.0449495 -0.00850008 0.0842623 -0.0449495 -0.0190553 0.082501 -0.0449495 -0.0221061 0.082349 -0.0449495 -0.0232364 0.0826724 -0.0449495 -0.0238452 0.083234 -0.0449495 -0.0242452 0.0839152 -0.0449495 -0.0243516 0.0845719 -0.0449495 -0.0241422 0.0849336 -0.0449495 -0.0238384 0.103166 -0.0449495 0.00593258 0.0905005 -0.0449495 -0.009162 0.087501 -0.0449495 -0.0134457 0.0634456 -0.0449495 0.0170002 0.0829345 -0.0449495 0.0210512 0.082501 -0.0449495 0.0280018 0.082501 -0.0449495 0.0221061 0.0825753 -0.0449495 0.0216396 0.083519 -0.0449495 0.0206856 0.0842054 -0.0449495 0.02062 0.0854739 -0.0449495 0.0218221 0.113501 -0.0449495 0.0218221 0.113501 -0.0449495 0.0200692 0.0848484 -0.0449495 0.0208684 0.0853126 -0.0449495 0.0213782 0.112332 -0.0449495 0.0168552 0.1132 -0.0449495 0.018359 0.0576404 -0.0449495 0.0318353 0.0567253 -0.0449495 0.0327503 0.0464454 -0.0449495 0.0464454 0.0610555 -0.0449495 0.0352504 0.0601404 -0.0449495 0.0361655 0.0888543 -0.0449495 0.0709302 0.0588904 -0.0449495 0.0365004 0.0576404 -0.0449495 0.0361655 0.0567253 -0.0449495 0.0352504 0.0563903 -0.0449495 0.0340004 0.0588904 -0.0449495 0.0315004 0.0601404 -0.0449495 0.0318353 0.0610555 -0.0449495 0.0327503 0.082501 -0.0449495 0.0321062 0.0613904 -0.0449495 0.0340004 0.0829567 -0.0449495 0.0373157 0.0888543 -0.0449495 0.0707628 0.0606925 -0.0449495 0.0600281 0.0612978 -0.0449495 0.0596981 0.0619868 -0.0449495 0.0596737 0.0626139 -0.0449495 0.0599601 0.0317228 -0.0449495 0.0719457 0.0553948 -0.0449495 0.0690552 0.0603949 -0.0449495 0.0603949 0.0630467 -0.0449495 0.0604968 0.0631938 -0.0449495 0.0611703 0.0888543 -0.0449495 0.0724993 0.0631114 -0.0449495 0.0616354 0.0882604 -0.0449495 0.074131 0.0873839 -0.0449495 0.0756492 0.0240313 -0.0449495 0.0852678 0.0256485 -0.0449495 0.0880689 0.0500141 -0.0449495 0.0825061 0.0531848 -0.0449495 0.0737947 0.0393702 -0.0449495 0.10833 0.0407004 -0.0449495 0.107213 0.0378521 -0.0449495 0.109206 0.0415687 -0.0449495 0.10571 0.0441099 -0.0449495 0.0987276 0.0225471 -0.0449495 0.0823321 0.0232364 -0.0449495 0.082349 0.0238452 -0.0449495 0.0826724 0.0242452 -0.0449495 0.083234 0.00850008 -0.0449495 0.0781682 0.0190553 -0.0449495 0.0842623 0.0170002 -0.0449495 0.0634456 0.0221061 -0.0449495 0.082501 0.0243516 -0.0449495 0.0839152 0.0241422 -0.0449495 0.0845719 0.0238384 -0.0449495 0.0849336 -0.00593258 -0.0449495 0.103166 0.009162 -0.0449495 0.0905005 0.0134457 -0.0449495 0.087501 -0.0170002 -0.0449495 0.0634456 -0.0210512 -0.0449495 0.0829345 -0.0280018 -0.0449495 0.082501 -0.0221061 -0.0449495 0.082501 -0.0216396 -0.0449495 0.0825753 -0.0206856 -0.0449495 0.083519 -0.02062 -0.0449495 0.0842054 -0.0200692 -0.0449495 0.113501 -0.018359 -0.0449495 0.1132 -0.0168552 -0.0449495 0.112332 -0.0218221 -0.0449495 0.113501 -0.0218221 -0.0449495 0.0854739 -0.0213782 -0.0449495 0.0853126 -0.0208684 -0.0449495 0.0848484 -0.0352504 -0.0449495 0.0610555 -0.0361655 -0.0449495 0.0601404 -0.0709302 -0.0449495 0.0888543 -0.0327503 -0.0449495 0.0567253 -0.0318353 -0.0449495 0.0576404 -0.0365004 -0.0449495 0.0588904 -0.0361655 -0.0449495 0.0576404 -0.0464454 -0.0449495 0.0464454 -0.0352504 -0.0449495 0.0567253 -0.0340004 -0.0449495 0.0563903 -0.0707628 -0.0449495 0.0888543 -0.0373157 -0.0449495 0.0829567 -0.0340004 -0.0449495 0.0613904 -0.0321062 -0.0449495 0.082501 -0.0327503 -0.0449495 0.0610555 -0.0318353 -0.0449495 0.0601404 -0.0315004 -0.0449495 0.0588904 -0.0600281 -0.0449495 0.0606925 -0.0596981 -0.0449495 0.0612978 -0.0596737 -0.0449495 0.0619868 -0.0599601 -0.0449495 0.0626139 -0.0604968 -0.0449495 0.0630467 -0.0611703 -0.0449495 0.0631938 -0.0724993 -0.0449495 0.0888543 -0.0616354 -0.0449495 0.0631114 -0.074131 -0.0449495 0.0882604 -0.0756492 -0.0449495 0.0873839 -0.0719457 -0.0449495 0.0317228 -0.0690552 -0.0449495 0.0553948 -0.0603949 -0.0449495 0.0603949 -0.0852678 -0.0449495 0.0240313 -0.0880689 -0.0449495 0.0256485 -0.0825061 -0.0449495 0.0500141 -0.0737947 -0.0449495 0.0531848 -0.10833 -0.0449495 0.0393702 -0.107213 -0.0449495 0.0407004 -0.109206 -0.0449495 0.0378521 -0.10571 -0.0449495 0.0415687 -0.0987276 -0.0449495 0.0441099 -0.0826724 -0.0449495 0.0238452 -0.083234 -0.0449495 0.0242452 -0.0634456 -0.0449495 0.0170002 -0.0839152 -0.0449495 0.0243516 -0.0845719 -0.0449495 0.0241422 -0.0849336 -0.0449495 0.0238384 -0.082501 -0.0449495 0.0221061 -0.0823321 -0.0449495 0.0225471 -0.082349 -0.0449495 0.0232364 -0.0842054 -0.0449495 -0.02062 -0.103166 -0.0449495 -0.00593258 -0.0905005 -0.0449495 0.009162 -0.0634456 -0.0449495 -0.0170002 -0.0829345 -0.0449495 -0.0210512 -0.083519 -0.0449495 -0.0206856 -0.113501 -0.0449495 -0.0200692 -0.1132 -0.0449495 -0.018359 -0.112332 -0.0449495 -0.0168552 -0.082501 -0.0449495 -0.0280018 -0.082501 -0.0449495 -0.0221061 -0.0825753 -0.0449495 -0.0216396 -0.113501 -0.0449495 -0.0218221 -0.0854739 -0.0449495 -0.0218221 -0.0853126 -0.0449495 -0.0213782 -0.0848484 -0.0449495 -0.0208684 -0.0576404 -0.0449495 -0.0318353 -0.0588904 -0.0449495 -0.0315004 -0.0601404 -0.0449495 -0.0318353 -0.0610555 -0.0449495 -0.0327503 -0.082501 -0.0449495 -0.0321062 -0.0613904 -0.0449495 -0.0340004 -0.0829567 -0.0449495 -0.0373157 -0.0610555 -0.0449495 -0.0352504 -0.0601404 -0.0449495 -0.0361655 -0.0888543 -0.0449495 -0.0709302 -0.0888543 -0.0449495 -0.0707628 -0.0567253 -0.0449495 -0.0327503 -0.0563903 -0.0449495 -0.0340004 -0.0588904 -0.0449495 -0.0365004 -0.0576404 -0.0449495 -0.0361655 -0.0567253 -0.0449495 -0.0352504 -0.0612978 -0.0449495 -0.0596981 -0.0619868 -0.0449495 -0.0596737 -0.0626139 -0.0449495 -0.0599601 -0.0553948 -0.0449495 -0.0690552 -0.0603949 -0.0449495 -0.0603949 -0.0606925 -0.0449495 -0.0600281 -0.0630467 -0.0449495 -0.0604968 -0.0631938 -0.0449495 -0.0611703 -0.0888543 -0.0449495 -0.0724993 -0.0631114 -0.0449495 -0.0616354 -0.0882604 -0.0449495 -0.074131 -0.0873839 -0.0449495 -0.0756492 -0.0240313 -0.0449495 -0.0852678 -0.0256485 -0.0449495 -0.0880689 -0.0317228 -0.0449495 -0.0719457 -0.0500141 -0.0449495 -0.0825061 -0.0531848 -0.0449495 -0.0737947 -0.0393702 -0.0449495 -0.10833 -0.0407004 -0.0449495 -0.107213 -0.0378521 -0.0449495 -0.109206 -0.0415687 -0.0449495 -0.10571 -0.0441099 -0.0449495 -0.0987276 -0.0238452 -0.0449495 -0.0826724 -0.0242452 -0.0449495 -0.083234 -0.0170002 -0.0449495 -0.0634456 -0.00850008 -0.0449495 -0.0781682 -0.0190553 -0.0449495 -0.0842623 -0.0243516 -0.0449495 -0.0839152 -0.0241422 -0.0449495 -0.0845719 -0.0238384 -0.0449495 -0.0849336 -0.0221061 -0.0449495 -0.082501 -0.0225471 -0.0449495 -0.0823321 -0.0232364 -0.0449495 -0.082349 0.00593258 -0.0449495 -0.103166 -0.009162 -0.0449495 -0.0905005 -0.0134457 -0.0449495 -0.087501 0.0200692 -0.0449495 -0.113501 0.018359 -0.0449495 -0.1132 0.0168552 -0.0449495 -0.112332 0.0170002 -0.0449495 -0.0634456 0.0210512 -0.0449495 -0.0829345 0.0206856 -0.0449495 -0.083519 0.02062 -0.0449495 -0.0842054 0.0216396 -0.0449495 -0.0825753 0.0218221 -0.0449495 -0.113501 0.0218221 -0.0449495 -0.0854739 0.0213782 -0.0449495 -0.0853126 0.0208684 -0.0449495 -0.0848484 0.0352504 -0.0449495 -0.0567253 0.0340004 -0.0449495 -0.0563903 0.0327503 -0.0449495 -0.0567253 0.0318353 -0.0449495 -0.0576404 0.0315004 -0.0449495 -0.0588904 0.0318353 -0.0449495 -0.0601404 0.0327503 -0.0449495 -0.0610555 0.0340004 -0.0449495 -0.0613904 0.0352504 -0.0449495 -0.0610555 0.0361655 -0.0449495 -0.0601404 0.0365004 -0.0449495 -0.0588904 0.0361655 -0.0449495 -0.0576404 0.0601404 -0.0449495 -0.0361655 0.0610555 -0.0449495 -0.0352504 0.0576404 -0.0449495 -0.0361655 0.0588904 -0.0449495 -0.0365004 0.0576404 -0.0449495 -0.0318353 0.0567253 -0.0449495 -0.0327503 0.0379453 -0.0449495 -0.0317228 0.0563903 -0.0449495 -0.0340004 0.0567253 -0.0449495 -0.0352504 0.0588904 -0.0449495 -0.0315004 0.0613904 -0.0449495 -0.0340004 0.0610555 -0.0449495 -0.0327503 0.0601404 -0.0449495 -0.0318353 0.00250003 -0.0449495 -0.0680008 0.00216504 -0.0449495 -0.0667508 -0.00124998 -0.0449495 -0.0658357 -0.00216504 -0.0449495 -0.0667508 -0.00250003 -0.0449495 -0.0680008 -0.00216504 -0.0449495 -0.0692508 -0.00124998 -0.0449495 -0.0701659 0.00850008 -0.0449495 -0.048723 0.00124998 -0.0449495 -0.0658357 0 -0.0449495 -0.0655007 0 -0.0449495 -0.0705008 0.00124998 -0.0449495 -0.0701659 0.00216504 -0.0449495 -0.0692508 0.0680008 -0.0449495 0.00250003 0.0667508 -0.0449495 0.00216504 0.0658357 -0.0449495 -0.00124998 0.0655007 -0.0449495 0 0.048723 -0.0449495 0.00850008 0.0658357 -0.0449495 0.00124998 0.0667508 -0.0449495 -0.00216504 0.0680008 -0.0449495 -0.00250003 0.0692508 -0.0449495 -0.00216504 0.0701659 -0.0449495 -0.00124998 0.0705008 -0.0449495 0 0.0701659 -0.0449495 0.00124998 0.0692508 -0.0449495 0.00216504 -0.0352504 -0.0449495 -0.0567253 -0.0361655 -0.0449495 -0.0601404 -0.0352504 -0.0449495 -0.0610555 -0.0315004 -0.0449495 -0.0588904 -0.0318353 -0.0449495 -0.0576404 -0.0317228 -0.0449495 -0.0379453 -0.0327503 -0.0449495 -0.0567253 -0.0340004 -0.0449495 -0.0563903 -0.0340004 -0.0449495 -0.0613904 -0.0327503 -0.0449495 -0.0610555 -0.0318353 -0.0449495 -0.0601404 0.0340004 -0.0449495 0.0613904 0.0327503 -0.0449495 0.0610555 0.0318353 -0.0449495 0.0601404 0.0315004 -0.0449495 0.0588904 0.0318353 -0.0449495 0.0576404 0.0317228 -0.0449495 0.0379453 0.0327503 -0.0449495 0.0567253 0.0340004 -0.0449495 0.0563903 0.0352504 -0.0449495 0.0567253 0.0361655 -0.0449495 0.0576404 0.0365004 -0.0449495 0.0588904 0.0361655 -0.0449495 0.0601404 0.0352504 -0.0449495 0.0610555 -0.0680008 -0.0449495 -0.00250003 -0.0667508 -0.0449495 -0.00216504 -0.0692508 -0.0449495 0.00216504 -0.0701659 -0.0449495 0.00124998 -0.0705008 -0.0449495 0 -0.0701659 -0.0449495 -0.00124998 -0.0692508 -0.0449495 -0.00216504 -0.048723 -0.0449495 -0.00850008 -0.0680008 -0.0449495 0.00250003 -0.0667508 -0.0449495 0.00216504 -0.0658357 -0.0449495 -0.00124998 -0.0655007 -0.0449495 0 -0.0658357 -0.0449495 0.00124998 -0.00250003 -0.0449495 0.0680008 -0.00216504 -0.0449495 0.0667508 0.0232227 -0.0449495 -0.0062225 0.0062225 -0.0449495 0.0232227 -0.00850008 -0.0449495 0.048723 0 -0.0449495 0.0655007 0.00124998 -0.0449495 0.0658357 -0.00124998 -0.0449495 0.0658357 0.00216504 -0.0449495 0.0667508 0.00250003 -0.0449495 0.0680008 0.00216504 -0.0449495 0.0692508 0.00124998 -0.0449495 0.0701659 0 -0.0449495 0.0705008 -0.00124998 -0.0449495 0.0701659 -0.00216504 -0.0449495 0.0692508 -0.0379453 -0.0449495 0.0317228 -0.0232227 -0.0449495 0.0062225 -0.0062225 -0.0449495 -0.0232227 -0.0613904 -0.0449495 0.0340004 -0.0610555 -0.0449495 0.0327503 -0.0588904 -0.0449495 0.0315004 -0.0576404 -0.0449495 0.0318353 -0.0601404 -0.0449495 0.0318353 -0.0567253 -0.0449495 0.0327503 -0.0563903 -0.0449495 0.0340004 -0.0567253 -0.0449495 0.0352504 -0.0576404 -0.0449495 0.0361655 -0.0588904 -0.0449495 0.0365004 -0.0601404 -0.0449495 0.0361655 -0.0610555 -0.0449495 0.0352504 0.074131 -0.05 -0.0882604 0.0756492 -0.05 -0.0873839 0.0701659 -0.05 0.00124998 0.0705008 -0.05 0 0.0781682 -0.05 -0.00850008 0.0880689 -0.05 -0.0256485 0.0852678 -0.05 -0.0240313 0.0719457 -0.05 -0.0317228 0.0256485 -0.05 0.0880689 0.0240313 -0.05 0.0852678 0.0317228 -0.05 0.0719457 -0.0880689 -0.05 0.0256485 -0.0852678 -0.05 0.0240313 -0.0719457 -0.05 0.0317228 -0.0256485 -0.05 -0.0880689 -0.0240313 -0.05 -0.0852678 -0.0317228 -0.05 -0.0719457 0.0340004 -0.05 -0.0613904 0.0327503 -0.05 -0.0567253 0.0340004 -0.05 -0.0563903 0.0464454 -0.05 -0.0464454 0.0709302 -0.05 -0.0888543 0.0361655 -0.05 -0.0601404 0.0352504 -0.05 -0.0610555 0.0327503 -0.05 -0.0610555 0.0318353 -0.05 -0.0601404 0.0170002 -0.05 -0.0634456 0.0315004 -0.05 -0.0588904 0.0318353 -0.05 -0.0576404 0.0352504 -0.05 -0.0567253 0.0361655 -0.05 -0.0576404 0.0365004 -0.05 -0.0588904 0.0200692 -0.05 -0.113501 0.0218221 -0.05 -0.113501 0.0218221 -0.05 -0.0854739 0.018359 -0.05 -0.1132 0.0168552 -0.05 -0.112332 0.00593258 -0.05 -0.103166 0.0213782 -0.05 -0.0853126 0.0208684 -0.05 -0.0848484 0.02062 -0.05 -0.0842054 -0.00850008 -0.05 -0.0781682 0.0206856 -0.05 -0.083519 0.0210512 -0.05 -0.0829345 0.0216396 -0.05 -0.0825753 -0.009162 -0.05 -0.0905005 -0.0134457 -0.05 -0.087501 -0.0243516 -0.05 -0.0839152 -0.0242452 -0.05 -0.083234 -0.0238452 -0.05 -0.0826724 -0.0232364 -0.05 -0.082349 -0.0170002 -0.05 -0.0634456 -0.0241422 -0.05 -0.0845719 -0.0238384 -0.05 -0.0849336 -0.0225471 -0.05 -0.0823321 -0.0221061 -0.05 -0.082501 -0.0190553 -0.05 -0.0842623 -0.0378521 -0.05 -0.109206 -0.0393702 -0.05 -0.10833 -0.0415687 -0.05 -0.10571 -0.0407004 -0.05 -0.107213 -0.0626139 -0.05 -0.0599601 -0.0619868 -0.05 -0.0596737 -0.0464454 -0.05 -0.0464454 -0.0612978 -0.05 -0.0596981 -0.0631938 -0.05 -0.0611703 -0.0630467 -0.05 -0.0604968 -0.0888543 -0.05 -0.0709302 -0.0873839 -0.05 -0.0756492 -0.0631114 -0.05 -0.0616354 -0.0882604 -0.05 -0.074131 -0.0888543 -0.05 -0.0724993 -0.0606925 -0.05 -0.0600281 -0.0603949 -0.05 -0.0603949 -0.0553948 -0.05 -0.0690552 -0.0531848 -0.05 -0.0737947 -0.0500141 -0.05 -0.0825061 -0.0441099 -0.05 -0.0987276 -0.082501 -0.05 -0.0280018 -0.082501 -0.05 -0.0321062 -0.0613904 -0.05 -0.0340004 -0.0610555 -0.05 -0.0327503 -0.0601404 -0.05 -0.0318353 -0.0634456 -0.05 -0.0170002 -0.0588904 -0.05 -0.0315004 -0.0576404 -0.05 -0.0318353 -0.0567253 -0.05 -0.0327503 -0.0563903 -0.05 -0.0340004 -0.0567253 -0.05 -0.0352504 -0.0610555 -0.05 -0.0352504 -0.0576404 -0.05 -0.0361655 -0.0588904 -0.05 -0.0365004 -0.0601404 -0.05 -0.0361655 -0.0888543 -0.05 -0.0707628 -0.0829567 -0.05 -0.0373157 -0.0848484 -0.05 -0.0208684 -0.0842054 -0.05 -0.02062 -0.0781682 -0.05 0.00850008 -0.113501 -0.05 -0.0200692 -0.113501 -0.05 -0.0218221 -0.0854739 -0.05 -0.0218221 -0.083519 -0.05 -0.0206856 -0.0829345 -0.05 -0.0210512 -0.0825753 -0.05 -0.0216396 -0.1132 -0.05 -0.018359 -0.112332 -0.05 -0.0168552 -0.103166 -0.05 -0.00593258 -0.0853126 -0.05 -0.0213782 -0.082501 -0.05 -0.0221061 -0.0905005 -0.05 0.009162 -0.087501 -0.05 0.0134457 -0.0839152 -0.05 0.0243516 -0.083234 -0.05 0.0242452 -0.0826724 -0.05 0.0238452 -0.082349 -0.05 0.0232364 -0.0634456 -0.05 0.0170002 -0.0845719 -0.05 0.0241422 -0.0849336 -0.05 0.0238384 -0.0823321 -0.05 0.0225471 -0.082501 -0.05 0.0221061 -0.0842623 -0.05 0.0190553 -0.109206 -0.05 0.0378521 -0.10833 -0.05 0.0393702 -0.10571 -0.05 0.0415687 -0.107213 -0.05 0.0407004 -0.0611703 -0.05 0.0631938 -0.0604968 -0.05 0.0630467 -0.0709302 -0.05 0.0888543 -0.0596737 -0.05 0.0619868 -0.0596981 -0.05 0.0612978 -0.0464454 -0.05 0.0464454 -0.0599601 -0.05 0.0626139 -0.0756492 -0.05 0.0873839 -0.0616354 -0.05 0.0631114 -0.074131 -0.05 0.0882604 -0.0724993 -0.05 0.0888543 -0.0600281 -0.05 0.0606925 -0.0603949 -0.05 0.0603949 -0.0690552 -0.05 0.0553948 -0.0737947 -0.05 0.0531848 -0.0825061 -0.05 0.0500141 -0.0987276 -0.05 0.0441099 -0.0340004 -0.05 0.0563903 -0.0352504 -0.05 0.0567253 -0.0327503 -0.05 0.0610555 -0.0318353 -0.05 0.0601404 -0.0170002 -0.05 0.0634456 -0.0352504 -0.05 0.0610555 -0.0340004 -0.05 0.0613904 -0.0321062 -0.05 0.082501 -0.0280018 -0.05 0.082501 -0.0315004 -0.05 0.0588904 -0.0318353 -0.05 0.0576404 -0.0327503 -0.05 0.0567253 -0.0361655 -0.05 0.0576404 -0.0365004 -0.05 0.0588904 -0.0361655 -0.05 0.0601404 -0.0707628 -0.05 0.0888543 -0.0373157 -0.05 0.0829567 -0.0200692 -0.05 0.113501 -0.0218221 -0.05 0.113501 -0.0218221 -0.05 0.0854739 -0.0208684 -0.05 0.0848484 -0.02062 -0.05 0.0842054 0.00850008 -0.05 0.0781682 -0.0206856 -0.05 0.083519 -0.0210512 -0.05 0.0829345 -0.0216396 -0.05 0.0825753 -0.0221061 -0.05 0.082501 -0.018359 -0.05 0.1132 -0.0168552 -0.05 0.112332 -0.00593258 -0.05 0.103166 -0.0213782 -0.05 0.0853126 0.009162 -0.05 0.0905005 0.0134457 -0.05 0.087501 0.0243516 -0.05 0.0839152 0.0242452 -0.05 0.083234 0.0238452 -0.05 0.0826724 0.0232364 -0.05 0.082349 0.0170002 -0.05 0.0634456 0.0241422 -0.05 0.0845719 0.0238384 -0.05 0.0849336 0.0225471 -0.05 0.0823321 0.0221061 -0.05 0.082501 0.0190553 -0.05 0.0842623 0.0378521 -0.05 0.109206 0.0393702 -0.05 0.10833 0.0415687 -0.05 0.10571 0.0407004 -0.05 0.107213 0.0631938 -0.05 0.0611703 0.0630467 -0.05 0.0604968 0.0888543 -0.05 0.0709302 0.0619868 -0.05 0.0596737 0.0612978 -0.05 0.0596981 0.0464454 -0.05 0.0464454 0.0626139 -0.05 0.0599601 0.0873839 -0.05 0.0756492 0.0631114 -0.05 0.0616354 0.0882604 -0.05 0.074131 0.0888543 -0.05 0.0724993 0.0606925 -0.05 0.0600281 0.0603949 -0.05 0.0603949 0.0553948 -0.05 0.0690552 0.0531848 -0.05 0.0737947 0.0500141 -0.05 0.0825061 0.0441099 -0.05 0.0987276 0.082501 -0.05 0.0280018 0.082501 -0.05 0.0321062 0.0613904 -0.05 0.0340004 0.0610555 -0.05 0.0327503 0.0601404 -0.05 0.0318353 0.0634456 -0.05 0.0170002 0.0588904 -0.05 0.0315004 0.0576404 -0.05 0.0318353 0.0567253 -0.05 0.0327503 0.0563903 -0.05 0.0340004 0.0567253 -0.05 0.0352504 0.0576404 -0.05 0.0361655 0.0610555 -0.05 0.0352504 0.0588904 -0.05 0.0365004 0.0601404 -0.05 0.0361655 0.0888543 -0.05 0.0707628 0.0829567 -0.05 0.0373157 0.083519 -0.05 0.0206856 0.0829345 -0.05 0.0210512 0.0825753 -0.05 0.0216396 0.113501 -0.05 0.0218221 0.0854739 -0.05 0.0218221 0.113501 -0.05 0.0200692 0.0853126 -0.05 0.0213782 0.1132 -0.05 0.018359 0.103166 -0.05 0.00593258 0.112332 -0.05 0.0168552 0.0848484 -0.05 0.0208684 0.0842054 -0.05 0.02062 0.082501 -0.05 0.0221061 0.0905005 -0.05 -0.009162 0.087501 -0.05 -0.0134457 0.0849336 -0.05 -0.0238384 0.0845719 -0.05 -0.0241422 0.083234 -0.05 -0.0242452 0.0826724 -0.05 -0.0238452 0.082349 -0.05 -0.0232364 0.0634456 -0.05 -0.0170002 0.0839152 -0.05 -0.0243516 0.0823321 -0.05 -0.0225471 0.082501 -0.05 -0.0221061 0.0842623 -0.05 -0.0190553 0.109206 -0.05 -0.0378521 0.10833 -0.05 -0.0393702 0.10571 -0.05 -0.0415687 0.107213 -0.05 -0.0407004 0.0616354 -0.05 -0.0631114 0.0611703 -0.05 -0.0631938 0.0724993 -0.05 -0.0888543 0.0604968 -0.05 -0.0630467 0.0599601 -0.05 -0.0626139 0.0596737 -0.05 -0.0619868 0.0596981 -0.05 -0.0612978 0.0600281 -0.05 -0.0606925 0.0603949 -0.05 -0.0603949 0.0690552 -0.05 -0.0553948 0.0737947 -0.05 -0.0531848 0.0825061 -0.05 -0.0500141 0.0987276 -0.05 -0.0441099 0.00250003 -0.05 0.0680008 0.00216504 -0.05 0.0667508 0.00124998 -0.05 0.0658357 0.00216504 -0.05 0.0692508 0.00124998 -0.05 0.0701659 -0.00850008 -0.05 0.048723 0 -0.05 0.0655007 -0.00124998 -0.05 0.0658357 -0.00216504 -0.05 0.0667508 -0.00250003 -0.05 0.0680008 -0.00216504 -0.05 0.0692508 -0.00124998 -0.05 0.0701659 0 -0.05 0.0705008 -0.0567253 -0.05 0.0327503 -0.0576404 -0.05 0.0318353 -0.0379453 -0.05 0.0317228 -0.0563903 -0.05 0.0340004 -0.0567253 -0.05 0.0352504 -0.0576404 -0.05 0.0361655 -0.0588904 -0.05 0.0315004 -0.0601404 -0.05 0.0318353 -0.0610555 -0.05 0.0327503 -0.0613904 -0.05 0.0340004 -0.0610555 -0.05 0.0352504 -0.0601404 -0.05 0.0361655 -0.0588904 -0.05 0.0365004 0.0340004 -0.05 0.0613904 0.0352504 -0.05 0.0610555 0.0361655 -0.05 0.0601404 0.0365004 -0.05 0.0588904 0.0361655 -0.05 0.0576404 0.0352504 -0.05 0.0567253 0.0340004 -0.05 0.0563903 0.0317228 -0.05 0.0379453 0.0327503 -0.05 0.0567253 0.0318353 -0.05 0.0576404 0.0315004 -0.05 0.0588904 0.0318353 -0.05 0.0601404 0.0327503 -0.05 0.0610555 0.0232227 -0.05 -0.0062225 0.0062225 -0.05 0.0232227 -0.048723 -0.05 -0.00850008 -0.0655007 -0.05 0 -0.0658357 -0.05 -0.00124998 -0.0658357 -0.05 0.00124998 -0.0667508 -0.05 0.00216504 -0.0667508 -0.05 -0.00216504 -0.0680008 -0.05 -0.00250003 -0.0692508 -0.05 -0.00216504 -0.0701659 -0.05 -0.00124998 -0.0705008 -0.05 0 -0.0701659 -0.05 0.00124998 -0.0692508 -0.05 0.00216504 -0.0680008 -0.05 0.00250003 0.048723 -0.05 0.00850008 0.00850008 -0.05 -0.048723 -0.0062225 -0.05 -0.0232227 -0.0232227 -0.05 0.0062225 0.0680008 -0.05 0.00250003 0.0692508 -0.05 0.00216504 0.0701659 -0.05 -0.00124998 0.0692508 -0.05 -0.00216504 0.0680008 -0.05 -0.00250003 0.0667508 -0.05 -0.00216504 0.0658357 -0.05 -0.00124998 0.0655007 -0.05 0 0.0658357 -0.05 0.00124998 0.0667508 -0.05 0.00216504 0.0379453 -0.05 -0.0317228 -0.0318353 -0.05 -0.0576404 -0.0327503 -0.05 -0.0567253 -0.0317228 -0.05 -0.0379453 -0.0340004 -0.05 -0.0563903 -0.0315004 -0.05 -0.0588904 -0.0318353 -0.05 -0.0601404 -0.0327503 -0.05 -0.0610555 -0.0340004 -0.05 -0.0613904 -0.0361655 -0.05 -0.0576404 -0.0352504 -0.05 -0.0567253 -0.0352504 -0.05 -0.0610555 -0.0361655 -0.05 -0.0601404 -0.0365004 -0.05 -0.0588904 0.0576404 -0.05 -0.0361655 0.0567253 -0.05 -0.0352504 0.0613904 -0.05 -0.0340004 0.0610555 -0.05 -0.0352504 0.0601404 -0.05 -0.0361655 0.0588904 -0.05 -0.0365004 0.0576404 -0.05 -0.0318353 0.0567253 -0.05 -0.0327503 0.0563903 -0.05 -0.0340004 0.0588904 -0.05 -0.0315004 0.0601404 -0.05 -0.0318353 0.0610555 -0.05 -0.0327503 0 -0.05 -0.0655007 0.00124998 -0.05 -0.0658357 0.00216504 -0.05 -0.0667508 0.00250003 -0.05 -0.0680008 0.00216504 -0.05 -0.0692508 0.00124998 -0.05 -0.0701659 0 -0.05 -0.0705008 -0.00216504 -0.05 -0.0667508 -0.00124998 -0.05 -0.0658357 -0.00124998 -0.05 -0.0701659 -0.00216504 -0.05 -0.0692508 -0.00250003 -0.05 -0.0680008 0.0616354 -0.0474747 -0.0631114 0.0616354 -0.0455807 -0.0631114 0.0616354 -0.0462121 -0.0631114 0.0758149 -0.044911 -0.0872883 0.077472 -0.0495771 -0.0863316 0.0616725 -0.0462117 -0.0631016 0.0620991 -0.0499751 -0.0628751 0.0618946 -0.0474612 -0.0629932 0.0618537 -0.0499946 -0.063006 0.0617585 -0.0474718 -0.0630609 0.0616899 -0.0449472 -0.0631113 0.0616788 -0.0449482 -0.0631144 0.061711 -0.0462104 -0.0630884 0.0616635 -0.0449486 -0.0631134 0.061661 -0.0455805 -0.0631082 0.0616497 -0.0449491 -0.0631124 0.0634718 -0.0495771 -0.0620825 0.0618147 -0.044911 -0.0630393 0.107017 -0.0351469 -0.0251432 0.107981 -0.0353861 -0.0259733 0.109383 -0.0448016 -0.0375459 0.0851339 -0.0448016 -0.0235457 0.0860215 -0.0430082 -0.0220083 0.106548 -0.0344933 -0.0241253 0.0870277 -0.0416416 -0.0210268 0.1067 -0.0336005 -0.0231923 0.0885399 -0.040483 -0.0205754 0.107432 -0.0327077 -0.0225944 0.106329 -0.0300651 -0.0189363 0.108548 -0.0320541 -0.0224915 0.109346 -0.0288455 -0.0192839 0.109749 -0.0318148 -0.0229114 0.112258 -0.0286623 -0.020756 0.110713 -0.0320541 -0.0237415 0.114431 -0.0295556 -0.0230316 0.111182 -0.0327077 -0.0247594 0.11539 -0.0313307 -0.0256148 0.11103 -0.0336005 -0.0256923 0.114927 -0.0336005 -0.0279424 0.110298 -0.0344933 -0.0262904 0.109182 -0.0351469 -0.0263932 0.0877894 -0.0465795 -0.0189463 0.0869017 -0.0483728 -0.0204839 0.111151 -0.0483728 -0.034484 0.116695 -0.0371717 -0.0248805 0.112066 -0.0380645 -0.0232285 0.11095 -0.0387181 -0.0233313 0.109749 -0.0389574 -0.0229114 0.108785 -0.0387181 -0.0220813 0.108316 -0.0380645 -0.0210634 0.112798 -0.0371717 -0.0226305 0.11295 -0.0362789 -0.0216975 0.117158 -0.0349019 -0.0225529 0.112481 -0.0356253 -0.0206796 0.116199 -0.0331269 -0.0199698 0.111517 -0.0353861 -0.0198495 0.114026 -0.0322335 -0.0176941 0.110316 -0.0356253 -0.0194296 0.111113 -0.0324167 -0.016222 0.1092 -0.0362789 -0.0195324 0.108096 -0.0336364 -0.0158744 0.108468 -0.0371717 -0.0201304 0.0903076 -0.0440543 -0.0175135 0.0887955 -0.0452128 -0.0179649 0.0849336 -0.0455807 -0.0238384 0.0849336 -0.0474747 -0.0238384 0.0849336 -0.0462121 -0.0238384 0.109302 -0.044911 -0.0376864 0.110259 -0.0495771 -0.0360293 0.0849607 -0.0462117 -0.0238113 0.085217 -0.0499751 -0.0234018 0.0850988 -0.0474612 -0.0236065 0.0850699 -0.0499946 -0.0236379 0.0850149 -0.0474718 -0.0237331 0.0849807 -0.0449472 -0.023811 0.0849725 -0.0449482 -0.0238192 0.0849874 -0.0462104 -0.0237807 0.0849589 -0.0449486 -0.023826 0.0849541 -0.0455805 -0.0238228 0.0849464 -0.0449491 -0.0238321 0.0860095 -0.0495771 -0.0220291 0.0850528 -0.044911 -0.0236862 0.105251 -0.0351469 0.0317339 0.106501 -0.0353861 0.0314971 0.113501 -0.0448016 0.0221757 0.107751 -0.0351469 0.0317339 0.108666 -0.0344933 0.032381 0.113501 -0.0336005 0.0332648 0.109001 -0.0336005 0.0332648 0.112738 -0.0313307 0.035512 0.108666 -0.0327077 0.0341487 0.110616 -0.0295556 0.0372694 0.107751 -0.0320541 0.0347958 0.107596 -0.0286623 0.0381537 0.106501 -0.0318148 0.0350327 0.104338 -0.0288455 0.0379724 0.105251 -0.0320541 0.0347958 0.101551 -0.0300651 0.0367649 0.104336 -0.0327077 0.0341487 0.0869654 -0.040483 0.0264511 0.104001 -0.0336005 0.0332648 0.0858816 -0.0416416 0.0253041 0.104336 -0.0344933 0.032381 0.085501 -0.0430082 0.023951 0.085501 -0.0448016 0.0221757 0.085501 -0.0465795 0.0274866 0.085501 -0.0483728 0.0257112 0.113501 -0.0483728 0.0257112 0.113501 -0.0371717 0.0368005 0.104336 -0.0380645 0.0359166 0.105251 -0.0387181 0.0352695 0.106501 -0.0389574 0.0350327 0.107751 -0.0387181 0.0352695 0.108666 -0.0380645 0.0359166 0.109001 -0.0371717 0.0368005 0.108666 -0.0362789 0.0376843 0.112738 -0.0349019 0.0390476 0.107751 -0.0356253 0.0383314 0.110616 -0.0331269 0.0408049 0.106501 -0.0353861 0.0385682 0.107596 -0.0322335 0.0416893 0.105251 -0.0356253 0.0383314 0.104338 -0.0324167 0.041508 0.104336 -0.0362789 0.0376843 0.101551 -0.0336364 0.0403005 0.104001 -0.0371717 0.0368005 0.0869654 -0.0440543 0.0299867 0.0858816 -0.0452128 0.0288396 0.0854739 -0.0474747 0.0218221 0.0854739 -0.0455807 0.0218221 0.0854739 -0.0462121 0.0218221 0.113501 -0.044911 0.0220135 0.113501 -0.0495771 0.0239269 0.0854838 -0.0462117 0.0218591 0.085501 -0.0499751 0.0223419 0.085501 -0.0474612 0.0221056 0.0854916 -0.0499946 0.0220639 0.0854916 -0.0474718 0.021954 0.085501 -0.0449472 0.0218694 0.085498 -0.0449482 0.0218582 0.0854916 -0.0462104 0.0218991 0.0854896 -0.0449486 0.0218455 0.0854838 -0.0455805 0.0218459 0.0854818 -0.0449491 0.021834 0.085501 -0.0495771 0.0239269 0.085501 -0.044911 0.0220135 0.0752833 -0.0351469 0.080108 0.0764842 -0.0353861 0.0805279 0.0872071 -0.0448016 0.0759554 0.0629581 -0.0448016 0.0619552 0.0620705 -0.0430082 0.0634928 0.0741672 -0.0344933 0.0802109 0.0617236 -0.0416416 0.0648548 0.0734352 -0.0336005 0.0808088 0.0620887 -0.040483 0.06639 0.0732833 -0.0327077 0.0817418 0.0695637 -0.0300651 0.0826151 0.0737523 -0.0320541 0.0827597 0.0713732 -0.0288455 0.0850541 0.0747164 -0.0318148 0.0835898 0.0741042 -0.0286623 0.0868403 0.0759174 -0.0320541 0.0840097 0.0771614 -0.0295556 0.0875841 0.0770334 -0.0327077 0.0839069 0.0798783 -0.0313307 0.0871235 0.0777654 -0.0336005 0.0833088 0.0816626 -0.0336005 0.0855589 0.0779173 -0.0344933 0.0823759 0.0774483 -0.0351469 0.081358 0.0603027 -0.0465795 0.0665546 0.0611904 -0.0483728 0.0650171 0.0854394 -0.0483728 0.0790173 0.0798948 -0.0371717 0.0886208 0.0723995 -0.0380645 0.0832727 0.0735154 -0.0387181 0.0831699 0.0747164 -0.0389574 0.0835898 0.0756805 -0.0387181 0.08442 0.0761495 -0.0380645 0.0854378 0.0759976 -0.0371717 0.0863708 0.0752656 -0.0362789 0.0869688 0.0781105 -0.0349019 0.0901854 0.0741496 -0.0356253 0.0870716 0.0753936 -0.0331269 0.090646 0.0729487 -0.0353861 0.0866517 0.0723365 -0.0322335 0.0899021 0.0719845 -0.0356253 0.0858216 0.0696054 -0.0324167 0.088116 0.0715156 -0.0362789 0.0848037 0.0677958 -0.0336364 0.085677 0.0716674 -0.0371717 0.0838707 0.060321 -0.0440543 0.069452 0.0599558 -0.0452128 0.0679167 0.0631114 -0.0474747 0.0616354 0.0631114 -0.0455807 0.0616354 0.0631114 -0.0462121 0.0616354 0.0872883 -0.044911 0.0758149 0.0863316 -0.0495771 0.077472 0.0631016 -0.0462117 0.0616725 0.0628751 -0.0499751 0.0620991 0.0629932 -0.0474612 0.0618946 0.063006 -0.0499946 0.0618537 0.0630609 -0.0474718 0.0617585 0.0631113 -0.0449472 0.0616899 0.0631144 -0.0449482 0.0616788 0.0630884 -0.0462104 0.061711 0.0631134 -0.0449486 0.0616635 0.0631082 -0.0455805 0.061661 0.0631124 -0.0449491 0.0616497 0.0620825 -0.0495771 0.0634718 0.0630393 -0.044911 0.0618147 0.0251432 -0.0351469 0.107017 0.0259733 -0.0353861 0.107981 0.0375459 -0.0448016 0.109383 0.0263932 -0.0351469 0.109182 0.0262904 -0.0344933 0.110298 0.0279424 -0.0336005 0.114927 0.0256923 -0.0336005 0.11103 0.0256148 -0.0313307 0.11539 0.0247594 -0.0327077 0.111182 0.0230316 -0.0295556 0.114431 0.0237415 -0.0320541 0.110713 0.020756 -0.0286623 0.112258 0.0229114 -0.0318148 0.109749 0.0192839 -0.0288455 0.109346 0.0224915 -0.0320541 0.108548 0.0189363 -0.0300651 0.106329 0.0225944 -0.0327077 0.107432 0.0205754 -0.040483 0.0885399 0.0231923 -0.0336005 0.1067 0.0210268 -0.0416416 0.0870277 0.0241253 -0.0344933 0.106548 0.0220083 -0.0430082 0.0860215 0.0235457 -0.0448016 0.0851339 0.0189463 -0.0465795 0.0877894 0.0204839 -0.0483728 0.0869017 0.034484 -0.0483728 0.111151 0.0248805 -0.0371717 0.116695 0.0232285 -0.0380645 0.112066 0.0233313 -0.0387181 0.11095 0.0229114 -0.0389574 0.109749 0.0220813 -0.0387181 0.108785 0.0210634 -0.0380645 0.108316 0.0226305 -0.0371717 0.112798 0.0216975 -0.0362789 0.11295 0.0225529 -0.0349019 0.117158 0.0206796 -0.0356253 0.112481 0.0199698 -0.0331269 0.116199 0.0198495 -0.0353861 0.111517 0.0176941 -0.0322335 0.114026 0.0194296 -0.0356253 0.110316 0.016222 -0.0324167 0.111113 0.0195324 -0.0362789 0.1092 0.0158744 -0.0336364 0.108096 0.0201304 -0.0371717 0.108468 0.0175135 -0.0440543 0.0903076 0.0179649 -0.0452128 0.0887955 0.0238384 -0.0474747 0.0849336 0.0238384 -0.0455807 0.0849336 0.0238384 -0.0462121 0.0849336 0.0376864 -0.044911 0.109302 0.0360293 -0.0495771 0.110259 0.0238113 -0.0462117 0.0849607 0.0234018 -0.0499751 0.085217 0.0236065 -0.0474612 0.0850988 0.0236379 -0.0499946 0.0850699 0.0237331 -0.0474718 0.0850149 0.023811 -0.0449472 0.0849807 0.0238192 -0.0449482 0.0849725 0.0237807 -0.0462104 0.0849874 0.023826 -0.0449486 0.0849589 0.0238228 -0.0455805 0.0849541 0.0238321 -0.0449491 0.0849464 0.0220291 -0.0495771 0.0860095 0.0236862 -0.044911 0.0850528 -0.0317339 -0.0351469 0.105251 -0.0221757 -0.0448016 0.085501 -0.023951 -0.0430082 0.085501 -0.032381 -0.0344933 0.104336 -0.0253041 -0.0416416 0.0858816 -0.0332648 -0.0336005 0.104001 -0.0264511 -0.040483 0.0869654 -0.0341487 -0.0327077 0.104336 -0.0367649 -0.0300651 0.101551 -0.0347958 -0.0320541 0.105251 -0.0379724 -0.0288455 0.104338 -0.0350327 -0.0318148 0.106501 -0.0381537 -0.0286623 0.107596 -0.0347958 -0.0320541 0.107751 -0.0372694 -0.0295556 0.110616 -0.0341487 -0.0327077 0.108666 -0.035512 -0.0313307 0.112738 -0.0332648 -0.0336005 0.109001 -0.0332648 -0.0336005 0.113501 -0.032381 -0.0344933 0.108666 -0.0221757 -0.0448016 0.113501 -0.0317339 -0.0351469 0.107751 -0.0314971 -0.0353861 0.106501 -0.0274866 -0.0465795 0.085501 -0.0257112 -0.0483728 0.085501 -0.0257112 -0.0483728 0.113501 -0.0368005 -0.0371717 0.113501 -0.0359166 -0.0380645 0.108666 -0.0352695 -0.0387181 0.107751 -0.0350327 -0.0389574 0.106501 -0.0352695 -0.0387181 0.105251 -0.0359166 -0.0380645 0.104336 -0.0368005 -0.0371717 0.109001 -0.0376843 -0.0362789 0.108666 -0.0390476 -0.0349019 0.112738 -0.0383314 -0.0356253 0.107751 -0.0408049 -0.0331269 0.110616 -0.0385682 -0.0353861 0.106501 -0.0416893 -0.0322335 0.107596 -0.0383314 -0.0356253 0.105251 -0.041508 -0.0324167 0.104338 -0.0376843 -0.0362789 0.104336 -0.0403005 -0.0336364 0.101551 -0.0368005 -0.0371717 0.104001 -0.0299867 -0.0440543 0.0869654 -0.0288396 -0.0452128 0.0858816 -0.0218221 -0.0474747 0.0854739 -0.0218221 -0.0455807 0.0854739 -0.0218221 -0.0462121 0.0854739 -0.0220135 -0.044911 0.113501 -0.0239269 -0.0495771 0.113501 -0.0218591 -0.0462117 0.0854838 -0.0223419 -0.0499751 0.085501 -0.0221056 -0.0474612 0.085501 -0.0220639 -0.0499946 0.0854916 -0.021954 -0.0474718 0.0854916 -0.0218694 -0.0449472 0.085501 -0.0218582 -0.0449482 0.085498 -0.0218991 -0.0462104 0.0854916 -0.0218455 -0.0449486 0.0854896 -0.0218459 -0.0455805 0.0854838 -0.021834 -0.0449491 0.0854818 -0.0239269 -0.0495771 0.085501 -0.0220135 -0.044911 0.085501 -0.080108 -0.0351469 0.0752833 -0.0805279 -0.0353861 0.0764842 -0.0759554 -0.0448016 0.0872071 -0.0619552 -0.0448016 0.0629581 -0.0634928 -0.0430082 0.0620705 -0.0802109 -0.0344933 0.0741672 -0.0648548 -0.0416416 0.0617236 -0.0808088 -0.0336005 0.0734352 -0.06639 -0.040483 0.0620887 -0.0817418 -0.0327077 0.0732833 -0.0826151 -0.0300651 0.0695637 -0.0827597 -0.0320541 0.0737523 -0.0850541 -0.0288455 0.0713732 -0.0835898 -0.0318148 0.0747164 -0.0868403 -0.0286623 0.0741042 -0.0840097 -0.0320541 0.0759174 -0.0875841 -0.0295556 0.0771614 -0.0871235 -0.0313307 0.0798783 -0.081358 -0.0351469 0.0774483 -0.0823759 -0.0344933 0.0779173 -0.0855589 -0.0336005 0.0816626 -0.0833088 -0.0336005 0.0777654 -0.0839069 -0.0327077 0.0770334 -0.0665546 -0.0465795 0.0603027 -0.0650171 -0.0483728 0.0611904 -0.0790173 -0.0483728 0.0854394 -0.0886208 -0.0371717 0.0798948 -0.0832727 -0.0380645 0.0723995 -0.0831699 -0.0387181 0.0735154 -0.0835898 -0.0389574 0.0747164 -0.08442 -0.0387181 0.0756805 -0.0854378 -0.0380645 0.0761495 -0.0863708 -0.0371717 0.0759976 -0.0869688 -0.0362789 0.0752656 -0.0901854 -0.0349019 0.0781105 -0.0870716 -0.0356253 0.0741496 -0.090646 -0.0331269 0.0753936 -0.0866517 -0.0353861 0.0729487 -0.0899021 -0.0322335 0.0723365 -0.0858216 -0.0356253 0.0719845 -0.088116 -0.0324167 0.0696054 -0.0848037 -0.0362789 0.0715156 -0.085677 -0.0336364 0.0677958 -0.0838707 -0.0371717 0.0716674 -0.069452 -0.0440543 0.060321 -0.0679167 -0.0452128 0.0599558 -0.0616354 -0.0474747 0.0631114 -0.0616354 -0.0455807 0.0631114 -0.0616354 -0.0462121 0.0631114 -0.0758149 -0.044911 0.0872883 -0.077472 -0.0495771 0.0863316 -0.0616725 -0.0462117 0.0631016 -0.0620991 -0.0499751 0.0628751 -0.0618946 -0.0474612 0.0629932 -0.0618537 -0.0499946 0.063006 -0.0617585 -0.0474718 0.0630609 -0.0616899 -0.0449472 0.0631113 -0.0616788 -0.0449482 0.0631144 -0.061711 -0.0462104 0.0630884 -0.0616635 -0.0449486 0.0631134 -0.061661 -0.0455805 0.0631082 -0.0616497 -0.0449491 0.0631124 -0.0634718 -0.0495771 0.0620825 -0.0618147 -0.044911 0.0630393 -0.107017 -0.0351469 0.0251432 -0.107981 -0.0353861 0.0259733 -0.109383 -0.0448016 0.0375459 -0.109182 -0.0351469 0.0263932 -0.110298 -0.0344933 0.0262904 -0.114927 -0.0336005 0.0279424 -0.11103 -0.0336005 0.0256923 -0.11539 -0.0313307 0.0256148 -0.111182 -0.0327077 0.0247594 -0.114431 -0.0295556 0.0230316 -0.110713 -0.0320541 0.0237415 -0.112258 -0.0286623 0.020756 -0.109749 -0.0318148 0.0229114 -0.109346 -0.0288455 0.0192839 -0.108548 -0.0320541 0.0224915 -0.106329 -0.0300651 0.0189363 -0.107432 -0.0327077 0.0225944 -0.0885399 -0.040483 0.0205754 -0.1067 -0.0336005 0.0231923 -0.0870277 -0.0416416 0.0210268 -0.106548 -0.0344933 0.0241253 -0.0860215 -0.0430082 0.0220083 -0.0851339 -0.0448016 0.0235457 -0.0877894 -0.0465795 0.0189463 -0.0869017 -0.0483728 0.0204839 -0.111151 -0.0483728 0.034484 -0.116695 -0.0371717 0.0248805 -0.112066 -0.0380645 0.0232285 -0.112798 -0.0371717 0.0226305 -0.11295 -0.0362789 0.0216975 -0.117158 -0.0349019 0.0225529 -0.112481 -0.0356253 0.0206796 -0.116199 -0.0331269 0.0199698 -0.111517 -0.0353861 0.0198495 -0.114026 -0.0322335 0.0176941 -0.110316 -0.0356253 0.0194296 -0.111113 -0.0324167 0.016222 -0.1092 -0.0362789 0.0195324 -0.108096 -0.0336364 0.0158744 -0.108468 -0.0371717 0.0201304 -0.0903076 -0.0440543 0.0175135 -0.108316 -0.0380645 0.0210634 -0.11095 -0.0387181 0.0233313 -0.109749 -0.0389574 0.0229114 -0.108785 -0.0387181 0.0220813 -0.0887955 -0.0452128 0.0179649 -0.0849336 -0.0474747 0.0238384 -0.0849336 -0.0455807 0.0238384 -0.0849336 -0.0462121 0.0238384 -0.109302 -0.044911 0.0376864 -0.110259 -0.0495771 0.0360293 -0.0849607 -0.0462117 0.0238113 -0.085217 -0.0499751 0.0234018 -0.0850988 -0.0474612 0.0236065 -0.0850699 -0.0499946 0.0236379 -0.0850149 -0.0474718 0.0237331 -0.0849807 -0.0449472 0.023811 -0.0849725 -0.0449482 0.0238192 -0.0849874 -0.0462104 0.0237807 -0.0849589 -0.0449486 0.023826 -0.0849541 -0.0455805 0.0238228 -0.0849464 -0.0449491 0.0238321 -0.0860095 -0.0495771 0.0220291 -0.0850528 -0.044911 0.0236862 -0.105251 -0.0351469 -0.0317339 -0.106501 -0.0353861 -0.0314971 -0.113501 -0.0448016 -0.0221757 -0.085501 -0.0448016 -0.0221757 -0.085501 -0.0430082 -0.023951 -0.104336 -0.0344933 -0.032381 -0.0858816 -0.0416416 -0.0253041 -0.104001 -0.0336005 -0.0332648 -0.0869654 -0.040483 -0.0264511 -0.104336 -0.0327077 -0.0341487 -0.101551 -0.0300651 -0.0367649 -0.105251 -0.0320541 -0.0347958 -0.104338 -0.0288455 -0.0379724 -0.106501 -0.0318148 -0.0350327 -0.107596 -0.0286623 -0.0381537 -0.107751 -0.0320541 -0.0347958 -0.110616 -0.0295556 -0.0372694 -0.108666 -0.0327077 -0.0341487 -0.112738 -0.0313307 -0.035512 -0.109001 -0.0336005 -0.0332648 -0.113501 -0.0336005 -0.0332648 -0.108666 -0.0344933 -0.032381 -0.107751 -0.0351469 -0.0317339 -0.085501 -0.0465795 -0.0274866 -0.085501 -0.0483728 -0.0257112 -0.113501 -0.0483728 -0.0257112 -0.113501 -0.0371717 -0.0368005 -0.104336 -0.0380645 -0.0359166 -0.105251 -0.0387181 -0.0352695 -0.106501 -0.0389574 -0.0350327 -0.107751 -0.0387181 -0.0352695 -0.108666 -0.0380645 -0.0359166 -0.109001 -0.0371717 -0.0368005 -0.108666 -0.0362789 -0.0376843 -0.112738 -0.0349019 -0.0390476 -0.107751 -0.0356253 -0.0383314 -0.110616 -0.0331269 -0.0408049 -0.106501 -0.0353861 -0.0385682 -0.107596 -0.0322335 -0.0416893 -0.105251 -0.0356253 -0.0383314 -0.104338 -0.0324167 -0.041508 -0.104336 -0.0362789 -0.0376843 -0.101551 -0.0336364 -0.0403005 -0.104001 -0.0371717 -0.0368005 -0.0869654 -0.0440543 -0.0299867 -0.0858816 -0.0452128 -0.0288396 -0.0854739 -0.0474747 -0.0218221 -0.0854739 -0.0455807 -0.0218221 -0.0854739 -0.0462121 -0.0218221 -0.113501 -0.044911 -0.0220135 -0.113501 -0.0495771 -0.0239269 -0.0854838 -0.0462117 -0.0218591 -0.085501 -0.0499751 -0.0223419 -0.085501 -0.0474612 -0.0221056 -0.0854916 -0.0499946 -0.0220639 -0.0854916 -0.0474718 -0.021954 -0.085501 -0.0449472 -0.0218694 -0.085498 -0.0449482 -0.0218582 -0.0854916 -0.0462104 -0.0218991 -0.0854896 -0.0449486 -0.0218455 -0.0854838 -0.0455805 -0.0218459 -0.0854818 -0.0449491 -0.021834 -0.085501 -0.0495771 -0.0239269 -0.085501 -0.044911 -0.0220135 -0.0752833 -0.0351469 -0.080108 -0.0764842 -0.0353861 -0.0805279 -0.0872071 -0.0448016 -0.0759554 -0.0629581 -0.0448016 -0.0619552 -0.0620705 -0.0430082 -0.0634928 -0.0741672 -0.0344933 -0.0802109 -0.0617236 -0.0416416 -0.0648548 -0.0734352 -0.0336005 -0.0808088 -0.0620887 -0.040483 -0.06639 -0.0732833 -0.0327077 -0.0817418 -0.0695637 -0.0300651 -0.0826151 -0.0737523 -0.0320541 -0.0827597 -0.0713732 -0.0288455 -0.0850541 -0.0747164 -0.0318148 -0.0835898 -0.0741042 -0.0286623 -0.0868403 -0.0759174 -0.0320541 -0.0840097 -0.0771614 -0.0295556 -0.0875841 -0.0770334 -0.0327077 -0.0839069 -0.0798783 -0.0313307 -0.0871235 -0.0777654 -0.0336005 -0.0833088 -0.0816626 -0.0336005 -0.0855589 -0.0779173 -0.0344933 -0.0823759 -0.0774483 -0.0351469 -0.081358 -0.0603027 -0.0465795 -0.0665546 -0.0611904 -0.0483728 -0.0650171 -0.0854394 -0.0483728 -0.0790173 -0.0798948 -0.0371717 -0.0886208 -0.0723995 -0.0380645 -0.0832727 -0.0735154 -0.0387181 -0.0831699 -0.0747164 -0.0389574 -0.0835898 -0.0756805 -0.0387181 -0.08442 -0.0761495 -0.0380645 -0.0854378 -0.0759976 -0.0371717 -0.0863708 -0.0752656 -0.0362789 -0.0869688 -0.0781105 -0.0349019 -0.0901854 -0.0741496 -0.0356253 -0.0870716 -0.0753936 -0.0331269 -0.090646 -0.0729487 -0.0353861 -0.0866517 -0.0723365 -0.0322335 -0.0899021 -0.0719845 -0.0356253 -0.0858216 -0.0696054 -0.0324167 -0.088116 -0.0715156 -0.0362789 -0.0848037 -0.0677958 -0.0336364 -0.085677 -0.0716674 -0.0371717 -0.0838707 -0.060321 -0.0440543 -0.069452 -0.0599558 -0.0452128 -0.0679167 -0.0631114 -0.0474747 -0.0616354 -0.0631114 -0.0455807 -0.0616354 -0.0631114 -0.0462121 -0.0616354 -0.0872883 -0.044911 -0.0758149 -0.0863316 -0.0495771 -0.077472 -0.0631016 -0.0462117 -0.0616725 -0.0628751 -0.0499751 -0.0620991 -0.0629932 -0.0474612 -0.0618946 -0.063006 -0.0499946 -0.0618537 -0.0630609 -0.0474718 -0.0617585 -0.0631113 -0.0449472 -0.0616899 -0.0631144 -0.0449482 -0.0616788 -0.0630884 -0.0462104 -0.061711 -0.0631134 -0.0449486 -0.0616635 -0.0631082 -0.0455805 -0.061661 -0.0631124 -0.0449491 -0.0616497 -0.0620825 -0.0495771 -0.0634718 -0.0630393 -0.044911 -0.0618147 -0.0251432 -0.0351469 -0.107017 -0.0259733 -0.0353861 -0.107981 -0.0375459 -0.0448016 -0.109383 -0.0263932 -0.0351469 -0.109182 -0.0262904 -0.0344933 -0.110298 -0.0279424 -0.0336005 -0.114927 -0.0256923 -0.0336005 -0.11103 -0.0256148 -0.0313307 -0.11539 -0.0247594 -0.0327077 -0.111182 -0.0230316 -0.0295556 -0.114431 -0.0237415 -0.0320541 -0.110713 -0.020756 -0.0286623 -0.112258 -0.0229114 -0.0318148 -0.109749 -0.0192839 -0.0288455 -0.109346 -0.0224915 -0.0320541 -0.108548 -0.0189363 -0.0300651 -0.106329 -0.0225944 -0.0327077 -0.107432 -0.0205754 -0.040483 -0.0885399 -0.0231923 -0.0336005 -0.1067 -0.0210268 -0.0416416 -0.0870277 -0.0241253 -0.0344933 -0.106548 -0.0220083 -0.0430082 -0.0860215 -0.0235457 -0.0448016 -0.0851339 -0.0189463 -0.0465795 -0.0877894 -0.0204839 -0.0483728 -0.0869017 -0.034484 -0.0483728 -0.111151 -0.0248805 -0.0371717 -0.116695 -0.0232285 -0.0380645 -0.112066 -0.0233313 -0.0387181 -0.11095 -0.0229114 -0.0389574 -0.109749 -0.0220813 -0.0387181 -0.108785 -0.0210634 -0.0380645 -0.108316 -0.0226305 -0.0371717 -0.112798 -0.0216975 -0.0362789 -0.11295 -0.0225529 -0.0349019 -0.117158 -0.0206796 -0.0356253 -0.112481 -0.0199698 -0.0331269 -0.116199 -0.0198495 -0.0353861 -0.111517 -0.0176941 -0.0322335 -0.114026 -0.0194296 -0.0356253 -0.110316 -0.016222 -0.0324167 -0.111113 -0.0195324 -0.0362789 -0.1092 -0.0158744 -0.0336364 -0.108096 -0.0201304 -0.0371717 -0.108468 -0.0175135 -0.0440543 -0.0903076 -0.0179649 -0.0452128 -0.0887955 -0.0238384 -0.0474747 -0.0849336 -0.0238384 -0.0455807 -0.0849336 -0.0238384 -0.0462121 -0.0849336 -0.0376864 -0.044911 -0.109302 -0.0360293 -0.0495771 -0.110259 -0.0238113 -0.0462117 -0.0849607 -0.0234018 -0.0499751 -0.085217 -0.0236065 -0.0474612 -0.0850988 -0.0236379 -0.0499946 -0.0850699 -0.0237331 -0.0474718 -0.0850149 -0.023811 -0.0449472 -0.0849807 -0.0238192 -0.0449482 -0.0849725 -0.0237807 -0.0462104 -0.0849874 -0.023826 -0.0449486 -0.0849589 -0.0238228 -0.0455805 -0.0849541 -0.0238321 -0.0449491 -0.0849464 -0.0220291 -0.0495771 -0.0860095 -0.0236862 -0.044911 -0.0850528 0.0317339 -0.0351469 -0.105251 0.0314971 -0.0353861 -0.106501 0.0221757 -0.0448016 -0.113501 0.0221757 -0.0448016 -0.085501 0.023951 -0.0430082 -0.085501 0.032381 -0.0344933 -0.104336 0.0253041 -0.0416416 -0.0858816 0.0332648 -0.0336005 -0.104001 0.0264511 -0.040483 -0.0869654 0.0341487 -0.0327077 -0.104336 0.0367649 -0.0300651 -0.101551 0.0347958 -0.0320541 -0.105251 0.0379724 -0.0288455 -0.104338 0.0350327 -0.0318148 -0.106501 0.0381537 -0.0286623 -0.107596 0.0347958 -0.0320541 -0.107751 0.0372694 -0.0295556 -0.110616 0.0341487 -0.0327077 -0.108666 0.035512 -0.0313307 -0.112738 0.0332648 -0.0336005 -0.109001 0.0332648 -0.0336005 -0.113501 0.032381 -0.0344933 -0.108666 0.0317339 -0.0351469 -0.107751 0.0274866 -0.0465795 -0.085501 0.0257112 -0.0483728 -0.085501 0.0257112 -0.0483728 -0.113501 0.0368005 -0.0371717 -0.113501 0.0359166 -0.0380645 -0.108666 0.0368005 -0.0371717 -0.109001 0.0376843 -0.0362789 -0.108666 0.0390476 -0.0349019 -0.112738 0.0383314 -0.0356253 -0.107751 0.0408049 -0.0331269 -0.110616 0.0385682 -0.0353861 -0.106501 0.0416893 -0.0322335 -0.107596 0.0383314 -0.0356253 -0.105251 0.041508 -0.0324167 -0.104338 0.0376843 -0.0362789 -0.104336 0.0403005 -0.0336364 -0.101551 0.0368005 -0.0371717 -0.104001 0.0299867 -0.0440543 -0.0869654 0.0359166 -0.0380645 -0.104336 0.0288396 -0.0452128 -0.0858816 0.0352695 -0.0387181 -0.105251 0.0350327 -0.0389574 -0.106501 0.0352695 -0.0387181 -0.107751 0.0218221 -0.0474747 -0.0854739 0.0218221 -0.0455807 -0.0854739 0.0218221 -0.0462121 -0.0854739 0.0220135 -0.044911 -0.113501 0.0239269 -0.0495771 -0.113501 0.0218591 -0.0462117 -0.0854838 0.0223419 -0.0499751 -0.085501 0.0221056 -0.0474612 -0.085501 0.0220639 -0.0499946 -0.0854916 0.021954 -0.0474718 -0.0854916 0.0218694 -0.0449472 -0.085501 0.0218582 -0.0449482 -0.085498 0.0218991 -0.0462104 -0.0854916 0.0218455 -0.0449486 -0.0854896 0.0218459 -0.0455805 -0.0854838 0.021834 -0.0449491 -0.0854818 0.0239269 -0.0495771 -0.085501 0.0220135 -0.044911 -0.085501 0 -0.05 -0.0655007 0 -0.0449495 -0.0655007 0 -0.05 -0.0705008 0 -0.0449495 -0.0705008 0.0655007 -0.05 0 0.0655007 -0.0449495 0 0.0705008 -0.05 0 0.0705008 -0.0449495 0 0 -0.05 0.0655007 0 -0.0449495 0.0655007 0 -0.05 0.0705008 0 -0.0449495 0.0705008 -0.0655007 -0.05 0 -0.0655007 -0.0449495 0 -0.0705008 -0.05 0 -0.0705008 -0.0449495 0 -0.0347298 -0.0306307 0.0908419 -0.0325273 -0.0328555 0.0905351 -0.0303247 -0.0350802 0.122161 -0.0303247 -0.0350802 0.0908419 -0.0282069 -0.0372194 0.0917505 -0.0419144 -0.0233736 0.0976309 -0.0405103 -0.0247919 0.0952115 -0.0429576 -0.0223198 0.100391 -0.0387995 -0.0265199 0.0932259 -0.0436001 -0.0216709 0.103386 -0.0368477 -0.0284914 0.0917505 -0.0368477 -0.0284914 0.121252 -0.0347298 -0.0306307 0.122161 -0.0325273 -0.0328555 0.122467 -0.0214545 -0.04404 0.109616 -0.0220969 -0.043391 0.112611 -0.0245442 -0.0409191 0.0952115 -0.0231402 -0.0423372 0.115372 -0.0245442 -0.0409191 0.117791 -0.026255 -0.0391909 0.119777 -0.026255 -0.0391909 0.0932259 -0.0282069 -0.0372194 0.121252 -0.0387995 -0.0265199 0.119777 -0.0436001 -0.0216709 0.109616 -0.043817 -0.0214518 0.106501 -0.0405103 -0.0247919 0.117791 -0.0419144 -0.0233736 0.115372 -0.0429576 -0.0223198 0.112611 -0.0231402 -0.0423372 0.0976309 -0.0220969 -0.043391 0.100391 -0.0214545 -0.04404 0.103386 -0.0212375 -0.0442591 0.106501 -0.0220792 -0.0272954 0.124075 -0.0197025 -0.0296961 0.123055 -0.017512 -0.0319087 0.121399 -0.0155921 -0.033848 0.119171 -0.0140164 -0.0354395 0.116456 -0.0128457 -0.0366222 0.113358 -0.0121247 -0.0373504 0.109997 -0.0118812 -0.0375963 0.106501 -0.0121247 -0.0373504 0.103006 -0.0128457 -0.0366222 0.0996444 -0.0140164 -0.0354395 0.0965466 -0.0155921 -0.033848 0.0938314 -0.017512 -0.0319087 0.0916031 -0.0197025 -0.0296961 0.0899473 -0.0220792 -0.0272954 0.0889277 -0.024551 -0.0247987 0.0885834 -0.0270227 -0.022302 0.0889277 -0.0293995 -0.0199013 0.0899473 -0.0315899 -0.0176887 0.0916031 -0.0335099 -0.0157494 0.0938314 -0.0350856 -0.0141578 0.0965466 -0.0362564 -0.0129753 0.0996444 -0.0369774 -0.012247 0.103006 -0.0372208 -0.0120011 0.106501 -0.0369774 -0.012247 0.109997 -0.0362564 -0.0129753 0.113358 -0.0350856 -0.0141578 0.116456 -0.0335099 -0.0157494 0.119171 -0.0315899 -0.0176887 0.121399 -0.0293995 -0.0199013 0.123055 -0.0270227 -0.022302 0.124075 -0.024551 -0.0247987 0.124419 -0.0138693 -0.0193958 0.125459 -0.0113053 -0.0219857 0.124359 -0.00894235 -0.0243725 0.122573 -0.00687118 -0.0264645 0.120169 -0.00517142 -0.0281814 0.11724 -0.00390844 -0.0294572 0.113898 -0.00313065 -0.0302428 0.110272 -0.00286803 -0.0305081 0.106501 -0.00313065 -0.0302428 0.10273 -0.00390844 -0.0294572 0.0991043 -0.00517142 -0.0281814 0.0957626 -0.00687118 -0.0264645 0.0928335 -0.00894235 -0.0243725 0.0904298 -0.0113053 -0.0219857 0.0886436 -0.0138693 -0.0193958 0.0875436 -0.0165357 -0.0167025 0.0871722 -0.0192021 -0.0140092 0.0875436 -0.0217661 -0.0114193 0.0886436 -0.024129 -0.00903257 0.0904298 -0.0262002 -0.00694051 0.0928335 -0.0278999 -0.00522359 0.0957626 -0.029163 -0.00394787 0.0991043 -0.0299407 -0.00316224 0.10273 -0.0302033 -0.00289697 0.106501 -0.0299407 -0.00316224 0.110272 -0.029163 -0.00394787 0.113898 -0.0278999 -0.00522359 0.11724 -0.0262002 -0.00694051 0.120169 -0.024129 -0.00903257 0.122573 -0.0217661 -0.0114193 0.124359 -0.0192021 -0.0140092 0.125459 -0.0165357 -0.0167025 0.12583 -0.00576926 -0.0114532 0.1263 -0.00309155 -0.014158 0.125151 -0.000623734 -0.0166507 0.123286 0.00153931 -0.0188356 0.120775 0.00331447 -0.0206287 0.117716 0.0046336 -0.0219611 0.114226 0.00544584 -0.0227816 0.11044 0.00572015 -0.0230586 0.106501 0.00544584 -0.0227816 0.102563 0.0046336 -0.0219611 0.0987761 0.00331447 -0.0206287 0.095286 0.00153931 -0.0188356 0.092227 -0.000623734 -0.0166507 0.0897165 -0.00309155 -0.014158 0.087851 -0.00576926 -0.0114532 0.0867023 -0.00855408 -0.00864038 0.0863144 -0.0113388 -0.00582747 0.0867023 -0.0140166 -0.00312274 0.087851 -0.0164844 -0.000630026 0.0897165 -0.0186475 0.00155484 0.092227 -0.0204227 0.00334791 0.095286 -0.0217418 0.00468035 0.0987761 -0.0225541 0.00550079 0.102563 -0.0228283 0.00577786 0.106501 -0.0225541 0.00550079 0.11044 -0.0217418 0.00468035 0.114226 -0.0204227 0.00334791 0.117716 -0.0186475 0.00155484 0.120775 -0.0164844 -0.000630026 0.123286 -0.0140166 -0.00312274 0.125151 -0.0113388 -0.00582747 0.1263 -0.00855408 -0.00864038 0.126688 0.00222435 -0.0034658 0.126606 0.00494349 -0.00621231 0.125439 0.00744942 -0.00874358 0.123545 0.00964593 -0.0109622 0.120996 0.0114485 -0.012783 0.11789 0.012788 -0.014136 0.114346 0.0136128 -0.0149691 0.1105 0.0138913 -0.0152505 0.106501 0.0136128 -0.0149691 0.102502 0.012788 -0.014136 0.0986567 0.0114485 -0.012783 0.0951128 0.00964593 -0.0109622 0.0920065 0.00744942 -0.00874358 0.0894572 0.00494349 -0.00621231 0.0875629 0.00222435 -0.0034658 0.0863965 -0.000603396 -0.000609484 0.0860025 -0.00343118 0.00224679 0.0863965 -0.00615026 0.00499336 0.0875629 -0.00865625 0.00752457 0.0894572 -0.0108527 0.00974325 0.0920065 -0.0126553 0.011564 0.0951128 -0.0139948 0.012917 0.0986567 -0.0148196 0.0137502 0.102502 -0.0150981 0.0140315 0.106501 -0.0148196 0.0137502 0.1105 -0.0139948 0.012917 0.114346 -0.0126553 0.011564 0.11789 -0.0108527 0.00974325 0.120996 -0.00865625 0.00752457 0.123545 -0.00615026 0.00499336 0.125439 -0.00343118 0.00224679 0.126606 -0.000603396 -0.000609484 0.127 0.0101223 0.00457547 0.126382 0.0128112 0.00185948 0.125229 0.0152892 -0.000643516 0.123355 0.0174613 -0.00283742 0.120835 0.0192438 -0.00463796 0.117763 0.0205683 -0.00597582 0.114258 0.021384 -0.00679975 0.110456 0.0216594 -0.0070779 0.106501 0.021384 -0.00679975 0.102547 0.0205683 -0.00597582 0.0987441 0.0192438 -0.00463796 0.0952396 0.0174613 -0.00283742 0.0921679 0.0152892 -0.000643516 0.089647 0.0128112 0.00185948 0.0877739 0.0101223 0.00457547 0.0866203 0.00732603 0.00739995 0.0862309 0.00452977 0.0102245 0.0866203 0.00184091 0.0129404 0.0877739 -0.000637088 0.0154435 0.089647 -0.00280908 0.0176374 0.0921679 -0.00459164 0.0194379 0.0952396 -0.00591613 0.0207758 0.0987441 -0.00673183 0.0215997 0.102547 -0.0070072 0.0218779 0.106501 -0.00673183 0.0215997 0.110456 -0.00591613 0.0207758 0.114258 -0.00459164 0.0194379 0.117763 -0.00280908 0.0176374 0.120835 -0.000637088 0.0154435 0.123355 0.00184091 0.0129404 0.125229 0.00452977 0.0102245 0.126382 0.00732603 0.00739995 0.126772 0.0179274 0.0126724 0.125632 0.0205148 0.0100589 0.124522 0.0228994 0.00765022 0.12272 0.0249895 0.00553902 0.120294 0.0267048 0.00380639 0.117338 0.0279794 0.00251899 0.113966 0.0287643 0.00172619 0.110307 0.0290294 0.00145845 0.106501 0.0287643 0.00172619 0.102696 0.0279794 0.00251899 0.0990367 0.0267048 0.00380639 0.0956644 0.0249895 0.00553902 0.0927085 0.0228994 0.00765022 0.0902827 0.0205148 0.0100589 0.0884802 0.0179274 0.0126724 0.0873702 0.0152366 0.0153903 0.0869954 0.0125458 0.0181083 0.0873702 0.00995838 0.0207218 0.0884802 0.00757381 0.0231305 0.0902827 0.00548369 0.0252417 0.0927085 0.00376837 0.0269743 0.0956644 0.00249383 0.0282617 0.0990367 0.00170894 0.0290545 0.102696 0.00144388 0.0293222 0.106501 0.00170894 0.0290545 0.110307 0.00249383 0.0282617 0.113966 0.00376837 0.0269743 0.117338 0.00548369 0.0252417 0.120294 0.00757381 0.0231305 0.12272 0.00995838 0.0207218 0.124522 0.0125458 0.0181083 0.125632 0.0152366 0.0153903 0.126007 0.0256432 0.0208277 0.124359 0.0280584 0.018388 0.123323 0.0302843 0.0161397 0.121641 0.0322353 0.014169 0.119376 0.0338365 0.0125516 0.116617 0.0350262 0.0113499 0.113469 0.0357589 0.0106099 0.110053 0.0360063 0.0103599 0.106501 0.0357589 0.0106099 0.102949 0.0350262 0.0113499 0.0995334 0.0338365 0.0125516 0.0963855 0.0322353 0.014169 0.0936263 0.0302843 0.0161397 0.0913619 0.0280584 0.018388 0.0896793 0.0256432 0.0208277 0.0886432 0.0231314 0.0233648 0.0882933 0.0206196 0.0259019 0.0886432 0.0182044 0.0283415 0.0896793 0.0159785 0.0305898 0.0913619 0.0140275 0.0325606 0.0936263 0.0124263 0.0341778 0.0963855 0.0112365 0.0353796 0.0995334 0.0105039 0.0361197 0.102949 0.0102565 0.0363695 0.106501 0.0105039 0.0361197 0.110053 0.0112365 0.0353796 0.113469 0.0124263 0.0341778 0.116617 0.0140275 0.0325606 0.119376 0.0159785 0.0305898 0.121641 0.0182044 0.0283415 0.123323 0.0206196 0.0259019 0.124359 0.0231314 0.0233648 0.124709 0.0329479 0.028691 0.122653 0.0351323 0.0264846 0.121716 0.0371456 0.0244511 0.120194 0.0389101 0.0226687 0.118146 0.0403582 0.0212059 0.11565 0.0414344 0.020119 0.112803 0.042097 0.0194497 0.109714 0.0423208 0.0192237 0.106501 0.042097 0.0194497 0.103289 0.0414344 0.020119 0.100199 0.0403582 0.0212059 0.0973522 0.0389101 0.0226687 0.0948567 0.0371456 0.0244511 0.0928087 0.0351323 0.0264846 0.0912869 0.0329479 0.028691 0.0903498 0.0306762 0.0309857 0.0900334 0.0284044 0.0332803 0.0903498 0.02622 0.0354868 0.0912869 0.0242069 0.0375203 0.0928087 0.0224422 0.0393027 0.0948567 0.0209941 0.0407655 0.0973522 0.0199181 0.0418524 0.100199 0.0192554 0.0425217 0.103289 0.0190317 0.0427477 0.106501 0.0192554 0.0425217 0.109714 0.0199181 0.0418524 0.112803 0.0209941 0.0407655 0.11565 0.0224422 0.0393027 0.118146 0.0242069 0.0375203 0.120194 0.02622 0.0354868 0.121716 0.0284044 0.0332803 0.122653 0.0306762 0.0309857 0.122969 0.0347298 0.0306307 0.122161 0.0368477 0.0284914 0.121252 0.0387995 0.0265199 0.119777 0.0405103 0.0247919 0.117791 0.0419144 0.0233736 0.115372 0.0429576 0.0223198 0.112611 0.0436001 0.0216709 0.109616 0.043817 0.0214518 0.106501 0.0436001 0.0216709 0.103386 0.0429576 0.0223198 0.100391 0.0419144 0.0233736 0.0976309 0.0405103 0.0247919 0.0952115 0.0387995 0.0265199 0.0932259 0.0368477 0.0284914 0.0917505 0.0347298 0.0306307 0.0908419 0.0325273 0.0328555 0.0905351 0.0303247 0.0350802 0.0908419 0.0282069 0.0372194 0.0917505 0.026255 0.0391909 0.0932259 0.0245442 0.0409191 0.0952115 0.0231402 0.0423372 0.0976309 0.0220969 0.043391 0.100391 0.0214545 0.04404 0.103386 0.0212375 0.0442591 0.106501 0.0214545 0.04404 0.109616 0.0220969 0.043391 0.112611 0.0231402 0.0423372 0.115372 0.0245442 0.0409191 0.117791 0.026255 0.0391909 0.119777 0.0282069 0.0372194 0.121252 0.0303247 0.0350802 0.122161 0.0325273 0.0328555 0.122467 -0.0872716 -0.035151 0.0906495 -0.0894031 -0.0328555 0.0897962 -0.0912079 -0.0305599 0.0883768 -0.0849005 -0.0373525 0.0909017 -0.0926119 -0.0283583 0.0864495 -0.0823869 -0.03937 0.0905426 -0.0935577 -0.0263409 0.0840931 -0.0798337 -0.0411207 0.0895869 -0.0940066 -0.0245902 0.0814041 -0.0773454 -0.0425331 0.0880736 -0.0939402 -0.0231778 0.0784927 -0.075024 -0.0435493 0.0860648 -0.0933612 -0.0221616 0.0754778 -0.0729645 -0.0441276 0.0836427 -0.0922934 -0.0215833 0.0724831 -0.0712511 -0.0442445 0.0809064 -0.0911973 -0.0214518 0.0703242 -0.0907804 -0.0214664 0.0696311 -0.0888842 -0.0218158 0.0670387 -0.0866824 -0.0226172 0.0648118 -0.0842651 -0.0238377 0.0630417 -0.0767301 -0.0294416 0.0610863 -0.0744671 -0.0317017 0.0616419 -0.0724888 -0.0340091 0.0627841 -0.0817314 -0.0254274 0.0618008 -0.079185 -0.0273212 0.06114 -0.068802 -0.0418732 0.0719693 -0.0691263 -0.0430937 0.0749478 -0.0689943 -0.0402835 0.0691547 -0.069954 -0.0438951 0.077968 -0.0696952 -0.0383897 0.0666189 -0.0708762 -0.0362693 0.064466 -0.0846678 -0.0114736 0.0730404 -0.086375 -0.0116054 0.0762585 -0.0875799 -0.012258 0.0796376 -0.0882332 -0.0134047 0.0830394 -0.0883081 -0.0149983 0.0863246 -0.0878016 -0.0169738 0.0893588 -0.0867344 -0.0192502 0.0920177 -0.0851501 -0.0217344 0.0941924 -0.0831138 -0.0243246 0.095794 -0.0807086 -0.0269148 0.0967568 -0.0780331 -0.0293989 0.0970414 -0.0751968 -0.0316753 0.0966362 -0.0723159 -0.0336508 0.0955577 -0.0695082 -0.0352445 0.0938503 -0.0668888 -0.0363911 0.0915836 -0.0645649 -0.0370437 0.0888506 -0.0626316 -0.0371755 0.085763 -0.061168 -0.0367813 0.0824474 -0.0602341 -0.035877 0.0790395 -0.0598681 -0.0344999 0.0756787 -0.060085 -0.0327061 0.0725027 -0.0608759 -0.0305692 0.0696415 -0.0622085 -0.0281766 0.0672123 -0.0640282 -0.0256263 0.0653144 -0.0662605 -0.0230228 0.0640256 -0.0688138 -0.0204725 0.0633987 -0.0715839 -0.0180799 0.0634593 -0.0744573 -0.015943 0.0642049 -0.0773162 -0.0141492 0.065605 -0.0800437 -0.0127721 0.0676024 -0.0825282 -0.0118678 0.0701151 -0.0738864 -0.0185484 0.102328 -0.0709966 -0.0212316 0.102635 -0.0679332 -0.0236903 0.102198 -0.0648215 -0.025824 0.101033 -0.061789 -0.0275453 0.0991884 -0.0589598 -0.0287838 0.0967402 -0.0564497 -0.0294886 0.0937882 -0.0543614 -0.0296311 0.0904534 -0.0527807 -0.0292052 0.0868722 -0.0517719 -0.0282286 0.0831912 -0.0513766 -0.0267411 0.0795613 -0.051611 -0.0248037 0.0761309 -0.0524652 -0.0224956 0.0730405 -0.0539046 -0.0199113 0.0704167 -0.0558699 -0.0171568 0.0683668 -0.058281 -0.0143447 0.0669748 -0.061039 -0.0115901 0.0662976 -0.0640309 -0.0090059 0.066363 -0.0671344 -0.00669781 0.0671684 -0.0702224 -0.00476036 0.0686807 -0.0731684 -0.00327284 0.070838 -0.0758518 -0.00229616 0.073552 -0.0781628 -0.00187038 0.0767117 -0.0800068 -0.00201277 0.0801875 -0.0813082 -0.00271767 0.0838373 -0.0820138 -0.00395606 0.0875116 -0.0820947 -0.00567743 0.09106 -0.0815476 -0.0078111 0.0943372 -0.0803949 -0.0102699 0.097209 -0.0786838 -0.0129531 0.099558 -0.0764843 -0.0157507 0.101288 -0.066872 -0.0101337 0.107308 -0.06386 -0.0129304 0.107629 -0.060667 -0.0154931 0.107172 -0.0574237 -0.017717 0.105958 -0.054263 -0.0195111 0.104036 -0.0513141 -0.020802 0.101484 -0.0486979 -0.0215366 0.0984076 -0.0465214 -0.0216851 0.0949317 -0.0448737 -0.0212412 0.0911991 -0.0438224 -0.0202233 0.0873625 -0.0434104 -0.0186729 0.083579 -0.0436546 -0.0166535 0.0800036 -0.044545 -0.0142478 0.0767825 -0.0460452 -0.0115543 0.0740477 -0.0480937 -0.00868325 0.0719112 -0.0506067 -0.00575221 0.0704603 -0.0534813 -0.00288119 0.0697545 -0.0565997 -0.000187713 0.0698227 -0.0598345 0.00221795 0.0706621 -0.063053 0.00423735 0.0722383 -0.0661236 0.00578773 0.0744869 -0.0689205 0.00680571 0.0773157 -0.0713292 0.00724955 0.0806089 -0.0732512 0.00710108 0.0842318 -0.0746076 0.00636644 0.0880358 -0.0753431 0.00507561 0.0918655 -0.0754274 0.00328151 0.095564 -0.0748572 0.00105753 0.0989797 -0.0736558 -0.00150511 0.101973 -0.0718722 -0.00430171 0.104421 -0.0695797 -0.0072177 0.106224 -0.0596628 -0.00166514 0.11171 -0.0566194 -0.00449094 0.112034 -0.053393 -0.00708043 0.111573 -0.0501159 -0.00932764 0.110346 -0.0469221 -0.0111405 0.108404 -0.0439424 -0.0124447 0.105825 -0.0412989 -0.0131871 0.102717 -0.0390996 -0.0133371 0.0992043 -0.0374348 -0.0128886 0.0954327 -0.0363724 -0.0118601 0.091556 -0.0359561 -0.0102934 0.087733 -0.0362029 -0.00825295 0.0841203 -0.0371026 -0.00582217 0.0808656 -0.0386184 -0.00310052 0.0781022 -0.0406883 -0.000199547 0.0759433 -0.0432276 0.00276204 0.0744773 -0.0461322 0.0056631 0.0737641 -0.0492833 0.00838469 0.0738331 -0.0525518 0.0108155 0.0746813 -0.0558039 0.012856 0.0762739 -0.0589065 0.0144226 0.078546 -0.0617327 0.0154511 0.0814043 -0.0641665 0.0158996 0.0847319 -0.0661085 0.0157496 0.0883926 -0.0674791 0.0150073 0.0922364 -0.0682223 0.013703 0.0961061 -0.0683075 0.0118902 0.0998431 -0.0677313 0.00964301 0.103295 -0.0665173 0.00705352 0.106319 -0.0647152 0.00422772 0.108793 -0.0623987 0.00128126 0.110615 -0.0522527 0.00686615 0.115544 -0.0492676 0.00409448 0.115862 -0.046103 0.0015546 0.11541 -0.0428887 -0.000649458 0.114206 -0.0397561 -0.00242753 0.112301 -0.0368335 -0.00370681 0.109772 -0.0342406 -0.00443495 0.106723 -0.0320835 -0.00458209 0.103278 -0.0304506 -0.00414222 0.0995787 -0.0294086 -0.00313334 0.0957763 -0.0290003 -0.00159674 0.0920265 -0.0292423 0.000404619 0.088483 -0.0301248 0.00278883 0.0852907 -0.0316116 0.00545828 0.0825802 -0.0336418 0.00830371 0.0804627 -0.0361324 0.0112086 0.0790248 -0.0389814 0.014054 0.0783253 -0.042072 0.0167235 0.0783929 -0.0452779 0.0191077 0.0792248 -0.0484677 0.0211091 0.080787 -0.0515109 0.0226457 0.0830155 -0.0542829 0.0236546 0.0858191 -0.0566701 0.0240945 0.0890829 -0.0585749 0.0239473 0.0926734 -0.0599193 0.0232192 0.0964437 -0.0606482 0.0219399 0.100239 -0.0607318 0.0201618 0.103905 -0.0601667 0.0179577 0.10729 -0.0589759 0.0154178 0.110257 -0.0572083 0.0126462 0.112683 -0.0549362 0.0097562 0.11447 -0.0446405 0.0154631 0.118816 -0.0418028 0.0128283 0.119118 -0.0387946 0.0104138 0.118688 -0.0357389 0.00831858 0.117544 -0.0327611 0.00662834 0.115733 -0.0299829 0.00541222 0.113329 -0.027518 0.00472002 0.110431 -0.0254674 0.00458016 0.107156 -0.0239152 0.00499836 0.103639 -0.0229246 0.00595739 0.100025 -0.0225365 0.00741807 0.0964601 -0.0227666 0.0093206 0.0930916 -0.0236054 0.0115871 0.0900569 -0.0250188 0.0141247 0.0874804 -0.0269488 0.0168296 0.0854674 -0.0293163 0.019591 0.0841005 -0.0320246 0.0222959 0.0834356 -0.0349626 0.0248336 0.0834998 -0.0380101 0.0271001 0.0842907 -0.0410425 0.0290026 0.0857757 -0.0439353 0.0304633 0.0878941 -0.0465704 0.0314223 0.0905592 -0.0488397 0.0318405 0.0936619 -0.0506505 0.0317006 0.0970751 -0.0519284 0.0310084 0.100659 -0.0526213 0.0297923 0.104267 -0.0527008 0.0281021 0.107751 -0.0521636 0.0260068 0.11097 -0.0510316 0.0235924 0.11379 -0.0493513 0.0209576 0.116096 -0.0471915 0.0182103 0.117795 -0.0368244 0.0241284 0.121531 -0.0342227 0.0217128 0.121808 -0.0314648 0.0194993 0.121414 -0.0286633 0.0175783 0.120365 -0.0259332 0.0160286 0.118705 -0.0233861 0.0149137 0.1165 -0.0211263 0.0142791 0.113843 -0.0192463 0.0141509 0.110841 -0.0178231 0.0145343 0.107616 -0.016915 0.0154135 0.104303 -0.0165591 0.0167527 0.101035 -0.0167701 0.0184969 0.0979463 -0.0175392 0.0205749 0.095164 -0.018835 0.0229014 0.0928019 -0.0206044 0.0253813 0.0909564 -0.022775 0.027913 0.0897032 -0.025258 0.0303929 0.0890935 -0.0279516 0.0327194 0.0891525 -0.0307456 0.0347974 0.0898775 -0.0335257 0.0365416 0.091239 -0.0361779 0.0378808 0.0931812 -0.0385937 0.03876 0.0956246 -0.0406743 0.0391434 0.0984692 -0.0423344 0.0390152 0.101598 -0.0435061 0.0383806 0.104884 -0.0441413 0.0372657 0.108192 -0.0442142 0.035716 0.111387 -0.0437216 0.033795 0.114337 -0.0426839 0.0315815 0.116923 -0.0411433 0.0291659 0.119037 -0.0391632 0.0266472 0.120595 -0.0359545 0.0441276 0.10501 -0.0348583 0.0442591 0.102852 -0.0344415 0.0442445 0.102158 -0.0325452 0.0438951 0.099566 -0.0303435 0.0430937 0.097339 -0.0279262 0.0418732 0.0955689 -0.0253925 0.0402835 0.0943281 -0.0228461 0.0383897 0.0936673 -0.0203911 0.0362693 0.0936136 -0.0181282 0.0340091 0.0941692 -0.0161499 0.0317018 0.0953114 -0.0145373 0.0294416 0.0969933 -0.0133562 0.0273212 0.0991462 -0.0126553 0.0254274 0.101682 -0.0124631 0.0238377 0.104497 -0.0127874 0.0226172 0.107475 -0.0136151 0.0218158 0.110495 -0.0149121 0.0214664 0.113434 -0.0166255 0.0215833 0.11617 -0.0186851 0.0221616 0.118592 -0.0210065 0.0231778 0.120601 -0.0234948 0.0245902 0.122114 -0.0260479 0.0263409 0.12307 -0.0285615 0.0283583 0.123429 -0.0309327 0.0305599 0.123177 -0.0330642 0.0328555 0.122323 -0.0348689 0.035151 0.120904 -0.0362729 0.0373525 0.118977 -0.0372188 0.03937 0.11662 -0.0376677 0.0411208 0.113931 -0.0376013 0.0425331 0.11102 -0.0370223 0.0435493 0.108005 -0.120904 -0.035151 0.0348689 -0.122323 -0.0328555 0.0330642 -0.123177 -0.0305599 0.0309327 -0.118977 -0.0373525 0.0362729 -0.123429 -0.0283583 0.0285615 -0.11662 -0.03937 0.0372188 -0.12307 -0.0263409 0.0260479 -0.113931 -0.0411207 0.0376677 -0.122114 -0.0245902 0.0234948 -0.11102 -0.0425331 0.0376013 -0.120601 -0.0231778 0.0210065 -0.108005 -0.0435493 0.0370223 -0.118592 -0.0221616 0.0186851 -0.10501 -0.0441276 0.0359545 -0.11617 -0.0215833 0.0166255 -0.102158 -0.0442445 0.0344415 -0.114141 -0.0214518 0.0153039 -0.113434 -0.0214664 0.0149121 -0.110495 -0.0218158 0.0136151 -0.107475 -0.0226172 0.0127874 -0.104497 -0.0238377 0.0124631 -0.0991462 -0.0273212 0.0133562 -0.0955689 -0.0418732 0.0279262 -0.097339 -0.0430937 0.0303435 -0.101682 -0.0254274 0.0126553 -0.099566 -0.0438951 0.0325452 -0.0936136 -0.0362693 0.0203911 -0.0936673 -0.0383897 0.0228461 -0.0941692 -0.0340091 0.0181282 -0.0953114 -0.0317017 0.0161499 -0.0969933 -0.0294416 0.0145373 -0.0943281 -0.0402835 0.0253925 -0.109845 -0.0114736 0.0209209 -0.112932 -0.0116054 0.0228543 -0.115665 -0.012258 0.0251782 -0.117932 -0.0134047 0.0277976 -0.119639 -0.0149983 0.0306053 -0.120718 -0.0169738 0.0334862 -0.121123 -0.0192502 0.0363224 -0.120838 -0.0217344 0.0389979 -0.119876 -0.0243246 0.0414031 -0.118274 -0.0269148 0.0434395 -0.116099 -0.0293989 0.0450237 -0.11344 -0.0316753 0.046091 -0.110406 -0.0336508 0.0465975 -0.107121 -0.0352445 0.0465226 -0.103719 -0.0363911 0.0458693 -0.10034 -0.0370437 0.0446644 -0.097122 -0.0371755 0.0429572 -0.0941968 -0.0367813 0.0408176 -0.091684 -0.035877 0.0383332 -0.0896867 -0.0344999 0.0356056 -0.0882865 -0.0327061 0.0327466 -0.0875409 -0.0305692 0.0298733 -0.0874803 -0.0281766 0.0271033 -0.0881073 -0.0256263 0.0245498 -0.089396 -0.0230228 0.0223176 -0.0912939 -0.0204725 0.0204979 -0.0937231 -0.0180799 0.0191654 -0.0965844 -0.015943 0.0183744 -0.0997603 -0.0141492 0.0181575 -0.103121 -0.0127721 0.0185235 -0.106529 -0.0118678 0.0194574 -0.115151 -0.0185484 0.0516752 -0.112802 -0.0212316 0.0533863 -0.109931 -0.0236903 0.054539 -0.106653 -0.025824 0.0550861 -0.103105 -0.0275453 0.0550052 -0.0994307 -0.0287838 0.0542996 -0.095781 -0.0294886 0.0529981 -0.0923051 -0.0296311 0.0511542 -0.0891455 -0.0292052 0.0488432 -0.0864315 -0.0282286 0.0461597 -0.0842741 -0.0267411 0.0432138 -0.0827618 -0.0248037 0.0401258 -0.0819565 -0.0224956 0.0370223 -0.0818911 -0.0199113 0.0340304 -0.0825682 -0.0171568 0.0312724 -0.0839602 -0.0143447 0.0288613 -0.0860101 -0.0115901 0.026896 -0.088634 -0.0090059 0.0254566 -0.0917243 -0.00669781 0.0246023 -0.0951547 -0.00476036 0.024368 -0.0987847 -0.00327284 0.0247633 -0.102466 -0.00229616 0.025772 -0.106047 -0.00187038 0.0273528 -0.109382 -0.00201277 0.029441 -0.112334 -0.00271767 0.0319511 -0.114782 -0.00395606 0.0347804 -0.116626 -0.00567743 0.0378129 -0.117791 -0.0078111 0.0409246 -0.118229 -0.0102699 0.043988 -0.117921 -0.0129531 0.0468778 -0.116881 -0.0157507 0.0494757 -0.111567 -0.0101337 0.0594955 -0.109119 -0.0129304 0.0612791 -0.106125 -0.0154931 0.0624805 -0.10271 -0.017717 0.0630508 -0.0990112 -0.0195111 0.0629664 -0.0951815 -0.020802 0.062231 -0.0913774 -0.0215366 0.0608745 -0.0877546 -0.0216851 0.0589526 -0.0844614 -0.0212412 0.0565438 -0.0816326 -0.0202233 0.053747 -0.079384 -0.0186729 0.0506763 -0.0778077 -0.0166535 0.0474578 -0.0769684 -0.0142478 0.0442231 -0.0769001 -0.0115543 0.0411046 -0.0776059 -0.00868325 0.03823 -0.0790568 -0.00575221 0.035717 -0.0811934 -0.00288119 0.0336685 -0.0839282 -0.000187713 0.0321684 -0.0871493 0.00221795 0.0312779 -0.0907247 0.00423735 0.0310337 -0.0945081 0.00578773 0.0314458 -0.0983448 0.00680571 0.0324971 -0.102077 0.00724955 0.0341447 -0.105553 0.00710108 0.0363212 -0.10863 0.00636644 0.0389375 -0.111182 0.00507561 0.0418863 -0.113104 0.00328151 0.0450471 -0.114318 0.00105753 0.0482904 -0.114774 -0.00150511 0.0514834 -0.114454 -0.00430171 0.0544954 -0.11337 -0.0072177 0.0572031 -0.107524 -0.00166514 0.0669122 -0.105051 -0.00449094 0.0687144 -0.102026 -0.00708043 0.0699284 -0.0985747 -0.00932764 0.0705046 -0.0948376 -0.0111405 0.0704194 -0.090968 -0.0124447 0.0696763 -0.0871241 -0.0131871 0.0683056 -0.0834635 -0.0133371 0.0663636 -0.0801358 -0.0128886 0.0639297 -0.0772775 -0.0118601 0.0611036 -0.0750055 -0.0102934 0.0580009 -0.0734127 -0.00825295 0.0547488 -0.0725646 -0.00582217 0.0514803 -0.0724957 -0.00310052 0.0483293 -0.0732088 -0.000199547 0.0454246 -0.0746748 0.00276204 0.0428854 -0.0768337 0.0056631 0.0408155 -0.0795971 0.00838469 0.0392997 -0.0828518 0.0108155 0.0384 -0.0864646 0.012856 0.0381532 -0.0902876 0.0144226 0.0385695 -0.0941642 0.0154511 0.0396318 -0.0979358 0.0158996 0.0412967 -0.101448 0.0157496 0.0434959 -0.104557 0.0150073 0.0461395 -0.107135 0.013703 0.0491192 -0.109078 0.0118902 0.0523129 -0.110304 0.00964301 0.0555901 -0.110765 0.00705352 0.0588164 -0.110442 0.00422772 0.0618599 -0.109346 0.00128126 0.0645958 -0.103024 0.00686615 0.0739377 -0.100598 0.00409448 0.0757053 -0.0976312 0.0015546 0.0768961 -0.0942459 -0.000649458 0.0774612 -0.0905804 -0.00242753 0.0773776 -0.0867849 -0.00370681 0.0766488 -0.0830147 -0.00443495 0.0753044 -0.0794242 -0.00458209 0.0733996 -0.0761603 -0.00414222 0.0710123 -0.0733568 -0.00313334 0.0682404 -0.0711282 -0.00159674 0.0651972 -0.069566 0.000404619 0.0620074 -0.0687341 0.00278883 0.0588014 -0.0686666 0.00545828 0.0557108 -0.069366 0.00830371 0.0528618 -0.070804 0.0112086 0.0503712 -0.0729215 0.014054 0.048341 -0.0756319 0.0167235 0.0468542 -0.0788243 0.0191077 0.0459718 -0.0823678 0.0211091 0.0457297 -0.0861176 0.0226457 0.0461381 -0.0899199 0.0236546 0.04718 -0.0936192 0.0240945 0.048813 -0.0970641 0.0239473 0.0509701 -0.100113 0.0232192 0.053563 -0.102642 0.0219399 0.0564855 -0.104548 0.0201618 0.0596181 -0.105751 0.0179577 0.0628325 -0.106203 0.0154178 0.065997 -0.105885 0.0126462 0.0689822 -0.104811 0.0097562 0.0716657 -0.0980678 0.0154631 0.0805775 -0.0957613 0.0128283 0.0822578 -0.0929412 0.0104138 0.0833898 -0.0897231 0.00831858 0.083927 -0.0862386 0.00662834 0.0838476 -0.0826306 0.00541222 0.0831546 -0.0790466 0.00472002 0.0818767 -0.0756334 0.00458016 0.080066 -0.0725308 0.00499836 0.0777966 -0.0698656 0.00595739 0.0751616 -0.0677472 0.00741807 0.0722687 -0.0662622 0.0093206 0.0692364 -0.0654713 0.0115871 0.0661888 -0.0654071 0.0141247 0.0632508 -0.0660721 0.0168296 0.0605426 -0.067439 0.019591 0.058175 -0.0694519 0.0222959 0.056245 -0.0720284 0.0248336 0.0548316 -0.0750631 0.0271001 0.0539927 -0.0784316 0.0290026 0.0537626 -0.0819962 0.0304633 0.0541509 -0.0856107 0.0314223 0.0551414 -0.0891274 0.0318405 0.0566937 -0.0924021 0.0317006 0.0587442 -0.0953009 0.0310084 0.0612091 -0.097705 0.0297923 0.0639873 -0.099516 0.0281021 0.0669652 -0.10066 0.0260068 0.0700207 -0.10109 0.0235924 0.073029 -0.100788 0.0209576 0.0758667 -0.0997665 0.0182103 0.0784177 -0.0926563 0.0241284 0.0868366 -0.0905416 0.0217128 0.0883771 -0.0879561 0.0194993 0.0894149 -0.0850057 0.0175783 0.0899074 -0.0818111 0.0160286 0.0898346 -0.0785032 0.0149137 0.0891993 -0.0752174 0.0142791 0.0880277 -0.0720881 0.0141509 0.0863676 -0.0692436 0.0145343 0.084287 -0.0668002 0.0154135 0.0818712 -0.0648579 0.0167527 0.079219 -0.0634965 0.0184969 0.0764389 -0.0627715 0.0205749 0.0736449 -0.0627125 0.0229014 0.0709513 -0.0633222 0.0253813 0.0684683 -0.0645754 0.027913 0.0662977 -0.0664209 0.0303929 0.0645283 -0.068783 0.0327194 0.0632324 -0.0715653 0.0347974 0.0624634 -0.0746536 0.0365416 0.0622524 -0.0779216 0.0378808 0.0626083 -0.0812355 0.03876 0.0635164 -0.0844596 0.0391434 0.0649396 -0.0874619 0.0390152 0.0668196 -0.0901195 0.0383806 0.0690794 -0.0923236 0.0372657 0.0716265 -0.0939839 0.035716 0.0743567 -0.0950326 0.033795 0.077158 -0.0954266 0.0315815 0.079916 -0.0951498 0.0291659 0.0825176 -0.0942136 0.0266472 0.0848564 -0.0836427 0.0441276 0.0729645 -0.081614 0.0442591 0.0716429 -0.0809064 0.0442445 0.0712511 -0.077968 0.0438951 0.069954 -0.0749478 0.0430937 0.0691263 -0.0719693 0.0418732 0.068802 -0.0691547 0.0402835 0.0689943 -0.0666189 0.0383897 0.0696952 -0.064466 0.0362693 0.0708762 -0.0627841 0.0340091 0.0724888 -0.0616419 0.0317018 0.0744671 -0.0610863 0.0294416 0.0767301 -0.06114 0.0273212 0.079185 -0.0618008 0.0254274 0.0817314 -0.0630417 0.0238377 0.0842651 -0.0648118 0.0226172 0.0866824 -0.0670387 0.0218158 0.0888842 -0.0696311 0.0214664 0.0907804 -0.0724831 0.0215833 0.0922934 -0.0754778 0.0221616 0.0933612 -0.0784927 0.0231778 0.0939402 -0.0814041 0.0245902 0.0940066 -0.0840931 0.0263409 0.0935577 -0.0864495 0.0283583 0.0926119 -0.0883768 0.0305599 0.0912079 -0.0897962 0.0328555 0.0894031 -0.0906495 0.035151 0.0872716 -0.0909017 0.0373525 0.0849005 -0.0905426 0.03937 0.0823869 -0.0895869 0.0411208 0.0798337 -0.0880736 0.0425331 0.0773454 -0.0860648 0.0435493 0.075024 -0.0917505 -0.0284914 -0.0368477 -0.121252 -0.0372194 -0.0282069 -0.122161 -0.0350802 -0.0303247 -0.0908419 -0.0306307 -0.0347298 -0.0905351 -0.0328555 -0.0325273 -0.0908419 -0.0350802 -0.0303247 -0.103386 -0.0216709 -0.0436001 -0.100391 -0.0223198 -0.0429576 -0.122161 -0.0306307 -0.0347298 -0.0976309 -0.0233736 -0.0419144 -0.0952115 -0.0247919 -0.0405103 -0.0917505 -0.0372194 -0.0282069 -0.0932259 -0.0391909 -0.026255 -0.0952115 -0.0409191 -0.0245442 -0.109616 -0.0216709 -0.0436001 -0.119777 -0.0265199 -0.0387995 -0.112611 -0.0223198 -0.0429576 -0.117791 -0.0247919 -0.0405103 -0.115372 -0.0233736 -0.0419144 -0.122467 -0.0328555 -0.0325273 -0.0932259 -0.0265199 -0.0387995 -0.0976309 -0.0423372 -0.0231402 -0.100391 -0.043391 -0.0220969 -0.119777 -0.0391909 -0.026255 -0.106501 -0.0442591 -0.0212375 -0.109616 -0.04404 -0.0214545 -0.112611 -0.043391 -0.0220969 -0.103386 -0.04404 -0.0214545 -0.115372 -0.0423372 -0.0231402 -0.117791 -0.0409191 -0.0245442 -0.121252 -0.0284914 -0.0368477 -0.106501 -0.0214518 -0.043817 -0.124075 -0.0272954 -0.0220792 -0.123055 -0.0296961 -0.0197025 -0.121399 -0.0319087 -0.017512 -0.119171 -0.033848 -0.0155921 -0.116456 -0.0354395 -0.0140164 -0.113358 -0.0366222 -0.0128457 -0.109997 -0.0373504 -0.0121247 -0.106501 -0.0375963 -0.0118812 -0.103006 -0.0373504 -0.0121247 -0.0996444 -0.0366222 -0.0128457 -0.0965466 -0.0354395 -0.0140164 -0.0938314 -0.033848 -0.0155921 -0.0916031 -0.0319087 -0.017512 -0.0899473 -0.0296961 -0.0197025 -0.0889277 -0.0272954 -0.0220792 -0.0885834 -0.0247987 -0.024551 -0.0889277 -0.022302 -0.0270227 -0.0899473 -0.0199013 -0.0293995 -0.0916031 -0.0176887 -0.0315899 -0.0938314 -0.0157494 -0.0335099 -0.0965466 -0.0141578 -0.0350856 -0.0996444 -0.0129753 -0.0362564 -0.103006 -0.012247 -0.0369774 -0.106501 -0.0120011 -0.0372208 -0.109997 -0.012247 -0.0369774 -0.113358 -0.0129753 -0.0362564 -0.116456 -0.0141578 -0.0350856 -0.119171 -0.0157494 -0.0335099 -0.121399 -0.0176887 -0.0315899 -0.123055 -0.0199013 -0.0293995 -0.124075 -0.022302 -0.0270227 -0.124419 -0.0247987 -0.024551 -0.125459 -0.0193958 -0.0138693 -0.124359 -0.0219857 -0.0113053 -0.122573 -0.0243725 -0.00894235 -0.120169 -0.0264645 -0.00687118 -0.11724 -0.0281814 -0.00517142 -0.113898 -0.0294572 -0.00390844 -0.110272 -0.0302428 -0.00313065 -0.106501 -0.0305081 -0.00286803 -0.10273 -0.0302428 -0.00313065 -0.0991043 -0.0294572 -0.00390844 -0.0957626 -0.0281814 -0.00517142 -0.0928335 -0.0264645 -0.00687118 -0.0904298 -0.0243725 -0.00894235 -0.0886436 -0.0219857 -0.0113053 -0.0875436 -0.0193958 -0.0138693 -0.0871722 -0.0167025 -0.0165357 -0.0875436 -0.0140092 -0.0192021 -0.0886436 -0.0114193 -0.0217661 -0.0904298 -0.00903257 -0.024129 -0.0928335 -0.00694051 -0.0262002 -0.0957626 -0.00522359 -0.0278999 -0.0991043 -0.00394787 -0.029163 -0.10273 -0.00316224 -0.0299407 -0.106501 -0.00289697 -0.0302033 -0.110272 -0.00316224 -0.0299407 -0.113898 -0.00394787 -0.029163 -0.11724 -0.00522359 -0.0278999 -0.120169 -0.00694051 -0.0262002 -0.122573 -0.00903257 -0.024129 -0.124359 -0.0114193 -0.0217661 -0.125459 -0.0140092 -0.0192021 -0.12583 -0.0167025 -0.0165357 -0.1263 -0.0114532 -0.00576926 -0.125151 -0.014158 -0.00309155 -0.123286 -0.0166507 -0.000623734 -0.120775 -0.0188356 0.00153931 -0.117716 -0.0206287 0.00331447 -0.114226 -0.0219611 0.0046336 -0.11044 -0.0227816 0.00544584 -0.106501 -0.0230586 0.00572015 -0.102563 -0.0227816 0.00544584 -0.0987761 -0.0219611 0.0046336 -0.095286 -0.0206287 0.00331447 -0.092227 -0.0188356 0.00153931 -0.0897165 -0.0166507 -0.000623734 -0.087851 -0.014158 -0.00309155 -0.0867023 -0.0114532 -0.00576926 -0.0863144 -0.00864038 -0.00855408 -0.0867023 -0.00582747 -0.0113388 -0.087851 -0.00312274 -0.0140166 -0.0897165 -0.000630026 -0.0164844 -0.092227 0.00155484 -0.0186475 -0.095286 0.00334791 -0.0204227 -0.0987761 0.00468035 -0.0217418 -0.102563 0.00550079 -0.0225541 -0.106501 0.00577786 -0.0228283 -0.11044 0.00550079 -0.0225541 -0.114226 0.00468035 -0.0217418 -0.117716 0.00334791 -0.0204227 -0.120775 0.00155484 -0.0186475 -0.123286 -0.000630026 -0.0164844 -0.125151 -0.00312274 -0.0140166 -0.1263 -0.00582747 -0.0113388 -0.126688 -0.00864038 -0.00855408 -0.126606 -0.0034658 0.00222435 -0.125439 -0.00621231 0.00494349 -0.123545 -0.00874358 0.00744942 -0.120996 -0.0109622 0.00964593 -0.11789 -0.012783 0.0114485 -0.114346 -0.014136 0.012788 -0.1105 -0.0149691 0.0136128 -0.106501 -0.0152505 0.0138913 -0.102502 -0.0149691 0.0136128 -0.0986567 -0.014136 0.012788 -0.0951128 -0.012783 0.0114485 -0.0920065 -0.0109622 0.00964593 -0.0894572 -0.00874358 0.00744942 -0.0875629 -0.00621231 0.00494349 -0.0863965 -0.0034658 0.00222435 -0.0860025 -0.000609484 -0.000603396 -0.0863965 0.00224679 -0.00343118 -0.0875629 0.00499336 -0.00615026 -0.0894572 0.00752457 -0.00865625 -0.0920065 0.00974325 -0.0108527 -0.0951128 0.011564 -0.0126553 -0.0986567 0.012917 -0.0139948 -0.102502 0.0137502 -0.0148196 -0.106501 0.0140315 -0.0150981 -0.1105 0.0137502 -0.0148196 -0.114346 0.012917 -0.0139948 -0.11789 0.011564 -0.0126553 -0.120996 0.00974325 -0.0108527 -0.123545 0.00752457 -0.00865625 -0.125439 0.00499336 -0.00615026 -0.126606 0.00224679 -0.00343118 -0.127 -0.000609484 -0.000603396 -0.126382 0.00457547 0.0101223 -0.125229 0.00185948 0.0128112 -0.123355 -0.000643516 0.0152892 -0.120835 -0.00283742 0.0174613 -0.117763 -0.00463796 0.0192438 -0.114258 -0.00597582 0.0205683 -0.110456 -0.00679975 0.021384 -0.106501 -0.0070779 0.0216594 -0.102547 -0.00679975 0.021384 -0.0987441 -0.00597582 0.0205683 -0.0952396 -0.00463796 0.0192438 -0.0921679 -0.00283742 0.0174613 -0.089647 -0.000643516 0.0152892 -0.0877739 0.00185948 0.0128112 -0.0866203 0.00457547 0.0101223 -0.0862309 0.00739995 0.00732603 -0.0866203 0.0102245 0.00452977 -0.0877739 0.0129404 0.00184091 -0.089647 0.0154435 -0.000637088 -0.0921679 0.0176374 -0.00280908 -0.0952396 0.0194379 -0.00459164 -0.0987441 0.0207758 -0.00591613 -0.102547 0.0215997 -0.00673183 -0.106501 0.0218779 -0.0070072 -0.110456 0.0215997 -0.00673183 -0.114258 0.0207758 -0.00591613 -0.117763 0.0194379 -0.00459164 -0.120835 0.0176374 -0.00280908 -0.123355 0.0154435 -0.000637088 -0.125229 0.0129404 0.00184091 -0.126382 0.0102245 0.00452977 -0.126772 0.00739995 0.00732603 -0.125632 0.0126724 0.0179274 -0.124522 0.0100589 0.0205148 -0.12272 0.00765022 0.0228994 -0.120294 0.00553902 0.0249895 -0.117338 0.00380639 0.0267048 -0.113966 0.00251899 0.0279794 -0.110307 0.00172619 0.0287643 -0.106501 0.00145845 0.0290294 -0.102696 0.00172619 0.0287643 -0.0990367 0.00251899 0.0279794 -0.0956644 0.00380639 0.0267048 -0.0927085 0.00553902 0.0249895 -0.0902827 0.00765022 0.0228994 -0.0884802 0.0100589 0.0205148 -0.0873702 0.0126724 0.0179274 -0.0869954 0.0153903 0.0152366 -0.0873702 0.0181083 0.0125458 -0.0884802 0.0207218 0.00995838 -0.0902827 0.0231305 0.00757381 -0.0927085 0.0252417 0.00548369 -0.0956644 0.0269743 0.00376837 -0.0990367 0.0282617 0.00249383 -0.102696 0.0290545 0.00170894 -0.106501 0.0293222 0.00144388 -0.110307 0.0290545 0.00170894 -0.113966 0.0282617 0.00249383 -0.117338 0.0269743 0.00376837 -0.120294 0.0252417 0.00548369 -0.12272 0.0231305 0.00757381 -0.124522 0.0207218 0.00995838 -0.125632 0.0181083 0.0125458 -0.126007 0.0153903 0.0152366 -0.124359 0.0208277 0.0256432 -0.123323 0.018388 0.0280584 -0.121641 0.0161397 0.0302843 -0.119376 0.014169 0.0322353 -0.116617 0.0125516 0.0338365 -0.113469 0.0113499 0.0350262 -0.110053 0.0106099 0.0357589 -0.106501 0.0103599 0.0360063 -0.102949 0.0106099 0.0357589 -0.0995334 0.0113499 0.0350262 -0.0963855 0.0125516 0.0338365 -0.0936263 0.014169 0.0322353 -0.0913619 0.0161397 0.0302843 -0.0896793 0.018388 0.0280584 -0.0886432 0.0208277 0.0256432 -0.0882933 0.0233648 0.0231314 -0.0886432 0.0259019 0.0206196 -0.0896793 0.0283415 0.0182044 -0.0913619 0.0305898 0.0159785 -0.0936263 0.0325606 0.0140275 -0.0963855 0.0341778 0.0124263 -0.0995334 0.0353796 0.0112365 -0.102949 0.0361197 0.0105039 -0.106501 0.0363695 0.0102565 -0.110053 0.0361197 0.0105039 -0.113469 0.0353796 0.0112365 -0.116617 0.0341778 0.0124263 -0.119376 0.0325606 0.0140275 -0.121641 0.0305898 0.0159785 -0.123323 0.0283415 0.0182044 -0.124359 0.0259019 0.0206196 -0.124709 0.0233648 0.0231314 -0.122653 0.028691 0.0329479 -0.121716 0.0264846 0.0351323 -0.120194 0.0244511 0.0371456 -0.118146 0.0226687 0.0389101 -0.11565 0.0212059 0.0403582 -0.112803 0.020119 0.0414344 -0.109714 0.0194497 0.042097 -0.106501 0.0192237 0.0423208 -0.103289 0.0194497 0.042097 -0.100199 0.020119 0.0414344 -0.0973522 0.0212059 0.0403582 -0.0948567 0.0226687 0.0389101 -0.0928087 0.0244511 0.0371456 -0.0912869 0.0264846 0.0351323 -0.0903498 0.028691 0.0329479 -0.0900334 0.0309857 0.0306762 -0.0903498 0.0332803 0.0284044 -0.0912869 0.0354868 0.02622 -0.0928087 0.0375203 0.0242069 -0.0948567 0.0393027 0.0224422 -0.0973522 0.0407655 0.0209941 -0.100199 0.0418524 0.0199181 -0.103289 0.0425217 0.0192554 -0.106501 0.0427477 0.0190317 -0.109714 0.0425217 0.0192554 -0.112803 0.0418524 0.0199181 -0.11565 0.0407655 0.0209941 -0.118146 0.0393027 0.0224422 -0.120194 0.0375203 0.0242069 -0.121716 0.0354868 0.02622 -0.122653 0.0332803 0.0284044 -0.122969 0.0309857 0.0306762 -0.122161 0.0306307 0.0347298 -0.121252 0.0284914 0.0368477 -0.119777 0.0265199 0.0387995 -0.117791 0.0247919 0.0405103 -0.115372 0.0233736 0.0419144 -0.112611 0.0223198 0.0429576 -0.109616 0.0216709 0.0436001 -0.106501 0.0214518 0.043817 -0.103386 0.0216709 0.0436001 -0.100391 0.0223198 0.0429576 -0.0976309 0.0233736 0.0419144 -0.0952115 0.0247919 0.0405103 -0.0932259 0.0265199 0.0387995 -0.0917505 0.0284914 0.0368477 -0.0908419 0.0306307 0.0347298 -0.0905351 0.0328555 0.0325273 -0.0908419 0.0350802 0.0303247 -0.0917505 0.0372194 0.0282069 -0.0932259 0.0391909 0.026255 -0.0952115 0.0409191 0.0245442 -0.0976309 0.0423372 0.0231402 -0.100391 0.043391 0.0220969 -0.103386 0.04404 0.0214545 -0.106501 0.0442591 0.0212375 -0.109616 0.04404 0.0214545 -0.112611 0.043391 0.0220969 -0.115372 0.0423372 0.0231402 -0.117791 0.0409191 0.0245442 -0.119777 0.0391909 0.026255 -0.121252 0.0372194 0.0282069 -0.122161 0.0350802 0.0303247 -0.122467 0.0328555 0.0325273 -0.0703242 -0.0214518 -0.0911973 -0.0809064 -0.0442445 -0.0712511 -0.0724831 -0.0215833 -0.0922934 -0.0836427 -0.0441276 -0.0729645 -0.0754778 -0.0221616 -0.0933612 -0.0860648 -0.0435493 -0.075024 -0.0784927 -0.0231778 -0.0939402 -0.0880736 -0.0425331 -0.0773454 -0.0814041 -0.0245902 -0.0940066 -0.0895869 -0.0411207 -0.0798337 -0.0840931 -0.0263409 -0.0935577 -0.0905426 -0.03937 -0.0823869 -0.0864495 -0.0283583 -0.0926119 -0.0909017 -0.0373525 -0.0849005 -0.0883768 -0.0305599 -0.0912079 -0.0906495 -0.035151 -0.0872716 -0.0897962 -0.0328555 -0.0894031 -0.0696311 -0.0214664 -0.0907804 -0.0670387 -0.0218158 -0.0888842 -0.0648118 -0.0226172 -0.0866824 -0.0630417 -0.0238377 -0.0842651 -0.0618008 -0.0254274 -0.0817314 -0.06114 -0.0273212 -0.079185 -0.0610863 -0.0294416 -0.0767301 -0.0616419 -0.0317017 -0.0744671 -0.0627841 -0.0340091 -0.0724888 -0.064466 -0.0362693 -0.0708762 -0.0666189 -0.0383897 -0.0696952 -0.0691547 -0.0402835 -0.0689943 -0.0719693 -0.0418732 -0.068802 -0.0749478 -0.0430937 -0.0691263 -0.077968 -0.0438951 -0.069954 -0.0730404 -0.0114736 -0.0846678 -0.0762585 -0.0116054 -0.086375 -0.0796376 -0.012258 -0.0875799 -0.0830394 -0.0134047 -0.0882332 -0.0863246 -0.0149983 -0.0883081 -0.0893588 -0.0169738 -0.0878016 -0.0920177 -0.0192502 -0.0867344 -0.0941924 -0.0217344 -0.0851501 -0.095794 -0.0243246 -0.0831138 -0.0967568 -0.0269148 -0.0807086 -0.0970414 -0.0293989 -0.0780331 -0.0966362 -0.0316753 -0.0751968 -0.0955577 -0.0336508 -0.0723159 -0.0938503 -0.0352445 -0.0695082 -0.0915836 -0.0363911 -0.0668888 -0.0888506 -0.0370437 -0.0645649 -0.085763 -0.0371755 -0.0626316 -0.0824474 -0.0367813 -0.061168 -0.0790395 -0.035877 -0.0602341 -0.0756787 -0.0344999 -0.0598681 -0.0725027 -0.0327061 -0.060085 -0.0696415 -0.0305692 -0.0608759 -0.0672123 -0.0281766 -0.0622085 -0.0653144 -0.0256263 -0.0640282 -0.0640256 -0.0230228 -0.0662605 -0.0633987 -0.0204725 -0.0688138 -0.0634593 -0.0180799 -0.0715839 -0.0642049 -0.015943 -0.0744573 -0.065605 -0.0141492 -0.0773162 -0.0676024 -0.0127721 -0.0800437 -0.0701151 -0.0118678 -0.0825282 -0.102328 -0.0185484 -0.0738864 -0.102635 -0.0212316 -0.0709966 -0.102198 -0.0236903 -0.0679332 -0.101033 -0.025824 -0.0648215 -0.0991884 -0.0275453 -0.061789 -0.0967402 -0.0287838 -0.0589598 -0.0937882 -0.0294886 -0.0564497 -0.0904534 -0.0296311 -0.0543614 -0.0868722 -0.0292052 -0.0527807 -0.0831912 -0.0282286 -0.0517719 -0.0795613 -0.0267411 -0.0513766 -0.0761309 -0.0248037 -0.051611 -0.0730405 -0.0224956 -0.0524652 -0.0704167 -0.0199113 -0.0539046 -0.0683668 -0.0171568 -0.0558699 -0.0669748 -0.0143447 -0.058281 -0.0662976 -0.0115901 -0.061039 -0.066363 -0.0090059 -0.0640309 -0.0671684 -0.00669781 -0.0671344 -0.0686807 -0.00476036 -0.0702224 -0.070838 -0.00327284 -0.0731684 -0.073552 -0.00229616 -0.0758518 -0.0767117 -0.00187038 -0.0781628 -0.0801875 -0.00201277 -0.0800068 -0.0838373 -0.00271767 -0.0813082 -0.0875116 -0.00395606 -0.0820138 -0.09106 -0.00567743 -0.0820947 -0.0943372 -0.0078111 -0.0815476 -0.097209 -0.0102699 -0.0803949 -0.099558 -0.0129531 -0.0786838 -0.101288 -0.0157507 -0.0764843 -0.107308 -0.0101337 -0.066872 -0.107629 -0.0129304 -0.06386 -0.107172 -0.0154931 -0.060667 -0.105958 -0.017717 -0.0574237 -0.104036 -0.0195111 -0.054263 -0.101484 -0.020802 -0.0513141 -0.0984076 -0.0215366 -0.0486979 -0.0949317 -0.0216851 -0.0465214 -0.0911991 -0.0212412 -0.0448737 -0.0873625 -0.0202233 -0.0438224 -0.083579 -0.0186729 -0.0434104 -0.0800036 -0.0166535 -0.0436546 -0.0767825 -0.0142478 -0.044545 -0.0740477 -0.0115543 -0.0460452 -0.0719112 -0.00868325 -0.0480937 -0.0704603 -0.00575221 -0.0506067 -0.0697545 -0.00288119 -0.0534813 -0.0698227 -0.000187713 -0.0565997 -0.0706621 0.00221795 -0.0598345 -0.0722383 0.00423735 -0.063053 -0.0744869 0.00578773 -0.0661236 -0.0773157 0.00680571 -0.0689205 -0.0806089 0.00724955 -0.0713292 -0.0842318 0.00710108 -0.0732512 -0.0880358 0.00636644 -0.0746076 -0.0918655 0.00507561 -0.0753431 -0.095564 0.00328151 -0.0754274 -0.0989797 0.00105753 -0.0748572 -0.101973 -0.00150511 -0.0736558 -0.104421 -0.00430171 -0.0718722 -0.106224 -0.0072177 -0.0695797 -0.11171 -0.00166514 -0.0596628 -0.112034 -0.00449094 -0.0566194 -0.111573 -0.00708043 -0.053393 -0.110346 -0.00932764 -0.0501159 -0.108404 -0.0111405 -0.0469221 -0.105825 -0.0124447 -0.0439424 -0.102717 -0.0131871 -0.0412989 -0.0992043 -0.0133371 -0.0390996 -0.0954327 -0.0128886 -0.0374348 -0.091556 -0.0118601 -0.0363724 -0.087733 -0.0102934 -0.0359561 -0.0841203 -0.00825295 -0.0362029 -0.0808656 -0.00582217 -0.0371026 -0.0781022 -0.00310052 -0.0386184 -0.0759433 -0.000199547 -0.0406883 -0.0744773 0.00276204 -0.0432276 -0.0737641 0.0056631 -0.0461322 -0.0738331 0.00838469 -0.0492833 -0.0746813 0.0108155 -0.0525518 -0.0762739 0.012856 -0.0558039 -0.078546 0.0144226 -0.0589065 -0.0814043 0.0154511 -0.0617327 -0.0847319 0.0158996 -0.0641665 -0.0883926 0.0157496 -0.0661085 -0.0922364 0.0150073 -0.0674791 -0.0961061 0.013703 -0.0682223 -0.0998431 0.0118902 -0.0683075 -0.103295 0.00964301 -0.0677313 -0.106319 0.00705352 -0.0665173 -0.108793 0.00422772 -0.0647152 -0.110615 0.00128126 -0.0623987 -0.115544 0.00686615 -0.0522527 -0.115862 0.00409448 -0.0492676 -0.11541 0.0015546 -0.046103 -0.114206 -0.000649458 -0.0428887 -0.112301 -0.00242753 -0.0397561 -0.109772 -0.00370681 -0.0368335 -0.106723 -0.00443495 -0.0342406 -0.103278 -0.00458209 -0.0320835 -0.0995787 -0.00414222 -0.0304506 -0.0957763 -0.00313334 -0.0294086 -0.0920265 -0.00159674 -0.0290003 -0.088483 0.000404619 -0.0292423 -0.0852907 0.00278883 -0.0301248 -0.0825802 0.00545828 -0.0316116 -0.0804627 0.00830371 -0.0336418 -0.0790248 0.0112086 -0.0361324 -0.0783253 0.014054 -0.0389814 -0.0783929 0.0167235 -0.042072 -0.0792248 0.0191077 -0.0452779 -0.080787 0.0211091 -0.0484677 -0.0830155 0.0226457 -0.0515109 -0.0858191 0.0236546 -0.0542829 -0.0890829 0.0240945 -0.0566701 -0.0926734 0.0239473 -0.0585749 -0.0964437 0.0232192 -0.0599193 -0.100239 0.0219399 -0.0606482 -0.103905 0.0201618 -0.0607318 -0.10729 0.0179577 -0.0601667 -0.110257 0.0154178 -0.0589759 -0.112683 0.0126462 -0.0572083 -0.11447 0.0097562 -0.0549362 -0.118816 0.0154631 -0.0446405 -0.119118 0.0128283 -0.0418028 -0.118688 0.0104138 -0.0387946 -0.117544 0.00831858 -0.0357389 -0.115733 0.00662834 -0.0327611 -0.113329 0.00541222 -0.0299829 -0.110431 0.00472002 -0.027518 -0.107156 0.00458016 -0.0254674 -0.103639 0.00499836 -0.0239152 -0.100025 0.00595739 -0.0229246 -0.0964601 0.00741807 -0.0225365 -0.0930916 0.0093206 -0.0227666 -0.0900569 0.0115871 -0.0236054 -0.0874804 0.0141247 -0.0250188 -0.0854674 0.0168296 -0.0269488 -0.0841005 0.019591 -0.0293163 -0.0834356 0.0222959 -0.0320246 -0.0834998 0.0248336 -0.0349626 -0.0842907 0.0271001 -0.0380101 -0.0857757 0.0290026 -0.0410425 -0.0878941 0.0304633 -0.0439353 -0.0905592 0.0314223 -0.0465704 -0.0936619 0.0318405 -0.0488397 -0.0970751 0.0317006 -0.0506505 -0.100659 0.0310084 -0.0519284 -0.104267 0.0297923 -0.0526213 -0.107751 0.0281021 -0.0527008 -0.11097 0.0260068 -0.0521636 -0.11379 0.0235924 -0.0510316 -0.116096 0.0209576 -0.0493513 -0.117795 0.0182103 -0.0471915 -0.121531 0.0241284 -0.0368244 -0.121808 0.0217128 -0.0342227 -0.121414 0.0194993 -0.0314648 -0.120365 0.0175783 -0.0286633 -0.118705 0.0160286 -0.0259332 -0.1165 0.0149137 -0.0233861 -0.113843 0.0142791 -0.0211263 -0.110841 0.0141509 -0.0192463 -0.107616 0.0145343 -0.0178231 -0.104303 0.0154135 -0.016915 -0.101035 0.0167527 -0.0165591 -0.0979463 0.0184969 -0.0167701 -0.095164 0.0205749 -0.0175392 -0.0928019 0.0229014 -0.018835 -0.0909564 0.0253813 -0.0206044 -0.0897032 0.027913 -0.022775 -0.0890935 0.0303929 -0.025258 -0.0891525 0.0327194 -0.0279516 -0.0898775 0.0347974 -0.0307456 -0.091239 0.0365416 -0.0335257 -0.0931812 0.0378808 -0.0361779 -0.0956246 0.03876 -0.0385937 -0.0984692 0.0391434 -0.0406743 -0.101598 0.0390152 -0.0423344 -0.104884 0.0383806 -0.0435061 -0.108192 0.0372657 -0.0441413 -0.111387 0.035716 -0.0442142 -0.114337 0.033795 -0.0437216 -0.116923 0.0315815 -0.0426839 -0.119037 0.0291659 -0.0411433 -0.120595 0.0266472 -0.0391632 -0.10501 0.0441276 -0.0359545 -0.102852 0.0442591 -0.0348583 -0.102158 0.0442445 -0.0344415 -0.099566 0.0438951 -0.0325452 -0.097339 0.0430937 -0.0303435 -0.0955689 0.0418732 -0.0279262 -0.0943281 0.0402835 -0.0253925 -0.0936673 0.0383897 -0.0228461 -0.0936136 0.0362693 -0.0203911 -0.0941692 0.0340091 -0.0181282 -0.0953114 0.0317018 -0.0161499 -0.0969933 0.0294416 -0.0145373 -0.0991462 0.0273212 -0.0133562 -0.101682 0.0254274 -0.0126553 -0.104497 0.0238377 -0.0124631 -0.107475 0.0226172 -0.0127874 -0.110495 0.0218158 -0.0136151 -0.113434 0.0214664 -0.0149121 -0.11617 0.0215833 -0.0166255 -0.118592 0.0221616 -0.0186851 -0.120601 0.0231778 -0.0210065 -0.122114 0.0245902 -0.0234948 -0.12307 0.0263409 -0.0260479 -0.123429 0.0283583 -0.0285615 -0.123177 0.0305599 -0.0309327 -0.122323 0.0328555 -0.0330642 -0.120904 0.035151 -0.0348689 -0.118977 0.0373525 -0.0362729 -0.11662 0.03937 -0.0372188 -0.113931 0.0411208 -0.0376677 -0.11102 0.0425331 -0.0376013 -0.108005 0.0435493 -0.0370223 -0.0166255 -0.0215833 -0.11617 -0.0344415 -0.0442445 -0.102158 -0.0359545 -0.0441276 -0.10501 -0.0186851 -0.0221616 -0.118592 -0.0370223 -0.0435493 -0.108005 -0.0210065 -0.0231778 -0.120601 -0.0376013 -0.0425331 -0.11102 -0.0234948 -0.0245902 -0.122114 -0.0376677 -0.0411207 -0.113931 -0.0260479 -0.0263409 -0.12307 -0.0372188 -0.03937 -0.11662 -0.0285615 -0.0283583 -0.123429 -0.0362729 -0.0373525 -0.118977 -0.0309327 -0.0305599 -0.123177 -0.0348689 -0.035151 -0.120904 -0.0330642 -0.0328555 -0.122323 -0.0153039 -0.0214518 -0.114141 -0.0149121 -0.0214664 -0.113434 -0.0136151 -0.0218158 -0.110495 -0.0279262 -0.0418732 -0.0955689 -0.0303435 -0.0430937 -0.097339 -0.0161499 -0.0317017 -0.0953114 -0.0203911 -0.0362693 -0.0936136 -0.0228461 -0.0383897 -0.0936673 -0.0253925 -0.0402835 -0.0943281 -0.0325452 -0.0438951 -0.099566 -0.0145373 -0.0294416 -0.0969933 -0.0133562 -0.0273212 -0.0991462 -0.0126553 -0.0254274 -0.101682 -0.0124631 -0.0238377 -0.104497 -0.0127874 -0.0226172 -0.107475 -0.0181282 -0.0340091 -0.0941692 -0.0209209 -0.0114736 -0.109845 -0.0228543 -0.0116054 -0.112932 -0.0251782 -0.012258 -0.115665 -0.0277976 -0.0134047 -0.117932 -0.0306053 -0.0149983 -0.119639 -0.0334862 -0.0169738 -0.120718 -0.0363224 -0.0192502 -0.121123 -0.0389979 -0.0217344 -0.120838 -0.0414031 -0.0243246 -0.119876 -0.0434395 -0.0269148 -0.118274 -0.0450237 -0.0293989 -0.116099 -0.046091 -0.0316753 -0.11344 -0.0465975 -0.0336508 -0.110406 -0.0465226 -0.0352445 -0.107121 -0.0458693 -0.0363911 -0.103719 -0.0446644 -0.0370437 -0.10034 -0.0429572 -0.0371755 -0.097122 -0.0408176 -0.0367813 -0.0941968 -0.0383332 -0.035877 -0.091684 -0.0356056 -0.0344999 -0.0896867 -0.0327466 -0.0327061 -0.0882865 -0.0298733 -0.0305692 -0.0875409 -0.0271033 -0.0281766 -0.0874803 -0.0245498 -0.0256263 -0.0881073 -0.0223176 -0.0230228 -0.089396 -0.0204979 -0.0204725 -0.0912939 -0.0191654 -0.0180799 -0.0937231 -0.0183744 -0.015943 -0.0965844 -0.0181575 -0.0141492 -0.0997603 -0.0185235 -0.0127721 -0.103121 -0.0194574 -0.0118678 -0.106529 -0.0516752 -0.0185484 -0.115151 -0.0533863 -0.0212316 -0.112802 -0.054539 -0.0236903 -0.109931 -0.0550861 -0.025824 -0.106653 -0.0550052 -0.0275453 -0.103105 -0.0542996 -0.0287838 -0.0994307 -0.0529981 -0.0294886 -0.095781 -0.0511542 -0.0296311 -0.0923051 -0.0488432 -0.0292052 -0.0891455 -0.0461597 -0.0282286 -0.0864315 -0.0432138 -0.0267411 -0.0842741 -0.0401258 -0.0248037 -0.0827618 -0.0370223 -0.0224956 -0.0819565 -0.0340304 -0.0199113 -0.0818911 -0.0312724 -0.0171568 -0.0825682 -0.0288613 -0.0143447 -0.0839602 -0.026896 -0.0115901 -0.0860101 -0.0254566 -0.0090059 -0.088634 -0.0246023 -0.00669781 -0.0917243 -0.024368 -0.00476036 -0.0951547 -0.0247633 -0.00327284 -0.0987847 -0.025772 -0.00229616 -0.102466 -0.0273528 -0.00187038 -0.106047 -0.029441 -0.00201277 -0.109382 -0.0319511 -0.00271767 -0.112334 -0.0347804 -0.00395606 -0.114782 -0.0378129 -0.00567743 -0.116626 -0.0409246 -0.0078111 -0.117791 -0.043988 -0.0102699 -0.118229 -0.0468778 -0.0129531 -0.117921 -0.0494757 -0.0157507 -0.116881 -0.0594955 -0.0101337 -0.111567 -0.0612791 -0.0129304 -0.109119 -0.0624805 -0.0154931 -0.106125 -0.0630508 -0.017717 -0.10271 -0.0629664 -0.0195111 -0.0990112 -0.062231 -0.020802 -0.0951815 -0.0608745 -0.0215366 -0.0913774 -0.0589526 -0.0216851 -0.0877546 -0.0565438 -0.0212412 -0.0844614 -0.053747 -0.0202233 -0.0816326 -0.0506763 -0.0186729 -0.079384 -0.0474578 -0.0166535 -0.0778077 -0.0442231 -0.0142478 -0.0769684 -0.0411046 -0.0115543 -0.0769001 -0.03823 -0.00868325 -0.0776059 -0.035717 -0.00575221 -0.0790568 -0.0336685 -0.00288119 -0.0811934 -0.0321684 -0.000187713 -0.0839282 -0.0312779 0.00221795 -0.0871493 -0.0310337 0.00423735 -0.0907247 -0.0314458 0.00578773 -0.0945081 -0.0324971 0.00680571 -0.0983448 -0.0341447 0.00724955 -0.102077 -0.0363212 0.00710108 -0.105553 -0.0389375 0.00636644 -0.10863 -0.0418863 0.00507561 -0.111182 -0.0450471 0.00328151 -0.113104 -0.0482904 0.00105753 -0.114318 -0.0514834 -0.00150511 -0.114774 -0.0544954 -0.00430171 -0.114454 -0.0572031 -0.0072177 -0.11337 -0.0669122 -0.00166514 -0.107524 -0.0687144 -0.00449094 -0.105051 -0.0699284 -0.00708043 -0.102026 -0.0705046 -0.00932764 -0.0985747 -0.0704194 -0.0111405 -0.0948376 -0.0696763 -0.0124447 -0.090968 -0.0683056 -0.0131871 -0.0871241 -0.0663636 -0.0133371 -0.0834635 -0.0639297 -0.0128886 -0.0801358 -0.0611036 -0.0118601 -0.0772775 -0.0580009 -0.0102934 -0.0750055 -0.0547488 -0.00825295 -0.0734127 -0.0514803 -0.00582217 -0.0725646 -0.0483293 -0.00310052 -0.0724957 -0.0454246 -0.000199547 -0.0732088 -0.0428854 0.00276204 -0.0746748 -0.0408155 0.0056631 -0.0768337 -0.0392997 0.00838469 -0.0795971 -0.0384 0.0108155 -0.0828518 -0.0381532 0.012856 -0.0864646 -0.0385695 0.0144226 -0.0902876 -0.0396318 0.0154511 -0.0941642 -0.0412967 0.0158996 -0.0979358 -0.0434959 0.0157496 -0.101448 -0.0461395 0.0150073 -0.104557 -0.0491192 0.013703 -0.107135 -0.0523129 0.0118902 -0.109078 -0.0555901 0.00964301 -0.110304 -0.0588164 0.00705352 -0.110765 -0.0618599 0.00422772 -0.110442 -0.0645958 0.00128126 -0.109346 -0.0739377 0.00686615 -0.103024 -0.0757053 0.00409448 -0.100598 -0.0768961 0.0015546 -0.0976312 -0.0774612 -0.000649458 -0.0942459 -0.0773776 -0.00242753 -0.0905804 -0.0766488 -0.00370681 -0.0867849 -0.0753044 -0.00443495 -0.0830147 -0.0733996 -0.00458209 -0.0794242 -0.0710123 -0.00414222 -0.0761603 -0.0682404 -0.00313334 -0.0733568 -0.0651972 -0.00159674 -0.0711282 -0.0620074 0.000404619 -0.069566 -0.0588014 0.00278883 -0.0687341 -0.0557108 0.00545828 -0.0686666 -0.0528618 0.00830371 -0.069366 -0.0503712 0.0112086 -0.070804 -0.048341 0.014054 -0.0729215 -0.0468542 0.0167235 -0.0756319 -0.0459718 0.0191077 -0.0788243 -0.0457297 0.0211091 -0.0823678 -0.0461381 0.0226457 -0.0861176 -0.04718 0.0236546 -0.0899199 -0.048813 0.0240945 -0.0936192 -0.0509701 0.0239473 -0.0970641 -0.053563 0.0232192 -0.100113 -0.0564855 0.0219399 -0.102642 -0.0596181 0.0201618 -0.104548 -0.0628325 0.0179577 -0.105751 -0.065997 0.0154178 -0.106203 -0.0689822 0.0126462 -0.105885 -0.0716657 0.0097562 -0.104811 -0.0805775 0.0154631 -0.0980678 -0.0822578 0.0128283 -0.0957613 -0.0833898 0.0104138 -0.0929412 -0.083927 0.00831858 -0.0897231 -0.0838476 0.00662834 -0.0862386 -0.0831546 0.00541222 -0.0826306 -0.0818767 0.00472002 -0.0790466 -0.080066 0.00458016 -0.0756334 -0.0777966 0.00499836 -0.0725308 -0.0751616 0.00595739 -0.0698656 -0.0722687 0.00741807 -0.0677472 -0.0692364 0.0093206 -0.0662622 -0.0661888 0.0115871 -0.0654713 -0.0632508 0.0141247 -0.0654071 -0.0605426 0.0168296 -0.0660721 -0.058175 0.019591 -0.067439 -0.056245 0.0222959 -0.0694519 -0.0548316 0.0248336 -0.0720284 -0.0539927 0.0271001 -0.0750631 -0.0537626 0.0290026 -0.0784316 -0.0541509 0.0304633 -0.0819962 -0.0551414 0.0314223 -0.0856107 -0.0566937 0.0318405 -0.0891274 -0.0587442 0.0317006 -0.0924021 -0.0612091 0.0310084 -0.0953009 -0.0639873 0.0297923 -0.097705 -0.0669652 0.0281021 -0.099516 -0.0700207 0.0260068 -0.10066 -0.073029 0.0235924 -0.10109 -0.0758667 0.0209576 -0.100788 -0.0784177 0.0182103 -0.0997665 -0.0868366 0.0241284 -0.0926563 -0.0883771 0.0217128 -0.0905416 -0.0894149 0.0194993 -0.0879561 -0.0899074 0.0175783 -0.0850057 -0.0898346 0.0160286 -0.0818111 -0.0891993 0.0149137 -0.0785032 -0.0880277 0.0142791 -0.0752174 -0.0863676 0.0141509 -0.0720881 -0.084287 0.0145343 -0.0692436 -0.0818712 0.0154135 -0.0668002 -0.079219 0.0167527 -0.0648579 -0.0764389 0.0184969 -0.0634965 -0.0736449 0.0205749 -0.0627715 -0.0709513 0.0229014 -0.0627125 -0.0684683 0.0253813 -0.0633222 -0.0662977 0.027913 -0.0645754 -0.0645283 0.0303929 -0.0664209 -0.0632324 0.0327194 -0.068783 -0.0624634 0.0347974 -0.0715653 -0.0622524 0.0365416 -0.0746536 -0.0626083 0.0378808 -0.0779216 -0.0635164 0.03876 -0.0812355 -0.0649396 0.0391434 -0.0844596 -0.0668196 0.0390152 -0.0874619 -0.0690794 0.0383806 -0.0901195 -0.0716265 0.0372657 -0.0923236 -0.0743567 0.035716 -0.0939839 -0.077158 0.033795 -0.0950326 -0.079916 0.0315815 -0.0954266 -0.0825176 0.0291659 -0.0951498 -0.0848564 0.0266472 -0.0942136 -0.0729645 0.0441276 -0.0836427 -0.0716429 0.0442591 -0.081614 -0.0712511 0.0442445 -0.0809064 -0.069954 0.0438951 -0.077968 -0.0691263 0.0430937 -0.0749478 -0.068802 0.0418732 -0.0719693 -0.0689943 0.0402835 -0.0691547 -0.0696952 0.0383897 -0.0666189 -0.0708762 0.0362693 -0.064466 -0.0724888 0.0340091 -0.0627841 -0.0744671 0.0317018 -0.0616419 -0.0767301 0.0294416 -0.0610863 -0.079185 0.0273212 -0.06114 -0.0817314 0.0254274 -0.0618008 -0.0842651 0.0238377 -0.0630417 -0.0866824 0.0226172 -0.0648118 -0.0888842 0.0218158 -0.0670387 -0.0907804 0.0214664 -0.0696311 -0.0922934 0.0215833 -0.0724831 -0.0933612 0.0221616 -0.0754778 -0.0939402 0.0231778 -0.0784927 -0.0940066 0.0245902 -0.0814041 -0.0935577 0.0263409 -0.0840931 -0.0926119 0.0283583 -0.0864495 -0.0912079 0.0305599 -0.0883768 -0.0894031 0.0328555 -0.0897962 -0.0872716 0.035151 -0.0906495 -0.0849005 0.0373525 -0.0909017 -0.0823869 0.03937 -0.0905426 -0.0798337 0.0411208 -0.0895869 -0.0773454 0.0425331 -0.0880736 -0.075024 0.0435493 -0.0860648 0.0325273 -0.0328555 -0.0905351 0.0303247 -0.0350802 -0.0908419 0.0347298 -0.0306307 -0.122161 0.026255 -0.0391909 -0.119777 0.0282069 -0.0372194 -0.121252 0.0220969 -0.043391 -0.100391 0.0303247 -0.0350802 -0.122161 0.0387995 -0.0265199 -0.119777 0.0405103 -0.0247919 -0.117791 0.0368477 -0.0284914 -0.0917505 0.0282069 -0.0372194 -0.0917505 0.026255 -0.0391909 -0.0932259 0.0245442 -0.0409191 -0.0952115 0.0212375 -0.0442591 -0.106501 0.0214545 -0.04404 -0.109616 0.0220969 -0.043391 -0.112611 0.0214545 -0.04404 -0.103386 0.0231402 -0.0423372 -0.115372 0.0245442 -0.0409191 -0.117791 0.0231402 -0.0423372 -0.0976309 0.0325273 -0.0328555 -0.122467 0.0368477 -0.0284914 -0.121252 0.0347298 -0.0306307 -0.0908419 0.0429576 -0.0223198 -0.112611 0.0436001 -0.0216709 -0.109616 0.043817 -0.0214518 -0.106501 0.0436001 -0.0216709 -0.103386 0.0429576 -0.0223198 -0.100391 0.0419144 -0.0233736 -0.0976309 0.0419144 -0.0233736 -0.115372 0.0387995 -0.0265199 -0.0932259 0.0405103 -0.0247919 -0.0952115 0.0220792 -0.0272954 -0.124075 0.0197025 -0.0296961 -0.123055 0.017512 -0.0319087 -0.121399 0.0155921 -0.033848 -0.119171 0.0140164 -0.0354395 -0.116456 0.0128457 -0.0366222 -0.113358 0.0121247 -0.0373504 -0.109997 0.0118812 -0.0375963 -0.106501 0.0121247 -0.0373504 -0.103006 0.0128457 -0.0366222 -0.0996444 0.0140164 -0.0354395 -0.0965466 0.0155921 -0.033848 -0.0938314 0.017512 -0.0319087 -0.0916031 0.0197025 -0.0296961 -0.0899473 0.0220792 -0.0272954 -0.0889277 0.024551 -0.0247987 -0.0885834 0.0270227 -0.022302 -0.0889277 0.0293995 -0.0199013 -0.0899473 0.0315899 -0.0176887 -0.0916031 0.0335099 -0.0157494 -0.0938314 0.0350856 -0.0141578 -0.0965466 0.0362564 -0.0129753 -0.0996444 0.0369774 -0.012247 -0.103006 0.0372208 -0.0120011 -0.106501 0.0369774 -0.012247 -0.109997 0.0362564 -0.0129753 -0.113358 0.0350856 -0.0141578 -0.116456 0.0335099 -0.0157494 -0.119171 0.0315899 -0.0176887 -0.121399 0.0293995 -0.0199013 -0.123055 0.0270227 -0.022302 -0.124075 0.024551 -0.0247987 -0.124419 0.0138693 -0.0193958 -0.125459 0.0113053 -0.0219857 -0.124359 0.00894235 -0.0243725 -0.122573 0.00687118 -0.0264645 -0.120169 0.00517142 -0.0281814 -0.11724 0.00390844 -0.0294572 -0.113898 0.00313065 -0.0302428 -0.110272 0.00286803 -0.0305081 -0.106501 0.00313065 -0.0302428 -0.10273 0.00390844 -0.0294572 -0.0991043 0.00517142 -0.0281814 -0.0957626 0.00687118 -0.0264645 -0.0928335 0.00894235 -0.0243725 -0.0904298 0.0113053 -0.0219857 -0.0886436 0.0138693 -0.0193958 -0.0875436 0.0165357 -0.0167025 -0.0871722 0.0192021 -0.0140092 -0.0875436 0.0217661 -0.0114193 -0.0886436 0.024129 -0.00903257 -0.0904298 0.0262002 -0.00694051 -0.0928335 0.0278999 -0.00522359 -0.0957626 0.029163 -0.00394787 -0.0991043 0.0299407 -0.00316224 -0.10273 0.0302033 -0.00289697 -0.106501 0.0299407 -0.00316224 -0.110272 0.029163 -0.00394787 -0.113898 0.0278999 -0.00522359 -0.11724 0.0262002 -0.00694051 -0.120169 0.024129 -0.00903257 -0.122573 0.0217661 -0.0114193 -0.124359 0.0192021 -0.0140092 -0.125459 0.0165357 -0.0167025 -0.12583 0.00576926 -0.0114532 -0.1263 0.00309155 -0.014158 -0.125151 0.000623734 -0.0166507 -0.123286 -0.00153931 -0.0188356 -0.120775 -0.00331447 -0.0206287 -0.117716 -0.0046336 -0.0219611 -0.114226 -0.00544584 -0.0227816 -0.11044 -0.00572015 -0.0230586 -0.106501 -0.00544584 -0.0227816 -0.102563 -0.0046336 -0.0219611 -0.0987761 -0.00331447 -0.0206287 -0.095286 -0.00153931 -0.0188356 -0.092227 0.000623734 -0.0166507 -0.0897165 0.00309155 -0.014158 -0.087851 0.00576926 -0.0114532 -0.0867023 0.00855408 -0.00864038 -0.0863144 0.0113388 -0.00582747 -0.0867023 0.0140166 -0.00312274 -0.087851 0.0164844 -0.000630026 -0.0897165 0.0186475 0.00155484 -0.092227 0.0204227 0.00334791 -0.095286 0.0217418 0.00468035 -0.0987761 0.0225541 0.00550079 -0.102563 0.0228283 0.00577786 -0.106501 0.0225541 0.00550079 -0.11044 0.0217418 0.00468035 -0.114226 0.0204227 0.00334791 -0.117716 0.0186475 0.00155484 -0.120775 0.0164844 -0.000630026 -0.123286 0.0140166 -0.00312274 -0.125151 0.0113388 -0.00582747 -0.1263 0.00855408 -0.00864038 -0.126688 -0.00222435 -0.0034658 -0.126606 -0.00494349 -0.00621231 -0.125439 -0.00744942 -0.00874358 -0.123545 -0.00964593 -0.0109622 -0.120996 -0.0114485 -0.012783 -0.11789 -0.012788 -0.014136 -0.114346 -0.0136128 -0.0149691 -0.1105 -0.0138913 -0.0152505 -0.106501 -0.0136128 -0.0149691 -0.102502 -0.012788 -0.014136 -0.0986567 -0.0114485 -0.012783 -0.0951128 -0.00964593 -0.0109622 -0.0920065 -0.00744942 -0.00874358 -0.0894572 -0.00494349 -0.00621231 -0.0875629 -0.00222435 -0.0034658 -0.0863965 0.000603396 -0.000609484 -0.0860025 0.00343118 0.00224679 -0.0863965 0.00615026 0.00499336 -0.0875629 0.00865625 0.00752457 -0.0894572 0.0108527 0.00974325 -0.0920065 0.0126553 0.011564 -0.0951128 0.0139948 0.012917 -0.0986567 0.0148196 0.0137502 -0.102502 0.0150981 0.0140315 -0.106501 0.0148196 0.0137502 -0.1105 0.0139948 0.012917 -0.114346 0.0126553 0.011564 -0.11789 0.0108527 0.00974325 -0.120996 0.00865625 0.00752457 -0.123545 0.00615026 0.00499336 -0.125439 0.00343118 0.00224679 -0.126606 0.000603396 -0.000609484 -0.127 -0.0101223 0.00457547 -0.126382 -0.0128112 0.00185948 -0.125229 -0.0152892 -0.000643516 -0.123355 -0.0174613 -0.00283742 -0.120835 -0.0192438 -0.00463796 -0.117763 -0.0205683 -0.00597582 -0.114258 -0.021384 -0.00679975 -0.110456 -0.0216594 -0.0070779 -0.106501 -0.021384 -0.00679975 -0.102547 -0.0205683 -0.00597582 -0.0987441 -0.0192438 -0.00463796 -0.0952396 -0.0174613 -0.00283742 -0.0921679 -0.0152892 -0.000643516 -0.089647 -0.0128112 0.00185948 -0.0877739 -0.0101223 0.00457547 -0.0866203 -0.00732603 0.00739995 -0.0862309 -0.00452977 0.0102245 -0.0866203 -0.00184091 0.0129404 -0.0877739 0.000637088 0.0154435 -0.089647 0.00280908 0.0176374 -0.0921679 0.00459164 0.0194379 -0.0952396 0.00591613 0.0207758 -0.0987441 0.00673183 0.0215997 -0.102547 0.0070072 0.0218779 -0.106501 0.00673183 0.0215997 -0.110456 0.00591613 0.0207758 -0.114258 0.00459164 0.0194379 -0.117763 0.00280908 0.0176374 -0.120835 0.000637088 0.0154435 -0.123355 -0.00184091 0.0129404 -0.125229 -0.00452977 0.0102245 -0.126382 -0.00732603 0.00739995 -0.126772 -0.0179274 0.0126724 -0.125632 -0.0205148 0.0100589 -0.124522 -0.0228994 0.00765022 -0.12272 -0.0249895 0.00553902 -0.120294 -0.0267048 0.00380639 -0.117338 -0.0279794 0.00251899 -0.113966 -0.0287643 0.00172619 -0.110307 -0.0290294 0.00145845 -0.106501 -0.0287643 0.00172619 -0.102696 -0.0279794 0.00251899 -0.0990367 -0.0267048 0.00380639 -0.0956644 -0.0249895 0.00553902 -0.0927085 -0.0228994 0.00765022 -0.0902827 -0.0205148 0.0100589 -0.0884802 -0.0179274 0.0126724 -0.0873702 -0.0152366 0.0153903 -0.0869954 -0.0125458 0.0181083 -0.0873702 -0.00995838 0.0207218 -0.0884802 -0.00757381 0.0231305 -0.0902827 -0.00548369 0.0252417 -0.0927085 -0.00376837 0.0269743 -0.0956644 -0.00249383 0.0282617 -0.0990367 -0.00170894 0.0290545 -0.102696 -0.00144388 0.0293222 -0.106501 -0.00170894 0.0290545 -0.110307 -0.00249383 0.0282617 -0.113966 -0.00376837 0.0269743 -0.117338 -0.00548369 0.0252417 -0.120294 -0.00757381 0.0231305 -0.12272 -0.00995838 0.0207218 -0.124522 -0.0125458 0.0181083 -0.125632 -0.0152366 0.0153903 -0.126007 -0.0256432 0.0208277 -0.124359 -0.0280584 0.018388 -0.123323 -0.0302843 0.0161397 -0.121641 -0.0322353 0.014169 -0.119376 -0.0338365 0.0125516 -0.116617 -0.0350262 0.0113499 -0.113469 -0.0357589 0.0106099 -0.110053 -0.0360063 0.0103599 -0.106501 -0.0357589 0.0106099 -0.102949 -0.0350262 0.0113499 -0.0995334 -0.0338365 0.0125516 -0.0963855 -0.0322353 0.014169 -0.0936263 -0.0302843 0.0161397 -0.0913619 -0.0280584 0.018388 -0.0896793 -0.0256432 0.0208277 -0.0886432 -0.0231314 0.0233648 -0.0882933 -0.0206196 0.0259019 -0.0886432 -0.0182044 0.0283415 -0.0896793 -0.0159785 0.0305898 -0.0913619 -0.0140275 0.0325606 -0.0936263 -0.0124263 0.0341778 -0.0963855 -0.0112365 0.0353796 -0.0995334 -0.0105039 0.0361197 -0.102949 -0.0102565 0.0363695 -0.106501 -0.0105039 0.0361197 -0.110053 -0.0112365 0.0353796 -0.113469 -0.0124263 0.0341778 -0.116617 -0.0140275 0.0325606 -0.119376 -0.0159785 0.0305898 -0.121641 -0.0182044 0.0283415 -0.123323 -0.0206196 0.0259019 -0.124359 -0.0231314 0.0233648 -0.124709 -0.0329479 0.028691 -0.122653 -0.0351323 0.0264846 -0.121716 -0.0371456 0.0244511 -0.120194 -0.0389101 0.0226687 -0.118146 -0.0403582 0.0212059 -0.11565 -0.0414344 0.020119 -0.112803 -0.042097 0.0194497 -0.109714 -0.0423208 0.0192237 -0.106501 -0.042097 0.0194497 -0.103289 -0.0414344 0.020119 -0.100199 -0.0403582 0.0212059 -0.0973522 -0.0389101 0.0226687 -0.0948567 -0.0371456 0.0244511 -0.0928087 -0.0351323 0.0264846 -0.0912869 -0.0329479 0.028691 -0.0903498 -0.0306762 0.0309857 -0.0900334 -0.0284044 0.0332803 -0.0903498 -0.02622 0.0354868 -0.0912869 -0.0242069 0.0375203 -0.0928087 -0.0224422 0.0393027 -0.0948567 -0.0209941 0.0407655 -0.0973522 -0.0199181 0.0418524 -0.100199 -0.0192554 0.0425217 -0.103289 -0.0190317 0.0427477 -0.106501 -0.0192554 0.0425217 -0.109714 -0.0199181 0.0418524 -0.112803 -0.0209941 0.0407655 -0.11565 -0.0224422 0.0393027 -0.118146 -0.0242069 0.0375203 -0.120194 -0.02622 0.0354868 -0.121716 -0.0284044 0.0332803 -0.122653 -0.0306762 0.0309857 -0.122969 -0.0347298 0.0306307 -0.122161 -0.0368477 0.0284914 -0.121252 -0.0387995 0.0265199 -0.119777 -0.0405103 0.0247919 -0.117791 -0.0419144 0.0233736 -0.115372 -0.0429576 0.0223198 -0.112611 -0.0436001 0.0216709 -0.109616 -0.043817 0.0214518 -0.106501 -0.0436001 0.0216709 -0.103386 -0.0429576 0.0223198 -0.100391 -0.0419144 0.0233736 -0.0976309 -0.0405103 0.0247919 -0.0952115 -0.0387995 0.0265199 -0.0932259 -0.0368477 0.0284914 -0.0917505 -0.0347298 0.0306307 -0.0908419 -0.0325273 0.0328555 -0.0905351 -0.0303247 0.0350802 -0.0908419 -0.0282069 0.0372194 -0.0917505 -0.026255 0.0391909 -0.0932259 -0.0245442 0.0409191 -0.0952115 -0.0231402 0.0423372 -0.0976309 -0.0220969 0.043391 -0.100391 -0.0214545 0.04404 -0.103386 -0.0212375 0.0442591 -0.106501 -0.0214545 0.04404 -0.109616 -0.0220969 0.043391 -0.112611 -0.0231402 0.0423372 -0.115372 -0.0245442 0.0409191 -0.117791 -0.026255 0.0391909 -0.119777 -0.0282069 0.0372194 -0.121252 -0.0303247 0.0350802 -0.122161 -0.0325273 0.0328555 -0.122467 0.0872716 -0.035151 -0.0906495 0.0894031 -0.0328555 -0.0897962 0.0912079 -0.0305599 -0.0883768 0.0849005 -0.0373525 -0.0909017 0.0926119 -0.0283583 -0.0864495 0.0823869 -0.03937 -0.0905426 0.0935577 -0.0263409 -0.0840931 0.0798337 -0.0411207 -0.0895869 0.0940066 -0.0245902 -0.0814041 0.0773454 -0.0425331 -0.0880736 0.0939402 -0.0231778 -0.0784927 0.075024 -0.0435493 -0.0860648 0.0933612 -0.0221616 -0.0754778 0.0729645 -0.0441276 -0.0836427 0.0922934 -0.0215833 -0.0724831 0.0712511 -0.0442445 -0.0809064 0.0911973 -0.0214518 -0.0703242 0.0907804 -0.0214664 -0.0696311 0.0817314 -0.0254274 -0.0618008 0.079185 -0.0273212 -0.06114 0.0842651 -0.0238377 -0.0630417 0.0866824 -0.0226172 -0.0648118 0.0888842 -0.0218158 -0.0670387 0.0767301 -0.0294416 -0.0610863 0.0744671 -0.0317017 -0.0616419 0.068802 -0.0418732 -0.0719693 0.0724888 -0.0340091 -0.0627841 0.0689943 -0.0402835 -0.0691547 0.0708762 -0.0362693 -0.064466 0.0696952 -0.0383897 -0.0666189 0.069954 -0.0438951 -0.077968 0.0691263 -0.0430937 -0.0749478 0.0846678 -0.0114736 -0.0730404 0.086375 -0.0116054 -0.0762585 0.0875799 -0.012258 -0.0796376 0.0882332 -0.0134047 -0.0830394 0.0883081 -0.0149983 -0.0863246 0.0878016 -0.0169738 -0.0893588 0.0867344 -0.0192502 -0.0920177 0.0851501 -0.0217344 -0.0941924 0.0831138 -0.0243246 -0.095794 0.0807086 -0.0269148 -0.0967568 0.0780331 -0.0293989 -0.0970414 0.0751968 -0.0316753 -0.0966362 0.0723159 -0.0336508 -0.0955577 0.0695082 -0.0352445 -0.0938503 0.0668888 -0.0363911 -0.0915836 0.0645649 -0.0370437 -0.0888506 0.0626316 -0.0371755 -0.085763 0.061168 -0.0367813 -0.0824474 0.0602341 -0.035877 -0.0790395 0.0598681 -0.0344999 -0.0756787 0.060085 -0.0327061 -0.0725027 0.0608759 -0.0305692 -0.0696415 0.0622085 -0.0281766 -0.0672123 0.0640282 -0.0256263 -0.0653144 0.0662605 -0.0230228 -0.0640256 0.0688138 -0.0204725 -0.0633987 0.0715839 -0.0180799 -0.0634593 0.0744573 -0.015943 -0.0642049 0.0773162 -0.0141492 -0.065605 0.0800437 -0.0127721 -0.0676024 0.0825282 -0.0118678 -0.0701151 0.0738864 -0.0185484 -0.102328 0.0709966 -0.0212316 -0.102635 0.0679332 -0.0236903 -0.102198 0.0648215 -0.025824 -0.101033 0.061789 -0.0275453 -0.0991884 0.0589598 -0.0287838 -0.0967402 0.0564497 -0.0294886 -0.0937882 0.0543614 -0.0296311 -0.0904534 0.0527807 -0.0292052 -0.0868722 0.0517719 -0.0282286 -0.0831912 0.0513766 -0.0267411 -0.0795613 0.051611 -0.0248037 -0.0761309 0.0524652 -0.0224956 -0.0730405 0.0539046 -0.0199113 -0.0704167 0.0558699 -0.0171568 -0.0683668 0.058281 -0.0143447 -0.0669748 0.061039 -0.0115901 -0.0662976 0.0640309 -0.0090059 -0.066363 0.0671344 -0.00669781 -0.0671684 0.0702224 -0.00476036 -0.0686807 0.0731684 -0.00327284 -0.070838 0.0758518 -0.00229616 -0.073552 0.0781628 -0.00187038 -0.0767117 0.0800068 -0.00201277 -0.0801875 0.0813082 -0.00271767 -0.0838373 0.0820138 -0.00395606 -0.0875116 0.0820947 -0.00567743 -0.09106 0.0815476 -0.0078111 -0.0943372 0.0803949 -0.0102699 -0.097209 0.0786838 -0.0129531 -0.099558 0.0764843 -0.0157507 -0.101288 0.066872 -0.0101337 -0.107308 0.06386 -0.0129304 -0.107629 0.060667 -0.0154931 -0.107172 0.0574237 -0.017717 -0.105958 0.054263 -0.0195111 -0.104036 0.0513141 -0.020802 -0.101484 0.0486979 -0.0215366 -0.0984076 0.0465214 -0.0216851 -0.0949317 0.0448737 -0.0212412 -0.0911991 0.0438224 -0.0202233 -0.0873625 0.0434104 -0.0186729 -0.083579 0.0436546 -0.0166535 -0.0800036 0.044545 -0.0142478 -0.0767825 0.0460452 -0.0115543 -0.0740477 0.0480937 -0.00868325 -0.0719112 0.0506067 -0.00575221 -0.0704603 0.0534813 -0.00288119 -0.0697545 0.0565997 -0.000187713 -0.0698227 0.0598345 0.00221795 -0.0706621 0.063053 0.00423735 -0.0722383 0.0661236 0.00578773 -0.0744869 0.0689205 0.00680571 -0.0773157 0.0713292 0.00724955 -0.0806089 0.0732512 0.00710108 -0.0842318 0.0746076 0.00636644 -0.0880358 0.0753431 0.00507561 -0.0918655 0.0754274 0.00328151 -0.095564 0.0748572 0.00105753 -0.0989797 0.0736558 -0.00150511 -0.101973 0.0718722 -0.00430171 -0.104421 0.0695797 -0.0072177 -0.106224 0.0596628 -0.00166514 -0.11171 0.0566194 -0.00449094 -0.112034 0.053393 -0.00708043 -0.111573 0.0501159 -0.00932764 -0.110346 0.0469221 -0.0111405 -0.108404 0.0439424 -0.0124447 -0.105825 0.0412989 -0.0131871 -0.102717 0.0390996 -0.0133371 -0.0992043 0.0374348 -0.0128886 -0.0954327 0.0363724 -0.0118601 -0.091556 0.0359561 -0.0102934 -0.087733 0.0362029 -0.00825295 -0.0841203 0.0371026 -0.00582217 -0.0808656 0.0386184 -0.00310052 -0.0781022 0.0406883 -0.000199547 -0.0759433 0.0432276 0.00276204 -0.0744773 0.0461322 0.0056631 -0.0737641 0.0492833 0.00838469 -0.0738331 0.0525518 0.0108155 -0.0746813 0.0558039 0.012856 -0.0762739 0.0589065 0.0144226 -0.078546 0.0617327 0.0154511 -0.0814043 0.0641665 0.0158996 -0.0847319 0.0661085 0.0157496 -0.0883926 0.0674791 0.0150073 -0.0922364 0.0682223 0.013703 -0.0961061 0.0683075 0.0118902 -0.0998431 0.0677313 0.00964301 -0.103295 0.0665173 0.00705352 -0.106319 0.0647152 0.00422772 -0.108793 0.0623987 0.00128126 -0.110615 0.0522527 0.00686615 -0.115544 0.0492676 0.00409448 -0.115862 0.046103 0.0015546 -0.11541 0.0428887 -0.000649458 -0.114206 0.0397561 -0.00242753 -0.112301 0.0368335 -0.00370681 -0.109772 0.0342406 -0.00443495 -0.106723 0.0320835 -0.00458209 -0.103278 0.0304506 -0.00414222 -0.0995787 0.0294086 -0.00313334 -0.0957763 0.0290003 -0.00159674 -0.0920265 0.0292423 0.000404619 -0.088483 0.0301248 0.00278883 -0.0852907 0.0316116 0.00545828 -0.0825802 0.0336418 0.00830371 -0.0804627 0.0361324 0.0112086 -0.0790248 0.0389814 0.014054 -0.0783253 0.042072 0.0167235 -0.0783929 0.0452779 0.0191077 -0.0792248 0.0484677 0.0211091 -0.080787 0.0515109 0.0226457 -0.0830155 0.0542829 0.0236546 -0.0858191 0.0566701 0.0240945 -0.0890829 0.0585749 0.0239473 -0.0926734 0.0599193 0.0232192 -0.0964437 0.0606482 0.0219399 -0.100239 0.0607318 0.0201618 -0.103905 0.0601667 0.0179577 -0.10729 0.0589759 0.0154178 -0.110257 0.0572083 0.0126462 -0.112683 0.0549362 0.0097562 -0.11447 0.0446405 0.0154631 -0.118816 0.0418028 0.0128283 -0.119118 0.0387946 0.0104138 -0.118688 0.0357389 0.00831858 -0.117544 0.0327611 0.00662834 -0.115733 0.0299829 0.00541222 -0.113329 0.027518 0.00472002 -0.110431 0.0254674 0.00458016 -0.107156 0.0239152 0.00499836 -0.103639 0.0229246 0.00595739 -0.100025 0.0225365 0.00741807 -0.0964601 0.0227666 0.0093206 -0.0930916 0.0236054 0.0115871 -0.0900569 0.0250188 0.0141247 -0.0874804 0.0269488 0.0168296 -0.0854674 0.0293163 0.019591 -0.0841005 0.0320246 0.0222959 -0.0834356 0.0349626 0.0248336 -0.0834998 0.0380101 0.0271001 -0.0842907 0.0410425 0.0290026 -0.0857757 0.0439353 0.0304633 -0.0878941 0.0465704 0.0314223 -0.0905592 0.0488397 0.0318405 -0.0936619 0.0506505 0.0317006 -0.0970751 0.0519284 0.0310084 -0.100659 0.0526213 0.0297923 -0.104267 0.0527008 0.0281021 -0.107751 0.0521636 0.0260068 -0.11097 0.0510316 0.0235924 -0.11379 0.0493513 0.0209576 -0.116096 0.0471915 0.0182103 -0.117795 0.0368244 0.0241284 -0.121531 0.0342227 0.0217128 -0.121808 0.0314648 0.0194993 -0.121414 0.0286633 0.0175783 -0.120365 0.0259332 0.0160286 -0.118705 0.0233861 0.0149137 -0.1165 0.0211263 0.0142791 -0.113843 0.0192463 0.0141509 -0.110841 0.0178231 0.0145343 -0.107616 0.016915 0.0154135 -0.104303 0.0165591 0.0167527 -0.101035 0.0167701 0.0184969 -0.0979463 0.0175392 0.0205749 -0.095164 0.018835 0.0229014 -0.0928019 0.0206044 0.0253813 -0.0909564 0.022775 0.027913 -0.0897032 0.025258 0.0303929 -0.0890935 0.0279516 0.0327194 -0.0891525 0.0307456 0.0347974 -0.0898775 0.0335257 0.0365416 -0.091239 0.0361779 0.0378808 -0.0931812 0.0385937 0.03876 -0.0956246 0.0406743 0.0391434 -0.0984692 0.0423344 0.0390152 -0.101598 0.0435061 0.0383806 -0.104884 0.0441413 0.0372657 -0.108192 0.0442142 0.035716 -0.111387 0.0437216 0.033795 -0.114337 0.0426839 0.0315815 -0.116923 0.0411433 0.0291659 -0.119037 0.0391632 0.0266472 -0.120595 0.0359545 0.0441276 -0.10501 0.0348583 0.0442591 -0.102852 0.0344415 0.0442445 -0.102158 0.0325452 0.0438951 -0.099566 0.0303435 0.0430937 -0.097339 0.0279262 0.0418732 -0.0955689 0.0253925 0.0402835 -0.0943281 0.0228461 0.0383897 -0.0936673 0.0203911 0.0362693 -0.0936136 0.0181282 0.0340091 -0.0941692 0.0161499 0.0317018 -0.0953114 0.0145373 0.0294416 -0.0969933 0.0133562 0.0273212 -0.0991462 0.0126553 0.0254274 -0.101682 0.0124631 0.0238377 -0.104497 0.0127874 0.0226172 -0.107475 0.0136151 0.0218158 -0.110495 0.0149121 0.0214664 -0.113434 0.0166255 0.0215833 -0.11617 0.0186851 0.0221616 -0.118592 0.0210065 0.0231778 -0.120601 0.0234948 0.0245902 -0.122114 0.0260479 0.0263409 -0.12307 0.0285615 0.0283583 -0.123429 0.0309327 0.0305599 -0.123177 0.0330642 0.0328555 -0.122323 0.0348689 0.035151 -0.120904 0.0362729 0.0373525 -0.118977 0.0372188 0.03937 -0.11662 0.0376677 0.0411208 -0.113931 0.0376013 0.0425331 -0.11102 0.0370223 0.0435493 -0.108005 0.099566 -0.0438951 -0.0325452 0.102158 -0.0442445 -0.0344415 0.113434 -0.0214664 -0.0149121 0.120904 -0.035151 -0.0348689 0.122323 -0.0328555 -0.0330642 0.123177 -0.0305599 -0.0309327 0.118977 -0.0373525 -0.0362729 0.123429 -0.0283583 -0.0285615 0.11662 -0.03937 -0.0372188 0.12307 -0.0263409 -0.0260479 0.113931 -0.0411207 -0.0376677 0.122114 -0.0245902 -0.0234948 0.11102 -0.0425331 -0.0376013 0.120601 -0.0231778 -0.0210065 0.108005 -0.0435493 -0.0370223 0.118592 -0.0221616 -0.0186851 0.10501 -0.0441276 -0.0359545 0.11617 -0.0215833 -0.0166255 0.114141 -0.0214518 -0.0153039 0.0943281 -0.0402835 -0.0253925 0.0955689 -0.0418732 -0.0279262 0.0936673 -0.0383897 -0.0228461 0.097339 -0.0430937 -0.0303435 0.0936136 -0.0362693 -0.0203911 0.0953114 -0.0317017 -0.0161499 0.0969933 -0.0294416 -0.0145373 0.110495 -0.0218158 -0.0136151 0.107475 -0.0226172 -0.0127874 0.0941692 -0.0340091 -0.0181282 0.104497 -0.0238377 -0.0124631 0.101682 -0.0254274 -0.0126553 0.0991462 -0.0273212 -0.0133562 0.109845 -0.0114736 -0.0209209 0.112932 -0.0116054 -0.0228543 0.115665 -0.012258 -0.0251782 0.117932 -0.0134047 -0.0277976 0.119639 -0.0149983 -0.0306053 0.120718 -0.0169738 -0.0334862 0.121123 -0.0192502 -0.0363224 0.120838 -0.0217344 -0.0389979 0.119876 -0.0243246 -0.0414031 0.118274 -0.0269148 -0.0434395 0.116099 -0.0293989 -0.0450237 0.11344 -0.0316753 -0.046091 0.110406 -0.0336508 -0.0465975 0.107121 -0.0352445 -0.0465226 0.103719 -0.0363911 -0.0458693 0.10034 -0.0370437 -0.0446644 0.097122 -0.0371755 -0.0429572 0.0941968 -0.0367813 -0.0408176 0.091684 -0.035877 -0.0383332 0.0896867 -0.0344999 -0.0356056 0.0882865 -0.0327061 -0.0327466 0.0875409 -0.0305692 -0.0298733 0.0874803 -0.0281766 -0.0271033 0.0881073 -0.0256263 -0.0245498 0.089396 -0.0230228 -0.0223176 0.0912939 -0.0204725 -0.0204979 0.0937231 -0.0180799 -0.0191654 0.0965844 -0.015943 -0.0183744 0.0997603 -0.0141492 -0.0181575 0.103121 -0.0127721 -0.0185235 0.106529 -0.0118678 -0.0194574 0.115151 -0.0185484 -0.0516752 0.112802 -0.0212316 -0.0533863 0.109931 -0.0236903 -0.054539 0.106653 -0.025824 -0.0550861 0.103105 -0.0275453 -0.0550052 0.0994307 -0.0287838 -0.0542996 0.095781 -0.0294886 -0.0529981 0.0923051 -0.0296311 -0.0511542 0.0891455 -0.0292052 -0.0488432 0.0864315 -0.0282286 -0.0461597 0.0842741 -0.0267411 -0.0432138 0.0827618 -0.0248037 -0.0401258 0.0819565 -0.0224956 -0.0370223 0.0818911 -0.0199113 -0.0340304 0.0825682 -0.0171568 -0.0312724 0.0839602 -0.0143447 -0.0288613 0.0860101 -0.0115901 -0.026896 0.088634 -0.0090059 -0.0254566 0.0917243 -0.00669781 -0.0246023 0.0951547 -0.00476036 -0.024368 0.0987847 -0.00327284 -0.0247633 0.102466 -0.00229616 -0.025772 0.106047 -0.00187038 -0.0273528 0.109382 -0.00201277 -0.029441 0.112334 -0.00271767 -0.0319511 0.114782 -0.00395606 -0.0347804 0.116626 -0.00567743 -0.0378129 0.117791 -0.0078111 -0.0409246 0.118229 -0.0102699 -0.043988 0.117921 -0.0129531 -0.0468778 0.116881 -0.0157507 -0.0494757 0.111567 -0.0101337 -0.0594955 0.109119 -0.0129304 -0.0612791 0.106125 -0.0154931 -0.0624805 0.10271 -0.017717 -0.0630508 0.0990112 -0.0195111 -0.0629664 0.0951815 -0.020802 -0.062231 0.0913774 -0.0215366 -0.0608745 0.0877546 -0.0216851 -0.0589526 0.0844614 -0.0212412 -0.0565438 0.0816326 -0.0202233 -0.053747 0.079384 -0.0186729 -0.0506763 0.0778077 -0.0166535 -0.0474578 0.0769684 -0.0142478 -0.0442231 0.0769001 -0.0115543 -0.0411046 0.0776059 -0.00868325 -0.03823 0.0790568 -0.00575221 -0.035717 0.0811934 -0.00288119 -0.0336685 0.0839282 -0.000187713 -0.0321684 0.0871493 0.00221795 -0.0312779 0.0907247 0.00423735 -0.0310337 0.0945081 0.00578773 -0.0314458 0.0983448 0.00680571 -0.0324971 0.102077 0.00724955 -0.0341447 0.105553 0.00710108 -0.0363212 0.10863 0.00636644 -0.0389375 0.111182 0.00507561 -0.0418863 0.113104 0.00328151 -0.0450471 0.114318 0.00105753 -0.0482904 0.114774 -0.00150511 -0.0514834 0.114454 -0.00430171 -0.0544954 0.11337 -0.0072177 -0.0572031 0.107524 -0.00166514 -0.0669122 0.105051 -0.00449094 -0.0687144 0.102026 -0.00708043 -0.0699284 0.0985747 -0.00932764 -0.0705046 0.0948376 -0.0111405 -0.0704194 0.090968 -0.0124447 -0.0696763 0.0871241 -0.0131871 -0.0683056 0.0834635 -0.0133371 -0.0663636 0.0801358 -0.0128886 -0.0639297 0.0772775 -0.0118601 -0.0611036 0.0750055 -0.0102934 -0.0580009 0.0734127 -0.00825295 -0.0547488 0.0725646 -0.00582217 -0.0514803 0.0724957 -0.00310052 -0.0483293 0.0732088 -0.000199547 -0.0454246 0.0746748 0.00276204 -0.0428854 0.0768337 0.0056631 -0.0408155 0.0795971 0.00838469 -0.0392997 0.0828518 0.0108155 -0.0384 0.0864646 0.012856 -0.0381532 0.0902876 0.0144226 -0.0385695 0.0941642 0.0154511 -0.0396318 0.0979358 0.0158996 -0.0412967 0.101448 0.0157496 -0.0434959 0.104557 0.0150073 -0.0461395 0.107135 0.013703 -0.0491192 0.109078 0.0118902 -0.0523129 0.110304 0.00964301 -0.0555901 0.110765 0.00705352 -0.0588164 0.110442 0.00422772 -0.0618599 0.109346 0.00128126 -0.0645958 0.103024 0.00686615 -0.0739377 0.100598 0.00409448 -0.0757053 0.0976312 0.0015546 -0.0768961 0.0942459 -0.000649458 -0.0774612 0.0905804 -0.00242753 -0.0773776 0.0867849 -0.00370681 -0.0766488 0.0830147 -0.00443495 -0.0753044 0.0794242 -0.00458209 -0.0733996 0.0761603 -0.00414222 -0.0710123 0.0733568 -0.00313334 -0.0682404 0.0711282 -0.00159674 -0.0651972 0.069566 0.000404619 -0.0620074 0.0687341 0.00278883 -0.0588014 0.0686666 0.00545828 -0.0557108 0.069366 0.00830371 -0.0528618 0.070804 0.0112086 -0.0503712 0.0729215 0.014054 -0.048341 0.0756319 0.0167235 -0.0468542 0.0788243 0.0191077 -0.0459718 0.0823678 0.0211091 -0.0457297 0.0861176 0.0226457 -0.0461381 0.0899199 0.0236546 -0.04718 0.0936192 0.0240945 -0.048813 0.0970641 0.0239473 -0.0509701 0.100113 0.0232192 -0.053563 0.102642 0.0219399 -0.0564855 0.104548 0.0201618 -0.0596181 0.105751 0.0179577 -0.0628325 0.106203 0.0154178 -0.065997 0.105885 0.0126462 -0.0689822 0.104811 0.0097562 -0.0716657 0.0980678 0.0154631 -0.0805775 0.0957613 0.0128283 -0.0822578 0.0929412 0.0104138 -0.0833898 0.0897231 0.00831858 -0.083927 0.0862386 0.00662834 -0.0838476 0.0826306 0.00541222 -0.0831546 0.0790466 0.00472002 -0.0818767 0.0756334 0.00458016 -0.080066 0.0725308 0.00499836 -0.0777966 0.0698656 0.00595739 -0.0751616 0.0677472 0.00741807 -0.0722687 0.0662622 0.0093206 -0.0692364 0.0654713 0.0115871 -0.0661888 0.0654071 0.0141247 -0.0632508 0.0660721 0.0168296 -0.0605426 0.067439 0.019591 -0.058175 0.0694519 0.0222959 -0.056245 0.0720284 0.0248336 -0.0548316 0.0750631 0.0271001 -0.0539927 0.0784316 0.0290026 -0.0537626 0.0819962 0.0304633 -0.0541509 0.0856107 0.0314223 -0.0551414 0.0891274 0.0318405 -0.0566937 0.0924021 0.0317006 -0.0587442 0.0953009 0.0310084 -0.0612091 0.097705 0.0297923 -0.0639873 0.099516 0.0281021 -0.0669652 0.10066 0.0260068 -0.0700207 0.10109 0.0235924 -0.073029 0.100788 0.0209576 -0.0758667 0.0997665 0.0182103 -0.0784177 0.0926563 0.0241284 -0.0868366 0.0905416 0.0217128 -0.0883771 0.0879561 0.0194993 -0.0894149 0.0850057 0.0175783 -0.0899074 0.0818111 0.0160286 -0.0898346 0.0785032 0.0149137 -0.0891993 0.0752174 0.0142791 -0.0880277 0.0720881 0.0141509 -0.0863676 0.0692436 0.0145343 -0.084287 0.0668002 0.0154135 -0.0818712 0.0648579 0.0167527 -0.079219 0.0634965 0.0184969 -0.0764389 0.0627715 0.0205749 -0.0736449 0.0627125 0.0229014 -0.0709513 0.0633222 0.0253813 -0.0684683 0.0645754 0.027913 -0.0662977 0.0664209 0.0303929 -0.0645283 0.068783 0.0327194 -0.0632324 0.0715653 0.0347974 -0.0624634 0.0746536 0.0365416 -0.0622524 0.0779216 0.0378808 -0.0626083 0.0812355 0.03876 -0.0635164 0.0844596 0.0391434 -0.0649396 0.0874619 0.0390152 -0.0668196 0.0901195 0.0383806 -0.0690794 0.0923236 0.0372657 -0.0716265 0.0939839 0.035716 -0.0743567 0.0950326 0.033795 -0.077158 0.0954266 0.0315815 -0.079916 0.0951498 0.0291659 -0.0825176 0.0942136 0.0266472 -0.0848564 0.0836427 0.0441276 -0.0729645 0.081614 0.0442591 -0.0716429 0.0809064 0.0442445 -0.0712511 0.077968 0.0438951 -0.069954 0.0749478 0.0430937 -0.0691263 0.0719693 0.0418732 -0.068802 0.0691547 0.0402835 -0.0689943 0.0666189 0.0383897 -0.0696952 0.064466 0.0362693 -0.0708762 0.0627841 0.0340091 -0.0724888 0.0616419 0.0317018 -0.0744671 0.0610863 0.0294416 -0.0767301 0.06114 0.0273212 -0.079185 0.0618008 0.0254274 -0.0817314 0.0630417 0.0238377 -0.0842651 0.0648118 0.0226172 -0.0866824 0.0670387 0.0218158 -0.0888842 0.0696311 0.0214664 -0.0907804 0.0724831 0.0215833 -0.0922934 0.0754778 0.0221616 -0.0933612 0.0784927 0.0231778 -0.0939402 0.0814041 0.0245902 -0.0940066 0.0840931 0.0263409 -0.0935577 0.0864495 0.0283583 -0.0926119 0.0883768 0.0305599 -0.0912079 0.0897962 0.0328555 -0.0894031 0.0906495 0.035151 -0.0872716 0.0909017 0.0373525 -0.0849005 0.0905426 0.03937 -0.0823869 0.0895869 0.0411208 -0.0798337 0.0880736 0.0425331 -0.0773454 0.0860648 0.0435493 -0.075024 0.0917505 -0.0284914 0.0368477 0.0908419 -0.0306307 0.0347298 0.0905351 -0.0328555 0.0325273 0.121252 -0.0372194 0.0282069 0.0908419 -0.0350802 0.0303247 0.119777 -0.0391909 0.026255 0.117791 -0.0409191 0.0245442 0.122161 -0.0306307 0.0347298 0.122467 -0.0328555 0.0325273 0.122161 -0.0350802 0.0303247 0.121252 -0.0284914 0.0368477 0.119777 -0.0265199 0.0387995 0.0932259 -0.0265199 0.0387995 0.0952115 -0.0247919 0.0405103 0.0917505 -0.0372194 0.0282069 0.0932259 -0.0391909 0.026255 0.0952115 -0.0409191 0.0245442 0.0976309 -0.0233736 0.0419144 0.103386 -0.0216709 0.0436001 0.100391 -0.0223198 0.0429576 0.112611 -0.043391 0.0220969 0.100391 -0.043391 0.0220969 0.109616 -0.04404 0.0214545 0.103386 -0.04404 0.0214545 0.106501 -0.0442591 0.0212375 0.0976309 -0.0423372 0.0231402 0.115372 -0.0423372 0.0231402 0.115372 -0.0233736 0.0419144 0.112611 -0.0223198 0.0429576 0.109616 -0.0216709 0.0436001 0.117791 -0.0247919 0.0405103 0.106501 -0.0214518 0.043817 0.124075 -0.0272954 0.0220792 0.123055 -0.0296961 0.0197025 0.121399 -0.0319087 0.017512 0.119171 -0.033848 0.0155921 0.116456 -0.0354395 0.0140164 0.113358 -0.0366222 0.0128457 0.109997 -0.0373504 0.0121247 0.106501 -0.0375963 0.0118812 0.103006 -0.0373504 0.0121247 0.0996444 -0.0366222 0.0128457 0.0965466 -0.0354395 0.0140164 0.0938314 -0.033848 0.0155921 0.0916031 -0.0319087 0.017512 0.0899473 -0.0296961 0.0197025 0.0889277 -0.0272954 0.0220792 0.0885834 -0.0247987 0.024551 0.0889277 -0.022302 0.0270227 0.0899473 -0.0199013 0.0293995 0.0916031 -0.0176887 0.0315899 0.0938314 -0.0157494 0.0335099 0.0965466 -0.0141578 0.0350856 0.0996444 -0.0129753 0.0362564 0.103006 -0.012247 0.0369774 0.106501 -0.0120011 0.0372208 0.109997 -0.012247 0.0369774 0.113358 -0.0129753 0.0362564 0.116456 -0.0141578 0.0350856 0.119171 -0.0157494 0.0335099 0.121399 -0.0176887 0.0315899 0.123055 -0.0199013 0.0293995 0.124075 -0.022302 0.0270227 0.124419 -0.0247987 0.024551 0.125459 -0.0193958 0.0138693 0.124359 -0.0219857 0.0113053 0.122573 -0.0243725 0.00894235 0.120169 -0.0264645 0.00687118 0.11724 -0.0281814 0.00517142 0.113898 -0.0294572 0.00390844 0.110272 -0.0302428 0.00313065 0.106501 -0.0305081 0.00286803 0.10273 -0.0302428 0.00313065 0.0991043 -0.0294572 0.00390844 0.0957626 -0.0281814 0.00517142 0.0928335 -0.0264645 0.00687118 0.0904298 -0.0243725 0.00894235 0.0886436 -0.0219857 0.0113053 0.0875436 -0.0193958 0.0138693 0.0871722 -0.0167025 0.0165357 0.0875436 -0.0140092 0.0192021 0.0886436 -0.0114193 0.0217661 0.0904298 -0.00903257 0.024129 0.0928335 -0.00694051 0.0262002 0.0957626 -0.00522359 0.0278999 0.0991043 -0.00394787 0.029163 0.10273 -0.00316224 0.0299407 0.106501 -0.00289697 0.0302033 0.110272 -0.00316224 0.0299407 0.113898 -0.00394787 0.029163 0.11724 -0.00522359 0.0278999 0.120169 -0.00694051 0.0262002 0.122573 -0.00903257 0.024129 0.124359 -0.0114193 0.0217661 0.125459 -0.0140092 0.0192021 0.12583 -0.0167025 0.0165357 0.1263 -0.0114532 0.00576926 0.125151 -0.014158 0.00309155 0.123286 -0.0166507 0.000623734 0.120775 -0.0188356 -0.00153931 0.117716 -0.0206287 -0.00331447 0.114226 -0.0219611 -0.0046336 0.11044 -0.0227816 -0.00544584 0.106501 -0.0230586 -0.00572015 0.102563 -0.0227816 -0.00544584 0.0987761 -0.0219611 -0.0046336 0.095286 -0.0206287 -0.00331447 0.092227 -0.0188356 -0.00153931 0.0897165 -0.0166507 0.000623734 0.087851 -0.014158 0.00309155 0.0867023 -0.0114532 0.00576926 0.0863144 -0.00864038 0.00855408 0.0867023 -0.00582747 0.0113388 0.087851 -0.00312274 0.0140166 0.0897165 -0.000630026 0.0164844 0.092227 0.00155484 0.0186475 0.095286 0.00334791 0.0204227 0.0987761 0.00468035 0.0217418 0.102563 0.00550079 0.0225541 0.106501 0.00577786 0.0228283 0.11044 0.00550079 0.0225541 0.114226 0.00468035 0.0217418 0.117716 0.00334791 0.0204227 0.120775 0.00155484 0.0186475 0.123286 -0.000630026 0.0164844 0.125151 -0.00312274 0.0140166 0.1263 -0.00582747 0.0113388 0.126688 -0.00864038 0.00855408 0.126606 -0.0034658 -0.00222435 0.125439 -0.00621231 -0.00494349 0.123545 -0.00874358 -0.00744942 0.120996 -0.0109622 -0.00964593 0.11789 -0.012783 -0.0114485 0.114346 -0.014136 -0.012788 0.1105 -0.0149691 -0.0136128 0.106501 -0.0152505 -0.0138913 0.102502 -0.0149691 -0.0136128 0.0986567 -0.014136 -0.012788 0.0951128 -0.012783 -0.0114485 0.0920065 -0.0109622 -0.00964593 0.0894572 -0.00874358 -0.00744942 0.0875629 -0.00621231 -0.00494349 0.0863965 -0.0034658 -0.00222435 0.0860025 -0.000609484 0.000603396 0.0863965 0.00224679 0.00343118 0.0875629 0.00499336 0.00615026 0.0894572 0.00752457 0.00865625 0.0920065 0.00974325 0.0108527 0.0951128 0.011564 0.0126553 0.0986567 0.012917 0.0139948 0.102502 0.0137502 0.0148196 0.106501 0.0140315 0.0150981 0.1105 0.0137502 0.0148196 0.114346 0.012917 0.0139948 0.11789 0.011564 0.0126553 0.120996 0.00974325 0.0108527 0.123545 0.00752457 0.00865625 0.125439 0.00499336 0.00615026 0.126606 0.00224679 0.00343118 0.127 -0.000609484 0.000603396 0.126382 0.00457547 -0.0101223 0.125229 0.00185948 -0.0128112 0.123355 -0.000643516 -0.0152892 0.120835 -0.00283742 -0.0174613 0.117763 -0.00463796 -0.0192438 0.114258 -0.00597582 -0.0205683 0.110456 -0.00679975 -0.021384 0.106501 -0.0070779 -0.0216594 0.102547 -0.00679975 -0.021384 0.0987441 -0.00597582 -0.0205683 0.0952396 -0.00463796 -0.0192438 0.0921679 -0.00283742 -0.0174613 0.089647 -0.000643516 -0.0152892 0.0877739 0.00185948 -0.0128112 0.0866203 0.00457547 -0.0101223 0.0862309 0.00739995 -0.00732603 0.0866203 0.0102245 -0.00452977 0.0877739 0.0129404 -0.00184091 0.089647 0.0154435 0.000637088 0.0921679 0.0176374 0.00280908 0.0952396 0.0194379 0.00459164 0.0987441 0.0207758 0.00591613 0.102547 0.0215997 0.00673183 0.106501 0.0218779 0.0070072 0.110456 0.0215997 0.00673183 0.114258 0.0207758 0.00591613 0.117763 0.0194379 0.00459164 0.120835 0.0176374 0.00280908 0.123355 0.0154435 0.000637088 0.125229 0.0129404 -0.00184091 0.126382 0.0102245 -0.00452977 0.126772 0.00739995 -0.00732603 0.125632 0.0126724 -0.0179274 0.124522 0.0100589 -0.0205148 0.12272 0.00765022 -0.0228994 0.120294 0.00553902 -0.0249895 0.117338 0.00380639 -0.0267048 0.113966 0.00251899 -0.0279794 0.110307 0.00172619 -0.0287643 0.106501 0.00145845 -0.0290294 0.102696 0.00172619 -0.0287643 0.0990367 0.00251899 -0.0279794 0.0956644 0.00380639 -0.0267048 0.0927085 0.00553902 -0.0249895 0.0902827 0.00765022 -0.0228994 0.0884802 0.0100589 -0.0205148 0.0873702 0.0126724 -0.0179274 0.0869954 0.0153903 -0.0152366 0.0873702 0.0181083 -0.0125458 0.0884802 0.0207218 -0.00995838 0.0902827 0.0231305 -0.00757381 0.0927085 0.0252417 -0.00548369 0.0956644 0.0269743 -0.00376837 0.0990367 0.0282617 -0.00249383 0.102696 0.0290545 -0.00170894 0.106501 0.0293222 -0.00144388 0.110307 0.0290545 -0.00170894 0.113966 0.0282617 -0.00249383 0.117338 0.0269743 -0.00376837 0.120294 0.0252417 -0.00548369 0.12272 0.0231305 -0.00757381 0.124522 0.0207218 -0.00995838 0.125632 0.0181083 -0.0125458 0.126007 0.0153903 -0.0152366 0.124359 0.0208277 -0.0256432 0.123323 0.018388 -0.0280584 0.121641 0.0161397 -0.0302843 0.119376 0.014169 -0.0322353 0.116617 0.0125516 -0.0338365 0.113469 0.0113499 -0.0350262 0.110053 0.0106099 -0.0357589 0.106501 0.0103599 -0.0360063 0.102949 0.0106099 -0.0357589 0.0995334 0.0113499 -0.0350262 0.0963855 0.0125516 -0.0338365 0.0936263 0.014169 -0.0322353 0.0913619 0.0161397 -0.0302843 0.0896793 0.018388 -0.0280584 0.0886432 0.0208277 -0.0256432 0.0882933 0.0233648 -0.0231314 0.0886432 0.0259019 -0.0206196 0.0896793 0.0283415 -0.0182044 0.0913619 0.0305898 -0.0159785 0.0936263 0.0325606 -0.0140275 0.0963855 0.0341778 -0.0124263 0.0995334 0.0353796 -0.0112365 0.102949 0.0361197 -0.0105039 0.106501 0.0363695 -0.0102565 0.110053 0.0361197 -0.0105039 0.113469 0.0353796 -0.0112365 0.116617 0.0341778 -0.0124263 0.119376 0.0325606 -0.0140275 0.121641 0.0305898 -0.0159785 0.123323 0.0283415 -0.0182044 0.124359 0.0259019 -0.0206196 0.124709 0.0233648 -0.0231314 0.122653 0.028691 -0.0329479 0.121716 0.0264846 -0.0351323 0.120194 0.0244511 -0.0371456 0.118146 0.0226687 -0.0389101 0.11565 0.0212059 -0.0403582 0.112803 0.020119 -0.0414344 0.109714 0.0194497 -0.042097 0.106501 0.0192237 -0.0423208 0.103289 0.0194497 -0.042097 0.100199 0.020119 -0.0414344 0.0973522 0.0212059 -0.0403582 0.0948567 0.0226687 -0.0389101 0.0928087 0.0244511 -0.0371456 0.0912869 0.0264846 -0.0351323 0.0903498 0.028691 -0.0329479 0.0900334 0.0309857 -0.0306762 0.0903498 0.0332803 -0.0284044 0.0912869 0.0354868 -0.02622 0.0928087 0.0375203 -0.0242069 0.0948567 0.0393027 -0.0224422 0.0973522 0.0407655 -0.0209941 0.100199 0.0418524 -0.0199181 0.103289 0.0425217 -0.0192554 0.106501 0.0427477 -0.0190317 0.109714 0.0425217 -0.0192554 0.112803 0.0418524 -0.0199181 0.11565 0.0407655 -0.0209941 0.118146 0.0393027 -0.0224422 0.120194 0.0375203 -0.0242069 0.121716 0.0354868 -0.02622 0.122653 0.0332803 -0.0284044 0.122969 0.0309857 -0.0306762 0.122161 0.0306307 -0.0347298 0.121252 0.0284914 -0.0368477 0.119777 0.0265199 -0.0387995 0.117791 0.0247919 -0.0405103 0.115372 0.0233736 -0.0419144 0.112611 0.0223198 -0.0429576 0.109616 0.0216709 -0.0436001 0.106501 0.0214518 -0.043817 0.103386 0.0216709 -0.0436001 0.100391 0.0223198 -0.0429576 0.0976309 0.0233736 -0.0419144 0.0952115 0.0247919 -0.0405103 0.0932259 0.0265199 -0.0387995 0.0917505 0.0284914 -0.0368477 0.0908419 0.0306307 -0.0347298 0.0905351 0.0328555 -0.0325273 0.0908419 0.0350802 -0.0303247 0.0917505 0.0372194 -0.0282069 0.0932259 0.0391909 -0.026255 0.0952115 0.0409191 -0.0245442 0.0976309 0.0423372 -0.0231402 0.100391 0.043391 -0.0220969 0.103386 0.04404 -0.0214545 0.106501 0.0442591 -0.0212375 0.109616 0.04404 -0.0214545 0.112611 0.043391 -0.0220969 0.115372 0.0423372 -0.0231402 0.117791 0.0409191 -0.0245442 0.119777 0.0391909 -0.026255 0.121252 0.0372194 -0.0282069 0.122161 0.0350802 -0.0303247 0.122467 0.0328555 -0.0325273 0.0906495 -0.035151 0.0872716 0.0897962 -0.0328555 0.0894031 0.0883768 -0.0305599 0.0912079 0.0909017 -0.0373525 0.0849005 0.0864495 -0.0283583 0.0926119 0.0905426 -0.03937 0.0823869 0.0840931 -0.0263409 0.0935577 0.0895869 -0.0411207 0.0798337 0.0814041 -0.0245902 0.0940066 0.0880736 -0.0425331 0.0773454 0.0784927 -0.0231778 0.0939402 0.0860648 -0.0435493 0.075024 0.0754778 -0.0221616 0.0933612 0.0836427 -0.0441276 0.0729645 0.0724831 -0.0215833 0.0922934 0.0809064 -0.0442445 0.0712511 0.0703242 -0.0214518 0.0911973 0.0696311 -0.0214664 0.0907804 0.0670387 -0.0218158 0.0888842 0.0648118 -0.0226172 0.0866824 0.0630417 -0.0238377 0.0842651 0.0691547 -0.0402835 0.0689943 0.0719693 -0.0418732 0.068802 0.0666189 -0.0383897 0.0696952 0.0749478 -0.0430937 0.0691263 0.064466 -0.0362693 0.0708762 0.077968 -0.0438951 0.069954 0.0627841 -0.0340091 0.0724888 0.0616419 -0.0317017 0.0744671 0.0610863 -0.0294416 0.0767301 0.0618008 -0.0254274 0.0817314 0.06114 -0.0273212 0.079185 0.0730404 -0.0114736 0.0846678 0.0762585 -0.0116054 0.086375 0.0796376 -0.012258 0.0875799 0.0830394 -0.0134047 0.0882332 0.0863246 -0.0149983 0.0883081 0.0893588 -0.0169738 0.0878016 0.0920177 -0.0192502 0.0867344 0.0941924 -0.0217344 0.0851501 0.095794 -0.0243246 0.0831138 0.0967568 -0.0269148 0.0807086 0.0970414 -0.0293989 0.0780331 0.0966362 -0.0316753 0.0751968 0.0955577 -0.0336508 0.0723159 0.0938503 -0.0352445 0.0695082 0.0915836 -0.0363911 0.0668888 0.0888506 -0.0370437 0.0645649 0.085763 -0.0371755 0.0626316 0.0824474 -0.0367813 0.061168 0.0790395 -0.035877 0.0602341 0.0756787 -0.0344999 0.0598681 0.0725027 -0.0327061 0.060085 0.0696415 -0.0305692 0.0608759 0.0672123 -0.0281766 0.0622085 0.0653144 -0.0256263 0.0640282 0.0640256 -0.0230228 0.0662605 0.0633987 -0.0204725 0.0688138 0.0634593 -0.0180799 0.0715839 0.0642049 -0.015943 0.0744573 0.065605 -0.0141492 0.0773162 0.0676024 -0.0127721 0.0800437 0.0701151 -0.0118678 0.0825282 0.102328 -0.0185484 0.0738864 0.102635 -0.0212316 0.0709966 0.102198 -0.0236903 0.0679332 0.101033 -0.025824 0.0648215 0.0991884 -0.0275453 0.061789 0.0967402 -0.0287838 0.0589598 0.0937882 -0.0294886 0.0564497 0.0904534 -0.0296311 0.0543614 0.0868722 -0.0292052 0.0527807 0.0831912 -0.0282286 0.0517719 0.0795613 -0.0267411 0.0513766 0.0761309 -0.0248037 0.051611 0.0730405 -0.0224956 0.0524652 0.0704167 -0.0199113 0.0539046 0.0683668 -0.0171568 0.0558699 0.0669748 -0.0143447 0.058281 0.0662976 -0.0115901 0.061039 0.066363 -0.0090059 0.0640309 0.0671684 -0.00669781 0.0671344 0.0686807 -0.00476036 0.0702224 0.070838 -0.00327284 0.0731684 0.073552 -0.00229616 0.0758518 0.0767117 -0.00187038 0.0781628 0.0801875 -0.00201277 0.0800068 0.0838373 -0.00271767 0.0813082 0.0875116 -0.00395606 0.0820138 0.09106 -0.00567743 0.0820947 0.0943372 -0.0078111 0.0815476 0.097209 -0.0102699 0.0803949 0.099558 -0.0129531 0.0786838 0.101288 -0.0157507 0.0764843 0.107308 -0.0101337 0.066872 0.107629 -0.0129304 0.06386 0.107172 -0.0154931 0.060667 0.105958 -0.017717 0.0574237 0.104036 -0.0195111 0.054263 0.101484 -0.020802 0.0513141 0.0984076 -0.0215366 0.0486979 0.0949317 -0.0216851 0.0465214 0.0911991 -0.0212412 0.0448737 0.0873625 -0.0202233 0.0438224 0.083579 -0.0186729 0.0434104 0.0800036 -0.0166535 0.0436546 0.0767825 -0.0142478 0.044545 0.0740477 -0.0115543 0.0460452 0.0719112 -0.00868325 0.0480937 0.0704603 -0.00575221 0.0506067 0.0697545 -0.00288119 0.0534813 0.0698227 -0.000187713 0.0565997 0.0706621 0.00221795 0.0598345 0.0722383 0.00423735 0.063053 0.0744869 0.00578773 0.0661236 0.0773157 0.00680571 0.0689205 0.0806089 0.00724955 0.0713292 0.0842318 0.00710108 0.0732512 0.0880358 0.00636644 0.0746076 0.0918655 0.00507561 0.0753431 0.095564 0.00328151 0.0754274 0.0989797 0.00105753 0.0748572 0.101973 -0.00150511 0.0736558 0.104421 -0.00430171 0.0718722 0.106224 -0.0072177 0.0695797 0.11171 -0.00166514 0.0596628 0.112034 -0.00449094 0.0566194 0.111573 -0.00708043 0.053393 0.110346 -0.00932764 0.0501159 0.108404 -0.0111405 0.0469221 0.105825 -0.0124447 0.0439424 0.102717 -0.0131871 0.0412989 0.0992043 -0.0133371 0.0390996 0.0954327 -0.0128886 0.0374348 0.091556 -0.0118601 0.0363724 0.087733 -0.0102934 0.0359561 0.0841203 -0.00825295 0.0362029 0.0808656 -0.00582217 0.0371026 0.0781022 -0.00310052 0.0386184 0.0759433 -0.000199547 0.0406883 0.0744773 0.00276204 0.0432276 0.0737641 0.0056631 0.0461322 0.0738331 0.00838469 0.0492833 0.0746813 0.0108155 0.0525518 0.0762739 0.012856 0.0558039 0.078546 0.0144226 0.0589065 0.0814043 0.0154511 0.0617327 0.0847319 0.0158996 0.0641665 0.0883926 0.0157496 0.0661085 0.0922364 0.0150073 0.0674791 0.0961061 0.013703 0.0682223 0.0998431 0.0118902 0.0683075 0.103295 0.00964301 0.0677313 0.106319 0.00705352 0.0665173 0.108793 0.00422772 0.0647152 0.110615 0.00128126 0.0623987 0.115544 0.00686615 0.0522527 0.115862 0.00409448 0.0492676 0.11541 0.0015546 0.046103 0.114206 -0.000649458 0.0428887 0.112301 -0.00242753 0.0397561 0.109772 -0.00370681 0.0368335 0.106723 -0.00443495 0.0342406 0.103278 -0.00458209 0.0320835 0.0995787 -0.00414222 0.0304506 0.0957763 -0.00313334 0.0294086 0.0920265 -0.00159674 0.0290003 0.088483 0.000404619 0.0292423 0.0852907 0.00278883 0.0301248 0.0825802 0.00545828 0.0316116 0.0804627 0.00830371 0.0336418 0.0790248 0.0112086 0.0361324 0.0783253 0.014054 0.0389814 0.0783929 0.0167235 0.042072 0.0792248 0.0191077 0.0452779 0.080787 0.0211091 0.0484677 0.0830155 0.0226457 0.0515109 0.0858191 0.0236546 0.0542829 0.0890829 0.0240945 0.0566701 0.0926734 0.0239473 0.0585749 0.0964437 0.0232192 0.0599193 0.100239 0.0219399 0.0606482 0.103905 0.0201618 0.0607318 0.10729 0.0179577 0.0601667 0.110257 0.0154178 0.0589759 0.112683 0.0126462 0.0572083 0.11447 0.0097562 0.0549362 0.118816 0.0154631 0.0446405 0.119118 0.0128283 0.0418028 0.118688 0.0104138 0.0387946 0.117544 0.00831858 0.0357389 0.115733 0.00662834 0.0327611 0.113329 0.00541222 0.0299829 0.110431 0.00472002 0.027518 0.107156 0.00458016 0.0254674 0.103639 0.00499836 0.0239152 0.100025 0.00595739 0.0229246 0.0964601 0.00741807 0.0225365 0.0930916 0.0093206 0.0227666 0.0900569 0.0115871 0.0236054 0.0874804 0.0141247 0.0250188 0.0854674 0.0168296 0.0269488 0.0841005 0.019591 0.0293163 0.0834356 0.0222959 0.0320246 0.0834998 0.0248336 0.0349626 0.0842907 0.0271001 0.0380101 0.0857757 0.0290026 0.0410425 0.0878941 0.0304633 0.0439353 0.0905592 0.0314223 0.0465704 0.0936619 0.0318405 0.0488397 0.0970751 0.0317006 0.0506505 0.100659 0.0310084 0.0519284 0.104267 0.0297923 0.0526213 0.107751 0.0281021 0.0527008 0.11097 0.0260068 0.0521636 0.11379 0.0235924 0.0510316 0.116096 0.0209576 0.0493513 0.117795 0.0182103 0.0471915 0.121531 0.0241284 0.0368244 0.121808 0.0217128 0.0342227 0.121414 0.0194993 0.0314648 0.120365 0.0175783 0.0286633 0.118705 0.0160286 0.0259332 0.1165 0.0149137 0.0233861 0.113843 0.0142791 0.0211263 0.110841 0.0141509 0.0192463 0.107616 0.0145343 0.0178231 0.104303 0.0154135 0.016915 0.101035 0.0167527 0.0165591 0.0979463 0.0184969 0.0167701 0.095164 0.0205749 0.0175392 0.0928019 0.0229014 0.018835 0.0909564 0.0253813 0.0206044 0.0897032 0.027913 0.022775 0.0890935 0.0303929 0.025258 0.0891525 0.0327194 0.0279516 0.0898775 0.0347974 0.0307456 0.091239 0.0365416 0.0335257 0.0931812 0.0378808 0.0361779 0.0956246 0.03876 0.0385937 0.0984692 0.0391434 0.0406743 0.101598 0.0390152 0.0423344 0.104884 0.0383806 0.0435061 0.108192 0.0372657 0.0441413 0.111387 0.035716 0.0442142 0.114337 0.033795 0.0437216 0.116923 0.0315815 0.0426839 0.119037 0.0291659 0.0411433 0.120595 0.0266472 0.0391632 0.10501 0.0441276 0.0359545 0.102852 0.0442591 0.0348583 0.102158 0.0442445 0.0344415 0.099566 0.0438951 0.0325452 0.097339 0.0430937 0.0303435 0.0955689 0.0418732 0.0279262 0.0943281 0.0402835 0.0253925 0.0936673 0.0383897 0.0228461 0.0936136 0.0362693 0.0203911 0.0941692 0.0340091 0.0181282 0.0953114 0.0317018 0.0161499 0.0969933 0.0294416 0.0145373 0.0991462 0.0273212 0.0133562 0.101682 0.0254274 0.0126553 0.104497 0.0238377 0.0124631 0.107475 0.0226172 0.0127874 0.110495 0.0218158 0.0136151 0.113434 0.0214664 0.0149121 0.11617 0.0215833 0.0166255 0.118592 0.0221616 0.0186851 0.120601 0.0231778 0.0210065 0.122114 0.0245902 0.0234948 0.12307 0.0263409 0.0260479 0.123429 0.0283583 0.0285615 0.123177 0.0305599 0.0309327 0.122323 0.0328555 0.0330642 0.120904 0.035151 0.0348689 0.118977 0.0373525 0.0362729 0.11662 0.03937 0.0372188 0.113931 0.0411208 0.0376677 0.11102 0.0425331 0.0376013 0.108005 0.0435493 0.0370223 0.0348689 -0.035151 0.120904 0.0330642 -0.0328555 0.122323 0.0309327 -0.0305599 0.123177 0.0362729 -0.0373525 0.118977 0.0285615 -0.0283583 0.123429 0.0372188 -0.03937 0.11662 0.0260479 -0.0263409 0.12307 0.0376677 -0.0411207 0.113931 0.0234948 -0.0245902 0.122114 0.0376013 -0.0425331 0.11102 0.0210065 -0.0231778 0.120601 0.0370223 -0.0435493 0.108005 0.0186851 -0.0221616 0.118592 0.0359545 -0.0441276 0.10501 0.0166255 -0.0215833 0.11617 0.0344415 -0.0442445 0.102158 0.0153039 -0.0214518 0.114141 0.0149121 -0.0214664 0.113434 0.0325452 -0.0438951 0.099566 0.0228461 -0.0383897 0.0936673 0.0303435 -0.0430937 0.097339 0.0253925 -0.0402835 0.0943281 0.0279262 -0.0418732 0.0955689 0.0136151 -0.0218158 0.110495 0.0127874 -0.0226172 0.107475 0.0124631 -0.0238377 0.104497 0.0126553 -0.0254274 0.101682 0.0145373 -0.0294416 0.0969933 0.0161499 -0.0317017 0.0953114 0.0181282 -0.0340091 0.0941692 0.0133562 -0.0273212 0.0991462 0.0203911 -0.0362693 0.0936136 0.0209209 -0.0114736 0.109845 0.0228543 -0.0116054 0.112932 0.0251782 -0.012258 0.115665 0.0277976 -0.0134047 0.117932 0.0306053 -0.0149983 0.119639 0.0334862 -0.0169738 0.120718 0.0363224 -0.0192502 0.121123 0.0389979 -0.0217344 0.120838 0.0414031 -0.0243246 0.119876 0.0434395 -0.0269148 0.118274 0.0450237 -0.0293989 0.116099 0.046091 -0.0316753 0.11344 0.0465975 -0.0336508 0.110406 0.0465226 -0.0352445 0.107121 0.0458693 -0.0363911 0.103719 0.0446644 -0.0370437 0.10034 0.0429572 -0.0371755 0.097122 0.0408176 -0.0367813 0.0941968 0.0383332 -0.035877 0.091684 0.0356056 -0.0344999 0.0896867 0.0327466 -0.0327061 0.0882865 0.0298733 -0.0305692 0.0875409 0.0271033 -0.0281766 0.0874803 0.0245498 -0.0256263 0.0881073 0.0223176 -0.0230228 0.089396 0.0204979 -0.0204725 0.0912939 0.0191654 -0.0180799 0.0937231 0.0183744 -0.015943 0.0965844 0.0181575 -0.0141492 0.0997603 0.0185235 -0.0127721 0.103121 0.0194574 -0.0118678 0.106529 0.0516752 -0.0185484 0.115151 0.0533863 -0.0212316 0.112802 0.054539 -0.0236903 0.109931 0.0550861 -0.025824 0.106653 0.0550052 -0.0275453 0.103105 0.0542996 -0.0287838 0.0994307 0.0529981 -0.0294886 0.095781 0.0511542 -0.0296311 0.0923051 0.0488432 -0.0292052 0.0891455 0.0461597 -0.0282286 0.0864315 0.0432138 -0.0267411 0.0842741 0.0401258 -0.0248037 0.0827618 0.0370223 -0.0224956 0.0819565 0.0340304 -0.0199113 0.0818911 0.0312724 -0.0171568 0.0825682 0.0288613 -0.0143447 0.0839602 0.026896 -0.0115901 0.0860101 0.0254566 -0.0090059 0.088634 0.0246023 -0.00669781 0.0917243 0.024368 -0.00476036 0.0951547 0.0247633 -0.00327284 0.0987847 0.025772 -0.00229616 0.102466 0.0273528 -0.00187038 0.106047 0.029441 -0.00201277 0.109382 0.0319511 -0.00271767 0.112334 0.0347804 -0.00395606 0.114782 0.0378129 -0.00567743 0.116626 0.0409246 -0.0078111 0.117791 0.043988 -0.0102699 0.118229 0.0468778 -0.0129531 0.117921 0.0494757 -0.0157507 0.116881 0.0594955 -0.0101337 0.111567 0.0612791 -0.0129304 0.109119 0.0624805 -0.0154931 0.106125 0.0630508 -0.017717 0.10271 0.0629664 -0.0195111 0.0990112 0.062231 -0.020802 0.0951815 0.0608745 -0.0215366 0.0913774 0.0589526 -0.0216851 0.0877546 0.0565438 -0.0212412 0.0844614 0.053747 -0.0202233 0.0816326 0.0506763 -0.0186729 0.079384 0.0474578 -0.0166535 0.0778077 0.0442231 -0.0142478 0.0769684 0.0411046 -0.0115543 0.0769001 0.03823 -0.00868325 0.0776059 0.035717 -0.00575221 0.0790568 0.0336685 -0.00288119 0.0811934 0.0321684 -0.000187713 0.0839282 0.0312779 0.00221795 0.0871493 0.0310337 0.00423735 0.0907247 0.0314458 0.00578773 0.0945081 0.0324971 0.00680571 0.0983448 0.0341447 0.00724955 0.102077 0.0363212 0.00710108 0.105553 0.0389375 0.00636644 0.10863 0.0418863 0.00507561 0.111182 0.0450471 0.00328151 0.113104 0.0482904 0.00105753 0.114318 0.0514834 -0.00150511 0.114774 0.0544954 -0.00430171 0.114454 0.0572031 -0.0072177 0.11337 0.0669122 -0.00166514 0.107524 0.0687144 -0.00449094 0.105051 0.0699284 -0.00708043 0.102026 0.0705046 -0.00932764 0.0985747 0.0704194 -0.0111405 0.0948376 0.0696763 -0.0124447 0.090968 0.0683056 -0.0131871 0.0871241 0.0663636 -0.0133371 0.0834635 0.0639297 -0.0128886 0.0801358 0.0611036 -0.0118601 0.0772775 0.0580009 -0.0102934 0.0750055 0.0547488 -0.00825295 0.0734127 0.0514803 -0.00582217 0.0725646 0.0483293 -0.00310052 0.0724957 0.0454246 -0.000199547 0.0732088 0.0428854 0.00276204 0.0746748 0.0408155 0.0056631 0.0768337 0.0392997 0.00838469 0.0795971 0.0384 0.0108155 0.0828518 0.0381532 0.012856 0.0864646 0.0385695 0.0144226 0.0902876 0.0396318 0.0154511 0.0941642 0.0412967 0.0158996 0.0979358 0.0434959 0.0157496 0.101448 0.0461395 0.0150073 0.104557 0.0491192 0.013703 0.107135 0.0523129 0.0118902 0.109078 0.0555901 0.00964301 0.110304 0.0588164 0.00705352 0.110765 0.0618599 0.00422772 0.110442 0.0645958 0.00128126 0.109346 0.0739377 0.00686615 0.103024 0.0757053 0.00409448 0.100598 0.0768961 0.0015546 0.0976312 0.0774612 -0.000649458 0.0942459 0.0773776 -0.00242753 0.0905804 0.0766488 -0.00370681 0.0867849 0.0753044 -0.00443495 0.0830147 0.0733996 -0.00458209 0.0794242 0.0710123 -0.00414222 0.0761603 0.0682404 -0.00313334 0.0733568 0.0651972 -0.00159674 0.0711282 0.0620074 0.000404619 0.069566 0.0588014 0.00278883 0.0687341 0.0557108 0.00545828 0.0686666 0.0528618 0.00830371 0.069366 0.0503712 0.0112086 0.070804 0.048341 0.014054 0.0729215 0.0468542 0.0167235 0.0756319 0.0459718 0.0191077 0.0788243 0.0457297 0.0211091 0.0823678 0.0461381 0.0226457 0.0861176 0.04718 0.0236546 0.0899199 0.048813 0.0240945 0.0936192 0.0509701 0.0239473 0.0970641 0.053563 0.0232192 0.100113 0.0564855 0.0219399 0.102642 0.0596181 0.0201618 0.104548 0.0628325 0.0179577 0.105751 0.065997 0.0154178 0.106203 0.0689822 0.0126462 0.105885 0.0716657 0.0097562 0.104811 0.0805775 0.0154631 0.0980678 0.0822578 0.0128283 0.0957613 0.0833898 0.0104138 0.0929412 0.083927 0.00831858 0.0897231 0.0838476 0.00662834 0.0862386 0.0831546 0.00541222 0.0826306 0.0818767 0.00472002 0.0790466 0.080066 0.00458016 0.0756334 0.0777966 0.00499836 0.0725308 0.0751616 0.00595739 0.0698656 0.0722687 0.00741807 0.0677472 0.0692364 0.0093206 0.0662622 0.0661888 0.0115871 0.0654713 0.0632508 0.0141247 0.0654071 0.0605426 0.0168296 0.0660721 0.058175 0.019591 0.067439 0.056245 0.0222959 0.0694519 0.0548316 0.0248336 0.0720284 0.0539927 0.0271001 0.0750631 0.0537626 0.0290026 0.0784316 0.0541509 0.0304633 0.0819962 0.0551414 0.0314223 0.0856107 0.0566937 0.0318405 0.0891274 0.0587442 0.0317006 0.0924021 0.0612091 0.0310084 0.0953009 0.0639873 0.0297923 0.097705 0.0669652 0.0281021 0.099516 0.0700207 0.0260068 0.10066 0.073029 0.0235924 0.10109 0.0758667 0.0209576 0.100788 0.0784177 0.0182103 0.0997665 0.0868366 0.0241284 0.0926563 0.0883771 0.0217128 0.0905416 0.0894149 0.0194993 0.0879561 0.0899074 0.0175783 0.0850057 0.0898346 0.0160286 0.0818111 0.0891993 0.0149137 0.0785032 0.0880277 0.0142791 0.0752174 0.0863676 0.0141509 0.0720881 0.084287 0.0145343 0.0692436 0.0818712 0.0154135 0.0668002 0.079219 0.0167527 0.0648579 0.0764389 0.0184969 0.0634965 0.0736449 0.0205749 0.0627715 0.0709513 0.0229014 0.0627125 0.0684683 0.0253813 0.0633222 0.0662977 0.027913 0.0645754 0.0645283 0.0303929 0.0664209 0.0632324 0.0327194 0.068783 0.0624634 0.0347974 0.0715653 0.0622524 0.0365416 0.0746536 0.0626083 0.0378808 0.0779216 0.0635164 0.03876 0.0812355 0.0649396 0.0391434 0.0844596 0.0668196 0.0390152 0.0874619 0.0690794 0.0383806 0.0901195 0.0716265 0.0372657 0.0923236 0.0743567 0.035716 0.0939839 0.077158 0.033795 0.0950326 0.079916 0.0315815 0.0954266 0.0825176 0.0291659 0.0951498 0.0848564 0.0266472 0.0942136 0.0729645 0.0441276 0.0836427 0.0716429 0.0442591 0.081614 0.0712511 0.0442445 0.0809064 0.069954 0.0438951 0.077968 0.0691263 0.0430937 0.0749478 0.068802 0.0418732 0.0719693 0.0689943 0.0402835 0.0691547 0.0696952 0.0383897 0.0666189 0.0708762 0.0362693 0.064466 0.0724888 0.0340091 0.0627841 0.0744671 0.0317018 0.0616419 0.0767301 0.0294416 0.0610863 0.079185 0.0273212 0.06114 0.0817314 0.0254274 0.0618008 0.0842651 0.0238377 0.0630417 0.0866824 0.0226172 0.0648118 0.0888842 0.0218158 0.0670387 0.0907804 0.0214664 0.0696311 0.0922934 0.0215833 0.0724831 0.0933612 0.0221616 0.0754778 0.0939402 0.0231778 0.0784927 0.0940066 0.0245902 0.0814041 0.0935577 0.0263409 0.0840931 0.0926119 0.0283583 0.0864495 0.0912079 0.0305599 0.0883768 0.0894031 0.0328555 0.0897962 0.0872716 0.035151 0.0906495 0.0849005 0.0373525 0.0909017 0.0823869 0.03937 0.0905426 0.0798337 0.0411208 0.0895869 0.0773454 0.0425331 0.0880736 0.075024 0.0435493 0.0860648</float_array>
                    <technique_common>
                        <accessor count="6600" source="#shape0-lib-positions-array" stride="3">
                            <param name="X" type="float"/>
                            <param name="Y" type="float"/>
                            <param name="Z" type="float"/>
                        </accessor>
                    </technique_common>
                </source>
                <source id="shape0-lib-normals" name="normal">
                    <float_array id="shape0-lib-normals-array" count="39816">0.615442 -0.703545 -0.355325 0.615441 -0.703545 -0.355326 0.615439 -0.703551 -0.355318 0.615426 -0.70358 -0.355284 0.615447 -0.703527 -0.355351 0.615451 -0.703519 -0.35536 0.61545 -0.703521 -0.355358 0.615423 -0.70358 -0.355288 0.615439 -0.703541 -0.355338 0.615458 -0.70353 -0.355326 0.615429 -0.703551 -0.355335 0.615463 -0.703544 -0.355292 0.615426 -0.70356 -0.355322 0.615417 -0.703555 -0.355349 0.615441 -0.703554 -0.355308 0.615441 -0.703537 -0.355342 0.615445 -0.703542 -0.355325 0.615427 -0.703576 -0.355289 0.615434 -0.703551 -0.355328 0.615441 -0.703542 -0.355332 0.615439 -0.703546 -0.355329 0.615457 -0.70354 -0.35531 0.61543 -0.70355 -0.355335 0.499979 -4.05957e-05 0.866038 0.499995 1.61738e-05 0.866028 -0.499991 -1.0794e-05 -0.86603 -0.499998 4.68505e-06 -0.866026 -0.615495 0.703528 0.355267 -0.61543 0.703554 0.355328 -0.615436 0.703551 0.355323 -0.615446 0.703527 0.355354 -0.61544 0.703544 0.355331 -0.615452 0.703517 0.355362 -0.615385 0.703565 0.355383 -0.615444 0.703547 0.355317 -0.615444 0.703547 0.355318 -0.615443 0.703548 0.355317 -0.615453 0.703528 0.355339 -0.615429 0.703562 0.355314 -0.615429 0.703556 0.355325 -0.615436 0.703535 0.355356 -0.61545 0.703542 0.355316 -0.615453 0.703546 0.355304 -0.615436 0.70355 0.355325 -0.615448 0.70355 0.355304 -0.615432 0.703559 0.355314 -0.615437 0.703557 0.355311 -0.615433 0.703565 0.355301 -0.615442 0.703547 0.35532 -0.615425 0.703583 0.355279 0 0 -1 0 0 -1 0 0 -1 0 0 -1 0.087142 0 -0.996196 0.087142 0 -0.996196 0.173647 0 -0.984808 0.173647 0 -0.984808 0 -1 0 0 -1 0 0 -1 0 0 -1 0 0 -1 0 0 -1 0 0 -1 0 0 -1 0 0 -1 0 0 -1 0 0 -1 0 0 -1 0 0 -1 0 0 -1 0 0 -1 0 0 -1 0 0 -1 0 0 -1 0 0 -1 0 0 -1 0 0 -1 0 0 -1 0 0 -1 0 0 -1 0 0 -1 0 0 -1 0 0 -1 0 0 -1 0 0 -1 0 0 -1 0 0 -1 0 0 -1 0 0 -1 0 0 -1 0 0 -1 0 0 -1 0 0 -1 0 0 -1 0 0 -1 0 0 -1 0 0 -1 0 0 -1 0 0 -1 0 0 -1 0 0 -1 0 0 -1 0 0 -1 0 0 -1 0 0 -1 0 0 -1 0 0 -1 0 0 -1 0 0 -1 0 0 -1 0 0 -1 0 0 -1 0 0 -1 0 0 -1 0 0 -1 0 0 -1 0 0 -1 0 0 -1 0 0 -1 0 0 -1 0 0 -1 0 0 -1 0 0 -1 0 0 -1 0 0 -1 0 0 -1 0 0 -1 0 0 -1 0 0 -1 0 0 -1 0 0 -1 0 0 -1 0 0 -1 0 0 -1 0 0 -1 0 0 -1 0 0 -1 0 0 -1 0 0 -1 0 0 -1 0 0 -1 0 0 -1 0 0 -1 0 0 -1 0 0 -1 0 0 -1 0 0 -1 0 0 -1 0 0 -1 0 0 -1 0 0 -1 0 0 -1 0 0 -1 0 0 -1 0 0 -1 0 0 -1 0 0 -1 0 0 -1 0 0 -1 0 0 -1 0 0 -1 0 0 -1 0 0 -1 0 0 -1 0 0 -1 0 0 -1 0 0 -1 0 0 -1 0 0 -1 0 0 -1 0 0 -1 0 0 -1 0 0 -1 0 0 -1 0 0 -1 0 0 -1 0 0 -1 0 0 -1 0 0 -1 0 0 -1 0 0 -1 0 0 -1 0 0 -1 0 0 -1 0 0 -1 0 0 -1 0 0 -1 0 0 -1 0 0 -1 0 0 -1 0 0 -1 0 0 -1 0 0 -1 0 0 -1 0 0 -1 0 0 -1 0 0 -1 0 0 -1 0 0 -1 0 0 -1 0 0 -1 0 0 -1 0 0 -1 0 0 -1 0 0 -1 0 0 -1 0 0 -1 0 0 -1 0 0 -1 0 0 -1 0 0 -1 0 0 -1 0 0 -1 0 0 -1 0 0 -1 0 0 -1 0 0 -1 0 0 -1 0 0 -1 0 0 -1 0 0 -1 0 0 -1 0 0 -1 0 0 -1 0 0 -1 0 0 -1 0 0 -1 0 0 -1 0 0 -1 0 0 -1 0 0 -1 0 0 -1 0 0 -1 0 0 -1 0 0 -1 0 0 -1 0 0 -1 0 0 -1 0 0 -1 0 0 -1 0 0 -1 0 0 -1 0 0 -1 0 0 -1 0 0 -1 0 0 -1 0 0 -1 0 0 -1 0 0 -1 0 0 -1 0 0 -1 0 0 -1 0 0 -1 0 0 -1 0 0 -1 0 0 -1 0 0 -1 0 0 -1 0 0 -1 0 0 -1 0 0 -1 0 0 -1 0 0 -1 0 0 -1 0 0 -1 0 0 -1 0 0 -1 0 0 -1 0 0 -1 0 0 -1 0 0 -1 0 0 -1 0 0 -1 0 0 -1 0 0 -1 0 0 -1 0 0 -1 0 0 -1 0 0 -1 0 0 -1 0 0 -1 0 0 -1 0 0 -1 0 0 -1 0 0 -1 0 0 -1 0 0 -1 0 0 -1 0 0 -1 0 0 -1 0 0 -1 0 0 -1 0 0 -1 0 0 -1 0 0 -1 0 0 -1 0 0 -1 0 0 -1 0 0 -1 0 0 -1 0 0 -1 0 0 -1 0 0 -1 0 0 -1 0 0 -1 0 0 -1 0 0 -1 0 0 -1 0 0 -1 0 0 -1 0 0 -1 0 0 -1 0 0 -1 0 0 -1 0 0 -1 0 0 -1 0 0 -1 0 0 -1 0 0 -1 0 0 -1 0 0 -1 0 0 -1 0 0 -1 0 0 -1 0 0 -1 0 0 -1 0 0 -1 0 0 -1 0 0 -1 0 0 -1 0 0 -1 0 0 -1 0 0 -1 0 0 -1 0 0 -1 0 0 -1 0 0 -1 0 0 -1 0 0 -1 0 0 -1 0 0 -1 0 0 -1 0 0 -1 0 0 -1 0 0 -1 0 0 -1 0 0 -1 0 0 -1 0 0 -1 0 0 -1 0 0 -1 0 0 -1 0 0 -1 0 0 -1 0 0 -1 0 0 -1 0 0 -1 0 0 -1 0 0 -1 0 0 -1 0 0 -1 0 0 -1 0 0 -1 0 0 -1 0 0 -1 0 0 -1 0 0 -1 0 0 -1 0 0 -1 0 0 -1 0 0 -1 0 0 -1 0 0 -1 0 0 -1 0 0 -1 0 0 -1 0 0 -1 0 0 -1 0 0 -1 0 0 -1 0 0 -1 0 0 -1 0 0 -1 0 0 -1 0 0 -1 0 0 -1 0 0 -1 0 0 -1 0 0 -1 0 0 -1 0 0 -1 0 0 -1 0 0 -1 0 0 -1 0 0 -1 0 0 -1 0 0 -1 0 0 -1 0 0 -1 0 0 -1 0 0 -1 0 0 -1 0 0 -1 0 0 -1 0 0 -1 0 0 -1 0 0 -1 0 0 -1 0 0 -1 0 0 -1 0 0 -1 0 0 -1 0 0 -1 0 0 -1 0 0 -1 0 0 -1 0 0 -1 0 0 -1 0 0 -1 0 0 -1 0 0 -1 0 0 -1 0 0 -1 0 0 -1 0 0 -1 0 0 -1 0 0 -1 0 0 -1 0 0 -1 0 0 -1 0 0 -1 0 0 -1 0 0 -1 0 0 -1 0 0 -1 0 0 -1 0 0 -1 0 0 -1 0 0 -1 0 0 -1 0 0 -1 0 0 -1 0 0 -1 0 0 -1 0 0 -1 0 0 -1 0 0 -1 0 0 -1 0 0 -1 0 0 -1 0 0 -1 0 0 -1 0 0 -1 0 0 -1 0 0 -1 0 0 -1 0 0 -1 0 0 -1 0 0 -1 0 0 -1 0 0 -1 0 0 -1 0 0 -1 0 0 -1 0 0 -1 0 0 -1 0 0 -1 0 0 -1 0 0 -1 0 0 -1 0 0 -1 0 0 -1 0 0 -1 0 0 -1 0 0 -1 0 0 -1 0 0 -1 0 0 -1 0 0 -1 0 0 -1 0 0 -1 0 0 -1 0 0 -1 0 0 -1 0 0 -1 0 0 -1 0 -0.499982 0 -0.866036 -0.499982 0 -0.866036 0 1 0 0 1 0 0 1 0 0 1 0 0 1 0 0 1 0 0 1 0 0 1 0 0 1 0 0 1 0 0 1 0 0 1 0 0 1 0 0 1 0 0 1 0 0 1 0 0 1 0 0 1 0 0 1 0 0 1 0 0 1 0 0 1 0 0 1 0 0 1 0 0 1 0 0 1 0 0 1 0 0 1 0 0 1 0 0 1 0 0 1 0 0 1 0 0 1 0 0 1 0 0 1 0 0 1 0 0 1 0 0 1 0 0 1 0 0 1 0 0 1 0 0 1 0 0 1 0 0 1 0 0 1 0 0 1 0 0 1 0 0 1 0 0 1 0 0 1 0 0 1 0 0 1 0 0 1 0 0 1 0 0 1 0 0 1 0 0 1 0 0 1 0 0 1 0 0 1 0 0 1 0 0 1 0 0 1 0 0 1 0 0 1 0 0 1 0 0 1 0 0 1 0 0 1 0 0 1 0 0 1 0 0 1 0 0 1 0 0 1 0 0 1 0 0 1 0 0 1 0 0 1 0 0 1 0 0 1 0 0 1 0 0 1 0 0 1 0 0 1 0 0 1 0 0 1 0 0 1 0 0 1 0 0 1 0 0 1 0 0 1 0 0 1 0 0 1 0 0 1 0 0 1 0 0 1 0 0 1 0 0 1 0 0 1 0 0 1 0 0 1 0 0 1 0 0 1 0 0 1 0 0 1 0 0 1 0 0 1 0 0 1 0 0 1 0 0 1 0 0 1 0 0 1 0 0 1 0 0 1 0 0 1 0 0 1 0 0 1 0 0 1 0 0 1 0 0 1 0 0 1 0 0 1 0 0 1 0 0 1 0 0 1 0 0 1 0 0 1 0 0 1 0 0 1 0 0 1 0 0 1 0 0 1 0 0 1 0 0 1 0 0 1 0 0 1 0 0 1 0 0 1 0 0 1 0 0 1 0 0 1 0 0 1 0 0 1 0 0 1 0 0 1 0 0 1 0 0 1 0 0 1 0 0 1 0 0 1 0 0 1 0 0 1 0 0 1 0 0 1 0 0 1 0 0 1 0 0 1 0 0 1 0 0 1 0 0 1 0 0 1 0 0 1 0 0 1 0 0 1 0 0 1 0 0 1 0 0 1 0 0 1 0 0 1 0 0 1 0 0 1 0 0 1 0 0 1 0 0 1 0 0 1 0 0 1 0 0 1 0 0 1 0 0 1 0 0 1 0 0 1 0 0 1 0 0 1 0 0 1 0 0 1 0 0 1 0 0 1 0 0 1 0 0 1 0 0 1 0 0 1 0 0 1 0 0 1 0 0 1 0 0 1 0 0 1 0 0 1 0 0 1 0 0 1 0 0 1 0 0 1 0 0 1 0 0 1 0 0 1 0 0 1 0 0 1 0 0 1 0 0 1 0 0 1 0 0 1 0 0 1 0 0 1 0 0 1 0 0 1 0 0 1 0 0 1 0 0 1 0 0 1 0 0 1 0 0 1 0 0 1 0 0 1 0 0 1 0 0 1 0 0 1 0 0 1 0 0 1 0 0 1 0 0 1 0 0 1 0 0 1 0 0 1 0 0 1 0 0 1 0 0 1 0 0 1 0 0 1 0 0 1 0 0 1 0 0 1 0 0 1 0 0 1 0 0 1 0 0 1 0 0 1 0 0 1 0 0 1 0 0 1 0 0 1 0 0 1 0 0 1 0 0 1 0 0 1 0 0 1 0 0 1 0 0 1 0 0 1 0 0 1 0 0 1 0 0 1 0 0 1 0 0 1 0 0 1 0 0 1 0 0 1 0 0 1 0 0 1 0 0 1 0 0 1 0 0 1 0 0 1 0 0 1 0 0 1 0 0 1 0 0 1 0 0 1 0 0 1 0 0 1 0 0 1 0 0 1 0 0 1 0 0 1 0 0 1 0 0 1 0 0 1 0 0 1 0 0 1 0 0 1 0 0 1 0 0 1 0 0 1 0 0 1 0 0 1 0 0 1 0 0 1 0 0 1 0 0 1 0 0 1 0 0 1 0 0 1 0 0 1 0 0 1 0 0 1 0 0 1 0 0 1 0 0 1 0 0 1 0 0 1 0 0 1 0 0 1 0 0 1 0 0 1 0 0 1 0 0 1 0 0 1 0 0 1 0 0 1 0 0 1 0 0 1 0 0 1 0 0 1 0 0 1 0 0 1 0 0 1 0 0 1 0 0 1 0 0 1 0 0 1 0 0 1 0 0 1 0 0 1 0 0 1 0 0 1 0 0 1 0 0 1 0 0 1 0 0 1 0 0 1 0 0 1 0 0 1 0 0 1 0 0 1 0 0 1 0 0 1 0 0 1 0 0 1 0 0 1 0 0 1 0 0 1 0 0 1 0 0 1 0 0 1 0 0 1 0 0 1 0 0 1 0 0 1 0 0 1 0 0 1 0 0 1 0 0 1 0 0 1 0 0 1 0 0 1 0 0 1 0 0 1 0 0 1 0 0 1 0 0 1 0 0 1 0 0 1 0 0 1 0 0 1 0 0 1 0 0 1 0 0 1 0 0 1 0 0 1 0 0 1 0 0 1 0 0 1 0 0 1 0 0 1 0 0 1 0 0 1 0 0 1 0 0 1 0 0 1 0 0 1 0 0 1 0 0 1 0 0 1 0 0 1 0 0 1 0 0 1 0 0 1 0 0 1 0 0 1 0 0 1 0 0 1 0 0 1 0 0 1 0 0 1 0 0 1 0 0 1 0 0 1 0 0 1 0 0 1 0 0 1 0 0 1 0 0 1 0 0 1 0 0 1 0 0 1 0 0 1 0 0 1 0 0 1 0 0 1 0 0 1 0 0 1 0 0 1 0 0 1 0 0 1 0 0 1 0 0 1 0 0 1 0 0 1 0 0 1 0 0 1 0 0 1 0 0 1 0 -0.630045 0 -0.776558 0.17444 0 0.984668 0.17444 0 0.984668 0.17444 0 0.984668 -0.630045 0 -0.776558 -0.877997 0 -0.478666 -0.877997 0 -0.478666 -0.999373 0 -0.0353924 -0.999373 0 -0.0353924 -0.909624 0 0.415433 -0.909624 0 0.415433 -0.627737 0 0.778425 -0.627737 0 0.778425 -0.213377 0 0.97697 -0.213377 0 0.97697 0.17444 0 0.984668 0.17444 0 0.984668 -0.500218 -0.000269866 -0.8659 -0.500005 -7.50756e-06 -0.866022 -0.499776 0.000101017 -0.866155 -0.499968 0 -0.866044 0.255511 0 0.966806 0.255511 0 0.966806 0.470835 -0.00314387 0.882216 0.445554 -0.00266988 0.895251 0.445741 -0.00575656 0.895143 0.26997 -0.0118833 0.962795 0.0987884 -0.017971 0.994946 -0.0645241 -0.022193 0.997669 0.268176 -0.00898901 0.963328 -0.0718588 -0.00792417 0.997383 -0.0694355 -0.00788194 0.997555 0.124177 0 0.99226 0.124267 -0.00811272 0.992216 0.324353 -0.00398322 0.945928 0.324301 -0.00218257 0.945952 0.379656 -0.00587164 0.925109 0.379544 0 0.925174 0.434871 -0.00318698 0.900487 0.500035 -6.96125e-06 0.866005 0.499694 -3.90468e-06 0.866202 0.500053 1.10733e-05 0.865995 0.50032 0.000137471 0.865841 0.499973 -9.39015e-06 0.866041 0.0269697 -0.999535 -0.0142328 0.170866 -0.980343 -0.0986498 0.0292089 -0.999453 -0.0155392 0.0376155 -0.999083 -0.0204651 0.0776801 -0.996012 -0.043892 0.211025 -0.969858 -0.121836 0.484115 -0.829162 -0.279505 0.484101 -0.829173 -0.279497 -0.0193454 0.99975 0.0111691 -0.484476 0.828881 0.279713 -0.484486 0.828873 0.279718 -0.170599 0.980405 0.0984954 -0.212731 0.969887 0.118597 -0.0607916 0.99755 0.0346231 0.724301 0.679333 -0.117875 0.4643 0.679345 -0.568257 0.464221 0.679345 -0.568322 0.0796241 0.496226 -0.864534 0.0796853 0.496247 -0.864517 -0.324519 0.181282 -0.928345 -0.324581 0.181247 -0.92833 -0.641694 -0.181279 -0.745229 -0.641689 -0.181276 -0.745235 -0.788529 -0.496227 -0.363292 -0.788528 -0.496226 -0.363295 -0.724289 -0.679347 0.117871 -0.724279 -0.679347 0.117931 -0.464208 -0.67933 0.56835 -0.464249 -0.679361 0.568279 -0.079678 -0.496262 0.864509 -0.0796749 -0.496259 0.864511 0.324579 -0.181249 0.92833 0.324594 -0.181226 0.92833 0.64166 0.181251 0.745266 0.641645 0.181209 0.745289 0.788526 0.49625 0.363266 0.788526 0.496247 0.36327 0.724271 0.679356 -0.117927 -0.261833 -0.599066 0.756679 -0.261831 -0.599061 0.756684 -0.574094 -0.701364 0.422498 -0.57409 -0.701348 0.42253 -0.760338 -0.649509 -0.00479576 -0.760338 -0.64951 -0.00479811 -0.779548 -0.455598 -0.429809 -0.77954 -0.455597 -0.429824 -0.629311 -0.163466 -0.759767 -0.629311 -0.163466 -0.759767 -0.0796656 -0.496225 0.864531 -0.0796514 -0.496253 0.864517 -0.342026 0 -0.939691 0 0 -1 0 0 -1 0 0 -1 0 0 -1 -0.342026 0 -0.939691 0.0756455 -0.389488 0.91792 0.0756173 -0.389532 0.917903 0.371006 -0.136587 0.918531 0.370994 -0.136612 0.918532 -0.500006 0 -0.866022 -0.500006 0 -0.866022 0.355389 -0.703516 -0.615438 0.355301 -0.703548 -0.615453 0.355343 -0.703535 -0.615443 0.355333 -0.703538 -0.615446 0.355324 -0.703588 -0.615394 0.355334 -0.703566 -0.615412 0.35533 -0.703558 -0.615424 0.355332 -0.703581 -0.615396 0.355279 -0.703558 -0.615453 0.355281 -0.70356 -0.61545 0.355303 -0.70356 -0.615438 0.355361 -0.703573 -0.61539 0.355347 -0.703578 -0.615392 0.35532 -0.703582 -0.615403 0.355319 -0.703583 -0.615402 0.355334 -0.703575 -0.615402 0.355315 -0.703506 -0.615492 0.355323 -0.703547 -0.61544 0.355335 -0.703592 -0.615383 0.355331 -0.703566 -0.615415 0.355321 -0.703532 -0.615459 0.355318 -0.703516 -0.615478 0.355327 -0.703541 -0.615445 0.866025 1.23905e-05 0.500001 0.866025 1.66755e-05 0.5 -0.866024 -4.80675e-05 -0.500003 -0.866024 -4.82513e-05 -0.500003 -0.355345 0.703535 0.615442 -0.355351 0.703533 0.615441 -0.355322 0.703543 0.615446 -0.355321 0.703541 0.615448 -0.355328 0.703561 0.615422 -0.355322 0.70353 0.61546 -0.355305 0.703544 0.615454 -0.355337 0.703538 0.615444 -0.355308 0.703595 0.615394 -0.355331 0.703567 0.615414 -0.355328 0.703529 0.615458 -0.355312 0.703594 0.615393 -0.355319 0.7036 0.615382 -0.355294 0.703545 0.61546 -0.355303 0.703547 0.615453 -0.355281 0.703536 0.615478 -0.355337 0.703527 0.615456 -0.355328 0.703527 0.61546 -0.355296 0.703542 0.615462 -0.355319 0.703535 0.615457 -0.35533 0.703592 0.615385 -0.355324 0.703527 0.615463 -0.355329 0.703554 0.615429 -0.422608 0 -0.906313 -0.422608 0 -0.906313 -0.341998 0 -0.939701 -0.341998 0 -0.939701 -0.342023 0 -0.939692 -0.342023 0 -0.939692 -0.342021 0 -0.939692 -0.342021 0 -0.939692 -0.866142 0 -0.499797 -0.866142 0 -0.499797 0.643153 0 0.765738 -0.933849 0 -0.357668 0.643153 0 0.765738 0.643153 0 0.765738 -0.933849 0 -0.357668 -0.999699 0 0.024518 -0.999699 0 0.024518 -0.883131 0 0.469127 -0.883131 0 0.469127 -0.580145 0 0.814513 -0.580145 0 0.814513 -0.154324 0 0.98802 -0.154324 0 0.98802 0.303796 0 0.952737 0.303796 0 0.952737 0.643153 0 0.765738 0.643153 0 0.765738 -0.866198 -0.000393913 -0.4997 -0.866045 -6.66712e-05 -0.499965 -0.865324 0.000524539 -0.501213 -0.865901 0 -0.500215 0.707155 0 0.707058 0.707155 0 0.707058 0.848861 -0.00313187 0.528606 0.833664 -0.00266526 0.552266 0.833772 -0.00573837 0.55208 0.70804 -0.0121934 0.706067 0.586132 -0.0177883 0.81002 0.447621 -0.0219838 0.893953 0.714522 -0.00897663 0.699555 0.438757 -0.00788726 0.898571 0.441854 -0.00782714 0.897053 0.605677 0 0.795711 0.605733 -0.00816078 0.795626 0.753531 -0.00409672 0.6574 0.753493 -0.00205861 0.657453 0.791597 -0.00579938 0.611016 0.791533 0 0.611127 0.827038 -0.00318221 0.562137 0.866032 5.63734e-06 0.499989 0.865865 -1.67555e-05 0.500277 0.866025 -5.2114e-06 0.5 0.866066 2.81923e-05 0.499929 0.866011 -1.24705e-05 0.500025 0.016954 -0.999425 -0.0293727 0.0217692 -0.999073 -0.037141 0.0154687 -0.999498 -0.0276631 0.0483408 -0.99613 -0.0734087 0.144122 -0.969558 -0.197955 0.098616 -0.980357 -0.17081 0.0985522 -0.980383 -0.170696 0.0986206 -0.980355 -0.170817 0.279614 -0.829012 -0.484308 0.279555 -0.829093 -0.484205 -0.279719 0.828868 0.484495 -0.279718 0.828869 0.484494 -0.0984787 0.980412 0.170573 -0.124937 0.969885 0.20908 -0.023927 0.998854 0.0414425 -0.037691 0.997552 0.0588998 -0.0111692 0.99975 0.0193458 -0.0111654 0.999751 0.0193439 0.568351 0.679343 -0.464188 0.117922 0.679348 -0.724279 0.117868 0.679348 -0.724288 -0.363263 0.496238 -0.788535 -0.363321 0.496219 -0.78852 -0.745255 0.181229 -0.641678 -0.745223 0.181254 -0.641708 -0.928308 -0.181223 -0.324657 -0.928308 -0.181223 -0.324657 -0.864498 -0.496285 0.0796562 -0.864497 -0.496285 0.0796576 -0.568346 -0.679353 0.464179 -0.568313 -0.679353 0.46422 -0.117874 -0.679339 0.724296 -0.117917 -0.679358 0.724271 0.363264 -0.496238 0.788535 0.363263 -0.496238 0.788535 0.745251 -0.18122 0.641686 0.745274 -0.181178 0.641671 0.928307 0.181231 0.324657 0.928306 0.181209 0.324671 0.864499 0.496283 -0.0796538 0.864499 0.496283 -0.0796537 0.568307 0.679363 -0.464213 0.151604 -0.599064 0.786218 0.151591 -0.599079 0.786209 -0.285889 -0.701327 0.652999 -0.285947 -0.701373 0.652924 -0.660836 -0.649548 0.376011 -0.660822 -0.649542 0.376046 -0.890043 -0.455545 0.0174059 -0.890043 -0.455544 0.017388 -0.924862 -0.163466 -0.343378 -0.924863 -0.163466 -0.343378 0.363283 -0.496238 0.788526 0.363291 -0.496279 0.788496 -0.765809 0 -0.643068 -0.765809 0 -0.643068 -0.500236 0 -0.865889 -0.500236 0 -0.865889 0.524448 -0.389532 0.757112 0.524465 -0.389509 0.757112 0.780552 -0.136602 0.609982 0.780553 -0.136599 0.609982 -0.866026 0 -0.5 -0.866026 0 -0.5 -0.866036 0 -0.499982 -0.866036 0 -0.499982 -5.60219e-06 -0.703549 -0.710647 4.20672e-06 -0.703545 -0.710651 -1.97096e-05 -0.703552 -0.710644 1.07887e-05 -0.703545 -0.710651 0 -0.703516 -0.71068 0 -0.70356 -0.710636 -5.28508e-06 -0.703556 -0.71064 -4.29812e-06 -0.703557 -0.710639 5.59489e-06 -0.70356 -0.710636 -1.68543e-05 -0.703547 -0.710649 -4.15236e-06 -0.703547 -0.710649 1.58529e-05 -0.70355 -0.710645 6.87706e-06 -0.703554 -0.710642 -1.4108e-05 -0.703557 -0.710639 -1.25048e-05 -0.703555 -0.710641 9.18439e-07 -0.703548 -0.710648 8.01405e-06 -0.703556 -0.71064 -6.79073e-06 -0.703537 -0.710658 -2.23321e-05 -0.70352 -0.710676 1.11736e-05 -0.703563 -0.710632 8.23102e-06 -0.70356 -0.710636 -1.44351e-05 -0.703531 -0.710664 0 -0.703546 -0.710649 1 0 0 1 0 0 -1 0 0 -1 0 0 -7.18605e-06 0.703559 0.710637 -8.75938e-07 0.703551 0.710645 4.50683e-05 0.703503 0.710692 0 0.703554 0.710642 -5.62845e-05 0.703533 0.710662 1.39096e-05 0.703554 0.710642 1.18951e-05 0.703554 0.710642 0 0.703551 0.710644 0 0.703516 0.71068 1.10906e-05 0.703546 0.71065 -1.64817e-06 0.703565 0.710631 8.47807e-07 0.703556 0.71064 8.79336e-06 0.703552 0.710644 1.64367e-05 0.703545 0.710651 -7.73033e-06 0.703549 0.710647 -1.64307e-05 0.703552 0.710644 1.39507e-05 0.703556 0.71064 -9.96975e-06 0.703556 0.71064 -6.36919e-05 0.703528 0.710668 -2.46497e-06 0.703549 0.710647 -6.97431e-06 0.703555 0.710641 -2.74943e-05 0.703585 0.710611 -1.10309e-05 0.703563 0.710633 -0.81915 0 -0.573579 -0.81915 0 -0.573579 -0.766053 0 -0.642777 -0.766053 0 -0.642777 -0.766016 0 -0.642822 -0.766016 0 -0.642822 -1 0 0 -1 0 0 -0.987554 0 0.157283 0.93987 0 0.341532 0.93987 0 0.341532 0.93987 0 0.341532 -0.987554 0 0.157283 -0.853526 0 0.521051 -0.853526 0 0.521051 -0.5303 0 0.84781 -0.5303 0 0.84781 -0.0951384 0 0.995464 -0.0951384 0 0.995464 0.36036 0 0.932813 0.36036 0 0.932813 0.739401 0 0.673265 0.739401 0 0.673265 0.93987 0 0.341532 0.93987 0 0.341532 -1 0 0 -1 0 0 -1 0 0 -1 0 0 0.966054 0 0.258341 0.966054 0 0.258341 0.999431 -0.00315659 0.0335818 0.99809 -0.00268851 0.0617159 0.99809 -0.00577816 0.0615 0.966094 -0.0122404 0.257901 0.909711 -0.0180554 0.414849 0.834268 -0.022082 0.550917 0.968416 -0.0090521 0.249175 0.827746 -0.00795677 0.561047 0.833268 -0.00778413 0.552814 0.923378 0 0.383892 0.923384 -0.0080264 0.383793 0.981526 -0.00400041 0.191285 0.98152 -0.00208378 0.191346 0.991121 -0.00578147 0.132838 0.991121 0 0.132965 0.997333 -0.00317637 0.0729149 1 0 0 1 0 0 1 0 0 1 0 0 1 0 0 0.00115809 -0.999531 -0.0306071 0 -0.980362 -0.197204 0.00114736 -0.999454 -0.0330335 0.00108542 -0.999091 -0.0426254 0.000830194 -0.996041 -0.088896 0 -0.969867 -0.243636 0 -0.829047 -0.559179 0 -0.829047 -0.559179 0 0.999751 0.0223339 0 0.828871 0.55944 0 0.828871 0.55944 0 0.980406 0.196986 -0.0036587 0.969883 0.243543 -0.000411498 0.99755 0.0699516 0.2601 0.679321 -0.6862 -0.259996 0.679341 -0.68622 -0.2601 0.679341 -0.686181 -0.708916 0.496213 -0.501209 -0.708915 0.496213 -0.50121 -0.966232 0.181287 -0.183113 -0.966236 0.18128 -0.1831 -0.966236 -0.18128 0.1831 -0.966232 -0.181287 0.183113 -0.708917 -0.496212 0.501208 -0.708916 -0.496213 0.501209 -0.260045 -0.679351 0.686192 -0.259998 -0.679351 0.68621 0.260045 -0.679342 0.686201 0.259998 -0.67936 0.686201 0.708914 -0.496214 0.501211 0.708913 -0.496215 0.501211 0.966236 -0.181278 0.183103 0.966232 -0.18129 0.18311 0.966232 0.18129 -0.18311 0.966236 0.181277 -0.183103 0.708913 0.496215 -0.501211 0.708912 0.496216 -0.501212 0.259996 0.67936 -0.686201 0.524351 -0.599071 0.60512 0.524336 -0.599086 0.605118 0.0788607 -0.701365 0.708427 0.0788603 -0.701365 0.708427 -0.384281 -0.649534 0.656074 -0.384244 -0.649526 0.656104 -0.762086 -0.455522 0.460135 -0.762104 -0.45552 0.460107 -0.97263 -0.163479 0.165125 -0.972631 -0.163478 0.165119 0.708879 -0.496233 0.501243 0.708879 -0.496232 0.501243 -0.984863 0 -0.173336 -0.984863 0 -0.173336 -0.86608 0 -0.499906 -0.86608 0 -0.499906 0.832764 -0.389503 0.393436 0.832775 -0.389486 0.393429 0.980974 -0.136585 0.137968 0.980971 -0.136599 0.137974 -1 0 0 -1 0 0 -1 0 0 -1 0 0 -0.355325 -0.703545 -0.615442 -0.355326 -0.703545 -0.615441 -0.355318 -0.703551 -0.615439 -0.355284 -0.70358 -0.615426 -0.355351 -0.703528 -0.615447 -0.35536 -0.703519 -0.615451 -0.355358 -0.703521 -0.61545 -0.355288 -0.70358 -0.615423 -0.355338 -0.703541 -0.615439 -0.355326 -0.70353 -0.615458 -0.355335 -0.703551 -0.615429 -0.355292 -0.703544 -0.615463 -0.355322 -0.70356 -0.615426 -0.355349 -0.703555 -0.615417 -0.355308 -0.703554 -0.615441 -0.355342 -0.703537 -0.615441 -0.355325 -0.703542 -0.615445 -0.355289 -0.703576 -0.615427 -0.355328 -0.703551 -0.615434 -0.355332 -0.703542 -0.615441 -0.355329 -0.703546 -0.615439 -0.35531 -0.70354 -0.615457 -0.355335 -0.70355 -0.61543 0.866038 -4.05957e-05 -0.499979 0.866028 1.61738e-05 -0.499995 -0.86603 -1.0794e-05 0.499991 -0.866026 4.68505e-06 0.499998 0.355328 0.70354 0.615446 0.355267 0.703528 0.615495 0.355328 0.703554 0.61543 0.355323 0.703551 0.615436 0.355354 0.703527 0.615446 0.355331 0.703544 0.61544 0.355362 0.703517 0.615452 0.355316 0.703542 0.61545 0.355304 0.703546 0.615453 0.355325 0.70355 0.615436 0.355304 0.70355 0.615448 0.355314 0.703559 0.615432 0.355311 0.703557 0.615437 0.355301 0.703565 0.615433 0.35532 0.703547 0.615442 0.355279 0.703583 0.615425 0.355383 0.703565 0.615385 0.355317 0.703547 0.615444 0.355318 0.703547 0.615444 0.355317 0.703548 0.615442 0.355339 0.703528 0.615453 0.355314 0.703562 0.615429 0.355356 0.703541 0.615429 -0.996196 0 -0.087142 -0.996196 0 -0.087142 -0.984808 0 -0.173647 -0.984808 0 -0.173647 -0.866036 0 0.499982 -0.866036 0 0.499982 -0.776558 0 0.630045 0.984668 0 -0.17444 0.984668 0 -0.17444 0.984668 0 -0.17444 -0.776558 0 0.630045 -0.478666 0 0.877997 -0.478666 0 0.877997 -0.0353924 0 0.999373 -0.0353924 0 0.999373 0.415433 0 0.909624 0.415433 0 0.909624 0.778425 0 0.627737 0.778425 0 0.627737 0.97697 0 0.213377 0.97697 0 0.213377 0.984668 0 -0.17444 0.984668 0 -0.17444 -0.8659 -0.000269866 0.500218 -0.866022 -7.50756e-06 0.500005 -0.866155 0.000101017 0.499776 -0.866044 0 0.499968 0.966806 0 -0.255511 0.966806 0 -0.255511 0.882216 -0.00314387 -0.470835 0.895251 -0.00266988 -0.445554 0.895143 -0.00575656 -0.445741 0.962795 -0.0118833 -0.26997 0.994946 -0.017971 -0.0987884 0.997669 -0.022193 0.0645241 0.963328 -0.00898901 -0.268176 0.997383 -0.00792417 0.0718588 0.997555 -0.00788194 0.0694355 0.99226 0 -0.124177 0.992216 -0.00811272 -0.124267 0.945928 -0.00398322 -0.324353 0.945952 -0.00218257 -0.324301 0.925109 -0.00587164 -0.379656 0.925174 0 -0.379544 0.900487 -0.00318698 -0.434871 0.866005 -6.96125e-06 -0.500035 0.866202 -3.90468e-06 -0.499694 0.865995 1.10733e-05 -0.500053 0.865841 0.000137471 -0.50032 0.866041 -9.39015e-06 -0.499973 -0.0986498 -0.980343 -0.170866 -0.0155394 -0.999453 -0.0292093 -0.0204651 -0.999083 -0.0376155 -0.014233 -0.999535 -0.0269702 -0.043892 -0.996012 -0.0776801 -0.121836 -0.969858 -0.211025 -0.279505 -0.829162 -0.484115 -0.279497 -0.829173 -0.484101 0.0111691 0.99975 0.0193454 0.279713 0.828881 0.484476 0.279718 0.828873 0.484486 0.0984954 0.980405 0.170599 0.118597 0.969887 0.212731 0.0346231 0.99755 0.0607916 -0.117875 0.679333 -0.724301 -0.568257 0.679345 -0.4643 -0.568322 0.679345 -0.464221 -0.864534 0.496226 -0.0796241 -0.864517 0.496247 -0.0796853 -0.928345 0.181282 0.324519 -0.92833 0.181247 0.324581 -0.745229 -0.181279 0.641694 -0.745235 -0.181276 0.641689 -0.363292 -0.496227 0.788529 -0.363295 -0.496226 0.788528 0.117871 -0.679347 0.724289 0.117931 -0.679347 0.724279 0.56835 -0.67933 0.464208 0.568279 -0.679361 0.464249 0.864509 -0.496262 0.079678 0.864511 -0.496259 0.0796749 0.92833 -0.181249 -0.324579 0.92833 -0.181226 -0.324594 0.745266 0.181251 -0.64166 0.745289 0.181209 -0.641645 0.363266 0.49625 -0.788526 0.36327 0.496247 -0.788526 -0.117927 0.679356 -0.724271 0.756679 -0.599066 0.261833 0.756684 -0.599061 0.261831 0.422498 -0.701364 0.574094 0.42253 -0.701348 0.57409 -0.00479576 -0.649509 0.760338 -0.00479811 -0.64951 0.760338 -0.429809 -0.455598 0.779548 -0.429824 -0.455597 0.77954 -0.759768 -0.163466 0.629311 -0.759768 -0.163466 0.629311 0.864531 -0.496225 0.0796656 0.864517 -0.496253 0.0796514 -0.939691 0 0.342026 -1 0 0 -1 0 0 -1 0 0 -1 0 0 -0.939691 0 0.342026 0.91792 -0.389488 -0.0756455 0.917903 -0.389532 -0.0756173 0.918531 -0.136587 -0.371006 0.918532 -0.136612 -0.370994 -0.866022 0 0.500006 -0.866022 0 0.500006 -0.615438 -0.703516 -0.355389 -0.615445 -0.703541 -0.355327 -0.615478 -0.703516 -0.355318 -0.615459 -0.703532 -0.355321 -0.615415 -0.703566 -0.355331 -0.615383 -0.703591 -0.355335 -0.61544 -0.703547 -0.355323 -0.615492 -0.703506 -0.355315 -0.615402 -0.703576 -0.355334 -0.615402 -0.703583 -0.355319 -0.615403 -0.703582 -0.35532 -0.615387 -0.703576 -0.35536 -0.615453 -0.703548 -0.355301 -0.615443 -0.703535 -0.355343 -0.615446 -0.703538 -0.355333 -0.615394 -0.703588 -0.355324 -0.615412 -0.703566 -0.355334 -0.615424 -0.703558 -0.35533 -0.615396 -0.703581 -0.355332 -0.615453 -0.703558 -0.355279 -0.61545 -0.70356 -0.355281 -0.615438 -0.70356 -0.355303 -0.6154 -0.70357 -0.355348 0.500001 1.23905e-05 -0.866025 0.5 1.66755e-05 -0.866025 -0.500003 -4.80675e-05 0.866024 -0.500003 -4.82513e-05 0.866024 0.615442 0.703535 0.355345 0.615441 0.703533 0.355351 0.615446 0.703543 0.355322 0.615448 0.703541 0.355321 0.615422 0.703561 0.355328 0.61546 0.70353 0.355322 0.615454 0.703544 0.355305 0.615444 0.703538 0.355337 0.615394 0.703595 0.355308 0.615414 0.703567 0.355331 0.615458 0.703529 0.355328 0.615393 0.703594 0.355312 0.615382 0.7036 0.355319 0.61546 0.703545 0.355294 0.615453 0.703547 0.355303 0.615478 0.703536 0.355281 0.615456 0.703527 0.355337 0.61546 0.703527 0.355328 0.615462 0.703542 0.355296 0.615457 0.703535 0.355319 0.615385 0.703592 0.35533 0.615463 0.703527 0.355324 0.615429 0.703554 0.355329 -0.906313 0 0.422608 -0.906313 0 0.422608 -0.939692 0 0.342021 -0.939692 0 0.342021 -0.939692 0 0.342023 -0.939692 0 0.342023 -0.939701 0 0.341998 -0.939701 0 0.341998 -0.499797 0 0.866142 -0.499797 0 0.866142 -0.357668 0 0.933849 0.765738 0 -0.643153 0.765738 0 -0.643153 0.765738 0 -0.643153 -0.357668 0 0.933849 0.024518 0 0.999699 0.024518 0 0.999699 0.469127 0 0.883131 0.469127 0 0.883131 0.814513 0 0.580145 0.814513 0 0.580145 0.98802 0 0.154324 0.98802 0 0.154324 0.952737 0 -0.303796 0.952737 0 -0.303796 0.765738 0 -0.643153 0.765738 0 -0.643153 -0.4997 -0.000393913 0.866198 -0.499965 -6.66712e-05 0.866045 -0.501213 0.000524539 0.865324 -0.500215 0 0.865901 0.707058 0 -0.707155 0.707058 0 -0.707155 0.528606 -0.00313187 -0.848861 0.552266 -0.00266526 -0.833664 0.55208 -0.00573837 -0.833772 0.706067 -0.0121934 -0.70804 0.81002 -0.0177883 -0.586132 0.893953 -0.0219838 -0.447621 0.699555 -0.00897663 -0.714522 0.898571 -0.00788726 -0.438757 0.897053 -0.00782714 -0.441854 0.795711 0 -0.605677 0.795626 -0.00816078 -0.605733 0.6574 -0.00409672 -0.753531 0.657453 -0.00205861 -0.753493 0.611016 -0.00579938 -0.791597 0.611127 0 -0.791533 0.562137 -0.00318221 -0.827038 0.499989 5.63734e-06 -0.866032 0.500277 -1.67555e-05 -0.865865 0.5 -5.2114e-06 -0.866025 0.499929 2.81923e-05 -0.866066 0.500025 -1.24705e-05 -0.866011 -0.0293727 -0.999425 -0.016954 -0.037141 -0.999073 -0.0217692 -0.0276631 -0.999498 -0.0154687 -0.0734087 -0.99613 -0.0483408 -0.197955 -0.969558 -0.144122 -0.17081 -0.980357 -0.098616 -0.170696 -0.980383 -0.0985522 -0.170817 -0.980355 -0.0986206 -0.484308 -0.829012 -0.279614 -0.484205 -0.829093 -0.279555 0.484495 0.828868 0.279719 0.484494 0.828869 0.279718 0.170573 0.980412 0.0984787 0.20908 0.969885 0.124937 0.0414425 0.998854 0.023927 0.0588998 0.997552 0.037691 0.0193458 0.99975 0.0111692 0.0193439 0.999751 0.0111654 -0.464188 0.679343 -0.568351 -0.724279 0.679348 -0.117922 -0.724288 0.679348 -0.117868 -0.788535 0.496238 0.363263 -0.78852 0.496219 0.363321 -0.641678 0.181229 0.745255 -0.641708 0.181254 0.745223 -0.324657 -0.181223 0.928308 -0.324657 -0.181223 0.928308 0.0796562 -0.496285 0.864498 0.0796576 -0.496285 0.864497 0.464179 -0.679353 0.568346 0.46422 -0.679353 0.568313 0.724296 -0.679339 0.117874 0.724271 -0.679358 0.117917 0.788535 -0.496238 -0.363264 0.788535 -0.496238 -0.363263 0.641686 -0.18122 -0.745251 0.641671 -0.181178 -0.745274 0.324657 0.181231 -0.928307 0.324671 0.181209 -0.928306 -0.0796538 0.496283 -0.864499 -0.0796537 0.496283 -0.864499 -0.464213 0.679363 -0.568307 0.786218 -0.599064 -0.151604 0.786209 -0.599079 -0.151591 0.652999 -0.701327 0.285889 0.652924 -0.701373 0.285947 0.376011 -0.649548 0.660836 0.376046 -0.649542 0.660822 0.0174059 -0.455545 0.890043 0.017388 -0.455544 0.890043 -0.343378 -0.163466 0.924862 -0.343378 -0.163466 0.924863 0.788526 -0.496238 -0.363283 0.788496 -0.496279 -0.363291 -0.643068 0 0.765809 -0.643068 0 0.765809 -0.865889 0 0.500236 -0.865889 0 0.500236 0.757112 -0.389532 -0.524448 0.757112 -0.389509 -0.524465 0.609982 -0.136602 -0.780552 0.609982 -0.136599 -0.780553 -0.5 0 0.866026 -0.5 0 0.866026 -0.499982 0 0.866036 -0.499982 0 0.866036 -0.710647 -0.703549 5.60219e-06 -0.710649 -0.703546 0 -0.710664 -0.703531 1.44534e-05 -0.710636 -0.70356 -8.24709e-06 -0.710633 -0.703563 -1.11449e-05 -0.710676 -0.70352 2.23492e-05 -0.710658 -0.703538 6.94866e-06 -0.71064 -0.703556 -8.01405e-06 -0.710648 -0.703548 -9.37573e-07 -0.710641 -0.703555 1.2543e-05 -0.710639 -0.703557 1.4108e-05 -0.710642 -0.703554 -6.87706e-06 -0.710645 -0.70355 -1.58529e-05 -0.710649 -0.703547 4.27732e-06 -0.710649 -0.703547 1.68862e-05 -0.710636 -0.70356 -5.57547e-06 -0.710639 -0.703557 4.29812e-06 -0.71064 -0.703556 5.28508e-06 -0.710636 -0.70356 0 -0.71068 -0.703516 0 -0.710651 -0.703545 -1.07887e-05 -0.710644 -0.703552 1.95556e-05 -0.710651 -0.703545 -4.20672e-06 0 0 -1 0 0 -1 0 0 1 0 0 1 0.710663 0.703533 5.62965e-05 0.710642 0.703554 0 0.710692 0.703504 -4.49529e-05 0.710645 0.703551 8.02943e-07 0.710637 0.703559 7.20213e-06 0.710633 0.703563 1.10022e-05 0.710611 0.703585 2.75891e-05 0.710641 0.703555 6.9374e-06 0.710647 0.703549 2.48174e-06 0.710668 0.703528 6.3644e-05 0.71064 0.703556 9.96975e-06 0.71064 0.703556 -1.39049e-05 0.710644 0.703552 1.6423e-05 0.710647 0.703549 7.73033e-06 0.710651 0.703545 -1.64521e-05 0.710644 0.703552 -8.74033e-06 0.71064 0.703556 -8.40029e-07 0.710631 0.703565 1.64817e-06 0.71065 0.703546 -1.10827e-05 0.71068 0.703516 0 0.710644 0.703551 0 0.710642 0.703554 -1.19783e-05 0.710642 0.703554 -1.39609e-05 -0.573579 0 0.81915 -0.573579 0 0.81915 -0.642777 0 0.766053 -0.642777 0 0.766053 -0.642822 0 0.766016 -0.642822 0 0.766016 0 0 1 0 0 1 0.157283 0 0.987554 0.341532 0 -0.93987 0.341532 0 -0.93987 0.341532 0 -0.93987 0.157283 0 0.987554 0.521051 0 0.853526 0.521051 0 0.853526 0.84781 0 0.5303 0.84781 0 0.5303 0.995464 0 0.0951384 0.995464 0 0.0951384 0.932813 0 -0.36036 0.932813 0 -0.36036 0.673265 0 -0.739401 0.673265 0 -0.739401 0.341532 0 -0.93987 0.341532 0 -0.93987 0 0 1 0 0 1 0 0 1 0 0 1 0.258341 0 -0.966054 0.258341 0 -0.966054 0.0335818 -0.00315659 -0.999431 0.0617159 -0.00268851 -0.99809 0.0615 -0.00577816 -0.99809 0.257901 -0.0122404 -0.966094 0.414849 -0.0180554 -0.909711 0.550917 -0.022082 -0.834268 0.249175 -0.0090521 -0.968416 0.561047 -0.00795677 -0.827746 0.552814 -0.00778413 -0.833268 0.383892 0 -0.923378 0.383793 -0.0080264 -0.923384 0.191285 -0.00400041 -0.981526 0.191346 -0.00208378 -0.98152 0.132838 -0.00578147 -0.991121 0.132965 0 -0.991121 0.0729149 -0.00317637 -0.997333 0 0 -1 0 0 -1 0 0 -1 0 0 -1 0 0 -1 -0.0306071 -0.999531 -0.00115809 -0.197204 -0.980362 0 -0.0330335 -0.999454 -0.00114736 -0.0426254 -0.999091 -0.00108542 -0.088896 -0.996041 -0.000830194 -0.243636 -0.969867 0 -0.559179 -0.829047 0 -0.559179 -0.829047 0 0.0223339 0.999751 0 0.55944 0.828871 0 0.55944 0.828871 0 0.196986 0.980406 0 0.243543 0.969883 0.0036587 0.0699516 0.99755 0.000411498 -0.6862 0.679321 -0.2601 -0.68622 0.679341 0.259996 -0.686181 0.679341 0.2601 -0.501209 0.496213 0.708916 -0.50121 0.496213 0.708915 -0.183113 0.181287 0.966232 -0.1831 0.18128 0.966236 0.1831 -0.18128 0.966236 0.183113 -0.181287 0.966232 0.501208 -0.496212 0.708917 0.501209 -0.496213 0.708916 0.686192 -0.679351 0.260045 0.68621 -0.679351 0.259998 0.686201 -0.679342 -0.260045 0.686201 -0.67936 -0.259998 0.501211 -0.496214 -0.708914 0.501211 -0.496215 -0.708913 0.183103 -0.181278 -0.966236 0.18311 -0.18129 -0.966232 -0.18311 0.18129 -0.966232 -0.183103 0.181277 -0.966236 -0.501211 0.496215 -0.708913 -0.501212 0.496216 -0.708912 -0.686201 0.67936 -0.259996 0.60512 -0.599071 -0.524351 0.605118 -0.599086 -0.524336 0.708427 -0.701365 -0.0788607 0.708427 -0.701365 -0.0788603 0.656074 -0.649534 0.384281 0.656104 -0.649526 0.384244 0.460135 -0.455522 0.762086 0.460107 -0.45552 0.762104 0.165125 -0.163479 0.97263 0.165119 -0.163478 0.972631 0.501243 -0.496233 -0.708879 0.501243 -0.496232 -0.708879 -0.173336 0 0.984863 -0.173336 0 0.984863 -0.499906 0 0.86608 -0.499906 0 0.86608 0.393436 -0.389503 -0.832764 0.393429 -0.389486 -0.832775 0.137968 -0.136585 -0.980974 0.137974 -0.136599 -0.980971 0 0 1 0 0 1 0 0 1 0 0 1 -0.615442 -0.703545 0.355325 -0.61543 -0.70355 0.355335 -0.615457 -0.70354 0.355309 -0.615439 -0.703546 0.355329 -0.615441 -0.703542 0.355332 -0.615434 -0.703551 0.355328 -0.615427 -0.703576 0.355289 -0.615445 -0.703542 0.355325 -0.615441 -0.703537 0.355342 -0.615441 -0.703554 0.355308 -0.615417 -0.703555 0.355349 -0.615426 -0.70356 0.355322 -0.615463 -0.703544 0.355292 -0.615429 -0.703551 0.355335 -0.615458 -0.70353 0.355326 -0.61544 -0.703541 0.355338 -0.615423 -0.70358 0.355288 -0.61545 -0.703521 0.355358 -0.615451 -0.703519 0.35536 -0.615447 -0.703528 0.355351 -0.615426 -0.70358 0.355284 -0.615439 -0.703551 0.355318 -0.615441 -0.703545 0.355326 -0.499979 -4.05957e-05 -0.866038 -0.499995 1.61738e-05 -0.866028 0.499991 -1.0794e-05 0.86603 0.499998 4.68505e-06 0.866026 0.615425 0.703583 -0.355279 0.615452 0.703517 -0.355362 0.61544 0.703544 -0.355331 0.615446 0.703527 -0.355353 0.615436 0.703551 -0.355323 0.61543 0.703554 -0.355328 0.615442 0.703547 -0.35532 0.615433 0.703565 -0.355301 0.615437 0.703557 -0.355311 0.615432 0.703559 -0.355315 0.615448 0.70355 -0.355305 0.615436 0.70355 -0.355325 0.615453 0.703546 -0.355304 0.61545 0.703542 -0.355316 0.615436 0.703535 -0.355356 0.615429 0.703556 -0.355325 0.615429 0.703562 -0.355314 0.615453 0.703528 -0.355339 0.615443 0.703548 -0.355317 0.615444 0.703547 -0.355318 0.615444 0.703547 -0.355317 0.615385 0.703565 -0.355383 0.615495 0.703528 -0.355267 -0.087142 0 0.996196 -0.087142 0 0.996196 -0.173647 0 0.984808 -0.173647 0 0.984808 0.499982 0 0.866036 0.499982 0 0.866036 0.630045 0 0.776558 -0.17444 0 -0.984668 -0.17444 0 -0.984668 -0.17444 0 -0.984668 0.630045 0 0.776558 0.877997 0 0.478666 0.877997 0 0.478666 0.999373 0 0.0353924 0.999373 0 0.0353924 0.909624 0 -0.415433 0.909624 0 -0.415433 0.627737 0 -0.778425 0.627737 0 -0.778425 0.213377 0 -0.97697 0.213377 0 -0.97697 -0.17444 0 -0.984668 -0.17444 0 -0.984668 0.500218 -0.000269866 0.8659 0.500005 -7.50756e-06 0.866022 0.499776 0.000101017 0.866155 0.499968 0 0.866044 -0.255511 0 -0.966806 -0.255511 0 -0.966806 -0.470835 -0.00314387 -0.882216 -0.445554 -0.00266988 -0.895251 -0.445741 -0.00575656 -0.895143 -0.26997 -0.0118833 -0.962795 -0.0987884 -0.017971 -0.994946 0.0645241 -0.022193 -0.997669 -0.268176 -0.00898901 -0.963328 0.0718588 -0.00792417 -0.997383 0.0694355 -0.00788194 -0.997555 -0.124177 0 -0.99226 -0.124267 -0.00811272 -0.992216 -0.324353 -0.00398322 -0.945928 -0.324301 -0.00218257 -0.945952 -0.379656 -0.00587164 -0.925109 -0.379544 0 -0.925174 -0.434871 -0.00318698 -0.900487 -0.500035 -6.96125e-06 -0.866005 -0.499694 -3.90468e-06 -0.866202 -0.500053 1.10733e-05 -0.865995 -0.50032 0.000137471 -0.865841 -0.499973 -9.39015e-06 -0.866041 -0.170866 -0.980343 0.0986498 -0.0292093 -0.999453 0.0155394 -0.0376155 -0.999083 0.0204651 -0.0269702 -0.999535 0.014233 -0.0776801 -0.996012 0.043892 -0.211025 -0.969858 0.121836 -0.484115 -0.829162 0.279505 -0.484101 -0.829173 0.279497 0.0193454 0.99975 -0.0111691 0.484476 0.828881 -0.279713 0.484486 0.828873 -0.279718 0.170599 0.980405 -0.0984954 0.212731 0.969887 -0.118597 0.0607916 0.99755 -0.0346231 -0.724301 0.679333 0.117875 -0.4643 0.679345 0.568257 -0.464221 0.679345 0.568322 -0.0796241 0.496226 0.864534 -0.0796853 0.496247 0.864517 0.324519 0.181282 0.928345 0.324581 0.181247 0.92833 0.641694 -0.181279 0.745229 0.641689 -0.181276 0.745235 0.788529 -0.496227 0.363292 0.788528 -0.496226 0.363295 0.724289 -0.679347 -0.117871 0.724279 -0.679347 -0.117931 0.464208 -0.67933 -0.56835 0.464249 -0.679361 -0.568279 0.079678 -0.496262 -0.864509 0.0796749 -0.496259 -0.864511 -0.324579 -0.181249 -0.92833 -0.324594 -0.181226 -0.92833 -0.64166 0.181251 -0.745266 -0.641645 0.181209 -0.745289 -0.788526 0.49625 -0.363266 -0.788526 0.496247 -0.36327 -0.724271 0.679356 0.117927 0.261833 -0.599066 -0.756679 0.261831 -0.599061 -0.756684 0.574094 -0.701364 -0.422498 0.57409 -0.701348 -0.42253 0.760338 -0.649509 0.00479576 0.760338 -0.64951 0.00479811 0.779548 -0.455598 0.429809 0.77954 -0.455597 0.429824 0.629311 -0.163466 0.759767 0.629311 -0.163466 0.759767 0.0796656 -0.496225 -0.864531 0.0796514 -0.496253 -0.864517 0.342026 0 0.939691 0 0 1 0 0 1 0 0 1 0 0 1 0.342026 0 0.939691 -0.0756455 -0.389488 -0.91792 -0.0756173 -0.389532 -0.917903 -0.371006 -0.136587 -0.918531 -0.370994 -0.136612 -0.918532 0.500006 0 0.866022 0.500006 0 0.866022 -0.355389 -0.703516 0.615438 -0.355301 -0.703548 0.615453 -0.355343 -0.703535 0.615443 -0.355333 -0.703538 0.615446 -0.355324 -0.703588 0.615394 -0.355334 -0.703566 0.615412 -0.35533 -0.703558 0.615424 -0.355332 -0.703581 0.615396 -0.355279 -0.703558 0.615453 -0.355281 -0.70356 0.61545 -0.355303 -0.70356 0.615438 -0.355361 -0.703573 0.61539 -0.355347 -0.703578 0.615392 -0.35532 -0.703582 0.615403 -0.355319 -0.703583 0.615402 -0.355334 -0.703575 0.615402 -0.355315 -0.703506 0.615492 -0.355323 -0.703547 0.61544 -0.355335 -0.703592 0.615383 -0.355331 -0.703566 0.615415 -0.355321 -0.703532 0.615459 -0.355318 -0.703516 0.615478 -0.355327 -0.703541 0.615445 -0.866025 1.23905e-05 -0.500001 -0.866025 1.66755e-05 -0.5 0.866024 -4.80675e-05 0.500003 0.866024 -4.82513e-05 0.500003 0.355351 0.703533 -0.615441 0.355322 0.703543 -0.615446 0.355321 0.703541 -0.615448 0.355328 0.703561 -0.615422 0.355322 0.70353 -0.61546 0.355329 0.703554 -0.615429 0.355324 0.703527 -0.615463 0.35533 0.703592 -0.615385 0.355319 0.703535 -0.615457 0.355296 0.703542 -0.615462 0.355328 0.703527 -0.61546 0.355337 0.703527 -0.615456 0.355281 0.703536 -0.615478 0.355303 0.703547 -0.615453 0.355294 0.703545 -0.61546 0.355319 0.7036 -0.615382 0.355312 0.703594 -0.615393 0.355328 0.70353 -0.615458 0.355331 0.703567 -0.615414 0.355308 0.703595 -0.615394 0.355337 0.703538 -0.615444 0.355305 0.703544 -0.615454 0.355345 0.703535 -0.615442 0.422608 0 0.906313 0.422608 0 0.906313 0.341998 0 0.939701 0.341998 0 0.939701 0.342023 0 0.939692 0.342023 0 0.939692 0.342021 0 0.939692 0.342021 0 0.939692 0.866142 0 0.499797 0.866142 0 0.499797 0.933849 0 0.357668 -0.643153 0 -0.765738 -0.643153 0 -0.765738 -0.643153 0 -0.765738 0.933849 0 0.357668 0.999699 0 -0.024518 0.999699 0 -0.024518 0.883131 0 -0.469127 0.883131 0 -0.469127 0.580145 0 -0.814513 0.580145 0 -0.814513 0.154324 0 -0.98802 0.154324 0 -0.98802 -0.303796 0 -0.952737 -0.303796 0 -0.952737 -0.643153 0 -0.765738 -0.643153 0 -0.765738 0.866198 -0.000393913 0.4997 0.866045 -6.66712e-05 0.499965 0.865324 0.000524539 0.501213 0.865901 0 0.500215 -0.707155 0 -0.707058 -0.707155 0 -0.707058 -0.848861 -0.00313187 -0.528606 -0.833664 -0.00266526 -0.552266 -0.833772 -0.00573837 -0.55208 -0.70804 -0.0121934 -0.706067 -0.586132 -0.0177883 -0.81002 -0.447621 -0.0219838 -0.893953 -0.714522 -0.00897663 -0.699555 -0.438757 -0.00788726 -0.898571 -0.441854 -0.00782714 -0.897053 -0.605677 0 -0.795711 -0.605733 -0.00816078 -0.795626 -0.753531 -0.00409672 -0.6574 -0.753493 -0.00205861 -0.657453 -0.791597 -0.00579938 -0.611016 -0.791533 0 -0.611127 -0.827038 -0.00318221 -0.562137 -0.866032 5.63734e-06 -0.499989 -0.865865 -1.67555e-05 -0.500277 -0.866025 -5.2114e-06 -0.5 -0.866066 2.81923e-05 -0.499929 -0.866011 -1.24705e-05 -0.500025 -0.016954 -0.999425 0.0293727 -0.0217692 -0.999073 0.037141 -0.0154687 -0.999498 0.0276631 -0.0483408 -0.99613 0.0734087 -0.144122 -0.969558 0.197955 -0.098616 -0.980357 0.17081 -0.0985522 -0.980383 0.170696 -0.0986206 -0.980355 0.170817 -0.279614 -0.829012 0.484308 -0.279555 -0.829093 0.484205 0.279719 0.828868 -0.484495 0.279718 0.828869 -0.484494 0.0984787 0.980412 -0.170573 0.124937 0.969885 -0.20908 0.023927 0.998854 -0.0414425 0.037691 0.997552 -0.0588998 0.0111692 0.99975 -0.0193458 0.0111654 0.999751 -0.0193439 -0.568351 0.679343 0.464188 -0.117922 0.679348 0.724279 -0.117868 0.679348 0.724288 0.363263 0.496238 0.788535 0.363321 0.496219 0.78852 0.745255 0.181229 0.641678 0.745223 0.181254 0.641708 0.928308 -0.181223 0.324657 0.928308 -0.181223 0.324657 0.864498 -0.496285 -0.0796562 0.864497 -0.496285 -0.0796576 0.568346 -0.679353 -0.464179 0.568313 -0.679353 -0.46422 0.117874 -0.679339 -0.724296 0.117917 -0.679358 -0.724271 -0.363264 -0.496238 -0.788535 -0.363263 -0.496238 -0.788535 -0.745251 -0.18122 -0.641686 -0.745274 -0.181178 -0.641671 -0.928307 0.181231 -0.324657 -0.928306 0.181209 -0.324671 -0.864499 0.496283 0.0796538 -0.864499 0.496283 0.0796537 -0.568307 0.679363 0.464213 -0.151604 -0.599064 -0.786218 -0.151591 -0.599079 -0.786209 0.285889 -0.701327 -0.652999 0.285947 -0.701373 -0.652924 0.660836 -0.649548 -0.376011 0.660822 -0.649542 -0.376046 0.890043 -0.455545 -0.0174059 0.890043 -0.455544 -0.017388 0.924862 -0.163466 0.343378 0.924863 -0.163466 0.343378 -0.363283 -0.496238 -0.788526 -0.363291 -0.496279 -0.788496 0.765809 0 0.643068 0.765809 0 0.643068 0.500236 0 0.865889 0.500236 0 0.865889 -0.524448 -0.389532 -0.757112 -0.524465 -0.389509 -0.757112 -0.780552 -0.136602 -0.609982 -0.780553 -0.136599 -0.609982 0.866026 0 0.5 0.866026 0 0.5 0.866036 0 0.499982 0.866036 0 0.499982 5.60219e-06 -0.703549 0.710647 -4.20672e-06 -0.703545 0.710651 1.97096e-05 -0.703552 0.710644 -1.07887e-05 -0.703545 0.710651 0 -0.703516 0.71068 0 -0.70356 0.710636 5.28508e-06 -0.703556 0.71064 4.29812e-06 -0.703557 0.710639 -5.59489e-06 -0.70356 0.710636 1.68543e-05 -0.703547 0.710649 4.15236e-06 -0.703547 0.710649 -1.58529e-05 -0.70355 0.710645 -6.87706e-06 -0.703554 0.710642 1.4108e-05 -0.703557 0.710639 1.25048e-05 -0.703555 0.710641 -9.18439e-07 -0.703548 0.710648 -8.01405e-06 -0.703556 0.71064 6.79073e-06 -0.703537 0.710658 2.23321e-05 -0.70352 0.710676 -1.11736e-05 -0.703563 0.710632 -8.23102e-06 -0.70356 0.710636 1.44351e-05 -0.703531 0.710664 0 -0.703546 0.710649 -1 0 0 -1 0 0 1 0 0 1 0 0 7.18605e-06 0.703559 -0.710637 8.75938e-07 0.703551 -0.710645 -4.50683e-05 0.703503 -0.710692 0 0.703554 -0.710642 5.62845e-05 0.703533 -0.710662 -1.39096e-05 0.703554 -0.710642 -1.18951e-05 0.703554 -0.710642 0 0.703551 -0.710644 0 0.703516 -0.71068 -1.10906e-05 0.703546 -0.71065 1.64817e-06 0.703565 -0.710631 -8.47807e-07 0.703556 -0.71064 -8.79336e-06 0.703552 -0.710644 -1.64367e-05 0.703545 -0.710651 7.73033e-06 0.703549 -0.710647 1.64307e-05 0.703552 -0.710644 -1.39507e-05 0.703556 -0.71064 9.96975e-06 0.703556 -0.71064 6.36919e-05 0.703528 -0.710668 2.46497e-06 0.703549 -0.710647 6.97431e-06 0.703555 -0.710641 2.74943e-05 0.703585 -0.710611 1.10309e-05 0.703563 -0.710633 0.81915 0 0.573579 0.81915 0 0.573579 0.766053 0 0.642777 0.766053 0 0.642777 0.766016 0 0.642822 0.766016 0 0.642822 1 0 0 1 0 0 0.987554 0 -0.157283 -0.93987 0 -0.341532 -0.93987 0 -0.341532 -0.93987 0 -0.341532 0.987554 0 -0.157283 0.853526 0 -0.521051 0.853526 0 -0.521051 0.5303 0 -0.84781 0.5303 0 -0.84781 0.0951384 0 -0.995464 0.0951384 0 -0.995464 -0.36036 0 -0.932813 -0.36036 0 -0.932813 -0.739401 0 -0.673265 -0.739401 0 -0.673265 -0.93987 0 -0.341532 -0.93987 0 -0.341532 1 0 0 1 0 0 1 0 0 1 0 0 -0.966054 0 -0.258341 -0.966054 0 -0.258341 -0.999431 -0.00315659 -0.0335818 -0.99809 -0.00268851 -0.0617159 -0.99809 -0.00577816 -0.0615 -0.966094 -0.0122404 -0.257901 -0.909711 -0.0180554 -0.414849 -0.834268 -0.022082 -0.550917 -0.968416 -0.0090521 -0.249175 -0.827746 -0.00795677 -0.561047 -0.833268 -0.00778413 -0.552814 -0.923378 0 -0.383892 -0.923384 -0.0080264 -0.383793 -0.981526 -0.00400041 -0.191285 -0.98152 -0.00208378 -0.191346 -0.991121 -0.00578147 -0.132838 -0.991121 0 -0.132965 -0.997333 -0.00317637 -0.0729149 -1 0 0 -1 0 0 -1 0 0 -1 0 0 -1 0 0 -0.00115809 -0.999531 0.0306071 0 -0.980362 0.197204 -0.00114736 -0.999454 0.0330335 -0.00108542 -0.999091 0.0426254 -0.000830194 -0.996041 0.088896 0 -0.969867 0.243636 0 -0.829047 0.559179 0 -0.829047 0.559179 0 0.999751 -0.0223339 0 0.828871 -0.55944 0 0.828871 -0.55944 0 0.980406 -0.196986 0.0036587 0.969883 -0.243543 0.000411498 0.99755 -0.0699516 -0.2601 0.679321 0.6862 0.259996 0.679341 0.68622 0.2601 0.679341 0.686181 0.708916 0.496213 0.501209 0.708915 0.496213 0.50121 0.966232 0.181287 0.183113 0.966236 0.18128 0.1831 0.966236 -0.18128 -0.1831 0.966232 -0.181287 -0.183113 0.708917 -0.496212 -0.501208 0.708916 -0.496213 -0.501209 0.260045 -0.679351 -0.686192 0.259998 -0.679351 -0.68621 -0.260045 -0.679342 -0.686201 -0.259998 -0.67936 -0.686201 -0.708914 -0.496214 -0.501211 -0.708913 -0.496215 -0.501211 -0.966236 -0.181278 -0.183103 -0.966232 -0.18129 -0.18311 -0.966232 0.18129 0.18311 -0.966236 0.181277 0.183103 -0.708913 0.496215 0.501211 -0.708912 0.496216 0.501212 -0.259996 0.67936 0.686201 -0.524351 -0.599071 -0.60512 -0.524336 -0.599086 -0.605118 -0.0788607 -0.701365 -0.708427 -0.0788603 -0.701365 -0.708427 0.384281 -0.649534 -0.656074 0.384244 -0.649526 -0.656104 0.762086 -0.455522 -0.460135 0.762104 -0.45552 -0.460107 0.97263 -0.163479 -0.165125 0.972631 -0.163478 -0.165119 -0.708879 -0.496233 -0.501243 -0.708879 -0.496232 -0.501243 0.984863 0 0.173336 0.984863 0 0.173336 0.86608 0 0.499906 0.86608 0 0.499906 -0.832764 -0.389503 -0.393436 -0.832775 -0.389486 -0.393429 -0.980974 -0.136585 -0.137968 -0.980971 -0.136599 -0.137974 1 0 0 1 0 0 1 0 0 1 0 0 0.355325 -0.703545 0.615442 0.355335 -0.70355 0.61543 0.355309 -0.70354 0.615457 0.355329 -0.703546 0.615439 0.355332 -0.703542 0.615441 0.355328 -0.703551 0.615434 0.355289 -0.703576 0.615427 0.355325 -0.703542 0.615445 0.355342 -0.703537 0.615441 0.355308 -0.703554 0.615441 0.355349 -0.703555 0.615417 0.355322 -0.70356 0.615426 0.355292 -0.703544 0.615463 0.355335 -0.703551 0.615429 0.355326 -0.70353 0.615458 0.355338 -0.703541 0.61544 0.355288 -0.70358 0.615423 0.355358 -0.703521 0.61545 0.35536 -0.703519 0.615451 0.355351 -0.703528 0.615447 0.355284 -0.70358 0.615426 0.355318 -0.703551 0.615439 0.355326 -0.703545 0.615441 -0.866038 -4.05957e-05 0.499979 -0.866028 1.61738e-05 0.499995 0.86603 -1.0794e-05 -0.499991 0.866026 4.68505e-06 -0.499998 -0.355362 0.703517 -0.615452 -0.355331 0.703544 -0.61544 -0.355353 0.703527 -0.615446 -0.355323 0.703551 -0.615436 -0.355328 0.703554 -0.61543 -0.355267 0.703528 -0.615495 -0.355383 0.703565 -0.615385 -0.355317 0.703547 -0.615444 -0.355318 0.703547 -0.615444 -0.355317 0.703548 -0.615442 -0.355339 0.703528 -0.615453 -0.355314 0.703562 -0.615429 -0.355325 0.703556 -0.615429 -0.355356 0.703535 -0.615436 -0.355316 0.703542 -0.61545 -0.355304 0.703546 -0.615453 -0.355325 0.70355 -0.615436 -0.355304 0.70355 -0.615448 -0.355314 0.703559 -0.615432 -0.355311 0.703557 -0.615437 -0.355301 0.703565 -0.615433 -0.35532 0.703547 -0.615442 -0.355279 0.703583 -0.615425 0.996196 0 0.087142 0.996196 0 0.087142 0.984808 0 0.173647 0.984808 0 0.173647 0.866036 0 -0.499982 0.866036 0 -0.499982 0.776558 0 -0.630045 -0.984668 0 0.17444 -0.984668 0 0.17444 -0.984668 0 0.17444 0.776558 0 -0.630045 0.478666 0 -0.877997 0.478666 0 -0.877997 0.0353924 0 -0.999373 0.0353924 0 -0.999373 -0.415433 0 -0.909624 -0.415433 0 -0.909624 -0.778425 0 -0.627737 -0.778425 0 -0.627737 -0.97697 0 -0.213377 -0.97697 0 -0.213377 -0.984668 0 0.17444 -0.984668 0 0.17444 0.8659 -0.000269866 -0.500218 0.866022 -7.50756e-06 -0.500005 0.866155 0.000101017 -0.499776 0.866044 0 -0.499968 -0.966806 0 0.255511 -0.966806 0 0.255511 -0.882216 -0.00314387 0.470835 -0.895251 -0.00266988 0.445554 -0.895143 -0.00575656 0.445741 -0.962795 -0.0118833 0.26997 -0.994946 -0.017971 0.0987884 -0.997669 -0.022193 -0.0645241 -0.963328 -0.00898901 0.268176 -0.997383 -0.00792417 -0.0718588 -0.997555 -0.00788194 -0.0694355 -0.99226 0 0.124177 -0.992216 -0.00811272 0.124267 -0.945928 -0.00398322 0.324353 -0.945952 -0.00218257 0.324301 -0.925109 -0.00587164 0.379656 -0.925174 0 0.379544 -0.900487 -0.00318698 0.434871 -0.866005 -6.96125e-06 0.500035 -0.866202 -3.90468e-06 0.499694 -0.865995 1.10733e-05 0.500053 -0.865841 0.000137471 0.50032 -0.866041 -9.39015e-06 0.499973 0.0142328 -0.999535 0.0269697 0.0986498 -0.980343 0.170866 0.0155392 -0.999453 0.0292089 0.0204651 -0.999083 0.0376155 0.043892 -0.996012 0.0776801 0.121836 -0.969858 0.211025 0.279505 -0.829162 0.484115 0.279497 -0.829173 0.484101 -0.0111691 0.99975 -0.0193454 -0.279713 0.828881 -0.484476 -0.279718 0.828873 -0.484486 -0.0984954 0.980405 -0.170599 -0.118597 0.969887 -0.212731 -0.0346231 0.99755 -0.0607916 0.117875 0.679333 0.724301 0.568257 0.679345 0.4643 0.568322 0.679345 0.464221 0.864534 0.496226 0.0796241 0.864517 0.496247 0.0796853 0.928345 0.181282 -0.324519 0.92833 0.181247 -0.324581 0.745229 -0.181279 -0.641694 0.745235 -0.181276 -0.641689 0.363292 -0.496227 -0.788529 0.363295 -0.496226 -0.788528 -0.117871 -0.679347 -0.724289 -0.117931 -0.679347 -0.724279 -0.56835 -0.67933 -0.464208 -0.568279 -0.679361 -0.464249 -0.864509 -0.496262 -0.079678 -0.864511 -0.496259 -0.0796749 -0.92833 -0.181249 0.324579 -0.92833 -0.181226 0.324594 -0.745266 0.181251 0.64166 -0.745289 0.181209 0.641645 -0.363266 0.49625 0.788526 -0.36327 0.496247 0.788526 0.117927 0.679356 0.724271 -0.756679 -0.599066 -0.261833 -0.756684 -0.599061 -0.261831 -0.422498 -0.701364 -0.574094 -0.42253 -0.701348 -0.57409 0.00479576 -0.649509 -0.760338 0.00479811 -0.64951 -0.760338 0.429809 -0.455598 -0.779548 0.429824 -0.455597 -0.77954 0.759768 -0.163466 -0.629311 0.759768 -0.163466 -0.629311 -0.864531 -0.496225 -0.0796656 -0.864517 -0.496253 -0.0796514 0.939691 0 -0.342026 1 0 0 1 0 0 1 0 0 1 0 0 0.939691 0 -0.342026 -0.91792 -0.389488 0.0756455 -0.917903 -0.389532 0.0756173 -0.918531 -0.136587 0.371006 -0.918532 -0.136612 0.370994 0.866022 0 -0.500006 0.866022 0 -0.500006 0.615438 -0.703516 0.355389 0.615453 -0.703548 0.355301 0.615443 -0.703535 0.355343 0.615446 -0.703538 0.355333 0.615394 -0.703588 0.355324 0.615412 -0.703566 0.355334 0.615424 -0.703558 0.35533 0.615396 -0.703581 0.355332 0.615453 -0.703558 0.355279 0.61545 -0.70356 0.355281 0.615438 -0.70356 0.355303 0.61539 -0.703573 0.355361 0.615392 -0.703578 0.355347 0.615403 -0.703582 0.35532 0.615402 -0.703583 0.355319 0.615402 -0.703575 0.355334 0.615492 -0.703506 0.355315 0.61544 -0.703547 0.355323 0.615383 -0.703592 0.355335 0.615415 -0.703566 0.355331 0.615459 -0.703532 0.355321 0.615478 -0.703516 0.355318 0.615445 -0.703541 0.355327 -0.500001 1.23905e-05 0.866025 -0.5 1.66755e-05 0.866025 0.500003 -4.80675e-05 -0.866024 0.500003 -4.82513e-05 -0.866024 -0.615442 0.703535 -0.355345 -0.615441 0.703533 -0.355351 -0.615446 0.703543 -0.355322 -0.615448 0.703541 -0.355321 -0.615422 0.703561 -0.355328 -0.61546 0.70353 -0.355322 -0.615454 0.703544 -0.355305 -0.615444 0.703538 -0.355337 -0.615394 0.703595 -0.355308 -0.615414 0.703567 -0.355331 -0.615458 0.703529 -0.355328 -0.615393 0.703594 -0.355312 -0.615382 0.7036 -0.355319 -0.61546 0.703545 -0.355294 -0.615453 0.703547 -0.355303 -0.615478 0.703536 -0.355281 -0.615456 0.703527 -0.355337 -0.61546 0.703527 -0.355328 -0.615462 0.703542 -0.355296 -0.615457 0.703535 -0.355319 -0.615385 0.703592 -0.35533 -0.615463 0.703527 -0.355324 -0.615429 0.703554 -0.355329 0.906313 0 -0.422608 0.906313 0 -0.422608 0.939692 0 -0.342021 0.939692 0 -0.342021 0.939692 0 -0.342023 0.939692 0 -0.342023 0.939701 0 -0.341998 0.939701 0 -0.341998 0.499797 0 -0.866142 0.499797 0 -0.866142 0.357668 0 -0.933849 -0.765738 0 0.643153 -0.765738 0 0.643153 -0.765738 0 0.643153 0.357668 0 -0.933849 -0.024518 0 -0.999699 -0.024518 0 -0.999699 -0.469127 0 -0.883131 -0.469127 0 -0.883131 -0.814513 0 -0.580145 -0.814513 0 -0.580145 -0.98802 0 -0.154324 -0.98802 0 -0.154324 -0.952737 0 0.303796 -0.952737 0 0.303796 -0.765738 0 0.643153 -0.765738 0 0.643153 0.4997 -0.000393913 -0.866198 0.499965 -6.66712e-05 -0.866045 0.501213 0.000524539 -0.865324 0.500215 0 -0.865901 -0.707058 0 0.707155 -0.707058 0 0.707155 -0.528606 -0.00313187 0.848861 -0.552266 -0.00266526 0.833664 -0.55208 -0.00573837 0.833772 -0.706067 -0.0121934 0.70804 -0.81002 -0.0177883 0.586132 -0.893953 -0.0219838 0.447621 -0.699555 -0.00897663 0.714522 -0.898571 -0.00788726 0.438757 -0.897053 -0.00782714 0.441854 -0.795711 0 0.605677 -0.795626 -0.00816078 0.605733 -0.6574 -0.00409672 0.753531 -0.657453 -0.00205861 0.753493 -0.611016 -0.00579938 0.791597 -0.611127 0 0.791533 -0.562137 -0.00318221 0.827038 -0.499989 5.63734e-06 0.866032 -0.500277 -1.67555e-05 0.865865 -0.5 -5.2114e-06 0.866025 -0.499929 2.81923e-05 0.866066 -0.500025 -1.24705e-05 0.866011 0.0293727 -0.999425 0.016954 0.037141 -0.999073 0.0217692 0.0276631 -0.999498 0.0154687 0.0734087 -0.99613 0.0483408 0.197955 -0.969558 0.144122 0.17081 -0.980357 0.098616 0.170696 -0.980383 0.0985522 0.170817 -0.980355 0.0986206 0.484308 -0.829012 0.279614 0.484205 -0.829093 0.279555 -0.484495 0.828868 -0.279719 -0.484494 0.828869 -0.279718 -0.170573 0.980412 -0.0984787 -0.20908 0.969885 -0.124937 -0.0414425 0.998854 -0.023927 -0.0588998 0.997552 -0.037691 -0.0193458 0.99975 -0.0111692 -0.0193439 0.999751 -0.0111654 0.464188 0.679343 0.568351 0.724279 0.679348 0.117922 0.724288 0.679348 0.117868 0.788535 0.496238 -0.363263 0.78852 0.496219 -0.363321 0.641678 0.181229 -0.745255 0.641708 0.181254 -0.745223 0.324657 -0.181223 -0.928308 0.324657 -0.181223 -0.928308 -0.0796562 -0.496285 -0.864498 -0.0796576 -0.496285 -0.864497 -0.464179 -0.679353 -0.568346 -0.46422 -0.679353 -0.568313 -0.724296 -0.679339 -0.117874 -0.724271 -0.679358 -0.117917 -0.788535 -0.496238 0.363264 -0.788535 -0.496238 0.363263 -0.641686 -0.18122 0.745251 -0.641671 -0.181178 0.745274 -0.324657 0.181231 0.928307 -0.324671 0.181209 0.928306 0.0796538 0.496283 0.864499 0.0796537 0.496283 0.864499 0.464213 0.679363 0.568307 -0.786218 -0.599064 0.151604 -0.786209 -0.599079 0.151591 -0.652999 -0.701327 -0.285889 -0.652924 -0.701373 -0.285947 -0.376011 -0.649548 -0.660836 -0.376046 -0.649542 -0.660822 -0.0174059 -0.455545 -0.890043 -0.017388 -0.455544 -0.890043 0.343378 -0.163466 -0.924862 0.343378 -0.163466 -0.924863 -0.788526 -0.496238 0.363283 -0.788496 -0.496279 0.363291 0.643068 0 -0.765809 0.643068 0 -0.765809 0.865889 0 -0.500236 0.865889 0 -0.500236 -0.757112 -0.389532 0.524448 -0.757112 -0.389509 0.524465 -0.609982 -0.136602 0.780552 -0.609982 -0.136599 0.780553 0.5 0 -0.866026 0.5 0 -0.866026 0.499982 0 -0.866036 0.499982 0 -0.866036 0.710647 -0.703549 -5.60219e-06 0.710649 -0.703546 0 0.710664 -0.703531 -1.44534e-05 0.710636 -0.70356 8.24709e-06 0.710633 -0.703563 1.11449e-05 0.710676 -0.70352 -2.23492e-05 0.710658 -0.703538 -6.94866e-06 0.71064 -0.703556 8.01405e-06 0.710648 -0.703548 9.37573e-07 0.710641 -0.703555 -1.2543e-05 0.710639 -0.703557 -1.4108e-05 0.710642 -0.703554 6.87706e-06 0.710645 -0.70355 1.58529e-05 0.710649 -0.703547 -4.27732e-06 0.710649 -0.703547 -1.68862e-05 0.710636 -0.70356 5.57547e-06 0.710639 -0.703557 -4.29812e-06 0.71064 -0.703556 -5.28508e-06 0.710636 -0.70356 0 0.71068 -0.703516 0 0.710651 -0.703545 1.07887e-05 0.710644 -0.703552 -1.95556e-05 0.710651 -0.703545 4.20672e-06 0 0 1 0 0 1 0 0 -1 0 0 -1 -0.710642 0.703554 1.39096e-05 -0.710663 0.703533 -5.61523e-05 -0.710642 0.703554 0 -0.710692 0.703504 4.49529e-05 -0.710645 0.703551 -8.02943e-07 -0.710637 0.703559 -7.20213e-06 -0.710642 0.703554 1.18951e-05 -0.710644 0.703551 0 -0.71068 0.703516 0 -0.71065 0.703546 1.10906e-05 -0.710631 0.703565 -1.64817e-06 -0.71064 0.703556 8.47807e-07 -0.710644 0.703552 8.79336e-06 -0.710651 0.703545 1.64367e-05 -0.710647 0.703549 -7.73033e-06 -0.710644 0.703552 -1.64307e-05 -0.71064 0.703556 1.39507e-05 -0.71064 0.703556 -9.96975e-06 -0.710668 0.703528 -6.36919e-05 -0.710647 0.703549 -2.46497e-06 -0.710641 0.703555 -6.97431e-06 -0.710611 0.703585 -2.74943e-05 -0.710633 0.703563 -1.10309e-05 0.573579 0 -0.81915 0.573579 0 -0.81915 0.642777 0 -0.766053 0.642777 0 -0.766053 0.642822 0 -0.766016 0.642822 0 -0.766016 0 0 -1 0 0 -1 -0.157283 0 -0.987554 -0.341532 0 0.93987 -0.341532 0 0.93987 -0.341532 0 0.93987 -0.157283 0 -0.987554 -0.521051 0 -0.853526 -0.521051 0 -0.853526 -0.84781 0 -0.5303 -0.84781 0 -0.5303 -0.995464 0 -0.0951384 -0.995464 0 -0.0951384 -0.932813 0 0.36036 -0.932813 0 0.36036 -0.673265 0 0.739401 -0.673265 0 0.739401 -0.341532 0 0.93987 -0.341532 0 0.93987 0 0 -1 0 0 -1 0 0 -1 0 0 -1 -0.258341 0 0.966054 -0.258341 0 0.966054 -0.0335818 -0.00315659 0.999431 -0.0617159 -0.00268851 0.99809 -0.0615 -0.00577816 0.99809 -0.257901 -0.0122404 0.966094 -0.414849 -0.0180554 0.909711 -0.550917 -0.022082 0.834268 -0.249175 -0.0090521 0.968416 -0.561047 -0.00795677 0.827746 -0.552814 -0.00778413 0.833268 -0.383892 0 0.923378 -0.383793 -0.0080264 0.923384 -0.191285 -0.00400041 0.981526 -0.191346 -0.00208378 0.98152 -0.132838 -0.00578147 0.991121 -0.132965 0 0.991121 -0.0729149 -0.00317637 0.997333 0 0 1 0 0 1 0 0 1 0 0 1 0 0 1 0.0306071 -0.999531 0.00115809 0.197204 -0.980362 0 0.0330335 -0.999454 0.00114736 0.0426254 -0.999091 0.00108542 0.088896 -0.996041 0.000830194 0.243636 -0.969867 0 0.559179 -0.829047 0 0.559179 -0.829047 0 -0.0223339 0.999751 0 -0.55944 0.828871 0 -0.55944 0.828871 0 -0.196986 0.980406 0 -0.243543 0.969883 -0.0036587 -0.0699516 0.99755 -0.000411498 0.6862 0.679321 0.2601 0.68622 0.679341 -0.259996 0.686181 0.679341 -0.2601 0.501209 0.496213 -0.708916 0.50121 0.496213 -0.708915 0.183113 0.181287 -0.966232 0.1831 0.18128 -0.966236 -0.1831 -0.18128 -0.966236 -0.183113 -0.181287 -0.966232 -0.501208 -0.496212 -0.708917 -0.501209 -0.496213 -0.708916 -0.686192 -0.679351 -0.260045 -0.68621 -0.679351 -0.259998 -0.686201 -0.679342 0.260045 -0.686201 -0.67936 0.259998 -0.501211 -0.496214 0.708914 -0.501211 -0.496215 0.708913 -0.183103 -0.181278 0.966236 -0.18311 -0.18129 0.966232 0.18311 0.18129 0.966232 0.183103 0.181277 0.966236 0.501211 0.496215 0.708913 0.501212 0.496216 0.708912 0.686201 0.67936 0.259996 -0.60512 -0.599071 0.524351 -0.605118 -0.599086 0.524336 -0.708427 -0.701365 0.0788607 -0.708427 -0.701365 0.0788603 -0.656074 -0.649534 -0.384281 -0.656104 -0.649526 -0.384244 -0.460135 -0.455522 -0.762086 -0.460107 -0.45552 -0.762104 -0.165125 -0.163479 -0.97263 -0.165119 -0.163478 -0.972631 -0.501243 -0.496233 0.708879 -0.501243 -0.496232 0.708879 0.173336 0 -0.984863 0.173336 0 -0.984863 0.499906 0 -0.86608 0.499906 0 -0.86608 -0.393436 -0.389503 0.832764 -0.393429 -0.389486 0.832775 -0.137968 -0.136585 0.980974 -0.137974 -0.136599 0.980971 0.965915 0 0.258858 0.965915 0 -0.258858 0.965915 0 -0.258858 0.707123 0 -0.70709 0.707123 0 -0.70709 0.258869 0 -0.965912 0.258869 0 -0.965912 -0.258869 0 -0.965912 -0.258869 0 -0.965912 -0.707123 0 -0.70709 -0.707123 0 -0.70709 -0.965915 0 -0.258858 -0.965915 0 -0.258858 -0.965915 0 0.258858 -0.965915 0 0.258858 -0.707123 0 0.70709 -0.707123 0 0.70709 -0.258794 0 0.965933 -0.258794 0 0.965933 0.258794 0 0.965933 0.258794 0 0.965933 0.707123 0 0.70709 0.707123 0 0.70709 0.965915 0 0.258858 0.965932 0 -0.258796 0.707107 0 -0.707107 0.707107 0 -0.707107 0.258865 0 -0.965913 0.258865 0 -0.965913 -0.258846 0 -0.965919 -0.258846 0 -0.965919 -0.707144 0 -0.707069 -0.707144 0 -0.707069 -0.965933 0 -0.258793 -0.965933 0 -0.258793 -0.965933 0 0.258792 -0.965933 0 0.258792 -0.707144 0 0.707069 -0.707144 0 0.707069 -0.258773 0 0.965938 -0.258773 0 0.965938 0.258793 0 0.965933 0.258793 0 0.965933 0.707107 0 0.707107 0.707107 0 0.707107 0.965932 0 0.258795 0.965932 0 0.258795 0.965932 0 -0.258796 0.707069 0 -0.707144 0.258792 0 -0.965933 0.258792 0 -0.965933 -0.258793 0 -0.965933 -0.258793 0 -0.965933 -0.707069 0 -0.707144 -0.707069 0 -0.707144 -0.965919 0 -0.258846 -0.965919 0 -0.258846 -0.965913 0 0.258865 -0.965913 0 0.258865 -0.707107 0 0.707107 -0.707107 0 0.707107 -0.258796 0 0.965932 -0.258796 0 0.965932 0.258795 0 0.965932 0.258795 0 0.965932 0.707107 0 0.707107 0.707107 0 0.707107 0.965933 0 0.258793 0.965933 0 0.258793 0.965938 0 -0.258773 0.965938 0 -0.258773 0.707069 0 -0.707144 0.258858 0 -0.965915 -0.258858 0 -0.965915 -0.258858 0 -0.965915 -0.70709 0 -0.707123 -0.70709 0 -0.707123 -0.965912 0 -0.258869 -0.965912 0 -0.258869 -0.965912 0 0.258869 -0.965912 0 0.258869 -0.70709 0 0.707123 -0.70709 0 0.707123 -0.258858 0 0.965915 -0.258858 0 0.965915 0.258858 0 0.965915 0.258858 0 0.965915 0.70709 0 0.707123 0.70709 0 0.707123 0.965933 0 0.258794 0.965933 0 0.258794 0.965933 0 -0.258794 0.965933 0 -0.258794 0.70709 0 -0.707123 0.70709 0 -0.707123 0.258858 0 -0.965915 -0.258796 0 -0.965932 -0.707107 0 -0.707107 -0.707107 0 -0.707107 -0.965913 0 -0.258865 -0.965913 0 -0.258865 -0.965919 0 0.258846 -0.965919 0 0.258846 -0.707069 0 0.707144 -0.707069 0 0.707144 -0.258793 0 0.965933 -0.258793 0 0.965933 0.258792 0 0.965933 0.258792 0 0.965933 0.707069 0 0.707144 0.707069 0 0.707144 0.965938 0 0.258773 0.965938 0 0.258773 0.965933 0 -0.258793 0.965933 0 -0.258793 0.707107 0 -0.707107 0.707107 0 -0.707107 0.258795 0 -0.965932 0.258795 0 -0.965932 -0.258796 0 -0.965932 -0.707144 0 -0.707069 -0.965933 0 -0.258792 -0.965933 0 -0.258792 -0.965933 0 0.258793 -0.965933 0 0.258793 -0.707144 0 0.707069 -0.707144 0 0.707069 -0.258846 0 0.965919 -0.258846 0 0.965919 0.258865 0 0.965913 0.258865 0 0.965913 0.707107 0 0.707107 0.707107 0 0.707107 0.965932 0 0.258796 0.965932 0 0.258796 0.965932 0 -0.258795 0.965932 0 -0.258795 0.707107 0 -0.707107 0.707107 0 -0.707107 0.258793 0 -0.965933 0.258793 0 -0.965933 -0.258773 0 -0.965938 -0.258773 0 -0.965938 -0.707144 0 -0.707069 -0.965915 0 -0.258858 -0.965915 0 0.258858 -0.965915 0 0.258858 -0.707123 0 0.70709 -0.707123 0 0.70709 -0.258869 0 0.965912 -0.258869 0 0.965912 0.258869 0 0.965912 0.258869 0 0.965912 0.707123 0 0.70709 0.707123 0 0.70709 0.965915 0 0.258858 0.965915 0 0.258858 0.965915 0 -0.258858 0.965915 0 -0.258858 0.707123 0 -0.70709 0.707123 0 -0.70709 0.258794 0 -0.965933 0.258794 0 -0.965933 -0.258794 0 -0.965933 -0.258794 0 -0.965933 -0.707123 0 -0.70709 -0.707123 0 -0.70709 -0.965915 0 -0.258858 -0.965932 0 0.258796 -0.707107 0 0.707107 -0.707107 0 0.707107 -0.258865 0 0.965913 -0.258865 0 0.965913 0.258846 0 0.965919 0.258846 0 0.965919 0.707144 0 0.707069 0.707144 0 0.707069 0.965933 0 0.258793 0.965933 0 0.258793 0.965933 0 -0.258792 0.965933 0 -0.258792 0.707144 0 -0.707069 0.707144 0 -0.707069 0.258773 0 -0.965938 0.258773 0 -0.965938 -0.258793 0 -0.965933 -0.258793 0 -0.965933 -0.707107 0 -0.707107 -0.707107 0 -0.707107 -0.965932 0 -0.258795 -0.965932 0 -0.258795 -0.965932 0 0.258796 -0.707069 0 0.707144 -0.258792 0 0.965933 -0.258792 0 0.965933 0.258793 0 0.965933 0.258793 0 0.965933 0.707069 0 0.707144 0.707069 0 0.707144 0.965919 0 0.258846 0.965919 0 0.258846 0.965913 0 -0.258865 0.965913 0 -0.258865 0.707107 0 -0.707107 0.707107 0 -0.707107 0.258796 0 -0.965932 0.258796 0 -0.965932 -0.258795 0 -0.965932 -0.258795 0 -0.965932 -0.707107 0 -0.707107 -0.707107 0 -0.707107 -0.965933 0 -0.258793 -0.965933 0 -0.258793 -0.965938 0 0.258773 -0.965938 0 0.258773 -0.707069 0 0.707144 -0.258858 0 0.965915 0.258858 0 0.965915 0.258858 0 0.965915 0.70709 0 0.707123 0.70709 0 0.707123 0.965912 0 0.258869 0.965912 0 0.258869 0.965912 0 -0.258869 0.965912 0 -0.258869 0.70709 0 -0.707123 0.70709 0 -0.707123 0.258858 0 -0.965915 0.258858 0 -0.965915 -0.258858 0 -0.965915 -0.258858 0 -0.965915 -0.70709 0 -0.707123 -0.70709 0 -0.707123 -0.965933 0 -0.258794 -0.965933 0 -0.258794 -0.965933 0 0.258794 -0.965933 0 0.258794 -0.70709 0 0.707123 -0.70709 0 0.707123 -0.258858 0 0.965915 0.258796 0 0.965932 0.707107 0 0.707107 0.707107 0 0.707107 0.965913 0 0.258865 0.965913 0 0.258865 0.965919 0 -0.258846 0.965919 0 -0.258846 0.707069 0 -0.707144 0.707069 0 -0.707144 0.258793 0 -0.965933 0.258793 0 -0.965933 -0.258792 0 -0.965933 -0.258792 0 -0.965933 -0.707069 0 -0.707144 -0.707069 0 -0.707144 -0.965938 0 -0.258773 -0.965938 0 -0.258773 -0.965933 0 0.258793 -0.965933 0 0.258793 -0.707107 0 0.707107 -0.707107 0 0.707107 -0.258795 0 0.965932 -0.258795 0 0.965932 0.258796 0 0.965932 0.707144 0 0.707069 0.965933 0 0.258792 0.965933 0 0.258792 0.965933 0 -0.258793 0.965933 0 -0.258793 0.707144 0 -0.707069 0.707144 0 -0.707069 0.258846 0 -0.965919 0.258846 0 -0.965919 -0.258865 0 -0.965913 -0.258865 0 -0.965913 -0.707107 0 -0.707107 -0.707107 0 -0.707107 -0.965932 0 -0.258796 -0.965932 0 -0.258796 -0.965932 0 0.258795 -0.965932 0 0.258795 -0.707107 0 0.707107 -0.707107 0 0.707107 -0.258793 0 0.965933 -0.258793 0 0.965933 0.258773 0 0.965938 0.258773 0 0.965938 0.707144 0 0.707069 -0.615446 0.703531 -0.355345 -0.615423 0.703582 -0.355285 -0.615433 0.703557 -0.355317 -0.615451 0.703519 -0.35536 -0.61545 0.703521 -0.355358 -0.615423 0.70358 -0.355288 -0.615439 0.703541 -0.355338 -0.615458 0.70353 -0.355326 -0.615429 0.703551 -0.355335 -0.615463 0.703544 -0.355292 -0.615426 0.70356 -0.355322 -0.615417 0.703555 -0.355349 -0.615441 0.703554 -0.355308 -0.615441 0.703537 -0.355342 -0.615445 0.703542 -0.355325 -0.615427 0.703576 -0.355289 -0.615434 0.703551 -0.355328 -0.615441 0.703542 -0.355332 -0.615439 0.703546 -0.355329 -0.615457 0.70354 -0.35531 -0.615441 0.703545 -0.355326 -0.615442 0.703545 -0.355325 -0.61543 0.70355 -0.355335 -0.499979 4.0594e-05 0.866038 -0.499995 -1.61738e-05 0.866028 0.499991 1.0794e-05 -0.86603 0.499998 -4.68505e-06 -0.866026 0.615446 -0.70354 0.355328 0.61545 -0.703542 0.355316 0.615453 -0.703546 0.355304 0.615436 -0.70355 0.355325 0.615448 -0.70355 0.355304 0.615432 -0.703559 0.355314 0.615437 -0.703557 0.355311 0.615433 -0.703565 0.355301 0.615385 -0.703565 0.355383 0.615444 -0.703547 0.355317 0.615444 -0.703547 0.355318 0.615443 -0.703548 0.355317 0.615453 -0.703528 0.355339 0.615429 -0.703562 0.355314 0.615429 -0.703541 0.355356 0.61542 -0.703591 0.355273 0.615437 -0.703554 0.355315 0.615452 -0.703517 0.355362 0.61544 -0.703544 0.355331 0.615446 -0.703527 0.355353 0.615436 -0.703551 0.355323 0.61543 -0.703554 0.355328 0.615495 -0.703528 0.355267 0 0 -1 0 0 -1 0 0 -1 0 0 -1 -0.087142 0 -0.996196 -0.087142 0 -0.996196 -0.173647 0 -0.984808 -0.173647 0 -0.984808 0 1 0 0 1 0 0 1 0 0 1 0 0 1 0 0 1 0 0 1 0 0 1 0 0 1 0 0 1 0 0 1 0 0 1 0 0 1 0 0 1 0 0 1 0 0 1 0 0 1 0 0 1 0 0 1 0 0 1 0 0 1 0 0 1 0 0 1 0 0 1 0 0 1 0 0 1 0 0 1 0 0 1 0 0 1 0 0 1 0 0 1 0 0 1 0 0 1 0 0 1 0 0 1 0 0 1 0 0 1 0 0 1 0 0 1 0 0 1 0 0 1 0 0 1 0 0 1 0 0 1 0 0 1 0 0 1 0 0 1 0 0 1 0 0 1 0 0 1 0 0 1 0 0 1 0 0 1 0 0 1 0 0 1 0 0 1 0 0 1 0 0 1 0 0 1 0 0 1 0 0 1 0 0 1 0 0 1 0 0 1 0 0 1 0 0 1 0 0 1 0 0 1 0 0 1 0 0 1 0 0 1 0 0 1 0 0 1 0 0 1 0 0 1 0 0 1 0 0 1 0 0 1 0 0 1 0 0 1 0 0 1 0 0 1 0 0 1 0 0 1 0 0 1 0 0 1 0 0 1 0 0 1 0 0 1 0 0 1 0 0 1 0 0 1 0 0 1 0 0 1 0 0 1 0 0 1 0 0 1 0 0 1 0 0 1 0 0 1 0 0 1 0 0 1 0 0 1 0 0 1 0 0 1 0 0 1 0 0 1 0 0 1 0 0 1 0 0 1 0 0 1 0 0 1 0 0 1 0 0 1 0 0 1 0 0 1 0 0 1 0 0 1 0 0 1 0 0 1 0 0 1 0 0 1 0 0 1 0 0 1 0 0 1 0 0 1 0 0 1 0 0 1 0 0 1 0 0 1 0 0 1 0 0 1 0 0 1 0 0 1 0 0 1 0 0 1 0 0 1 0 0 1 0 0 1 0 0 1 0 0 1 0 0 1 0 0 1 0 0 1 0 0 1 0 0 1 0 0 1 0 0 1 0 0 1 0 0 1 0 0 1 0 0 1 0 0 1 0 0 1 0 0 1 0 0 1 0 0 1 0 0 1 0 0 1 0 0 1 0 0 1 0 0 1 0 0 1 0 0 1 0 0 1 0 0 1 0 0 1 0 0 1 0 0 1 0 0 1 0 0 1 0 0 1 0 0 1 0 0 1 0 0 1 0 0 1 0 0 1 0 0 1 0 0 1 0 0 1 0 0 1 0 0 1 0 0 1 0 0 1 0 0 1 0 0 1 0 0 1 0 0 1 0 0 1 0 0 1 0 0 1 0 0 1 0 0 1 0 0 1 0 0 1 0 0 1 0 0 1 0 0 1 0 0 1 0 0 1 0 0 1 0 0 1 0 0 1 0 0 1 0 0 1 0 0 1 0 0 1 0 0 1 0 0 1 0 0 1 0 0 1 0 0 1 0 0 1 0 0 1 0 0 1 0 0 1 0 0 1 0 0 1 0 0 1 0 0 1 0 0 1 0 0 1 0 0 1 0 0 1 0 0 1 0 0 1 0 0 1 0 0 1 0 0 1 0 0 1 0 0 1 0 0 1 0 0 1 0 0 1 0 0 1 0 0 1 0 0 1 0 0 1 0 0 1 0 0 1 0 0 1 0 0 1 0 0 1 0 0 1 0 0 1 0 0 1 0 0 1 0 0 1 0 0 1 0 0 1 0 0 1 0 0 1 0 0 1 0 0 1 0 0 1 0 0 1 0 0 1 0 0 1 0 0 1 0 0 1 0 0 1 0 0 1 0 0 1 0 0 1 0 0 1 0 0 1 0 0 1 0 0 1 0 0 1 0 0 1 0 0 1 0 0 1 0 0 1 0 0 1 0 0 1 0 0 1 0 0 1 0 0 1 0 0 1 0 0 1 0 0 1 0 0 1 0 0 1 0 0 1 0 0 1 0 0 1 0 0 1 0 0 1 0 0 1 0 0 1 0 0 1 0 0 1 0 0 1 0 0 1 0 0 1 0 0 1 0 0 1 0 0 1 0 0 1 0 0 1 0 0 1 0 0 1 0 0 1 0 0 1 0 0 1 0 0 1 0 0 1 0 0 1 0 0 1 0 0 1 0 0 1 0 0 1 0 0 1 0 0 1 0 0 1 0 0 1 0 0 1 0 0 1 0 0 1 0 0 1 0 0 1 0 0 1 0 0 1 0 0 1 0 0 1 0 0 1 0 0 1 0 0 1 0 0 1 0 0 1 0 0 1 0 0 1 0 0 1 0 0 1 0 0 1 0 0 1 0 0 1 0 0 1 0 0 1 0 0 1 0 0 1 0 0 1 0 0 1 0 0 1 0 0 1 0 0 1 0 0 1 0 0 1 0 0 1 0 0 1 0 0 1 0 0 1 0 0 1 0 0 1 0 0 1 0 0 1 0 0 1 0 0 1 0 0 1 0 0 1 0 0 1 0 0 1 0 0 1 0 0 1 0 0 1 0 0 1 0 0 1 0 0 1 0 0 1 0 0 1 0 0 1 0 0 1 0 0 1 0 0 1 0 0 1 0 0 1 0 0 1 0 0 1 0 0 1 0 0 1 0 0 1 0 0 1 0 0 1 0 0 1 0 0 1 0 0 1 0 0 1 0 0 1 0 0 1 0 0 1 0 0 1 0 0 1 0 0 1 0 0 1 0 0 1 0 0 1 0 0 1 0 0 1 0 0 1 0 0 1 0 0 1 0 0 1 0 0 1 0 0 1 0 0 1 0 0 1 0 0 1 0 0 1 0 0 1 0 0 1 0 0 1 0 0 1 0 0 1 0 0 1 0 0 1 0 0 1 0 0 1 0 0 1 0 0 1 0 0 1 0 0 1 0 0 1 0 0 1 0 0 1 0 0 1 0 0 1 0 0 1 0 0 1 0 0 1 0 0 1 0 0.499982 0 -0.866036 0.499982 0 -0.866036 0 -1 0 0 -1 0 0 -1 0 0 -1 0 0 -1 0 0 -1 0 0 -1 0 0 -1 0 0 -1 0 0 -1 0 0 -1 0 0 -1 0 0 -1 0 0 -1 0 0 -1 0 0 -1 0 0 -1 0 0 -1 0 0 -1 0 0 -1 0 0 -1 0 0 -1 0 0 -1 0 0 -1 0 0 -1 0 0 -1 0 0 -1 0 0 -1 0 0 -1 0 0 -1 0 0 -1 0 0 -1 0 0 -1 0 0 -1 0 0 -1 0 0 -1 0 0 -1 0 0 -1 0 0 -1 0 0 -1 0 0 -1 0 0 -1 0 0 -1 0 0 -1 0 0 -1 0 0 -1 0 0 -1 0 0 -1 0 0 -1 0 0 -1 0 0 -1 0 0 -1 0 0 -1 0 0 -1 0 0 -1 0 0 -1 0 0 -1 0 0 -1 0 0 -1 0 0 -1 0 0 -1 0 0 -1 0 0 -1 0 0 -1 0 0 -1 0 0 -1 0 0 -1 0 0 -1 0 0 -1 0 0 -1 0 0 -1 0 0 -1 0 0 -1 0 0 -1 0 0 -1 0 0 -1 0 0 -1 0 0 -1 0 0 -1 0 0 -1 0 0 -1 0 0 -1 0 0 -1 0 0 -1 0 0 -1 0 0 -1 0 0 -1 0 0 -1 0 0 -1 0 0 -1 0 0 -1 0 0 -1 0 0 -1 0 0 -1 0 0 -1 0 0 -1 0 0 -1 0 0 -1 0 0 -1 0 0 -1 0 0 -1 0 0 -1 0 0 -1 0 0 -1 0 0 -1 0 0 -1 0 0 -1 0 0 -1 0 0 -1 0 0 -1 0 0 -1 0 0 -1 0 0 -1 0 0 -1 0 0 -1 0 0 -1 0 0 -1 0 0 -1 0 0 -1 0 0 -1 0 0 -1 0 0 -1 0 0 -1 0 0 -1 0 0 -1 0 0 -1 0 0 -1 0 0 -1 0 0 -1 0 0 -1 0 0 -1 0 0 -1 0 0 -1 0 0 -1 0 0 -1 0 0 -1 0 0 -1 0 0 -1 0 0 -1 0 0 -1 0 0 -1 0 0 -1 0 0 -1 0 0 -1 0 0 -1 0 0 -1 0 0 -1 0 0 -1 0 0 -1 0 0 -1 0 0 -1 0 0 -1 0 0 -1 0 0 -1 0 0 -1 0 0 -1 0 0 -1 0 0 -1 0 0 -1 0 0 -1 0 0 -1 0 0 -1 0 0 -1 0 0 -1 0 0 -1 0 0 -1 0 0 -1 0 0 -1 0 0 -1 0 0 -1 0 0 -1 0 0 -1 0 0 -1 0 0 -1 0 0 -1 0 0 -1 0 0 -1 0 0 -1 0 0 -1 0 0 -1 0 0 -1 0 0 -1 0 0 -1 0 0 -1 0 0 -1 0 0 -1 0 0 -1 0 0 -1 0 0 -1 0 0 -1 0 0 -1 0 0 -1 0 0 -1 0 0 -1 0 0 -1 0 0 -1 0 0 -1 0 0 -1 0 0 -1 0 0 -1 0 0 -1 0 0 -1 0 0 -1 0 0 -1 0 0 -1 0 0 -1 0 0 -1 0 0 -1 0 0 -1 0 0 -1 0 0 -1 0 0 -1 0 0 -1 0 0 -1 0 0 -1 0 0 -1 0 0 -1 0 0 -1 0 0 -1 0 0 -1 0 0 -1 0 0 -1 0 0 -1 0 0 -1 0 0 -1 0 0 -1 0 0 -1 0 0 -1 0 0 -1 0 0 -1 0 0 -1 0 0 -1 0 0 -1 0 0 -1 0 0 -1 0 0 -1 0 0 -1 0 0 -1 0 0 -1 0 0 -1 0 0 -1 0 0 -1 0 0 -1 0 0 -1 0 0 -1 0 0 -1 0 0 -1 0 0 -1 0 0 -1 0 0 -1 0 0 -1 0 0 -1 0 0 -1 0 0 -1 0 0 -1 0 0 -1 0 0 -1 0 0 -1 0 0 -1 0 0 -1 0 0 -1 0 0 -1 0 0 -1 0 0 -1 0 0 -1 0 0 -1 0 0 -1 0 0 -1 0 0 -1 0 0 -1 0 0 -1 0 0 -1 0 0 -1 0 0 -1 0 0 -1 0 0 -1 0 0 -1 0 0 -1 0 0 -1 0 0 -1 0 0 -1 0 0 -1 0 0 -1 0 0 -1 0 0 -1 0 0 -1 0 0 -1 0 0 -1 0 0 -1 0 0 -1 0 0 -1 0 0 -1 0 0 -1 0 0 -1 0 0 -1 0 0 -1 0 0 -1 0 0 -1 0 0 -1 0 0 -1 0 0 -1 0 0 -1 0 0 -1 0 0 -1 0 0 -1 0 0 -1 0 0 -1 0 0 -1 0 0 -1 0 0 -1 0 0 -1 0 0 -1 0 0 -1 0 0 -1 0 0 -1 0 0 -1 0 0 -1 0 0 -1 0 0 -1 0 0 -1 0 0 -1 0 0 -1 0 0 -1 0 0 -1 0 0 -1 0 0 -1 0 0 -1 0 0 -1 0 0 -1 0 0 -1 0 0 -1 0 0 -1 0 0 -1 0 0 -1 0 0 -1 0 0 -1 0 0 -1 0 0 -1 0 0 -1 0 0 -1 0 0 -1 0 0 -1 0 0 -1 0 0 -1 0 0 -1 0 0 -1 0 0 -1 0 0 -1 0 0 -1 0 0 -1 0 0 -1 0 0 -1 0 0 -1 0 0 -1 0 0 -1 0 0 -1 0 0 -1 0 0 -1 0 0 -1 0 0 -1 0 0 -1 0 0 -1 0 0 -1 0 0 -1 0 0 -1 0 0 -1 0 0 -1 0 0 -1 0 0 -1 0 0 -1 0 0 -1 0 0 -1 0 0 -1 0 0 -1 0 0 -1 0 0 -1 0 0 -1 0 0 -1 0 0 -1 0 0 -1 0 0 -1 0 0 -1 0 0 -1 0 0 -1 0 0 -1 0 0 -1 0 0 -1 0 0 -1 0 0 -1 0 0 -1 0 0 -1 0 0 -1 0 0 -1 0 0 -1 0 0 -1 0 0 -1 0 0 -1 0 0 -1 0 0 -1 0 0 -1 0 0 -1 0 0 -1 0 0 -1 0 0 -1 0 0 -1 0 0 -1 0 0 -1 0 0 -1 0 0 -1 0 0 -1 0 0 -1 0 0 -1 0 0 -1 0 0 -1 0 0 -1 0 0 -1 0 0 -1 0 0 -1 0 0 -1 0 0 -1 0 0 -1 0 0 -1 0 0 -1 0 0 -1 0 0 -1 0 0 -1 0 0 -1 0 0 -1 0 0 -1 0 0 -1 0 0.630045 0 -0.776558 -0.17444 0 0.984668 -0.17444 0 0.984668 -0.17444 0 0.984668 0.630045 0 -0.776558 0.877997 0 -0.478666 0.877997 0 -0.478666 0.999373 0 -0.0353924 0.999373 0 -0.0353924 0.909624 0 0.415433 0.909624 0 0.415433 0.627737 0 0.778425 0.627737 0 0.778425 0.213377 0 0.97697 0.213377 0 0.97697 -0.17444 0 0.984668 -0.17444 0 0.984668 0.500218 0.000269866 -0.8659 0.500005 7.50756e-06 -0.866022 0.499776 -0.000101017 -0.866155 0.499968 0 -0.866044 -0.255511 0 0.966806 -0.255511 0 0.966806 -0.470835 0.00314387 0.882216 -0.445554 0.00266988 0.895251 -0.445741 0.00575656 0.895143 -0.26997 0.0118833 0.962795 -0.0987884 0.017971 0.994946 0.0645241 0.022193 0.997669 -0.268176 0.00898901 0.963328 0.0718588 0.00792417 0.997383 0.0694355 0.00788194 0.997555 -0.124177 0 0.99226 -0.124236 0.00811333 0.99222 -0.324353 0.00398322 0.945928 -0.324301 0.00218257 0.945952 -0.379656 0.00587164 0.925109 -0.379544 0 0.925174 -0.434871 0.00318698 0.900487 -0.500035 6.96125e-06 0.866005 -0.499694 3.90468e-06 0.866202 -0.500053 -1.10733e-05 0.865995 -0.50032 -0.000137471 0.865841 -0.499973 9.39015e-06 0.866041 -0.170866 0.980343 -0.0986498 -0.0292093 0.999453 -0.0155394 -0.0376155 0.999083 -0.0204651 -0.0269702 0.999535 -0.014233 -0.0776801 0.996012 -0.043892 -0.211025 0.969858 -0.121836 -0.484115 0.829162 -0.279505 -0.484101 0.829173 -0.279497 0.0193454 -0.99975 0.0111691 0.484476 -0.828881 0.279713 0.484486 -0.828873 0.279718 0.170599 -0.980405 0.0984954 0.212731 -0.969887 0.118597 0.0607916 -0.99755 0.0346231 -0.724301 -0.679333 -0.117875 -0.4643 -0.679345 -0.568257 -0.464221 -0.679345 -0.568322 -0.0796241 -0.496226 -0.864534 -0.0796853 -0.496247 -0.864517 0.324519 -0.181282 -0.928345 0.324581 -0.181247 -0.92833 0.641694 0.181279 -0.745229 0.641689 0.181276 -0.745235 0.788529 0.496227 -0.363292 0.788528 0.496226 -0.363295 0.724289 0.679347 0.117871 0.724279 0.679347 0.117931 0.464208 0.67933 0.56835 0.464249 0.679361 0.568279 0.079678 0.496262 0.864509 0.0796749 0.496259 0.864511 -0.324579 0.181249 0.92833 -0.324594 0.181226 0.92833 -0.64166 -0.181251 0.745266 -0.641645 -0.181209 0.745289 -0.788526 -0.49625 0.363266 -0.788526 -0.496247 0.36327 -0.724271 -0.679356 -0.117927 0.261833 0.599066 0.756679 0.261831 0.599061 0.756684 0.574094 0.701364 0.422498 0.57409 0.701348 0.42253 0.760338 0.649509 -0.00479576 0.760338 0.64951 -0.00479811 0.779548 0.455598 -0.429809 0.77954 0.455597 -0.429824 0.629311 0.163466 -0.759767 0.629311 0.163466 -0.759767 0.0796656 0.496225 0.864531 0.0796514 0.496253 0.864517 0.342026 0 -0.939691 0 0 -1 0 0 -1 0 0 -1 0 0 -1 0.342026 0 -0.939691 -0.0756455 0.389488 0.91792 -0.0756068 0.389549 0.917897 -0.371003 0.136594 0.918531 -0.370997 0.136605 0.918531 0.500006 0 -0.866022 0.500006 0 -0.866022 -0.355389 0.703516 -0.615438 -0.355327 0.703541 -0.615445 -0.355312 0.703496 -0.615505 -0.355319 0.703534 -0.615458 -0.355336 0.703595 -0.615378 -0.355335 0.703591 -0.615383 -0.355323 0.703547 -0.61544 -0.355315 0.703506 -0.615492 -0.355334 0.703576 -0.615402 -0.355319 0.703583 -0.615402 -0.35532 0.703582 -0.615403 -0.355347 0.703578 -0.615392 -0.355361 0.703573 -0.61539 -0.355303 0.70356 -0.615438 -0.355281 0.70356 -0.61545 -0.355279 0.703558 -0.615453 -0.355332 0.703581 -0.615396 -0.35533 0.703558 -0.615424 -0.355334 0.703566 -0.615412 -0.355324 0.703588 -0.615394 -0.355333 0.703538 -0.615446 -0.355343 0.703535 -0.615443 -0.355301 0.703548 -0.615453 -0.866025 -1.239e-05 0.500001 -0.866025 -1.66755e-05 0.5 0.866024 4.80675e-05 -0.500003 0.866024 4.82513e-05 -0.500003 0.355345 -0.703535 0.615442 0.355351 -0.703533 0.615441 0.355322 -0.703543 0.615446 0.355321 -0.703541 0.615448 0.355328 -0.703561 0.615422 0.355322 -0.70353 0.61546 0.355305 -0.703544 0.615454 0.355337 -0.703538 0.615444 0.355308 -0.703595 0.615394 0.355331 -0.703567 0.615414 0.355328 -0.703529 0.615458 0.355312 -0.703594 0.615393 0.355319 -0.7036 0.615382 0.355294 -0.703545 0.61546 0.355303 -0.703547 0.615453 0.355281 -0.703536 0.615478 0.355337 -0.703527 0.615456 0.355328 -0.703527 0.61546 0.355296 -0.703542 0.615462 0.355319 -0.703535 0.615457 0.35533 -0.703592 0.615385 0.355328 -0.703571 0.61541 0.355321 -0.703525 0.615467 0.422608 0 -0.906313 0.422608 0 -0.906313 0.342021 0 -0.939692 0.342021 0 -0.939692 0.342023 0 -0.939692 0.342023 0 -0.939692 0.341998 0 -0.939701 0.341998 0 -0.939701 0.866142 0 -0.499797 0.866142 0 -0.499797 -0.643153 0 0.765738 0.933849 0 -0.357668 -0.643153 0 0.765738 -0.643153 0 0.765738 0.933849 0 -0.357668 0.999699 0 0.024518 0.999699 0 0.024518 0.883131 0 0.469127 0.883131 0 0.469127 0.580145 0 0.814513 0.580145 0 0.814513 0.154324 0 0.98802 0.154324 0 0.98802 -0.303796 0 0.952737 -0.303796 0 0.952737 -0.643153 0 0.765738 -0.643153 0 0.765738 0.866198 0.000393913 -0.4997 0.866045 6.66712e-05 -0.499965 0.865324 -0.000524539 -0.501213 0.865901 0 -0.500215 -0.707155 0 0.707058 -0.707155 0 0.707058 -0.848861 0.00313187 0.528606 -0.833664 0.00266526 0.552266 -0.833772 0.00573837 0.55208 -0.70804 0.0121934 0.706067 -0.586132 0.0177883 0.81002 -0.447621 0.0219838 0.893953 -0.714522 0.00897663 0.699555 -0.438757 0.00788726 0.898571 -0.441854 0.00782714 0.897053 -0.605677 0 0.795711 -0.605708 0.0081614 0.795645 -0.753531 0.00409672 0.6574 -0.753493 0.00205861 0.657453 -0.791597 0.00579938 0.611016 -0.791533 0 0.611127 -0.827038 0.00318221 0.562137 -0.866032 -5.63734e-06 0.499989 -0.865865 1.67555e-05 0.500277 -0.866025 5.2114e-06 0.5 -0.866066 -2.81923e-05 0.499929 -0.866011 1.24705e-05 0.500025 -0.016954 0.999425 -0.0293727 -0.0217692 0.999073 -0.037141 -0.0154687 0.999498 -0.0276631 -0.0483408 0.99613 -0.0734087 -0.144122 0.969558 -0.197955 -0.098616 0.980357 -0.17081 -0.0985522 0.980383 -0.170696 -0.0986206 0.980355 -0.170817 -0.279614 0.829012 -0.484308 -0.279555 0.829093 -0.484205 0.279719 -0.828868 0.484495 0.279718 -0.828869 0.484494 0.0984787 -0.980412 0.170573 0.124937 -0.969885 0.20908 0.023927 -0.998854 0.0414425 0.037691 -0.997552 0.0588998 0.0111692 -0.99975 0.0193458 0.0111654 -0.999751 0.0193439 -0.568351 -0.679343 -0.464188 -0.117922 -0.679348 -0.724279 -0.117868 -0.679348 -0.724288 0.363263 -0.496238 -0.788535 0.363321 -0.496219 -0.78852 0.745255 -0.181229 -0.641678 0.745223 -0.181254 -0.641708 0.928308 0.181223 -0.324657 0.928308 0.181223 -0.324657 0.864498 0.496285 0.0796562 0.864497 0.496285 0.0796576 0.568346 0.679353 0.464179 0.568313 0.679353 0.46422 0.117874 0.679339 0.724296 0.117917 0.679358 0.724271 -0.363264 0.496238 0.788535 -0.363263 0.496238 0.788535 -0.745251 0.18122 0.641686 -0.745274 0.181178 0.641671 -0.928307 -0.181231 0.324657 -0.928306 -0.181209 0.324671 -0.864499 -0.496283 -0.0796538 -0.864499 -0.496283 -0.0796537 -0.568307 -0.679363 -0.464213 -0.151604 0.599064 0.786218 -0.151591 0.599079 0.786209 0.285889 0.701327 0.652999 0.285947 0.701373 0.652924 0.660836 0.649548 0.376011 0.660822 0.649542 0.376046 0.890043 0.455545 0.0174059 0.890043 0.455544 0.017388 0.924862 0.163466 -0.343378 0.924863 0.163466 -0.343378 -0.363283 0.496238 0.788526 -0.363291 0.496279 0.788496 0.765809 0 -0.643068 0.765809 0 -0.643068 0.500236 0 -0.865889 0.500236 0 -0.865889 -0.524448 0.389532 0.757112 -0.524453 0.389526 0.757112 -0.780549 0.136609 0.609984 -0.780556 0.136592 0.60998 0.866026 0 -0.5 0.866026 0 -0.5 0.866036 0 -0.499982 0.866036 0 -0.499982 5.60219e-06 0.703549 -0.710647 -4.20672e-06 0.703545 -0.710651 1.97096e-05 0.703552 -0.710644 -1.07887e-05 0.703545 -0.710651 0 0.703516 -0.71068 0 0.70356 -0.710636 5.28508e-06 0.703556 -0.71064 4.29812e-06 0.703557 -0.710639 -5.59489e-06 0.70356 -0.710636 1.68543e-05 0.703547 -0.710649 4.15236e-06 0.703547 -0.710649 -1.58529e-05 0.70355 -0.710645 -6.87706e-06 0.703554 -0.710642 1.4108e-05 0.703557 -0.710639 1.25048e-05 0.703555 -0.710641 -9.18439e-07 0.703548 -0.710648 -8.01405e-06 0.703556 -0.71064 6.79073e-06 0.703537 -0.710658 2.23321e-05 0.70352 -0.710676 -3.36658e-05 0.703593 -0.710603 -5.91606e-06 0.703562 -0.710634 3.37236e-05 0.703512 -0.710684 0 0.703546 -0.710649 -1 0 0 -1 0 0 1 0 0 1 0 0 7.18605e-06 -0.703559 0.710637 8.75938e-07 -0.703551 0.710645 -4.50683e-05 -0.703503 0.710692 0 -0.703554 0.710642 5.62845e-05 -0.703533 0.710662 -1.39096e-05 -0.703554 0.710642 -1.18951e-05 -0.703554 0.710642 0 -0.703551 0.710644 0 -0.703516 0.71068 -1.10906e-05 -0.703546 0.71065 1.64817e-06 -0.703565 0.710631 -8.47807e-07 -0.703556 0.71064 -8.79336e-06 -0.703552 0.710644 -1.64367e-05 -0.703545 0.710651 7.73033e-06 -0.703549 0.710647 1.64307e-05 -0.703552 0.710644 -1.39507e-05 -0.703556 0.71064 9.96975e-06 -0.703556 0.71064 6.36919e-05 -0.703528 0.710668 2.46497e-06 -0.703549 0.710647 6.97431e-06 -0.703555 0.710641 5.74572e-05 -0.703629 0.710568 -1.48222e-05 -0.703534 0.710661 0.81915 0 -0.573579 0.81915 0 -0.573579 0.766053 0 -0.642777 0.766053 0 -0.642777 0.766016 0 -0.642822 0.766016 0 -0.642822 1 0 0 1 0 0 0.987554 0 0.157283 -0.93987 0 0.341532 -0.93987 0 0.341532 -0.93987 0 0.341532 0.987554 0 0.157283 0.853526 0 0.521051 0.853526 0 0.521051 0.5303 0 0.84781 0.5303 0 0.84781 0.0951384 0 0.995464 0.0951384 0 0.995464 -0.36036 0 0.932813 -0.36036 0 0.932813 -0.739401 0 0.673265 -0.739401 0 0.673265 -0.93987 0 0.341532 -0.93987 0 0.341532 1 0 0 1 0 0 1 0 0 1 0 0 -0.966054 0 0.258341 -0.966054 0 0.258341 -0.999431 0.00315659 0.0335818 -0.99809 0.00268851 0.0617159 -0.99809 0.00577816 0.0615 -0.966094 0.0122404 0.257901 -0.909711 0.0180554 0.414849 -0.834268 0.022082 0.550917 -0.968416 0.0090521 0.249175 -0.827746 0.00795677 0.561047 -0.833268 0.00778413 0.552814 -0.923378 0 0.383892 -0.923372 0.008027 0.383822 -0.981526 0.00400041 0.191285 -0.98152 0.00208378 0.191346 -0.991121 0.00578147 0.132838 -0.991121 0 0.132965 -0.997333 0.00317637 0.0729149 -1 0 0 -1 0 0 -1 0 0 -1 0 0 -1 0 0 -0.00115809 0.999531 -0.0306071 0 0.980362 -0.197204 -0.00114736 0.999454 -0.0330335 -0.00108542 0.999091 -0.0426254 -0.000830194 0.996041 -0.088896 0 0.969867 -0.243636 0 0.829047 -0.559179 0 0.829047 -0.559179 0 -0.999751 0.0223339 0 -0.828871 0.55944 0 -0.828871 0.55944 0 -0.980406 0.196986 0.0036587 -0.969883 0.243543 0.000411498 -0.99755 0.0699516 -0.2601 -0.679321 -0.6862 0.259996 -0.679341 -0.68622 0.2601 -0.679341 -0.686181 0.708916 -0.496213 -0.501209 0.708915 -0.496213 -0.50121 0.966232 -0.181287 -0.183113 0.966236 -0.18128 -0.1831 0.966236 0.18128 0.1831 0.966232 0.181287 0.183113 0.708917 0.496212 0.501208 0.708916 0.496213 0.501209 0.260045 0.679351 0.686192 0.259998 0.679351 0.68621 -0.260045 0.679342 0.686201 -0.259998 0.67936 0.686201 -0.708914 0.496214 0.501211 -0.708913 0.496215 0.501211 -0.966236 0.181278 0.183103 -0.966232 0.18129 0.18311 -0.966232 -0.18129 -0.18311 -0.966236 -0.181277 -0.183103 -0.708913 -0.496215 -0.501211 -0.708912 -0.496216 -0.501212 -0.259996 -0.67936 -0.686201 -0.524351 0.599071 0.60512 -0.524336 0.599086 0.605118 -0.0788607 0.701365 0.708427 -0.0788603 0.701365 0.708427 0.384281 0.649534 0.656074 0.384244 0.649526 0.656104 0.762086 0.455522 0.460135 0.762104 0.45552 0.460107 0.97263 0.163479 0.165125 0.972631 0.163478 0.165119 -0.708879 0.496233 0.501243 -0.708879 0.496232 0.501243 0.984863 0 -0.173336 0.984863 0 -0.173336 0.86608 0 -0.499906 0.86608 0 -0.499906 -0.832764 0.389503 0.393436 -0.832764 0.389502 0.393435 -0.980972 0.136592 0.137971 -0.980972 0.136592 0.137972 1 0 0 1 0 0 1 0 0 1 0 0 0.355325 0.703545 -0.615442 0.355326 0.703545 -0.615441 0.355345 0.703531 -0.615446 0.355285 0.703582 -0.615423 0.355317 0.703557 -0.615433 0.35536 0.703519 -0.615451 0.355358 0.703521 -0.61545 0.355288 0.70358 -0.615423 0.355338 0.703541 -0.615439 0.355326 0.70353 -0.615458 0.355335 0.703551 -0.615429 0.355292 0.703544 -0.615463 0.355322 0.70356 -0.615426 0.355349 0.703555 -0.615417 0.355308 0.703554 -0.615441 0.355342 0.703537 -0.615441 0.355325 0.703542 -0.615445 0.355289 0.703576 -0.615427 0.355328 0.703551 -0.615434 0.355332 0.703542 -0.615441 0.355329 0.703546 -0.615439 0.35531 0.70354 -0.615457 0.355335 0.70355 -0.61543 -0.866038 4.0594e-05 -0.499979 -0.866028 -1.61738e-05 -0.499995 0.86603 1.0794e-05 0.499991 0.866026 -4.68505e-06 0.499998 -0.355362 -0.703517 0.615452 -0.355331 -0.703544 0.61544 -0.355353 -0.703527 0.615446 -0.355323 -0.703551 0.615436 -0.355328 -0.703554 0.61543 -0.355267 -0.703528 0.615495 -0.355383 -0.703565 0.615385 -0.355317 -0.703547 0.615444 -0.355318 -0.703547 0.615444 -0.355317 -0.703548 0.615442 -0.355339 -0.703528 0.615453 -0.355314 -0.703562 0.615429 -0.355325 -0.703556 0.615429 -0.355356 -0.703535 0.615436 -0.355316 -0.703542 0.61545 -0.355304 -0.703546 0.615453 -0.355325 -0.70355 0.615436 -0.355304 -0.70355 0.615448 -0.355314 -0.703559 0.615432 -0.355311 -0.703557 0.615437 -0.355301 -0.703565 0.615433 -0.355273 -0.703591 0.61542 -0.355315 -0.703554 0.615437 0.996196 0 -0.087142 0.996196 0 -0.087142 0.984808 0 -0.173647 0.984808 0 -0.173647 0.866036 0 0.499982 0.866036 0 0.499982 0.776558 0 0.630045 -0.984668 0 -0.17444 -0.984668 0 -0.17444 -0.984668 0 -0.17444 0.776558 0 0.630045 0.478666 0 0.877997 0.478666 0 0.877997 0.0353924 0 0.999373 0.0353924 0 0.999373 -0.415433 0 0.909624 -0.415433 0 0.909624 -0.778425 0 0.627737 -0.778425 0 0.627737 -0.97697 0 0.213377 -0.97697 0 0.213377 -0.984668 0 -0.17444 -0.984668 0 -0.17444 0.8659 0.000269866 0.500218 0.866022 7.50756e-06 0.500005 0.866155 -0.000101017 0.499776 0.866044 0 0.499968 -0.966806 0 -0.255511 -0.966806 0 -0.255511 -0.882216 0.00314387 -0.470835 -0.895251 0.00266988 -0.445554 -0.895143 0.00575656 -0.445741 -0.962795 0.0118833 -0.26997 -0.994946 0.017971 -0.0987884 -0.997669 0.022193 0.0645241 -0.963328 0.00898901 -0.268176 -0.997383 0.00792417 0.0718588 -0.997555 0.00788194 0.0694355 -0.99226 0 -0.124177 -0.99222 0.00811333 -0.124236 -0.945928 0.00398322 -0.324353 -0.945952 0.00218257 -0.324301 -0.925109 0.00587164 -0.379656 -0.925174 0 -0.379544 -0.900487 0.00318698 -0.434871 -0.866005 6.96125e-06 -0.500035 -0.866202 3.90468e-06 -0.499694 -0.865995 -1.10733e-05 -0.500053 -0.865841 -0.000137471 -0.50032 -0.866041 9.39015e-06 -0.499973 0.0142328 0.999535 -0.0269697 0.0986498 0.980343 -0.170866 0.0155392 0.999453 -0.0292089 0.0204651 0.999083 -0.0376155 0.043892 0.996012 -0.0776801 0.121836 0.969858 -0.211025 0.279505 0.829162 -0.484115 0.279497 0.829173 -0.484101 -0.0111691 -0.99975 0.0193454 -0.279713 -0.828881 0.484476 -0.279718 -0.828873 0.484486 -0.0984954 -0.980405 0.170599 -0.118597 -0.969887 0.212731 -0.0346231 -0.99755 0.0607916 0.117875 -0.679333 -0.724301 0.568257 -0.679345 -0.4643 0.568322 -0.679345 -0.464221 0.864534 -0.496226 -0.0796241 0.864517 -0.496247 -0.0796853 0.928345 -0.181282 0.324519 0.92833 -0.181247 0.324581 0.745229 0.181279 0.641694 0.745235 0.181276 0.641689 0.363292 0.496227 0.788529 0.363295 0.496226 0.788528 -0.117871 0.679347 0.724289 -0.117931 0.679347 0.724279 -0.56835 0.67933 0.464208 -0.568279 0.679361 0.464249 -0.864509 0.496262 0.079678 -0.864511 0.496259 0.0796749 -0.92833 0.181249 -0.324579 -0.92833 0.181226 -0.324594 -0.745266 -0.181251 -0.64166 -0.745289 -0.181209 -0.641645 -0.363266 -0.49625 -0.788526 -0.36327 -0.496247 -0.788526 0.117927 -0.679356 -0.724271 -0.756679 0.599066 0.261833 -0.756684 0.599061 0.261831 -0.422498 0.701364 0.574094 -0.42253 0.701348 0.57409 0.00479576 0.649509 0.760338 0.00479811 0.64951 0.760338 0.429809 0.455598 0.779548 0.429824 0.455597 0.77954 0.759768 0.163466 0.629311 0.759768 0.163466 0.629311 -0.864531 0.496225 0.0796656 -0.864517 0.496253 0.0796514 0.939691 0 0.342026 1 0 0 1 0 0 1 0 0 1 0 0 0.939691 0 0.342026 -0.91792 0.389488 -0.0756455 -0.917897 0.389549 -0.0756068 -0.918531 0.136594 -0.371003 -0.918531 0.136605 -0.370997 0.866022 0 0.500006 0.866022 0 0.500006 0.615438 0.703516 -0.355389 0.615453 0.703548 -0.355301 0.615443 0.703535 -0.355343 0.615446 0.703538 -0.355333 0.615394 0.703588 -0.355324 0.615412 0.703566 -0.355334 0.615424 0.703558 -0.35533 0.615396 0.703581 -0.355332 0.615453 0.703558 -0.355279 0.61545 0.70356 -0.355281 0.615438 0.70356 -0.355303 0.61539 0.703573 -0.355361 0.615392 0.703578 -0.355347 0.615403 0.703582 -0.35532 0.615402 0.703583 -0.355319 0.615402 0.703575 -0.355334 0.615492 0.703506 -0.355315 0.61544 0.703547 -0.355323 0.615383 0.703592 -0.355335 0.615378 0.703595 -0.355336 0.615458 0.703534 -0.355319 0.615505 0.703496 -0.355311 0.615445 0.703541 -0.355327 -0.500001 -1.239e-05 -0.866025 -0.5 -1.66755e-05 -0.866025 0.500003 4.80675e-05 0.866024 0.500003 4.82513e-05 0.866024 -0.615442 -0.703535 0.355345 -0.615441 -0.703533 0.355351 -0.615446 -0.703543 0.355322 -0.615448 -0.703541 0.355321 -0.615422 -0.703561 0.355328 -0.61546 -0.70353 0.355322 -0.615454 -0.703544 0.355305 -0.615444 -0.703538 0.355337 -0.615394 -0.703595 0.355308 -0.615414 -0.703567 0.355331 -0.615458 -0.703529 0.355328 -0.615393 -0.703594 0.355312 -0.615382 -0.7036 0.355319 -0.61546 -0.703545 0.355294 -0.615453 -0.703547 0.355303 -0.615478 -0.703536 0.355281 -0.615456 -0.703527 0.355337 -0.61546 -0.703527 0.355328 -0.615462 -0.703542 0.355296 -0.615457 -0.703535 0.355319 -0.615385 -0.703592 0.35533 -0.61541 -0.703571 0.355328 -0.615467 -0.703525 0.355321 0.906313 0 0.422608 0.906313 0 0.422608 0.939692 0 0.342021 0.939692 0 0.342021 0.939692 0 0.342023 0.939692 0 0.342023 0.939701 0 0.341998 0.939701 0 0.341998 0.499797 0 0.866142 0.499797 0 0.866142 0.357668 0 0.933849 -0.765738 0 -0.643153 -0.765738 0 -0.643153 -0.765738 0 -0.643153 0.357668 0 0.933849 -0.024518 0 0.999699 -0.024518 0 0.999699 -0.469127 0 0.883131 -0.469127 0 0.883131 -0.814513 0 0.580145 -0.814513 0 0.580145 -0.98802 0 0.154324 -0.98802 0 0.154324 -0.952737 0 -0.303796 -0.952737 0 -0.303796 -0.765738 0 -0.643153 -0.765738 0 -0.643153 0.4997 0.000393913 0.866198 0.499965 6.66712e-05 0.866045 0.501213 -0.000524539 0.865324 0.500215 0 0.865901 -0.707058 0 -0.707155 -0.707058 0 -0.707155 -0.528606 0.00313187 -0.848861 -0.552266 0.00266526 -0.833664 -0.55208 0.00573837 -0.833772 -0.706067 0.0121934 -0.70804 -0.81002 0.0177883 -0.586132 -0.893953 0.0219838 -0.447621 -0.699555 0.00897663 -0.714522 -0.898571 0.00788726 -0.438757 -0.897053 0.00782714 -0.441854 -0.795711 0 -0.605677 -0.795645 0.0081614 -0.605708 -0.6574 0.00409672 -0.753531 -0.657453 0.00205861 -0.753493 -0.611016 0.00579938 -0.791597 -0.611127 0 -0.791533 -0.562137 0.00318221 -0.827038 -0.499989 -5.63734e-06 -0.866032 -0.500277 1.67555e-05 -0.865865 -0.5 5.2114e-06 -0.866025 -0.499929 -2.81923e-05 -0.866066 -0.500025 1.24705e-05 -0.866011 0.0293727 0.999425 -0.016954 0.037141 0.999073 -0.0217692 0.0276631 0.999498 -0.0154687 0.0734087 0.99613 -0.0483408 0.197955 0.969558 -0.144122 0.17081 0.980357 -0.098616 0.170696 0.980383 -0.0985522 0.170817 0.980355 -0.0986206 0.484308 0.829012 -0.279614 0.484205 0.829093 -0.279555 -0.484495 -0.828868 0.279719 -0.484494 -0.828869 0.279718 -0.170573 -0.980412 0.0984787 -0.20908 -0.969885 0.124937 -0.0414425 -0.998854 0.023927 -0.0588998 -0.997552 0.037691 -0.0193458 -0.99975 0.0111692 -0.0193439 -0.999751 0.0111654 0.464188 -0.679343 -0.568351 0.724279 -0.679348 -0.117922 0.724288 -0.679348 -0.117868 0.788535 -0.496238 0.363263 0.78852 -0.496219 0.363321 0.641678 -0.181229 0.745255 0.641708 -0.181254 0.745223 0.324657 0.181223 0.928308 0.324657 0.181223 0.928308 -0.0796562 0.496285 0.864498 -0.0796576 0.496285 0.864497 -0.464179 0.679353 0.568346 -0.46422 0.679353 0.568313 -0.724296 0.679339 0.117874 -0.724271 0.679358 0.117917 -0.788535 0.496238 -0.363264 -0.788535 0.496238 -0.363263 -0.641686 0.18122 -0.745251 -0.641671 0.181178 -0.745274 -0.324657 -0.181231 -0.928307 -0.324671 -0.181209 -0.928306 0.0796538 -0.496283 -0.864499 0.0796537 -0.496283 -0.864499 0.464213 -0.679363 -0.568307 -0.786218 0.599064 -0.151604 -0.786209 0.599079 -0.151591 -0.652999 0.701327 0.285889 -0.652924 0.701373 0.285947 -0.376011 0.649548 0.660836 -0.376046 0.649542 0.660822 -0.0174059 0.455545 0.890043 -0.017388 0.455544 0.890043 0.343378 0.163466 0.924862 0.343378 0.163466 0.924863 -0.788526 0.496238 -0.363283 -0.788496 0.496279 -0.363291 0.643068 0 0.765809 0.643068 0 0.765809 0.865889 0 0.500236 0.865889 0 0.500236 -0.757112 0.389532 -0.524448 -0.757112 0.389526 -0.524453 -0.609984 0.136609 -0.780549 -0.60998 0.136592 -0.780556 0.5 0 0.866026 0.5 0 0.866026 0.499982 0 0.866036 0.499982 0 0.866036 0.710684 0.703511 3.37236e-05 0.710634 0.703562 -5.94821e-06 0.710603 0.703593 -3.36658e-05 0.710676 0.70352 2.23492e-05 0.710658 0.703538 6.94866e-06 0.71064 0.703556 -8.01405e-06 0.710648 0.703548 -9.37573e-07 0.710641 0.703555 1.2543e-05 0.710639 0.703557 1.4108e-05 0.710642 0.703554 -6.87706e-06 0.710645 0.70355 -1.58529e-05 0.710649 0.703547 4.27732e-06 0.710649 0.703547 1.68862e-05 0.710636 0.70356 -5.57547e-06 0.710639 0.703557 4.29812e-06 0.71064 0.703556 5.28508e-06 0.710636 0.70356 0 0.71068 0.703516 0 0.710651 0.703545 -1.07887e-05 0.710644 0.703552 1.95556e-05 0.710649 0.703546 0 0.710647 0.703549 5.6342e-06 0.710651 0.703545 -4.23075e-06 0 0 -1 0 0 -1 0 0 1 0 0 1 -0.710642 -0.703554 -1.39096e-05 -0.710663 -0.703533 5.61523e-05 -0.710642 -0.703554 0 -0.710692 -0.703504 -4.49529e-05 -0.710645 -0.703551 8.02943e-07 -0.710637 -0.703559 7.20213e-06 -0.710642 -0.703554 -1.18951e-05 -0.710644 -0.703551 0 -0.71068 -0.703516 0 -0.71065 -0.703546 -1.10906e-05 -0.710631 -0.703565 1.64817e-06 -0.71064 -0.703556 -8.47807e-07 -0.710644 -0.703552 -8.79336e-06 -0.710651 -0.703545 -1.64367e-05 -0.710647 -0.703549 7.73033e-06 -0.710644 -0.703552 1.64307e-05 -0.71064 -0.703556 -1.39507e-05 -0.71064 -0.703556 9.96975e-06 -0.710668 -0.703528 6.36919e-05 -0.710647 -0.703549 2.46497e-06 -0.710641 -0.703555 6.97431e-06 -0.710568 -0.703629 5.74572e-05 -0.710661 -0.703534 -1.48222e-05 0.573579 0 0.81915 0.573579 0 0.81915 0.642777 0 0.766053 0.642777 0 0.766053 0.642822 0 0.766016 0.642822 0 0.766016 0 0 1 0 0 1 -0.157283 0 0.987554 -0.341532 0 -0.93987 -0.341532 0 -0.93987 -0.341532 0 -0.93987 -0.157283 0 0.987554 -0.521051 0 0.853526 -0.521051 0 0.853526 -0.84781 0 0.5303 -0.84781 0 0.5303 -0.995464 0 0.0951384 -0.995464 0 0.0951384 -0.932813 0 -0.36036 -0.932813 0 -0.36036 -0.673265 0 -0.739401 -0.673265 0 -0.739401 -0.341532 0 -0.93987 -0.341532 0 -0.93987 0 0 1 0 0 1 0 0 1 0 0 1 -0.258341 0 -0.966054 -0.258341 0 -0.966054 -0.0335818 0.00315659 -0.999431 -0.0617159 0.00268851 -0.99809 -0.0615 0.00577816 -0.99809 -0.257901 0.0122404 -0.966094 -0.414849 0.0180554 -0.909711 -0.550917 0.022082 -0.834268 -0.249175 0.0090521 -0.968416 -0.561047 0.00795677 -0.827746 -0.552814 0.00778413 -0.833268 -0.383892 0 -0.923378 -0.383822 0.008027 -0.923372 -0.191285 0.00400041 -0.981526 -0.191346 0.00208378 -0.98152 -0.132838 0.00578147 -0.991121 -0.132965 0 -0.991121 -0.0729149 0.00317637 -0.997333 0 0 -1 0 0 -1 0 0 -1 0 0 -1 0 0 -1 0.0306071 0.999531 -0.00115809 0.197204 0.980362 0 0.0330335 0.999454 -0.00114736 0.0426254 0.999091 -0.00108542 0.088896 0.996041 -0.000830194 0.243636 0.969867 0 0.559179 0.829047 0 0.559179 0.829047 0 -0.0223339 -0.999751 0 -0.55944 -0.828871 0 -0.55944 -0.828871 0 -0.196986 -0.980406 0 -0.243543 -0.969883 0.0036587 -0.0699516 -0.99755 0.000411498 0.6862 -0.679321 -0.2601 0.68622 -0.679341 0.259996 0.686181 -0.679341 0.2601 0.501209 -0.496213 0.708916 0.50121 -0.496213 0.708915 0.183113 -0.181287 0.966232 0.1831 -0.18128 0.966236 -0.1831 0.18128 0.966236 -0.183113 0.181287 0.966232 -0.501208 0.496212 0.708917 -0.501209 0.496213 0.708916 -0.686192 0.679351 0.260045 -0.68621 0.679351 0.259998 -0.686201 0.679342 -0.260045 -0.686201 0.67936 -0.259998 -0.501211 0.496214 -0.708914 -0.501211 0.496215 -0.708913 -0.183103 0.181278 -0.966236 -0.18311 0.18129 -0.966232 0.18311 -0.18129 -0.966232 0.183103 -0.181277 -0.966236 0.501211 -0.496215 -0.708913 0.501212 -0.496216 -0.708912 0.686201 -0.67936 -0.259996 -0.60512 0.599071 -0.524351 -0.605118 0.599086 -0.524336 -0.708427 0.701365 -0.0788607 -0.708427 0.701365 -0.0788603 -0.656074 0.649534 0.384281 -0.656104 0.649526 0.384244 -0.460135 0.455522 0.762086 -0.460107 0.45552 0.762104 -0.165125 0.163479 0.97263 -0.165119 0.163478 0.972631 -0.501243 0.496233 -0.708879 -0.501243 0.496232 -0.708879 0.173336 0 0.984863 0.173336 0 0.984863 0.499906 0 0.86608 0.499906 0 0.86608 -0.393436 0.389503 -0.832764 -0.393435 0.389502 -0.832764 -0.137971 0.136592 -0.980972 -0.137972 0.136592 -0.980972 0 0 1 0 0 1 0 0 1 0 0 1 0.615442 0.703545 0.355325 0.615441 0.703545 0.355326 0.615446 0.703531 0.355345 0.615423 0.703582 0.355285 0.615433 0.703557 0.355317 0.615451 0.703519 0.35536 0.61545 0.703521 0.355358 0.615423 0.70358 0.355288 0.615439 0.703541 0.355338 0.615458 0.70353 0.355326 0.615429 0.703551 0.355335 0.615463 0.703544 0.355292 0.615426 0.70356 0.355322 0.615417 0.703555 0.355349 0.615441 0.703554 0.355308 0.615441 0.703544 0.355327 0.61543 0.70355 0.355335 0.615457 0.70354 0.355309 0.615439 0.703546 0.355329 0.615441 0.703542 0.355332 0.615434 0.703551 0.355328 0.615427 0.703576 0.355289 0.615451 0.703531 0.355337 0.499979 4.0594e-05 -0.866038 0.499995 -1.61738e-05 -0.866028 -0.499991 1.0794e-05 0.86603 -0.499998 -4.68505e-06 0.866026 -0.615452 -0.703517 -0.355362 -0.61544 -0.703544 -0.355331 -0.615446 -0.703527 -0.355353 -0.615436 -0.703551 -0.355323 -0.61543 -0.703554 -0.355328 -0.615495 -0.703528 -0.355267 -0.615385 -0.703565 -0.355383 -0.615444 -0.703547 -0.355317 -0.615444 -0.703547 -0.355318 -0.615443 -0.703548 -0.355317 -0.615453 -0.703528 -0.355339 -0.615429 -0.703562 -0.355314 -0.615429 -0.703556 -0.355325 -0.615436 -0.703535 -0.355356 -0.61545 -0.703542 -0.355316 -0.615453 -0.703546 -0.355304 -0.615436 -0.70355 -0.355325 -0.615448 -0.70355 -0.355304 -0.615432 -0.703559 -0.355314 -0.615437 -0.703557 -0.355311 -0.615433 -0.703565 -0.355301 -0.61542 -0.703591 -0.355273 -0.615437 -0.703554 -0.355315 0.087142 0 0.996196 0.087142 0 0.996196 0.173647 0 0.984808 0.173647 0 0.984808 -0.499982 0 0.866036 -0.499982 0 0.866036 -0.630045 0 0.776558 0.17444 0 -0.984668 0.17444 0 -0.984668 0.17444 0 -0.984668 -0.630045 0 0.776558 -0.877997 0 0.478666 -0.877997 0 0.478666 -0.999373 0 0.0353924 -0.999373 0 0.0353924 -0.909624 0 -0.415433 -0.909624 0 -0.415433 -0.627737 0 -0.778425 -0.627737 0 -0.778425 -0.213377 0 -0.97697 -0.213377 0 -0.97697 0.17444 0 -0.984668 0.17444 0 -0.984668 -0.500218 0.000269866 0.8659 -0.500005 7.50756e-06 0.866022 -0.499776 -0.000101017 0.866155 -0.499968 0 0.866044 0.255511 0 -0.966806 0.255511 0 -0.966806 0.470835 0.00314387 -0.882216 0.445554 0.00266988 -0.895251 0.445741 0.00575656 -0.895143 0.26997 0.0118833 -0.962795 0.0987884 0.017971 -0.994946 -0.0645241 0.022193 -0.997669 0.268176 0.00898901 -0.963328 -0.0718588 0.00792417 -0.997383 -0.0694355 0.00788194 -0.997555 0.124177 0 -0.99226 0.124236 0.00811333 -0.99222 0.324353 0.00398322 -0.945928 0.324301 0.00218257 -0.945952 0.379656 0.00587164 -0.925109 0.379544 0 -0.925174 0.434871 0.00318698 -0.900487 0.500035 6.96125e-06 -0.866005 0.499694 3.90468e-06 -0.866202 0.500053 -1.10733e-05 -0.865995 0.50032 -0.000137471 -0.865841 0.499973 9.39015e-06 -0.866041 0.170866 0.980343 0.0986498 0.0292093 0.999453 0.0155394 0.0376155 0.999083 0.0204651 0.0269702 0.999535 0.014233 0.0776801 0.996012 0.043892 0.211025 0.969858 0.121836 0.484115 0.829162 0.279505 0.484101 0.829173 0.279497 -0.0193454 -0.99975 -0.0111691 -0.484476 -0.828881 -0.279713 -0.484486 -0.828873 -0.279718 -0.170599 -0.980405 -0.0984954 -0.212731 -0.969887 -0.118597 -0.0607916 -0.99755 -0.0346231 0.724301 -0.679333 0.117875 0.4643 -0.679345 0.568257 0.464221 -0.679345 0.568322 0.0796241 -0.496226 0.864534 0.0796853 -0.496247 0.864517 -0.324519 -0.181282 0.928345 -0.324581 -0.181247 0.92833 -0.641694 0.181279 0.745229 -0.641689 0.181276 0.745235 -0.788529 0.496227 0.363292 -0.788528 0.496226 0.363295 -0.724289 0.679347 -0.117871 -0.724279 0.679347 -0.117931 -0.464208 0.67933 -0.56835 -0.464249 0.679361 -0.568279 -0.079678 0.496262 -0.864509 -0.0796749 0.496259 -0.864511 0.324579 0.181249 -0.92833 0.324594 0.181226 -0.92833 0.64166 -0.181251 -0.745266 0.641645 -0.181209 -0.745289 0.788526 -0.49625 -0.363266 0.788526 -0.496247 -0.36327 0.724271 -0.679356 0.117927 -0.261833 0.599066 -0.756679 -0.261831 0.599061 -0.756684 -0.574094 0.701364 -0.422498 -0.57409 0.701348 -0.42253 -0.760338 0.649509 0.00479576 -0.760338 0.64951 0.00479811 -0.779548 0.455598 0.429809 -0.77954 0.455597 0.429824 -0.629311 0.163466 0.759767 -0.629311 0.163466 0.759767 -0.0796656 0.496225 -0.864531 -0.0796514 0.496253 -0.864517 -0.342026 0 0.939691 0 0 1 0 0 1 0 0 1 0 0 1 -0.342026 0 0.939691 0.0756455 0.389488 -0.91792 0.0756068 0.389549 -0.917897 0.371003 0.136594 -0.918531 0.370997 0.136605 -0.918531 -0.500006 0 0.866022 -0.500006 0 0.866022 0.355389 0.703516 0.615438 0.355301 0.703548 0.615453 0.355343 0.703535 0.615443 0.355333 0.703538 0.615446 0.355324 0.703588 0.615394 0.355334 0.703566 0.615412 0.35533 0.703558 0.615424 0.355332 0.703581 0.615396 0.355279 0.703558 0.615453 0.355281 0.70356 0.61545 0.355303 0.70356 0.615438 0.355361 0.703573 0.61539 0.355347 0.703578 0.615392 0.35532 0.703582 0.615403 0.355319 0.703583 0.615402 0.355334 0.703575 0.615402 0.355315 0.703506 0.615492 0.355323 0.703547 0.61544 0.355335 0.703592 0.615383 0.355336 0.703595 0.615378 0.355319 0.703534 0.615458 0.355311 0.703496 0.615505 0.355327 0.703541 0.615445 0.866025 -1.239e-05 -0.500001 0.866025 -1.66755e-05 -0.5 -0.866024 4.80675e-05 0.500003 -0.866024 4.82513e-05 0.500003 -0.355305 -0.703544 -0.615454 -0.355337 -0.703538 -0.615444 -0.355308 -0.703595 -0.615394 -0.355331 -0.703567 -0.615414 -0.355328 -0.703529 -0.615458 -0.355312 -0.703594 -0.615393 -0.355319 -0.7036 -0.615382 -0.355294 -0.703545 -0.61546 -0.355303 -0.703547 -0.615453 -0.355281 -0.703536 -0.615478 -0.355337 -0.703527 -0.615456 -0.355328 -0.703527 -0.61546 -0.355296 -0.703542 -0.615462 -0.355319 -0.703535 -0.615457 -0.35533 -0.703592 -0.615385 -0.355345 -0.703535 -0.615442 -0.355351 -0.703533 -0.615441 -0.355322 -0.703543 -0.615446 -0.355321 -0.703541 -0.615448 -0.355328 -0.703561 -0.615422 -0.355322 -0.70353 -0.61546 -0.355321 -0.703525 -0.615467 -0.355328 -0.703571 -0.61541 -0.422608 0 0.906313 -0.422608 0 0.906313 -0.342021 0 0.939692 -0.342021 0 0.939692 -0.342023 0 0.939692 -0.342023 0 0.939692 -0.341998 0 0.939701 -0.341998 0 0.939701 -0.866142 0 0.499797 -0.866142 0 0.499797 -0.933849 0 0.357668 0.643153 0 -0.765738 0.643153 0 -0.765738 0.643153 0 -0.765738 -0.933849 0 0.357668 -0.999699 0 -0.024518 -0.999699 0 -0.024518 -0.883131 0 -0.469127 -0.883131 0 -0.469127 -0.580145 0 -0.814513 -0.580145 0 -0.814513 -0.154324 0 -0.98802 -0.154324 0 -0.98802 0.303796 0 -0.952737 0.303796 0 -0.952737 0.643153 0 -0.765738 0.643153 0 -0.765738 -0.866198 0.000393913 0.4997 -0.866045 6.66712e-05 0.499965 -0.865324 -0.000524539 0.501213 -0.865901 0 0.500215 0.707155 0 -0.707058 0.707155 0 -0.707058 0.848861 0.00313187 -0.528606 0.833664 0.00266526 -0.552266 0.833772 0.00573837 -0.55208 0.70804 0.0121934 -0.706067 0.586132 0.0177883 -0.81002 0.447621 0.0219838 -0.893953 0.714522 0.00897663 -0.699555 0.438757 0.00788726 -0.898571 0.441854 0.00782714 -0.897053 0.605677 0 -0.795711 0.605708 0.0081614 -0.795645 0.753531 0.00409672 -0.6574 0.753493 0.00205861 -0.657453 0.791597 0.00579938 -0.611016 0.791533 0 -0.611127 0.827038 0.00318221 -0.562137 0.866032 -5.63734e-06 -0.499989 0.865865 1.67555e-05 -0.500277 0.866025 5.2114e-06 -0.5 0.866066 -2.81923e-05 -0.499929 0.866011 1.24705e-05 -0.500025 0.016954 0.999425 0.0293727 0.0217692 0.999073 0.037141 0.0154687 0.999498 0.0276631 0.0483408 0.99613 0.0734087 0.144122 0.969558 0.197955 0.098616 0.980357 0.17081 0.0985522 0.980383 0.170696 0.0986206 0.980355 0.170817 0.279614 0.829012 0.484308 0.279555 0.829093 0.484205 -0.279719 -0.828868 -0.484495 -0.279718 -0.828869 -0.484494 -0.0984787 -0.980412 -0.170573 -0.124937 -0.969885 -0.20908 -0.023927 -0.998854 -0.0414425 -0.037691 -0.997552 -0.0588998 -0.0111692 -0.99975 -0.0193458 -0.0111654 -0.999751 -0.0193439 0.568351 -0.679343 0.464188 0.117922 -0.679348 0.724279 0.117868 -0.679348 0.724288 -0.363263 -0.496238 0.788535 -0.363321 -0.496219 0.78852 -0.745255 -0.181229 0.641678 -0.745223 -0.181254 0.641708 -0.928308 0.181223 0.324657 -0.928308 0.181223 0.324657 -0.864498 0.496285 -0.0796562 -0.864497 0.496285 -0.0796576 -0.568346 0.679353 -0.464179 -0.568313 0.679353 -0.46422 -0.117874 0.679339 -0.724296 -0.117917 0.679358 -0.724271 0.363264 0.496238 -0.788535 0.363263 0.496238 -0.788535 0.745251 0.18122 -0.641686 0.745274 0.181178 -0.641671 0.928307 -0.181231 -0.324657 0.928306 -0.181209 -0.324671 0.864499 -0.496283 0.0796538 0.864499 -0.496283 0.0796537 0.568307 -0.679363 0.464213 0.151604 0.599064 -0.786218 0.151591 0.599079 -0.786209 -0.285889 0.701327 -0.652999 -0.285947 0.701373 -0.652924 -0.660836 0.649548 -0.376011 -0.660822 0.649542 -0.376046 -0.890043 0.455545 -0.0174059 -0.890043 0.455544 -0.017388 -0.924862 0.163466 0.343378 -0.924863 0.163466 0.343378 0.363283 0.496238 -0.788526 0.363291 0.496279 -0.788496 -0.765809 0 0.643068 -0.765809 0 0.643068 -0.500236 0 0.865889 -0.500236 0 0.865889 0.524448 0.389532 -0.757112 0.524453 0.389526 -0.757112 0.780549 0.136609 -0.609984 0.780556 0.136592 -0.60998 -0.866026 0 0.5 -0.866026 0 0.5 -0.866036 0 0.499982 -0.866036 0 0.499982 -5.60219e-06 0.703549 0.710647 0 0.703546 0.710649 -3.37236e-05 0.703511 0.710684 5.94821e-06 0.703562 0.710634 3.36658e-05 0.703593 0.710603 -2.23492e-05 0.70352 0.710676 -6.94866e-06 0.703538 0.710658 8.01405e-06 0.703556 0.71064 9.37573e-07 0.703548 0.710648 -1.2543e-05 0.703555 0.710641 -1.4108e-05 0.703557 0.710639 6.87706e-06 0.703554 0.710642 1.58529e-05 0.70355 0.710645 -4.27732e-06 0.703547 0.710649 -1.68862e-05 0.703547 0.710649 5.57547e-06 0.70356 0.710636 -4.29812e-06 0.703557 0.710639 -5.28508e-06 0.703556 0.71064 0 0.70356 0.710636 0 0.703516 0.71068 1.07887e-05 0.703545 0.710651 -1.95556e-05 0.703552 0.710644 4.20672e-06 0.703545 0.710651 1 0 0 1 0 0 -1 0 0 -1 0 0 -7.18605e-06 -0.703559 -0.710637 -8.75938e-07 -0.703551 -0.710645 4.50683e-05 -0.703503 -0.710692 0 -0.703554 -0.710642 -5.62845e-05 -0.703533 -0.710662 1.39096e-05 -0.703554 -0.710642 1.18951e-05 -0.703554 -0.710642 0 -0.703551 -0.710644 0 -0.703516 -0.71068 1.10906e-05 -0.703546 -0.71065 -1.64817e-06 -0.703565 -0.710631 8.47807e-07 -0.703556 -0.71064 8.79336e-06 -0.703552 -0.710644 1.64367e-05 -0.703545 -0.710651 -7.73033e-06 -0.703549 -0.710647 -1.64307e-05 -0.703552 -0.710644 1.39507e-05 -0.703556 -0.71064 -9.96975e-06 -0.703556 -0.71064 -6.36919e-05 -0.703528 -0.710668 -2.46497e-06 -0.703549 -0.710647 -6.97431e-06 -0.703555 -0.710641 -5.74572e-05 -0.703629 -0.710568 1.48222e-05 -0.703534 -0.710661 -0.81915 0 0.573579 -0.81915 0 0.573579 -0.766053 0 0.642777 -0.766053 0 0.642777 -0.766016 0 0.642822 -0.766016 0 0.642822 -1 0 0 -1 0 0 -0.987554 0 -0.157283 0.93987 0 -0.341532 0.93987 0 -0.341532 0.93987 0 -0.341532 -0.987554 0 -0.157283 -0.853526 0 -0.521051 -0.853526 0 -0.521051 -0.5303 0 -0.84781 -0.5303 0 -0.84781 -0.0951384 0 -0.995464 -0.0951384 0 -0.995464 0.36036 0 -0.932813 0.36036 0 -0.932813 0.739401 0 -0.673265 0.739401 0 -0.673265 0.93987 0 -0.341532 0.93987 0 -0.341532 -1 0 0 -1 0 0 -1 0 0 -1 0 0 0.966054 0 -0.258341 0.966054 0 -0.258341 0.999431 0.00315659 -0.0335818 0.99809 0.00268851 -0.0617159 0.99809 0.00577816 -0.0615 0.966094 0.0122404 -0.257901 0.909711 0.0180554 -0.414849 0.834268 0.022082 -0.550917 0.968416 0.0090521 -0.249175 0.827746 0.00795677 -0.561047 0.833268 0.00778413 -0.552814 0.923378 0 -0.383892 0.923372 0.008027 -0.383822 0.981526 0.00400041 -0.191285 0.98152 0.00208378 -0.191346 0.991121 0.00578147 -0.132838 0.991121 0 -0.132965 0.997333 0.00317637 -0.0729149 1 0 0 1 0 0 1 0 0 1 0 0 1 0 0 0.00115809 0.999531 0.0306071 0 0.980362 0.197204 0.00114736 0.999454 0.0330335 0.00108542 0.999091 0.0426254 0.000830194 0.996041 0.088896 0 0.969867 0.243636 0 0.829047 0.559179 0 0.829047 0.559179 0 -0.999751 -0.0223339 0 -0.828871 -0.55944 0 -0.828871 -0.55944 0 -0.980406 -0.196986 -0.0036587 -0.969883 -0.243543 -0.000411498 -0.99755 -0.0699516 0.2601 -0.679321 0.6862 -0.259996 -0.679341 0.68622 -0.2601 -0.679341 0.686181 -0.708916 -0.496213 0.501209 -0.708915 -0.496213 0.50121 -0.966232 -0.181287 0.183113 -0.966236 -0.18128 0.1831 -0.966236 0.18128 -0.1831 -0.966232 0.181287 -0.183113 -0.708917 0.496212 -0.501208 -0.708916 0.496213 -0.501209 -0.260045 0.679351 -0.686192 -0.259998 0.679351 -0.68621 0.260045 0.679342 -0.686201 0.259998 0.67936 -0.686201 0.708914 0.496214 -0.501211 0.708913 0.496215 -0.501211 0.966236 0.181278 -0.183103 0.966232 0.18129 -0.18311 0.966232 -0.18129 0.18311 0.966236 -0.181277 0.183103 0.708913 -0.496215 0.501211 0.708912 -0.496216 0.501212 0.259996 -0.67936 0.686201 0.524351 0.599071 -0.60512 0.524336 0.599086 -0.605118 0.0788607 0.701365 -0.708427 0.0788603 0.701365 -0.708427 -0.384281 0.649534 -0.656074 -0.384244 0.649526 -0.656104 -0.762086 0.455522 -0.460135 -0.762104 0.45552 -0.460107 -0.97263 0.163479 -0.165125 -0.972631 0.163478 -0.165119 0.708879 0.496233 -0.501243 0.708879 0.496232 -0.501243 -0.984863 0 0.173336 -0.984863 0 0.173336 -0.86608 0 0.499906 -0.86608 0 0.499906 0.832764 0.389503 -0.393436 0.832764 0.389502 -0.393435 0.980972 0.136592 -0.137971 0.980972 0.136592 -0.137972 -1 0 0 -1 0 0 -1 0 0 -1 0 0 -0.355325 0.703545 0.615442 -0.355326 0.703545 0.615441 -0.355345 0.703531 0.615446 -0.355285 0.703582 0.615423 -0.355317 0.703557 0.615433 -0.35536 0.703519 0.615451 -0.355358 0.703521 0.61545 -0.355288 0.70358 0.615423 -0.355338 0.703541 0.615439 -0.355326 0.70353 0.615458 -0.355335 0.703551 0.615429 -0.355292 0.703544 0.615463 -0.355322 0.70356 0.615426 -0.355349 0.703555 0.615417 -0.355308 0.703554 0.615441 -0.355342 0.703537 0.615441 -0.355325 0.703542 0.615445 -0.355289 0.703576 0.615427 -0.355328 0.703551 0.615434 -0.355332 0.703542 0.615441 -0.355329 0.703546 0.615439 -0.35531 0.70354 0.615457 -0.355335 0.70355 0.61543 0.866038 4.0594e-05 0.499979 0.866028 -1.61738e-05 0.499995 -0.86603 1.0794e-05 -0.499991 -0.866026 -4.68505e-06 -0.499998 0.355362 -0.703517 -0.615452 0.355331 -0.703544 -0.61544 0.355353 -0.703527 -0.615446 0.355323 -0.703551 -0.615436 0.355328 -0.703554 -0.61543 0.355267 -0.703528 -0.615495 0.355383 -0.703565 -0.615385 0.355317 -0.703547 -0.615444 0.355318 -0.703547 -0.615444 0.355317 -0.703548 -0.615442 0.355339 -0.703528 -0.615453 0.355314 -0.703562 -0.615429 0.355325 -0.703556 -0.615429 0.355356 -0.703535 -0.615436 0.355316 -0.703542 -0.61545 0.355304 -0.703546 -0.615453 0.355325 -0.70355 -0.615436 0.355304 -0.70355 -0.615448 0.355314 -0.703559 -0.615432 0.355311 -0.703557 -0.615437 0.355301 -0.703565 -0.615433 0.355273 -0.703591 -0.61542 0.355315 -0.703554 -0.615437 -0.996196 0 0.087142 -0.996196 0 0.087142 -0.984808 0 0.173647 -0.984808 0 0.173647 -0.866036 0 -0.499982 -0.866036 0 -0.499982 -0.776558 0 -0.630045 0.984668 0 0.17444 0.984668 0 0.17444 0.984668 0 0.17444 -0.776558 0 -0.630045 -0.478666 0 -0.877997 -0.478666 0 -0.877997 -0.0353924 0 -0.999373 -0.0353924 0 -0.999373 0.415433 0 -0.909624 0.415433 0 -0.909624 0.778425 0 -0.627737 0.778425 0 -0.627737 0.97697 0 -0.213377 0.97697 0 -0.213377 0.984668 0 0.17444 0.984668 0 0.17444 -0.8659 0.000269866 -0.500218 -0.866022 7.50756e-06 -0.500005 -0.866155 -0.000101017 -0.499776 -0.866044 0 -0.499968 0.966806 0 0.255511 0.966806 0 0.255511 0.882216 0.00314387 0.470835 0.895251 0.00266988 0.445554 0.895143 0.00575656 0.445741 0.962795 0.0118833 0.26997 0.994946 0.017971 0.0987884 0.997669 0.022193 -0.0645241 0.963328 0.00898901 0.268176 0.997383 0.00792417 -0.0718588 0.997555 0.00788194 -0.0694355 0.99226 0 0.124177 0.99222 0.00811333 0.124236 0.945928 0.00398322 0.324353 0.945952 0.00218257 0.324301 0.925109 0.00587164 0.379656 0.925174 0 0.379544 0.900487 0.00318698 0.434871 0.866005 6.96125e-06 0.500035 0.866202 3.90468e-06 0.499694 0.865995 -1.10733e-05 0.500053 0.865841 -0.000137471 0.50032 0.866041 9.39015e-06 0.499973 -0.0142328 0.999535 0.0269697 -0.0986498 0.980343 0.170866 -0.0155392 0.999453 0.0292089 -0.0204651 0.999083 0.0376155 -0.043892 0.996012 0.0776801 -0.121836 0.969858 0.211025 -0.279505 0.829162 0.484115 -0.279497 0.829173 0.484101 0.0111691 -0.99975 -0.0193454 0.279713 -0.828881 -0.484476 0.279718 -0.828873 -0.484486 0.0984954 -0.980405 -0.170599 0.118597 -0.969887 -0.212731 0.0346231 -0.99755 -0.0607916 -0.117875 -0.679333 0.724301 -0.568257 -0.679345 0.4643 -0.568322 -0.679345 0.464221 -0.864534 -0.496226 0.0796241 -0.864517 -0.496247 0.0796853 -0.928345 -0.181282 -0.324519 -0.92833 -0.181247 -0.324581 -0.745229 0.181279 -0.641694 -0.745235 0.181276 -0.641689 -0.363292 0.496227 -0.788529 -0.363295 0.496226 -0.788528 0.117871 0.679347 -0.724289 0.117931 0.679347 -0.724279 0.56835 0.67933 -0.464208 0.568279 0.679361 -0.464249 0.864509 0.496262 -0.079678 0.864511 0.496259 -0.0796749 0.92833 0.181249 0.324579 0.92833 0.181226 0.324594 0.745266 -0.181251 0.64166 0.745289 -0.181209 0.641645 0.363266 -0.49625 0.788526 0.36327 -0.496247 0.788526 -0.117927 -0.679356 0.724271 0.756679 0.599066 -0.261833 0.756684 0.599061 -0.261831 0.422498 0.701364 -0.574094 0.42253 0.701348 -0.57409 -0.00479576 0.649509 -0.760338 -0.00479811 0.64951 -0.760338 -0.429809 0.455598 -0.779548 -0.429824 0.455597 -0.77954 -0.759768 0.163466 -0.629311 -0.759768 0.163466 -0.629311 0.864531 0.496225 -0.0796656 0.864517 0.496253 -0.0796514 -0.939691 0 -0.342026 -1 0 0 -1 0 0 -1 0 0 -1 0 0 -0.939691 0 -0.342026 0.91792 0.389488 0.0756455 0.917897 0.389549 0.0756068 0.918531 0.136594 0.371003 0.918531 0.136605 0.370997 -0.866022 0 -0.500006 -0.866022 0 -0.500006 -0.615438 0.703516 0.355389 -0.615453 0.703548 0.355301 -0.615443 0.703535 0.355343 -0.615446 0.703538 0.355333 -0.615394 0.703588 0.355324 -0.615412 0.703566 0.355334 -0.615424 0.703558 0.35533 -0.615396 0.703581 0.355332 -0.615453 0.703558 0.355279 -0.61545 0.70356 0.355281 -0.615438 0.70356 0.355303 -0.61539 0.703573 0.355361 -0.615392 0.703578 0.355347 -0.615403 0.703582 0.35532 -0.615402 0.703583 0.355319 -0.615402 0.703575 0.355334 -0.615492 0.703506 0.355315 -0.61544 0.703547 0.355323 -0.615383 0.703592 0.355335 -0.615378 0.703595 0.355336 -0.615458 0.703534 0.355319 -0.615505 0.703496 0.355311 -0.615445 0.703541 0.355327 0.500001 -1.239e-05 0.866025 0.5 -1.66755e-05 0.866025 -0.500003 4.80675e-05 -0.866024 -0.500003 4.82513e-05 -0.866024 0.615442 -0.703535 -0.355345 0.615441 -0.703533 -0.355351 0.615446 -0.703543 -0.355322 0.615448 -0.703541 -0.355321 0.615422 -0.703561 -0.355328 0.61546 -0.70353 -0.355322 0.615454 -0.703544 -0.355305 0.615444 -0.703538 -0.355337 0.615394 -0.703595 -0.355308 0.615414 -0.703567 -0.355331 0.615458 -0.703529 -0.355328 0.615393 -0.703594 -0.355312 0.615382 -0.7036 -0.355319 0.61546 -0.703545 -0.355294 0.615453 -0.703547 -0.355303 0.615478 -0.703536 -0.355281 0.615456 -0.703527 -0.355337 0.61546 -0.703527 -0.355328 0.615462 -0.703542 -0.355296 0.615457 -0.703535 -0.355319 0.615385 -0.703592 -0.35533 0.61541 -0.703571 -0.355328 0.615467 -0.703525 -0.355321 -0.906313 0 -0.422608 -0.906313 0 -0.422608 -0.939692 0 -0.342021 -0.939692 0 -0.342021 -0.939692 0 -0.342023 -0.939692 0 -0.342023 -0.939701 0 -0.341998 -0.939701 0 -0.341998 -0.499797 0 -0.866142 -0.499797 0 -0.866142 -0.357668 0 -0.933849 0.765738 0 0.643153 0.765738 0 0.643153 0.765738 0 0.643153 -0.357668 0 -0.933849 0.024518 0 -0.999699 0.024518 0 -0.999699 0.469127 0 -0.883131 0.469127 0 -0.883131 0.814513 0 -0.580145 0.814513 0 -0.580145 0.98802 0 -0.154324 0.98802 0 -0.154324 0.952737 0 0.303796 0.952737 0 0.303796 0.765738 0 0.643153 0.765738 0 0.643153 -0.4997 0.000393913 -0.866198 -0.499965 6.66712e-05 -0.866045 -0.501213 -0.000524539 -0.865324 -0.500215 0 -0.865901 0.707058 0 0.707155 0.707058 0 0.707155 0.528606 0.00313187 0.848861 0.552266 0.00266526 0.833664 0.55208 0.00573837 0.833772 0.706067 0.0121934 0.70804 0.81002 0.0177883 0.586132 0.893953 0.0219838 0.447621 0.699555 0.00897663 0.714522 0.898571 0.00788726 0.438757 0.897053 0.00782714 0.441854 0.795711 0 0.605677 0.795645 0.0081614 0.605708 0.6574 0.00409672 0.753531 0.657453 0.00205861 0.753493 0.611016 0.00579938 0.791597 0.611127 0 0.791533 0.562137 0.00318221 0.827038 0.499989 -5.63734e-06 0.866032 0.500277 1.67555e-05 0.865865 0.5 5.2114e-06 0.866025 0.499929 -2.81923e-05 0.866066 0.500025 1.24705e-05 0.866011 -0.0293727 0.999425 0.016954 -0.037141 0.999073 0.0217692 -0.0276631 0.999498 0.0154687 -0.0734087 0.99613 0.0483408 -0.197955 0.969558 0.144122 -0.17081 0.980357 0.098616 -0.170696 0.980383 0.0985522 -0.170817 0.980355 0.0986206 -0.484308 0.829012 0.279614 -0.484205 0.829093 0.279555 0.484495 -0.828868 -0.279719 0.484494 -0.828869 -0.279718 0.170573 -0.980412 -0.0984787 0.20908 -0.969885 -0.124937 0.0414425 -0.998854 -0.023927 0.0588998 -0.997552 -0.037691 0.0193458 -0.99975 -0.0111692 0.0193439 -0.999751 -0.0111654 -0.464188 -0.679343 0.568351 -0.724279 -0.679348 0.117922 -0.724288 -0.679348 0.117868 -0.788535 -0.496238 -0.363263 -0.78852 -0.496219 -0.363321 -0.641678 -0.181229 -0.745255 -0.641708 -0.181254 -0.745223 -0.324657 0.181223 -0.928308 -0.324657 0.181223 -0.928308 0.0796562 0.496285 -0.864498 0.0796576 0.496285 -0.864497 0.464179 0.679353 -0.568346 0.46422 0.679353 -0.568313 0.724296 0.679339 -0.117874 0.724271 0.679358 -0.117917 0.788535 0.496238 0.363264 0.788535 0.496238 0.363263 0.641686 0.18122 0.745251 0.641671 0.181178 0.745274 0.324657 -0.181231 0.928307 0.324671 -0.181209 0.928306 -0.0796538 -0.496283 0.864499 -0.0796537 -0.496283 0.864499 -0.464213 -0.679363 0.568307 0.786218 0.599064 0.151604 0.786209 0.599079 0.151591 0.652999 0.701327 -0.285889 0.652924 0.701373 -0.285947 0.376011 0.649548 -0.660836 0.376046 0.649542 -0.660822 0.0174059 0.455545 -0.890043 0.017388 0.455544 -0.890043 -0.343378 0.163466 -0.924862 -0.343378 0.163466 -0.924863 0.788526 0.496238 0.363283 0.788496 0.496279 0.363291 -0.643068 0 -0.765809 -0.643068 0 -0.765809 -0.865889 0 -0.500236 -0.865889 0 -0.500236 0.757112 0.389532 0.524448 0.757112 0.389526 0.524453 0.609984 0.136609 0.780549 0.60998 0.136592 0.780556 -0.5 0 -0.866026 -0.5 0 -0.866026 -0.499982 0 -0.866036 -0.499982 0 -0.866036 -0.710647 0.703549 -5.60219e-06 -0.710649 0.703546 0 -0.710684 0.703511 -3.37236e-05 -0.710634 0.703562 5.94821e-06 -0.710603 0.703593 3.36658e-05 -0.710676 0.70352 -2.23492e-05 -0.710658 0.703538 -6.94866e-06 -0.71064 0.703556 8.01405e-06 -0.710648 0.703548 9.37573e-07 -0.710641 0.703555 -1.2543e-05 -0.710639 0.703557 -1.4108e-05 -0.710642 0.703554 6.87706e-06 -0.710645 0.70355 1.58529e-05 -0.710649 0.703547 -4.27732e-06 -0.710649 0.703547 -1.68862e-05 -0.710636 0.70356 5.57547e-06 -0.710639 0.703557 -4.29812e-06 -0.71064 0.703556 -5.28508e-06 -0.710636 0.70356 0 -0.71068 0.703516 0 -0.710651 0.703545 1.07887e-05 -0.710644 0.703552 -1.95556e-05 -0.710651 0.703545 4.20672e-06 0 0 1 0 0 1 0 0 -1 0 0 -1 0.710642 -0.703554 1.18951e-05 0.710644 -0.703551 0 0.71068 -0.703516 0 0.71065 -0.703546 1.10906e-05 0.710631 -0.703565 -1.64817e-06 0.71064 -0.703556 8.47807e-07 0.710644 -0.703552 8.79336e-06 0.710651 -0.703545 1.64367e-05 0.710647 -0.703549 -7.73033e-06 0.710644 -0.703552 -1.64307e-05 0.71064 -0.703556 1.39507e-05 0.71064 -0.703556 -9.96975e-06 0.710668 -0.703528 -6.36919e-05 0.710647 -0.703549 -2.46497e-06 0.710641 -0.703555 -6.97431e-06 0.710568 -0.703629 -5.7552e-05 0.710661 -0.703534 1.48222e-05 0.710637 -0.703559 -7.18605e-06 0.710645 -0.703551 -8.75938e-07 0.710692 -0.703503 4.50683e-05 0.710642 -0.703554 0 0.710662 -0.703533 -5.62845e-05 0.710642 -0.703554 1.39096e-05 -0.573579 0 -0.81915 -0.573579 0 -0.81915 -0.642777 0 -0.766053 -0.642777 0 -0.766053 -0.642822 0 -0.766016 -0.642822 0 -0.766016 0 0 -1 0 0 -1 0.157283 0 -0.987554 0.341532 0 0.93987 0.341532 0 0.93987 0.341532 0 0.93987 0.157283 0 -0.987554 0.521051 0 -0.853526 0.521051 0 -0.853526 0.84781 0 -0.5303 0.84781 0 -0.5303 0.995464 0 -0.0951384 0.995464 0 -0.0951384 0.932813 0 0.36036 0.932813 0 0.36036 0.673265 0 0.739401 0.673265 0 0.739401 0.341532 0 0.93987 0.341532 0 0.93987 0 0 -1 0 0 -1 0 0 -1 0 0 -1 0.258341 0 0.966054 0.258341 0 0.966054 0.0335818 0.00315659 0.999431 0.0617159 0.00268851 0.99809 0.0615 0.00577816 0.99809 0.257901 0.0122404 0.966094 0.414849 0.0180554 0.909711 0.550917 0.022082 0.834268 0.249175 0.0090521 0.968416 0.561047 0.00795677 0.827746 0.552814 0.00778413 0.833268 0.383892 0 0.923378 0.383822 0.008027 0.923372 0.191285 0.00400041 0.981526 0.191346 0.00208378 0.98152 0.132838 0.00578147 0.991121 0.132965 0 0.991121 0.0729149 0.00317637 0.997333 0 0 1 0 0 1 0 0 1 0 0 1 0 0 1 -0.0306071 0.999531 0.00115809 -0.197204 0.980362 0 -0.0330335 0.999454 0.00114736 -0.0426254 0.999091 0.00108542 -0.088896 0.996041 0.000830194 -0.243636 0.969867 0 -0.559179 0.829047 0 -0.559179 0.829047 0 0.0223339 -0.999751 0 0.55944 -0.828871 0 0.55944 -0.828871 0 0.196986 -0.980406 0 0.243543 -0.969883 -0.0036587 0.0699516 -0.99755 -0.000411498 -0.6862 -0.679321 0.2601 -0.68622 -0.679341 -0.259996 -0.686181 -0.679341 -0.2601 -0.501209 -0.496213 -0.708916 -0.50121 -0.496213 -0.708915 -0.183113 -0.181287 -0.966232 -0.1831 -0.18128 -0.966236 0.1831 0.18128 -0.966236 0.183113 0.181287 -0.966232 0.501208 0.496212 -0.708917 0.501209 0.496213 -0.708916 0.686192 0.679351 -0.260045 0.68621 0.679351 -0.259998 0.686201 0.679342 0.260045 0.686201 0.67936 0.259998 0.501211 0.496214 0.708914 0.501211 0.496215 0.708913 0.183103 0.181278 0.966236 0.18311 0.18129 0.966232 -0.18311 -0.18129 0.966232 -0.183103 -0.181277 0.966236 -0.501211 -0.496215 0.708913 -0.501212 -0.496216 0.708912 -0.686201 -0.67936 0.259996 0.60512 0.599071 0.524351 0.605118 0.599086 0.524336 0.708427 0.701365 0.0788607 0.708427 0.701365 0.0788603 0.656074 0.649534 -0.384281 0.656104 0.649526 -0.384244 0.460135 0.455522 -0.762086 0.460107 0.45552 -0.762104 0.165125 0.163479 -0.97263 0.165119 0.163478 -0.972631 0.501243 0.496233 0.708879 0.501243 0.496232 0.708879 -0.173336 0 -0.984863 -0.173336 0 -0.984863 -0.499906 0 -0.86608 -0.499906 0 -0.86608 0.393436 0.389503 0.832764 0.393435 0.389502 0.832764 0.137971 0.136592 0.980972 0.137972 0.136592 0.980972 -0.965915 0 0.258858 -0.965915 0 -0.258858 -0.965915 0 -0.258858 -0.707123 0 -0.70709 -0.707123 0 -0.70709 -0.258869 0 -0.965912 -0.258869 0 -0.965912 0.258869 0 -0.965912 0.258869 0 -0.965912 0.707123 0 -0.70709 0.707123 0 -0.70709 0.965915 0 -0.258858 0.965915 0 -0.258858 0.965915 0 0.258858 0.965915 0 0.258858 0.707123 0 0.70709 0.707123 0 0.70709 0.258794 0 0.965933 0.258794 0 0.965933 -0.258794 0 0.965933 -0.258794 0 0.965933 -0.707123 0 0.70709 -0.707123 0 0.70709 -0.965915 0 0.258858 -0.965932 0 -0.258796 -0.707107 0 -0.707107 -0.707107 0 -0.707107 -0.258865 0 -0.965913 -0.258865 0 -0.965913 0.258846 0 -0.965919 0.258846 0 -0.965919 0.707144 0 -0.707069 0.707144 0 -0.707069 0.965933 0 -0.258793 0.965933 0 -0.258793 0.965933 0 0.258792 0.965933 0 0.258792 0.707144 0 0.707069 0.707144 0 0.707069 0.258773 0 0.965938 0.258773 0 0.965938 -0.258793 0 0.965933 -0.258793 0 0.965933 -0.707107 0 0.707107 -0.707107 0 0.707107 -0.965932 0 0.258795 -0.965932 0 0.258795 -0.965932 0 -0.258796 -0.707069 0 -0.707144 -0.258792 0 -0.965933 -0.258792 0 -0.965933 0.258793 0 -0.965933 0.258793 0 -0.965933 0.707069 0 -0.707144 0.707069 0 -0.707144 0.965919 0 -0.258846 0.965919 0 -0.258846 0.965913 0 0.258865 0.965913 0 0.258865 0.707107 0 0.707107 0.707107 0 0.707107 0.258796 0 0.965932 0.258796 0 0.965932 -0.258795 0 0.965932 -0.258795 0 0.965932 -0.707107 0 0.707107 -0.707107 0 0.707107 -0.965933 0 0.258793 -0.965933 0 0.258793 -0.965938 0 -0.258773 -0.965938 0 -0.258773 -0.707069 0 -0.707144 -0.258858 0 -0.965915 0.258858 0 -0.965915 0.258858 0 -0.965915 0.70709 0 -0.707123 0.70709 0 -0.707123 0.965912 0 -0.258869 0.965912 0 -0.258869 0.965912 0 0.258869 0.965912 0 0.258869 0.70709 0 0.707123 0.70709 0 0.707123 0.258858 0 0.965915 0.258858 0 0.965915 -0.258858 0 0.965915 -0.258858 0 0.965915 -0.70709 0 0.707123 -0.70709 0 0.707123 -0.965933 0 0.258794 -0.965933 0 0.258794 -0.965933 0 -0.258794 -0.965933 0 -0.258794 -0.70709 0 -0.707123 -0.70709 0 -0.707123 -0.258858 0 -0.965915 0.258796 0 -0.965932 0.707107 0 -0.707107 0.707107 0 -0.707107 0.965913 0 -0.258865 0.965913 0 -0.258865 0.965919 0 0.258846 0.965919 0 0.258846 0.707069 0 0.707144 0.707069 0 0.707144 0.258793 0 0.965933 0.258793 0 0.965933 -0.258792 0 0.965933 -0.258792 0 0.965933 -0.707069 0 0.707144 -0.707069 0 0.707144 -0.965938 0 0.258773 -0.965938 0 0.258773 -0.965933 0 -0.258793 -0.965933 0 -0.258793 -0.707107 0 -0.707107 -0.707107 0 -0.707107 -0.258795 0 -0.965932 -0.258795 0 -0.965932 0.258796 0 -0.965932 0.707144 0 -0.707069 0.965933 0 -0.258792 0.965933 0 -0.258792 0.965933 0 0.258793 0.965933 0 0.258793 0.707144 0 0.707069 0.707144 0 0.707069 0.258846 0 0.965919 0.258846 0 0.965919 -0.258865 0 0.965913 -0.258865 0 0.965913 -0.707107 0 0.707107 -0.707107 0 0.707107 -0.965932 0 0.258796 -0.965932 0 0.258796 -0.965932 0 -0.258795 -0.965932 0 -0.258795 -0.707107 0 -0.707107 -0.707107 0 -0.707107 -0.258793 0 -0.965933 -0.258793 0 -0.965933 0.258773 0 -0.965938 0.258773 0 -0.965938 0.707144 0 -0.707069 0.965915 0 -0.258858 0.965915 0 0.258858 0.965915 0 0.258858 0.707123 0 0.70709 0.707123 0 0.70709 0.258869 0 0.965912 0.258869 0 0.965912 -0.258869 0 0.965912 -0.258869 0 0.965912 -0.707123 0 0.70709 -0.707123 0 0.70709 -0.965915 0 0.258858 -0.965915 0 0.258858 -0.965915 0 -0.258858 -0.965915 0 -0.258858 -0.707123 0 -0.70709 -0.707123 0 -0.70709 -0.258794 0 -0.965933 -0.258794 0 -0.965933 0.258794 0 -0.965933 0.258794 0 -0.965933 0.707123 0 -0.70709 0.707123 0 -0.70709 0.965915 0 -0.258858 0.965932 0 0.258796 0.707107 0 0.707107 0.707107 0 0.707107 0.258865 0 0.965913 0.258865 0 0.965913 -0.258846 0 0.965919 -0.258846 0 0.965919 -0.707144 0 0.707069 -0.707144 0 0.707069 -0.965933 0 0.258793 -0.965933 0 0.258793 -0.965933 0 -0.258792 -0.965933 0 -0.258792 -0.707144 0 -0.707069 -0.707144 0 -0.707069 -0.258773 0 -0.965938 -0.258773 0 -0.965938 0.258793 0 -0.965933 0.258793 0 -0.965933 0.707107 0 -0.707107 0.707107 0 -0.707107 0.965932 0 -0.258795 0.965932 0 -0.258795 0.965932 0 0.258796 0.707069 0 0.707144 0.258792 0 0.965933 0.258792 0 0.965933 -0.258793 0 0.965933 -0.258793 0 0.965933 -0.707069 0 0.707144 -0.707069 0 0.707144 -0.965919 0 0.258846 -0.965919 0 0.258846 -0.965913 0 -0.258865 -0.965913 0 -0.258865 -0.707107 0 -0.707107 -0.707107 0 -0.707107 -0.258796 0 -0.965932 -0.258796 0 -0.965932 0.258795 0 -0.965932 0.258795 0 -0.965932 0.707107 0 -0.707107 0.707107 0 -0.707107 0.965933 0 -0.258793 0.965933 0 -0.258793 0.965938 0 0.258773 0.965938 0 0.258773 0.707069 0 0.707144 0.258858 0 0.965915 -0.258858 0 0.965915 -0.258858 0 0.965915 -0.70709 0 0.707123 -0.70709 0 0.707123 -0.965912 0 0.258869 -0.965912 0 0.258869 -0.965912 0 -0.258869 -0.965912 0 -0.258869 -0.70709 0 -0.707123 -0.70709 0 -0.707123 -0.258858 0 -0.965915 -0.258858 0 -0.965915 0.258858 0 -0.965915 0.258858 0 -0.965915 0.70709 0 -0.707123 0.70709 0 -0.707123 0.965933 0 -0.258794 0.965933 0 -0.258794 0.965933 0 0.258794 0.965933 0 0.258794 0.70709 0 0.707123 0.70709 0 0.707123 0.258858 0 0.965915 -0.258796 0 0.965932 -0.707107 0 0.707107 -0.707107 0 0.707107 -0.965913 0 0.258865 -0.965913 0 0.258865 -0.965919 0 -0.258846 -0.965919 0 -0.258846 -0.707069 0 -0.707144 -0.707069 0 -0.707144 -0.258793 0 -0.965933 -0.258793 0 -0.965933 0.258792 0 -0.965933 0.258792 0 -0.965933 0.707069 0 -0.707144 0.707069 0 -0.707144 0.965938 0 -0.258773 0.965938 0 -0.258773 0.965933 0 0.258793 0.965933 0 0.258793 0.707107 0 0.707107 0.707107 0 0.707107 0.258795 0 0.965932 0.258795 0 0.965932 -0.258796 0 0.965932 -0.707144 0 0.707069 -0.965933 0 0.258792 -0.965933 0 0.258792 -0.965933 0 -0.258793 -0.965933 0 -0.258793 -0.707144 0 -0.707069 -0.707144 0 -0.707069 -0.258846 0 -0.965919 -0.258846 0 -0.965919 0.258865 0 -0.965913 0.258865 0 -0.965913 0.707107 0 -0.707107 0.707107 0 -0.707107 0.965932 0 -0.258796 0.965932 0 -0.258796 0.965932 0 0.258795 0.965932 0 0.258795 0.707107 0 0.707107 0.707107 0 0.707107 0.258793 0 0.965933 0.258793 0 0.965933 -0.258773 0 0.965938 -0.258773 0 0.965938 -0.707144 0 0.707069 -0.710659 -0.703537 4.5034e-06 -0.710627 -0.703569 0 -0.710653 -0.703543 0 -0.710625 -0.703571 3.62197e-05 -0.7106 -0.703597 6.01261e-05 -0.71068 -0.703515 -3.4071e-05 -0.710651 -0.703545 -6.42495e-06 -0.710646 -0.70355 0 -0.710653 -0.703543 0 -0.710653 -0.703543 0 -0.710643 -0.703553 0 -0.710643 -0.703553 -0.00023498 -0.71068 -0.703515 1.29907e-05 -0.710637 -0.703559 8.15591e-07 -0.710631 -0.703565 0 -0.710675 -0.70352 0 -0.710631 -0.703565 3.05695e-06 -0.710671 -0.703525 -8.06719e-06 -0.710653 -0.703543 -5.55664e-07 -0.710628 -0.703568 6.68403e-06 -0.710651 -0.703545 6.42311e-06 -0.710642 -0.703554 -4.14834e-06 -0.710649 -0.703546 3.08263e-06 -0.710622 -0.703574 -2.13586e-05 -0.710666 -0.703529 1.24638e-05 -0.710765 -0.70343 7.0943e-05 -0.710619 -0.703578 -1.51566e-05 -0.710571 -0.703625 -6.00794e-05 -0.710682 -0.703513 2.44509e-05 -0.710615 -0.703581 -1.50563e-05 0.0824665 -0.319445 0.94401 0.0824814 -0.319473 0.943999 0.208958 -0.444914 0.870855 0.208893 -0.444785 0.870937 0.323107 -0.558146 0.764248 0.323152 -0.558248 0.764154 0.420492 -0.654896 0.627932 0.420483 -0.654873 0.627961 0.497274 -0.731157 0.467042 0.497281 -0.73119 0.466983 0.550247 -0.783814 0.287861 0.550247 -0.783811 0.287869 0.577319 -0.810709 0.0972339 0.57732 -0.810707 0.0972414 0.577319 -0.810705 -0.0972614 0.577325 -0.810703 -0.0972414 0.550279 -0.783808 -0.287816 0.550253 -0.783806 -0.28787 0.497264 -0.731149 -0.467066 0.49724 -0.731142 -0.467102 0.420502 -0.654916 -0.627904 0.420509 -0.654919 -0.627897 0.323107 -0.55821 -0.764202 0.32309 -0.558202 -0.764215 0.208915 -0.444893 -0.870876 0.208915 -0.444893 -0.870876 0.082376 -0.319388 -0.944037 0.0823949 -0.319398 -0.944032 -0.051701 -0.18648 -0.981097 -0.0516966 -0.186483 -0.981097 -0.188302 -0.0511653 -0.980778 -0.188302 -0.0511651 -0.980778 -0.322289 0.0814746 -0.943129 -0.322305 0.0814833 -0.943123 -0.448682 0.206514 -0.869504 -0.448677 0.206512 -0.869507 -0.562641 0.319196 -0.762594 -0.562657 0.319203 -0.762579 -0.65981 0.415215 -0.626296 -0.659795 0.41521 -0.626315 -0.736359 0.490844 -0.465669 -0.736338 0.49084 -0.465707 -0.789183 0.543021 -0.286912 -0.789169 0.543023 -0.286948 -0.816154 0.569649 -0.0969178 -0.816159 0.569645 -0.0968967 -0.816159 0.569646 0.0968903 -0.81616 0.569644 0.0968966 -0.789181 0.543 0.286958 -0.789181 0.543006 0.286946 -0.736371 0.490849 0.465645 -0.736382 0.490886 0.465589 -0.65978 0.415218 0.626327 -0.65976 0.415171 0.626378 -0.562604 0.319161 0.762635 -0.562673 0.319303 0.762525 -0.448674 0.206591 0.86949 -0.448601 0.206453 0.86956 -0.322355 0.081554 0.943099 -0.32237 0.0815802 0.943092 -0.188231 -0.0512107 0.980789 -0.188146 -0.0513625 0.980797 -0.0517786 -0.186441 0.981101 -0.0518604 -0.186294 0.981124 0.116875 -0.287988 0.950475 0.116917 -0.288072 0.950445 0.244237 -0.414273 0.87677 0.244272 -0.414347 0.876726 0.359243 -0.528347 0.769281 0.35921 -0.528267 0.769352 0.457306 -0.625577 0.63208 0.457301 -0.625561 0.632099 0.534604 -0.702269 0.470123 0.534605 -0.70227 0.470122 0.587954 -0.755221 0.289742 0.587955 -0.755216 0.289754 0.615201 -0.782271 0.0978784 0.6152 -0.782272 0.0978721 0.6152 -0.782272 -0.0978783 0.615193 -0.782275 -0.0978998 0.587933 -0.75523 -0.289764 0.58796 -0.75523 -0.289707 0.534589 -0.70226 -0.470156 0.534596 -0.702261 -0.470145 0.45732 -0.62558 -0.632067 0.457316 -0.625578 -0.632071 0.35924 -0.528287 -0.769324 0.359256 -0.528294 -0.769312 0.244285 -0.414285 -0.876751 0.244279 -0.414282 -0.876755 0.116872 -0.287991 -0.950475 0.11686 -0.287985 -0.950478 -0.0181653 -0.154208 -0.987871 -0.0181617 -0.15421 -0.987871 -0.155726 -0.0179791 -0.987637 -0.155732 -0.017976 -0.987636 -0.290697 0.115618 -0.949804 -0.290678 0.115609 -0.949811 -0.417994 0.241572 -0.875742 -0.417989 0.24157 -0.875745 -0.532784 0.355099 -0.768145 -0.532798 0.355104 -0.768132 -0.630706 0.451899 -0.63087 -0.630686 0.451893 -0.630895 -0.707808 0.528115 -0.46915 -0.707829 0.528118 -0.469115 -0.761057 0.580713 -0.289075 -0.761068 0.580712 -0.289048 -0.78824 0.607574 -0.09763 -0.788237 0.607576 -0.0976421 -0.788238 0.607577 0.09763 -0.788236 0.607582 0.0976145 -0.761052 0.580731 0.289054 -0.761051 0.580711 0.289095 -0.707826 0.52812 0.469117 -0.70783 0.528137 0.469092 -0.630692 0.451898 0.630884 -0.63068 0.451864 0.630921 -0.532826 0.355122 0.768104 -0.532789 0.355038 0.768169 -0.417999 0.241506 0.875758 -0.418036 0.241583 0.875719 -0.290709 0.115605 0.949802 -0.290749 0.115684 0.94978 -0.155646 -0.0180463 0.987648 -0.15566 -0.0180209 0.987646 -0.0182263 -0.154122 0.987884 -0.0182145 -0.154145 0.98788 0.151514 -0.25562 0.954831 0.151492 -0.255573 0.954847 0.279432 -0.382328 0.880763 0.279453 -0.382376 0.880735 0.395035 -0.496913 0.772674 0.395018 -0.496869 0.772711 0.4935 -0.594489 0.634855 0.493499 -0.594486 0.634859 0.571119 -0.671446 0.472211 0.571123 -0.671473 0.472168 0.624697 -0.724597 0.291055 0.624694 -0.724624 0.290994 0.652075 -0.751758 0.0982759 0.652079 -0.751751 0.0982995 0.652079 -0.751751 -0.0983008 0.652079 -0.751751 -0.0982995 0.624714 -0.724608 -0.290992 0.624701 -0.724608 -0.291017 0.571105 -0.671466 -0.472199 0.571104 -0.671466 -0.4722 0.493476 -0.59451 -0.634853 0.493485 -0.594513 -0.634844 0.394971 -0.496869 -0.772735 0.394954 -0.496862 -0.772748 0.279472 -0.382427 -0.880707 0.279463 -0.382423 -0.880712 0.151439 -0.255592 -0.95485 0.151461 -0.255603 -0.954844 0.0157931 -0.121234 -0.992498 0.0157883 -0.121231 -0.992499 -0.12244 0.0156322 -0.992353 -0.122435 0.0156298 -0.992353 -0.258052 0.149867 -0.954437 -0.258075 0.149878 -0.954428 -0.386014 0.276483 -0.880085 -0.386014 0.276483 -0.880085 -0.50141 0.390645 -0.772001 -0.501386 0.390636 -0.77202 -0.599808 0.487982 -0.634117 -0.599822 0.487986 -0.634101 -0.677342 0.564647 -0.471573 -0.677338 0.564646 -0.471579 -0.73087 0.617574 -0.290572 -0.730863 0.617575 -0.290586 -0.7582 0.644593 -0.0981453 -0.758201 0.644593 -0.0981421 -0.758202 0.644594 0.0981204 -0.758206 0.644587 0.0981422 -0.730869 0.617545 0.290635 -0.730868 0.61758 0.290564 -0.677331 0.564651 0.471584 -0.677336 0.564676 0.471548 -0.59979 0.488002 0.634119 -0.599791 0.488004 0.634116 -0.501435 0.39073 0.771941 -0.501413 0.390677 0.771982 -0.385927 0.276431 0.88014 -0.385953 0.276488 0.88011 -0.258074 0.149948 0.954418 -0.258052 0.149902 0.954431 -0.122438 0.0156682 0.992353 -0.122376 0.0155417 0.992362 0.0157961 -0.121264 0.992495 0.0157341 -0.121139 0.992511 0.185843 -0.22265 0.957021 0.185818 -0.222598 0.957038 0.314048 -0.349575 0.882707 0.314033 -0.349541 0.882726 0.429826 -0.464218 0.774437 0.429871 -0.464339 0.774338 0.528528 -0.562042 0.636213 0.528536 -0.562069 0.636182 0.606337 -0.639114 0.473168 0.606337 -0.639109 0.473176 0.660076 -0.692324 0.291526 0.660082 -0.69227 0.291641 0.687512 -0.719461 0.0985067 0.687505 -0.719472 0.0984727 0.687503 -0.719469 -0.0985068 0.687506 -0.719468 -0.0984978 0.660077 -0.692302 -0.291574 0.660076 -0.692303 -0.291577 0.606354 -0.639091 -0.473179 0.606363 -0.639092 -0.473166 0.528573 -0.562042 -0.636176 0.528566 -0.56204 -0.636183 0.429843 -0.464263 -0.7744 0.429841 -0.464262 -0.774401 0.314081 -0.349623 -0.882676 0.314089 -0.349626 -0.882672 0.185754 -0.222545 -0.957063 0.185764 -0.22255 -0.95706 0.0498021 -0.0879304 -0.994881 0.049776 -0.0879181 -0.994883 -0.0888195 0.0492954 -0.994827 -0.0887935 0.0492831 -0.99483 -0.224752 0.183872 -0.95691 -0.224761 0.183876 -0.956908 -0.353056 0.310866 -0.882448 -0.353063 0.310869 -0.882444 -0.468783 0.425401 -0.77413 -0.468779 0.425399 -0.774133 -0.567472 0.523071 -0.635903 -0.567463 0.523068 -0.635913 -0.645217 0.600011 -0.472949 -0.645226 0.600013 -0.472936 -0.698911 0.653138 -0.291435 -0.698917 0.653137 -0.291423 -0.726328 0.680264 -0.0984347 -0.726327 0.680264 -0.0984359 -0.726327 0.680264 0.0984346 -0.726323 0.680272 0.0984108 -0.698907 0.653163 0.291387 -0.698911 0.653115 0.291487 -0.645242 0.599994 0.472938 -0.645241 0.599988 0.472947 -0.567479 0.52302 0.635939 -0.567486 0.523044 0.635913 -0.468774 0.425346 0.774165 -0.46882 0.425467 0.774071 -0.353 0.310841 0.882479 -0.352986 0.310807 0.882497 -0.224846 0.183971 0.956869 -0.224821 0.183918 0.956885 -0.0888249 0.0492901 0.994827 -0.0888235 0.0492873 0.994827 0.0497892 -0.0879431 0.99488 0.0497879 -0.0879402 0.994881 0.219543 -0.188967 0.957127 0.219649 -0.189196 0.957058 0.348 -0.31624 0.882546 0.347906 -0.316022 0.882662 0.463596 -0.430534 0.774415 0.463634 -0.430633 0.774338 0.562401 -0.52838 0.636018 0.562382 -0.528316 0.636089 0.6402 -0.605336 0.472982 0.640193 -0.605289 0.473051 0.693876 -0.65843 0.291556 0.693872 -0.658485 0.291443 0.721288 -0.685604 0.0984433 0.721294 -0.685593 0.0984759 0.721294 -0.685594 -0.0984679 0.721291 -0.685595 -0.0984763 0.693879 -0.658456 -0.291493 0.69388 -0.658456 -0.291491 0.640183 -0.605314 -0.473034 0.640164 -0.605311 -0.473062 0.562394 -0.528344 -0.636055 0.562397 -0.528344 -0.636052 0.46368 -0.430641 -0.774306 0.463686 -0.430643 -0.774301 0.347927 -0.316065 -0.882638 0.347939 -0.31607 -0.882631 0.219639 -0.189067 -0.957086 0.219601 -0.18905 -0.957097 0.0835989 -0.0544162 -0.995013 0.0836489 -0.0544396 -0.995007 -0.0549532 0.0827793 -0.995052 -0.0550046 0.0828033 -0.995047 -0.191013 0.217464 -0.957196 -0.190969 0.217444 -0.957209 -0.319304 0.344517 -0.88281 -0.319324 0.344525 -0.882799 -0.435104 0.459174 -0.774496 -0.435099 0.459173 -0.774499 -0.533837 0.556953 -0.636256 -0.533843 0.556955 -0.636249 -0.611645 0.634007 -0.473208 -0.611629 0.634004 -0.473232 -0.665358 0.687217 -0.291602 -0.665349 0.687217 -0.29162 -0.692788 0.714382 -0.0985111 -0.692792 0.714379 -0.098499 -0.692792 0.71438 0.0984865 -0.692795 0.714376 0.0984989 -0.665358 0.68719 0.291665 -0.665354 0.687234 0.291572 -0.61164 0.634051 0.473155 -0.611634 0.634007 0.473221 -0.533852 0.55698 0.636219 -0.533835 0.55692 0.636286 -0.435027 0.459061 0.774606 -0.435059 0.459149 0.774536 -0.319423 0.344645 0.882717 -0.319334 0.344436 0.882831 -0.190963 0.217319 0.957239 -0.191066 0.217541 0.957168 -0.0550599 0.0828843 0.995037 -0.0550159 0.0827921 0.995047 0.0836935 -0.0545331 0.994998 0.0836489 -0.0544396 0.995007 0.252843 -0.155275 0.954966 0.252785 -0.155153 0.955001 0.380805 -0.281843 0.880654 0.380928 -0.282118 0.880513 0.496308 -0.396264 0.772433 0.49624 -0.396091 0.772566 0.594812 -0.4936 0.634475 0.594818 -0.493619 0.634454 0.672358 -0.570312 0.471889 0.67237 -0.570376 0.471794 0.725908 -0.623307 0.290769 0.725909 -0.623285 0.290812 0.753271 -0.650336 0.0982165 0.753266 -0.650345 0.0981903 0.753262 -0.650342 -0.0982423 0.753271 -0.650336 -0.0982149 0.725923 -0.623299 -0.290747 0.725922 -0.623299 -0.29075 0.672362 -0.570334 -0.471856 0.672369 -0.570335 -0.471845 0.59479 -0.493608 -0.634488 0.594788 -0.493608 -0.634491 0.496318 -0.396206 -0.772457 0.496317 -0.396205 -0.772458 0.380839 -0.281956 -0.880603 0.380841 -0.281957 -0.880602 0.252833 -0.155283 -0.954968 0.252846 -0.155289 -0.954963 0.117134 -0.020955 -0.992895 0.117113 -0.020945 -0.992898 -0.0211732 0.115973 -0.993027 -0.0211521 0.115963 -0.993028 -0.156906 0.250409 -0.955341 -0.156928 0.250419 -0.955334 -0.284984 0.377273 -0.881164 -0.284977 0.37727 -0.881167 -0.400546 0.49178 -0.773121 -0.400558 0.491785 -0.773112 -0.499118 0.58946 -0.635152 -0.499112 0.589458 -0.635158 -0.576783 0.666445 -0.472411 -0.576781 0.666444 -0.472415 -0.630409 0.719606 -0.291122 -0.630409 0.719606 -0.291122 -0.657788 0.746753 -0.0983598 -0.657791 0.746752 -0.0983514 -0.657792 0.746753 0.0983341 -0.657791 0.746755 0.0983267 -0.630405 0.719601 0.291144 -0.630407 0.719582 0.291185 -0.576789 0.666416 0.472445 -0.576796 0.666469 0.472362 -0.499114 0.589477 0.635139 -0.499119 0.589493 0.635121 -0.400552 0.491818 0.773093 -0.400493 0.491662 0.773223 -0.284949 0.377165 0.881221 -0.285064 0.377428 0.881071 -0.15687 0.250445 0.955337 -0.156818 0.250333 0.955375 -0.0211985 0.116021 0.993021 -0.0212334 0.116092 0.993011 0.117196 -0.0209666 0.992887 0.117231 -0.0210385 0.992882 0.285185 -0.121407 0.950752 0.285203 -0.121444 0.950742 0.412543 -0.247435 0.876689 0.412548 -0.247446 0.876684 0.527638 -0.361271 0.768818 0.527606 -0.361194 0.768877 0.625559 -0.458042 0.631564 0.625575 -0.45809 0.631513 0.702779 -0.534399 0.469594 0.70277 -0.534357 0.469657 0.756081 -0.587045 0.289343 0.756081 -0.587027 0.28938 0.783286 -0.613926 0.0977663 0.783283 -0.613933 0.0977461 0.783282 -0.613931 -0.0977666 0.78328 -0.613932 -0.0977716 0.756066 -0.587049 -0.289374 0.756073 -0.587048 -0.28936 0.702782 -0.534386 -0.469606 0.702771 -0.534384 -0.469625 0.625565 -0.458072 -0.631537 0.625575 -0.458075 -0.631525 0.527578 -0.361186 -0.768899 0.527571 -0.361183 -0.768905 0.412645 -0.247517 -0.876618 0.412628 -0.24751 -0.876628 0.2852 -0.121429 -0.950745 0.28521 -0.121434 -0.950741 0.150121 0.0122832 -0.988591 0.150112 0.0122875 -0.988593 0.012406 0.148653 -0.988812 0.0124181 0.148647 -0.988812 -0.122734 0.282542 -0.951371 -0.122741 0.282546 -0.951369 -0.250287 0.408961 -0.877558 -0.250267 0.408951 -0.877568 -0.365347 0.523057 -0.770022 -0.365351 0.523059 -0.770018 -0.463521 0.620429 -0.632627 -0.463509 0.620425 -0.632639 -0.540851 0.69716 -0.470584 -0.540865 0.697163 -0.470563 -0.59427 0.750159 -0.290009 -0.594278 0.750159 -0.289992 -0.621548 0.777228 -0.0979511 -0.621539 0.777232 -0.097979 -0.621541 0.777234 0.0979509 -0.621541 0.777234 0.0979533 -0.594261 0.750178 0.289978 -0.594263 0.750163 0.290013 -0.540852 0.697167 0.470572 -0.540849 0.697152 0.470596 -0.463505 0.620412 0.632655 -0.463512 0.620436 0.632626 -0.365409 0.523137 0.769937 -0.365384 0.523073 0.769993 -0.250201 0.408862 0.877628 -0.250205 0.40887 0.877624 -0.122723 0.282515 0.95138 -0.12274 0.282549 0.951368 0.0123895 0.148677 0.988808 0.0123847 0.148686 0.988807 0.150145 0.0122671 0.988588 0.150152 0.0122542 0.988587 0.315859 -0.0884679 0.944673 0.315856 -0.0884624 0.944674 0.4425 -0.213748 0.870922 0.442424 -0.213595 0.870998 0.556682 -0.326574 0.763842 0.556726 -0.326671 0.763769 0.654031 -0.422839 0.627256 0.653992 -0.422735 0.627367 0.730668 -0.49849 0.46651 0.730679 -0.498533 0.466447 0.78359 -0.550795 0.287424 0.78359 -0.550809 0.287394 0.810611 -0.577481 0.0970824 0.810613 -0.577474 0.0971041 0.810613 -0.577474 -0.0971124 0.810615 -0.577472 -0.0971043 0.783618 -0.550799 -0.287338 0.783583 -0.550803 -0.287425 0.730634 -0.498514 -0.466539 0.73068 -0.498521 -0.466458 0.654005 -0.422771 -0.627329 0.653995 -0.422768 -0.627342 0.556675 -0.326583 -0.763844 0.55667 -0.326581 -0.763848 0.442495 -0.213684 -0.870941 0.442511 -0.213692 -0.87093 0.315915 -0.0884474 -0.944656 0.315909 -0.0884444 -0.944658 0.181691 0.0444192 -0.982352 0.181704 0.0444125 -0.98235 0.0448836 0.179936 -0.982654 0.0448695 0.179944 -0.982653 -0.0894181 0.313039 -0.945521 -0.0894186 0.31304 -0.945521 -0.216172 0.438741 -0.872225 -0.216174 0.438742 -0.872224 -0.330524 0.552204 -0.765392 -0.330527 0.552205 -0.76539 -0.428084 0.649051 -0.628869 -0.428101 0.649057 -0.628851 -0.504956 0.725381 -0.467805 -0.504964 0.725383 -0.467795 -0.55806 0.778134 -0.28823 -0.558028 0.778132 -0.288297 -0.585143 0.80506 -0.097397 -0.585151 0.805057 -0.0973732 -0.585151 0.805058 0.0973669 -0.585152 0.805056 0.097373 -0.558046 0.778112 0.288316 -0.558043 0.778132 0.288267 -0.504955 0.725399 0.467779 -0.504955 0.725397 0.467782 -0.42812 0.649102 0.628792 -0.428097 0.649031 0.628881 -0.330547 0.552185 0.765395 -0.330588 0.552285 0.765306 -0.216192 0.438783 0.872198 -0.216116 0.438622 0.872299 -0.0894375 0.312985 0.945537 -0.089438 0.312987 0.945537 0.0449259 0.179809 0.982675 0.0448459 0.17996 0.982651 0.181604 0.0445029 0.982364 0.181684 0.0443513 0.982356 0.334188 -0.0685703 0.940009 0.334204 -0.06833 0.94002 0.460096 -0.192903 0.86666 0.460077 -0.193126 0.866621 0.5737 -0.305457 0.759977 0.573717 -0.305318 0.76002 0.670479 -0.400946 0.62426 0.670423 -0.401259 0.624119 0.74671 -0.476557 0.464022 0.746765 -0.476354 0.464144 0.799423 -0.528343 0.285966 0.799418 -0.528355 0.285958 0.826294 -0.554899 0.0965651 0.826307 -0.554877 0.0965857 0.826309 -0.554878 -0.0965646 0.826271 -0.554924 -0.0966168 0.799355 -0.528441 -0.285974 0.799443 -0.528364 -0.285872 0.746774 -0.47636 -0.464123 0.74672 -0.476394 -0.464175 0.670454 -0.401066 -0.62421 0.670507 -0.401043 -0.624168 0.573679 -0.305363 -0.76003 0.573682 -0.305362 -0.760028 0.460093 -0.193056 -0.866628 0.460073 -0.19306 -0.866638 0.334139 -0.068456 -0.940035 0.334125 -0.0684579 -0.940039 0.200577 0.0637551 -0.977601 0.20056 0.0637536 -0.977605 0.06441 0.198636 -0.977955 0.0644273 0.198638 -0.977953 -0.0692376 0.33115 -0.941034 -0.069197 0.331153 -0.941036 -0.195328 0.456288 -0.868129 -0.195349 0.456286 -0.868125 -0.309149 0.569255 -0.761824 -0.309158 0.569254 -0.761821 -0.406256 0.665697 -0.625943 -0.406237 0.6657 -0.625951 -0.482726 0.741717 -0.465653 -0.482741 0.741712 -0.465644 -0.535573 0.794232 -0.286981 -0.53567 0.794193 -0.286907 -0.562583 0.821038 -0.0969414 -0.562574 0.821043 -0.0969497 -0.562575 0.821043 0.0969412 -0.562555 0.82106 0.0969192 -0.535566 0.794237 0.286979 -0.535572 0.79423 0.286987 -0.482781 0.741754 0.465536 -0.48284 0.741658 0.465628 -0.406339 0.66557 0.626023 -0.406256 0.665763 0.625872 -0.309161 0.569341 0.761755 -0.309195 0.569225 0.761827 -0.195321 0.456169 0.868193 -0.195273 0.456409 0.868078 -0.069191 0.331343 0.94097 -0.0692251 0.331092 0.941056 0.064568 0.198443 0.977983 0.0645847 0.198621 0.977946 0.200471 0.0640027 0.977607 0.200458 0.063821 0.977621 0.710648 0.703548 2.68486e-05 0.710648 0.703548 -3.56188e-06 0.710648 0.703547 3.49345e-06 0.710645 0.70355 -1.9061e-05 0.710653 0.703543 1.48431e-05 0.71065 0.703546 6.48273e-06 0.710654 0.703542 2.17997e-06 0.710643 0.703553 0.00023389 0.710643 0.703553 -7.64432e-06 0.710652 0.703544 4.39555e-06 0.710645 0.703551 -6.94263e-06 0.710676 0.70352 -7.19681e-05 0.710651 0.703545 1.05333e-05 0.710546 0.703651 0.000224311 0.710649 0.703547 5.0712e-06 0.710644 0.703551 -1.53818e-05 0.710646 0.70355 -5.77469e-06 0.710667 0.703528 5.78507e-05 0.710658 0.703538 2.46519e-05 0.71063 0.703566 -3.50493e-05 0.710661 0.703535 1.93118e-05 0.710667 0.703528 2.85242e-05 0.710636 0.703559 -2.49993e-05 0.710625 0.703571 -3.61744e-05 0.710622 0.703574 -2.19129e-05 0.710683 0.703512 1.45196e-05 0.71062 0.703576 -1.28495e-05 0.710622 0.703574 -1.23781e-05 0.71071 0.703485 0 0.710508 0.703689 0 -0.615448 -0.703552 -0.3553 -0.615433 -0.703552 -0.355327 -0.615416 -0.703549 -0.355362 -0.615453 -0.703549 -0.355297 -0.615447 -0.703548 -0.355309 -0.615426 -0.703548 -0.355346 -0.615442 -0.703551 -0.355312 -0.615439 -0.703551 -0.355318 -0.615425 -0.703548 -0.355347 -0.615445 -0.703549 -0.355312 -0.615437 -0.703547 -0.35533 -0.615438 -0.703547 -0.355327 -0.615448 -0.703549 -0.355307 -0.615443 -0.703549 -0.355315 -0.615441 -0.703548 -0.35532 -0.615422 -0.703548 -0.355354 -0.615434 -0.703548 -0.355334 -0.615444 -0.703546 -0.355319 -0.615426 -0.70355 -0.355341 -0.615416 -0.70356 -0.35534 -0.615434 -0.703549 -0.35533 -0.615443 -0.703545 -0.355323 -0.615445 -0.703544 -0.355321 -0.615451 -0.703542 -0.355316 -0.615502 -0.703509 -0.355293 -0.615352 -0.703615 -0.355341 -0.615432 -0.703554 -0.355325 -0.615424 -0.703559 -0.355327 -0.615435 -0.703551 -0.355325 -0.615471 -0.703525 -0.355314 -0.627111 0.566133 -0.535001 -0.696732 0.573293 -0.431161 -0.73084 0.577348 -0.364064 -0.745017 0.57185 -0.343422 -0.813461 0.551925 -0.183467 -0.81346 0.551926 -0.183469 -0.864268 0.503019 0.00358101 -0.864264 0.503025 0.00357106 -0.883722 0.42868 0.187798 -0.883724 0.428673 0.187806 -0.871186 0.332058 0.361625 -0.871186 0.332059 0.361624 -0.827335 0.217197 0.518017 -0.827335 0.217194 0.51802 -0.754077 0.0887699 0.65076 -0.754081 0.0887829 0.650753 -0.65449 -0.0479722 0.754547 -0.654478 -0.0479975 0.754556 -0.532513 -0.187688 0.82535 -0.532522 -0.187672 0.825348 -0.393017 -0.324739 0.86028 -0.393016 -0.324741 0.86028 -0.241538 -0.45364 0.857829 -0.241546 -0.45363 0.857832 -0.0840853 -0.569156 0.817919 -0.0840947 -0.569145 0.817925 0.0729142 -0.666452 0.741974 0.0729329 -0.666471 0.741955 0.223079 -0.741444 0.632848 0.223071 -0.741437 0.632859 0.360042 -0.7908 0.494979 0.360051 -0.790807 0.494962 0.478032 -0.812362 0.333995 0.47802 -0.812355 0.334029 0.571985 -0.805145 0.156765 0.571987 -0.805145 0.156754 0.637993 -0.769482 -0.0293494 0.637993 -0.769483 -0.0293347 0.673326 -0.70698 -0.216361 0.673323 -0.706975 -0.216385 0.67666 -0.620361 -0.39659 0.676655 -0.620354 -0.39661 0.648042 -0.513389 -0.56256 0.648052 -0.513398 -0.56254 0.588827 -0.390523 -0.707654 0.588833 -0.390527 -0.707647 0.50158 -0.256879 -0.826094 0.501572 -0.256873 -0.8261 0.389874 -0.117818 -0.9133 0.389881 -0.117822 -0.913297 0.258224 0.0211047 -0.965854 0.258215 0.0211097 -0.965857 0.111853 0.154366 -0.981662 0.111857 0.154364 -0.981662 -0.0433877 0.276619 -0.96 -0.0433946 0.276622 -0.959999 -0.201284 0.38291 -0.90159 -0.201308 0.382917 -0.901582 -0.355432 0.46886 -0.808603 -0.355398 0.468854 -0.808621 -0.499337 0.530808 -0.684767 -0.499357 0.530808 -0.684752 -0.627131 0.56613 -0.53498 -0.364642 -0.291538 0.884331 -0.364686 -0.291469 0.884336 -0.212201 -0.421125 0.88183 -0.212115 -0.421245 0.881794 -0.0534972 -0.537508 0.84156 -0.0535142 -0.537487 0.841572 0.104678 -0.635421 0.765037 0.104623 -0.63536 0.765096 0.255837 -0.710792 0.655227 0.255846 -0.710801 0.655213 0.393771 -0.760454 0.516386 0.393762 -0.760446 0.516404 0.512532 -0.78213 0.354377 0.512551 -0.782144 0.35432 0.607155 -0.774884 0.175836 0.607146 -0.77488 0.175884 0.67359 -0.739017 -0.0114664 0.673591 -0.739014 -0.0115094 0.709158 -0.676134 -0.199845 0.709161 -0.676138 -0.199821 0.71252 -0.588985 -0.381329 0.712523 -0.588988 -0.38132 0.683717 -0.481349 -0.548484 0.683714 -0.481346 -0.54849 0.624089 -0.357688 -0.694674 0.624095 -0.357693 -0.694666 0.536258 -0.223175 -0.814015 0.536244 -0.223165 -0.814027 0.423765 -0.0831328 -0.901949 0.42377 -0.0831353 -0.901947 0.291199 0.0567848 -0.954976 0.291194 0.0567872 -0.954977 0.143785 0.191043 -0.970994 0.143771 0.191049 -0.970995 -0.0126209 0.314268 -0.949251 -0.0126047 0.314262 -0.949253 -0.171687 0.421423 -0.890464 -0.171675 0.42142 -0.890468 -0.326965 0.508078 -0.796838 -0.327 0.508083 -0.796821 -0.47204 0.570558 -0.672043 -0.472017 0.570558 -0.672059 -0.600807 0.606192 -0.521116 -0.600802 0.606193 -0.521121 -0.7078 0.613396 -0.350378 -0.707807 0.613393 -0.350368 -0.788579 0.591858 -0.166874 -0.788575 0.591862 -0.166881 -0.839754 0.542538 0.0215942 -0.839759 0.54253 0.0216065 -0.859331 0.467556 0.207225 -0.859328 0.467564 0.207216 -0.846649 0.370147 0.382329 -0.84665 0.370148 0.382329 -0.802407 0.25436 0.539856 -0.802409 0.254377 0.539844 -0.728559 0.124991 0.673482 -0.728549 0.124957 0.6735 -0.628173 -0.0127909 0.777969 -0.62817 -0.0127971 0.777971 -0.505253 -0.153488 0.849212 -0.505247 -0.1535 0.849213 -0.335223 -0.256994 0.90641 -0.335102 -0.257198 0.906397 -0.181674 -0.387527 0.90378 -0.181866 -0.387246 0.903861 -0.0224266 -0.504024 0.863398 -0.0223963 -0.504063 0.863376 0.136407 -0.602293 0.786534 0.136473 -0.60237 0.786464 0.288313 -0.678032 0.676127 0.288295 -0.678012 0.676155 0.4268 -0.727833 0.53675 0.426821 -0.727853 0.536706 0.546106 -0.749605 0.37398 0.546097 -0.749598 0.374005 0.641123 -0.742321 0.194734 0.641128 -0.742324 0.194704 0.707842 -0.70634 0.00656079 0.707841 -0.706341 0.00658941 0.743573 -0.643235 -0.182614 0.743572 -0.643235 -0.182616 0.746949 -0.555785 -0.364925 0.746947 -0.555784 -0.364931 0.718026 -0.447744 -0.532883 0.718031 -0.447748 -0.532873 0.658167 -0.323615 -0.679771 0.658153 -0.323605 -0.67979 0.569933 -0.188506 -0.799776 0.569956 -0.188521 -0.799756 0.456984 -0.0478567 -0.888186 0.456973 -0.0478506 -0.888192 0.323805 0.0927392 -0.941568 0.323813 0.0927354 -0.941566 0.175713 0.227682 -0.95775 0.175719 0.22768 -0.95775 0.0185744 0.351566 -0.935979 0.018565 0.351569 -0.935978 -0.141282 0.459321 -0.876963 -0.141293 0.459324 -0.87696 -0.297375 0.546495 -0.782887 -0.297358 0.546492 -0.782895 -0.443182 0.609362 -0.65747 -0.443179 0.609363 -0.657472 -0.572619 0.645208 -0.505781 -0.572634 0.645205 -0.505767 -0.680199 0.652453 -0.334117 -0.680189 0.652458 -0.334129 -0.761384 0.630788 -0.149669 -0.761389 0.630784 -0.149661 -0.812816 0.581161 0.0397823 -0.812817 0.581159 0.0397841 -0.832466 0.505733 0.226352 -0.832467 0.505729 0.226356 -0.819681 0.40775 0.402322 -0.819681 0.407758 0.402314 -0.775174 0.291347 0.560556 -0.775171 0.291324 0.560572 -0.70087 0.161221 0.69483 -0.70089 0.161293 0.694794 -0.599934 0.0228244 0.799724 -0.599944 0.0228501 0.799715 -0.476386 -0.118489 0.871216 -0.476382 -0.118498 0.871217 -0.304745 -0.222015 0.926197 -0.304787 -0.221942 0.9262 -0.150972 -0.352521 0.923546 -0.150874 -0.352669 0.923505 0.00869387 -0.469416 0.882935 0.00865859 -0.469368 0.88296 0.167807 -0.567715 0.805941 0.167819 -0.56773 0.805928 0.320101 -0.643534 0.695269 0.320057 -0.643486 0.695334 0.458726 -0.693312 0.555777 0.458764 -0.69335 0.555699 0.578315 -0.715123 0.392621 0.578301 -0.71511 0.392666 0.673477 -0.707825 0.213104 0.673474 -0.707823 0.213117 0.740308 -0.671816 0.0246448 0.740309 -0.671816 0.0246171 0.776101 -0.608661 -0.164922 0.776103 -0.608663 -0.164905 0.779498 -0.521124 -0.347582 0.7795 -0.521126 -0.347573 0.750547 -0.412958 -0.515892 0.750547 -0.412958 -0.515893 0.690609 -0.288666 -0.663123 0.6906 -0.28866 -0.663135 0.602242 -0.153332 -0.78345 0.602229 -0.153324 -0.783462 0.489067 -0.0123897 -0.872158 0.489082 -0.0123982 -0.872149 0.355664 0.128514 -0.925736 0.355654 0.128519 -0.925739 0.207238 0.263826 -0.942045 0.207266 0.263815 -0.942042 0.0497771 0.388053 -0.920292 0.0497795 0.388053 -0.920292 -0.11044 0.49614 -0.86119 -0.110452 0.496143 -0.861187 -0.266935 0.583613 -0.766904 -0.266931 0.583612 -0.766906 -0.41312 0.646698 -0.641182 -0.413119 0.646698 -0.641182 -0.542904 0.682674 -0.489092 -0.542901 0.682675 -0.489094 -0.650771 0.689951 -0.316962 -0.650767 0.689953 -0.316967 -0.732167 0.668206 -0.132029 -0.732169 0.668205 -0.132026 -0.783726 0.618401 0.057915 -0.783728 0.618398 0.0579198 -0.803408 0.542711 0.24495 -0.803409 0.54271 0.244951 -0.790565 0.444435 0.42129 -0.790568 0.444398 0.421324 -0.745887 0.327582 0.579951 -0.745895 0.327663 0.579895 -0.671403 0.19725 0.714361 -0.671381 0.197163 0.714405 -0.570194 0.058425 0.81943 -0.570186 0.0584016 0.819437 -0.446283 -0.0832649 0.89101 -0.446311 -0.0832064 0.891001 -0.273605 -0.186413 0.943605 -0.273581 -0.186456 0.943604 -0.119904 -0.316833 0.940872 -0.119882 -0.316866 0.940863 0.0398428 -0.433644 0.900203 0.0397725 -0.433549 0.900252 0.198811 -0.531743 0.82324 0.198783 -0.531708 0.823269 0.350887 -0.607366 0.71273 0.350945 -0.60743 0.712648 0.489484 -0.657151 0.5732 0.489451 -0.657118 0.573265 0.608932 -0.678875 0.410281 0.608943 -0.678884 0.410249 0.704006 -0.671612 0.230895 0.704008 -0.671614 0.230887 0.770787 -0.635669 0.042564 0.770786 -0.635669 0.0425872 0.806566 -0.57262 -0.146826 0.806565 -0.572619 -0.146834 0.809978 -0.48523 -0.329373 0.809974 -0.485227 -0.329389 0.78107 -0.377202 -0.497643 0.781076 -0.377207 -0.49763 0.721217 -0.253054 -0.644833 0.721214 -0.253053 -0.644836 0.632944 -0.117825 -0.765179 0.632946 -0.117826 -0.765177 0.519877 0.023043 -0.85393 0.519873 0.0230454 -0.853933 0.38655 0.163923 -0.907584 0.386565 0.163916 -0.907579 0.238243 0.299222 -0.923962 0.238215 0.299234 -0.923966 0.0808156 0.423496 -0.902286 0.0808104 0.423498 -0.902285 -0.0793849 0.531662 -0.843228 -0.0793623 0.531657 -0.843234 -0.235823 0.619198 -0.748987 -0.23584 0.6192 -0.74898 -0.382025 0.682345 -0.623267 -0.382027 0.682345 -0.623266 -0.511816 0.71836 -0.471173 -0.511822 0.718358 -0.471168 -0.619706 0.725642 -0.299012 -0.619701 0.725644 -0.299017 -0.701105 0.703875 -0.114069 -0.701107 0.703873 -0.114066 -0.752667 0.654012 0.0758991 -0.752661 0.65402 0.0758868 -0.772326 0.578283 0.26287 -0.772336 0.578256 0.262901 -0.759465 0.47987 0.439247 -0.759459 0.479922 0.4392 -0.714772 0.363106 0.597709 -0.714762 0.363 0.597785 -0.640228 0.232541 0.732143 -0.640251 0.232639 0.732091 -0.538993 0.0938383 0.837067 -0.538999 0.0938539 0.837061 -0.415072 -0.0477782 0.908533 -0.415074 -0.0477738 0.908532 -0.241883 -0.150645 0.95854 -0.241922 -0.150576 0.958541 -0.088592 -0.280581 0.955733 -0.0886334 -0.280519 0.955747 0.0705389 -0.396819 0.915183 0.070616 -0.396921 0.915132 0.229074 -0.494672 0.838347 0.229059 -0.494654 0.838361 0.380615 -0.569969 0.728194 0.380624 -0.569979 0.728182 0.518729 -0.619508 0.589178 0.518762 -0.61954 0.589115 0.637799 -0.641181 0.426732 0.637795 -0.641177 0.426743 0.73257 -0.633932 0.247934 0.73256 -0.633925 0.24798 0.799114 -0.598147 0.0603102 0.799116 -0.598147 0.0602828 0.834789 -0.535369 -0.128481 0.834788 -0.535368 -0.128488 0.838219 -0.448326 -0.310473 0.838222 -0.448329 -0.31046 0.809456 -0.340726 -0.478212 0.809445 -0.340717 -0.478237 0.749815 -0.216999 -0.625051 0.749829 -0.21701 -0.62503 0.661884 -0.0822275 -0.745082 0.661881 -0.0822253 -0.745085 0.549213 0.0582107 -0.833653 0.549201 0.0582178 -0.83366 0.416301 0.198729 -0.887243 0.416311 0.198724 -0.887239 0.268475 0.333683 -0.903647 0.268459 0.33369 -0.903649 0.111489 0.457712 -0.882083 0.1115 0.457708 -0.882084 -0.0482492 0.565665 -0.823222 -0.0482516 0.565666 -0.823222 -0.204277 0.653044 -0.729249 -0.204278 0.653045 -0.729248 -0.350107 0.716099 -0.603844 -0.3501 0.716099 -0.603848 -0.47957 0.752062 -0.452123 -0.479565 0.752063 -0.452127 -0.587185 0.759337 -0.280395 -0.587196 0.759333 -0.280383 -0.668409 0.737589 -0.0958737 -0.668396 0.737599 -0.0958933 -0.719826 0.687816 0.0935934 -0.719829 0.687812 0.093599 -0.739439 0.612181 0.280116 -0.739426 0.612214 0.280077 -0.726577 0.51407 0.45587 -0.726588 0.513972 0.455964 -0.681989 0.39738 0.613988 -0.681994 0.397438 0.613944 -0.607566 0.267177 0.747984 -0.607575 0.267213 0.747964 -0.506644 0.128887 0.852467 -0.506621 0.128825 0.85249 -0.383024 -0.0123901 0.923655 -0.383021 -0.0123972 0.923657 -0.209976 -0.114815 0.970941 -0.20996 -0.114842 0.970942 -0.0575432 -0.24401 0.968064 -0.0575128 -0.244054 0.968055 0.100758 -0.359616 0.927644 0.100737 -0.359589 0.927657 0.258337 -0.456742 0.851263 0.258393 -0.456805 0.851213 0.409213 -0.531676 0.741529 0.409097 -0.531558 0.741678 0.546416 -0.580764 0.603442 0.546405 -0.580754 0.603462 0.664754 -0.602263 0.44202 0.664776 -0.60228 0.441962 0.758996 -0.595082 0.264201 0.758993 -0.59508 0.264216 0.825148 -0.559549 0.0776826 0.825148 -0.559549 0.0776886 0.86064 -0.497187 -0.110016 0.86064 -0.497186 -0.110021 0.864091 -0.410717 -0.290963 0.864084 -0.410709 -0.290994 0.835525 -0.303777 -0.45784 0.83553 -0.303782 -0.457827 0.77628 -0.180783 -0.60391 0.776283 -0.180786 -0.603905 0.688891 -0.0467873 -0.723354 0.688891 -0.0467874 -0.723354 0.576887 0.0928996 -0.811524 0.576892 0.0928967 -0.811521 0.444768 0.232682 -0.864893 0.444741 0.232697 -0.864903 0.297701 0.367025 -0.881287 0.297745 0.367005 -0.881281 0.141641 0.490452 -0.859881 0.14161 0.490464 -0.859879 -0.0172959 0.597951 -0.801346 -0.017284 0.597947 -0.801349 -0.172503 0.684962 -0.707863 -0.172501 0.684962 -0.707864 -0.3176 0.747764 -0.583077 -0.317588 0.747764 -0.583085 -0.446401 0.78358 -0.43212 -0.446407 0.78358 -0.432116 -0.553476 0.790826 -0.261264 -0.553502 0.790818 -0.261235 -0.634313 0.769168 -0.0776361 -0.634323 0.769161 -0.0776218 -0.685494 0.719583 0.110894 -0.685494 0.719583 0.110894 -0.705005 0.644286 0.296417 -0.705018 0.644252 0.296461 -0.692221 0.546436 0.471421 -0.692207 0.546568 0.471288 -0.647832 0.430518 0.628464 -0.647822 0.430408 0.62855 -0.573758 0.300763 0.761803 -0.573768 0.300805 0.761779 -0.473406 0.163254 0.865584 -0.473375 0.163173 0.865616 -0.350353 0.0226357 0.936344 -0.350362 0.0226538 0.93634 -0.541839 0.809554 -0.225906 -0.486063 0.81743 -0.309114 -0.417073 0.809055 -0.414102 -0.417013 0.809063 -0.414147 -0.289063 0.773452 -0.564105 -0.289059 0.773452 -0.564107 -0.14489 0.710996 -0.688107 -0.14489 0.710996 -0.688107 0.0093144 0.624475 -0.780989 0.00933769 0.624469 -0.780994 0.167209 0.51759 -0.839132 0.167188 0.517597 -0.839131 0.322234 0.394898 -0.860361 0.322252 0.394891 -0.860357 0.468298 0.261372 -0.844027 0.468293 0.261375 -0.844029 0.599501 0.122473 -0.790948 0.599505 0.122471 -0.790946 0.710709 -0.0162944 -0.703297 0.710699 -0.0162884 -0.703308 0.797456 -0.149378 -0.584594 0.797449 -0.149373 -0.584604 0.856246 -0.271503 -0.439464 0.856255 -0.27151 -0.439442 0.884569 -0.377661 -0.273695 0.884574 -0.377665 -0.273673 0.881114 -0.463474 -0.0939706 0.881112 -0.463472 -0.0939974 0.845847 -0.525356 0.0924304 0.845849 -0.525357 0.0924128 0.780145 -0.56062 0.277631 0.780144 -0.560619 0.277634 0.686555 -0.567754 0.4542 0.686552 -0.567752 0.454207 0.569057 -0.546417 0.614495 0.569096 -0.54646 0.61442 0.432839 -0.497689 0.751636 0.432758 -0.497591 0.751747 0.283032 -0.423292 0.860649 0.283038 -0.423302 0.860642 0.126541 -0.326882 0.936555 0.126541 -0.326882 0.936555 -0.0307019 -0.212116 0.976762 -0.0307175 -0.21209 0.976767 -0.182129 -0.0838187 0.979696 -0.182063 -0.0839491 0.979697 -0.321625 0.0526766 0.945401 -0.321737 0.0529471 0.945348 -0.443849 0.192436 0.875195 -0.443773 0.192185 0.875289 -0.543622 0.329035 0.772147 -0.543638 0.329123 0.772098 -0.617243 0.458007 0.639719 -0.617243 0.457991 0.639731 -0.661319 0.573281 0.483742 -0.66131 0.573332 0.483694 -0.674036 0.670564 0.30987 -0.674059 0.670513 0.30993 -0.654658 0.74543 0.125527 -0.654658 0.74543 0.125526 -0.603791 0.794742 -0.0618137 -0.603792 0.794742 -0.0618129 -0.523459 0.816279 -0.244294 0.615422 0.703553 0.355344 0.615534 0.703565 0.355125 0.615397 0.703543 0.355407 0.615427 0.703543 0.355355 0.615464 0.703549 0.355278 0.615445 0.703549 0.355311 0.615441 0.703548 0.355319 0.615435 0.703548 0.35533 0.615454 0.703551 0.355291 0.615426 0.703551 0.355341 0.615416 0.70355 0.35536 0.615457 0.70355 0.355289 0.61542 0.703544 0.355365 0.615406 0.703544 0.35539 0.615472 0.703555 0.355253 0.61565 0.703554 0.354946 0.615365 0.703544 0.355459 0.615408 0.703551 0.355372 0.61536 0.703741 0.355079 0.61562 0.7034 0.355303 0.615458 0.703545 0.355297 0.615431 0.703553 0.355327 0.615468 0.703481 0.355406 0.615411 0.703559 0.35535 0.61542 0.703557 0.355338 0.615466 0.703551 0.355271 0.615521 0.703545 0.355188 0.615409 0.703545 0.355381 0.615483 0.703557 0.35523 0.615202 0.703557 0.355717 -0.355717 -0.703557 -0.615202 -0.355423 -0.703557 -0.615372 -0.355283 -0.703545 -0.615466 -0.355188 -0.703545 -0.615521 -0.355336 -0.703558 -0.615421 -0.35532 -0.703558 -0.61543 -0.355267 -0.703553 -0.615466 -0.355396 -0.703553 -0.615391 -0.355355 -0.70355 -0.615419 -0.355319 -0.70355 -0.61544 -0.355291 -0.703547 -0.615459 -0.355277 -0.703547 -0.615467 -0.355348 -0.703553 -0.615419 -0.355328 -0.703553 -0.615431 -0.355286 -0.70355 -0.615459 -0.355524 -0.703554 -0.615317 -0.355253 -0.703555 -0.615472 -0.355365 -0.703546 -0.615418 -0.355359 -0.703547 -0.61542 -0.35535 -0.703544 -0.615428 -0.355297 -0.703561 -0.61544 -0.355324 -0.703553 -0.615433 -0.355404 -0.703523 -0.615421 -0.355278 -0.703561 -0.615451 -0.355447 -0.703515 -0.615405 -0.355296 -0.70355 -0.615453 -0.35529 -0.703554 -0.615452 -0.355327 -0.703545 -0.61544 -0.355344 -0.70354 -0.615436 -0.355317 -0.703546 -0.615445 -0.275548 0.566126 -0.776901 -0.388064 0.573297 -0.721621 -0.450961 0.57733 -0.68068 -0.473438 0.571861 -0.669949 -0.61274 0.551934 -0.565614 -0.612756 0.551926 -0.565604 -0.750227 0.503044 -0.429076 -0.750237 0.503036 -0.429068 -0.859279 0.42863 -0.279135 -0.859259 0.428655 -0.279158 -0.935237 0.332145 -0.122521 -0.93526 0.332096 -0.122481 -0.97551 0.217154 0.0349938 -0.975506 0.217175 0.0349788 -0.978422 0.0887192 0.186599 -0.978427 0.0888751 0.186501 -0.944117 -0.0478137 0.326125 -0.944028 -0.0481958 0.326325 -0.873811 -0.187799 0.448538 -0.873884 -0.187625 0.448467 -0.770471 -0.32478 0.548537 -0.770545 -0.32466 0.548504 -0.638082 -0.453625 0.622155 -0.638026 -0.453693 0.622162 -0.481807 -0.569137 0.666292 -0.481785 -0.569157 0.666291 -0.307845 -0.666456 0.67902 -0.307865 -0.666441 0.679025 -0.123227 -0.741442 0.659605 -0.12323 -0.74144 0.659607 0.064317 -0.7908 0.608686 0.0643183 -0.790801 0.608685 0.246987 -0.812357 0.528275 0.246964 -0.812351 0.528294 0.416988 -0.805135 0.421756 0.417042 -0.80514 0.421694 0.567186 -0.769486 0.293583 0.567173 -0.769488 0.293603 0.691306 -0.706974 0.149278 0.69131 -0.706972 0.149268 0.784299 -0.620362 -0.00511611 0.784304 -0.620356 -0.0051355 0.842507 -0.513376 -0.16318 0.842507 -0.513378 -0.163174 0.863766 -0.39053 -0.318424 0.863768 -0.390535 -0.318415 0.847426 -0.256873 -0.464635 0.847427 -0.256875 -0.464632 0.794298 -0.117828 -0.595992 0.794287 -0.117816 -0.59601 0.706554 0.0211013 -0.707345 0.706555 0.0211004 -0.707343 0.587696 0.154365 -0.79422 0.587724 0.15435 -0.794202 0.442423 0.276626 -0.853076 0.442395 0.276637 -0.853087 0.276474 0.382913 -0.881442 0.27643 0.382925 -0.881451 0.0965034 0.468855 -0.877987 0.0965417 0.46885 -0.877986 -0.0900736 0.530814 -0.842688 -0.0900973 0.530815 -0.842685 -0.275578 0.566122 -0.776893 -0.757991 -0.291465 0.583522 -0.757964 -0.29151 0.583534 -0.624678 -0.421138 0.657586 -0.624592 -0.42125 0.657597 -0.467064 -0.537533 0.702075 -0.467149 -0.537448 0.702084 -0.291943 -0.635362 0.714902 -0.291942 -0.635363 0.714901 -0.106054 -0.710794 0.695359 -0.106037 -0.710804 0.695351 0.0828302 -0.760457 0.644084 0.0828073 -0.760446 0.6441 0.266684 -0.782128 0.563165 0.266718 -0.782139 0.563134 0.437883 -0.774881 0.45587 0.437873 -0.774879 0.455883 0.589097 -0.739011 0.326844 0.5891 -0.739011 0.32684 0.714063 -0.676136 0.181531 0.714069 -0.676134 0.181517 0.807717 -0.588996 0.0260316 0.807716 -0.588996 0.0260323 0.866361 -0.481336 -0.133168 0.866361 -0.481338 -0.133163 0.887814 -0.357693 -0.289556 0.887816 -0.3577 -0.289541 0.871421 -0.223174 -0.436828 0.871412 -0.22316 -0.436853 0.817973 -0.083148 -0.569216 0.817974 -0.0831495 -0.569214 0.729656 0.0568027 -0.681451 0.729672 0.0567921 -0.681435 0.610018 0.191051 -0.769011 0.610009 0.191056 -0.769017 0.463716 0.314259 -0.828377 0.463705 0.314263 -0.828382 0.296548 0.42142 -0.857009 0.296554 0.421419 -0.857008 0.115251 0.508078 -0.853565 0.115236 0.50808 -0.853566 -0.0727708 0.570558 -0.818027 -0.0727699 0.570558 -0.818027 -0.259761 0.606182 -0.75171 -0.259707 0.606189 -0.751723 -0.437778 0.613399 -0.657337 -0.437861 0.613374 -0.657305 -0.599492 0.591839 -0.538828 -0.599492 0.591839 -0.538828 -0.738084 0.542496 -0.401162 -0.738017 0.542549 -0.401214 -0.847839 0.467532 -0.250164 -0.847866 0.467499 -0.250135 -0.924377 0.370155 -0.0922664 -0.924341 0.370229 -0.0923245 -0.964821 0.254421 0.0662579 -0.964846 0.254307 0.0663365 -0.967689 0.124854 0.219065 -0.967689 0.124892 0.219042 -0.932988 -0.0128342 0.359678 -0.933029 -0.0126324 0.359578 -0.862134 -0.153485 0.482875 -0.862109 -0.153548 0.482899 -0.743495 -0.257075 0.617355 -0.743454 -0.257151 0.617373 -0.609277 -0.387482 0.691838 -0.609426 -0.387279 0.691819 -0.451205 -0.504004 0.736474 -0.451071 -0.504146 0.736459 -0.275082 -0.602373 0.749317 -0.275133 -0.602331 0.749333 -0.0884227 -0.67802 0.729706 -0.0884137 -0.678026 0.729701 0.10129 -0.727852 0.678212 0.101295 -0.727855 0.678208 0.285946 -0.749605 0.596931 0.285935 -0.749601 0.596941 0.457877 -0.742321 0.489192 0.457871 -0.74232 0.489199 0.609719 -0.706339 0.359622 0.609731 -0.706339 0.359603 0.735255 -0.643242 0.213636 0.735248 -0.643244 0.213653 0.829333 -0.555793 0.0574512 0.829333 -0.555793 0.0574497 0.888276 -0.447726 -0.102503 0.888275 -0.447731 -0.10249 0.909875 -0.32363 -0.259597 0.90987 -0.323613 -0.259637 0.893464 -0.188517 -0.407656 0.89347 -0.188526 -0.407638 0.839847 -0.0478578 -0.54071 0.839854 -0.0478647 -0.540698 0.751202 0.0927463 -0.653524 0.751195 0.0927509 -0.653531 0.631031 0.227691 -0.741591 0.631048 0.227682 -0.741579 0.484084 0.351559 -0.801292 0.484086 0.351558 -0.801291 0.316125 0.459324 -0.830112 0.316119 0.459326 -0.830114 0.133902 0.5465 -0.826685 0.133922 0.546498 -0.826683 -0.0550567 0.609362 -0.790978 -0.0550641 0.609362 -0.790978 -0.243024 0.645215 -0.724318 -0.243028 0.645215 -0.724317 -0.421997 0.652469 -0.629447 -0.421986 0.652472 -0.629451 -0.584514 0.630814 -0.510311 -0.584538 0.630802 -0.510298 -0.723779 0.581191 -0.371969 -0.723842 0.581142 -0.371924 -0.834136 0.50571 -0.220171 -0.83414 0.505704 -0.220166 -0.91103 0.407741 -0.0614131 -0.911004 0.407793 -0.0614522 -0.951599 0.291329 0.0979135 -0.951576 0.291423 0.0978509 -0.954383 0.161369 0.251224 -0.954387 0.161151 0.25135 -0.919427 0.0227672 0.392602 -0.919428 0.0227764 0.392598 -0.848169 -0.118557 0.516288 -0.848164 -0.118572 0.516294 -0.72706 -0.221914 0.649722 -0.727016 -0.221996 0.649742 -0.59249 -0.352557 0.724334 -0.59246 -0.352599 0.724337 -0.43399 -0.469353 0.769 -0.434038 -0.4693 0.769005 -0.257577 -0.567725 0.781884 -0.257546 -0.567752 0.781875 -0.070511 -0.64349 0.7622 -0.0705357 -0.643473 0.762212 0.119499 -0.693336 0.710637 0.119513 -0.693343 0.710628 0.304498 -0.71511 0.629205 0.304487 -0.715106 0.629215 0.476685 -0.707822 0.521305 0.476702 -0.707825 0.521285 0.628811 -0.671818 0.391482 0.628805 -0.671818 0.39149 0.75459 -0.608655 0.24522 0.754578 -0.608659 0.245247 0.848844 -0.521136 0.0887693 0.848848 -0.521133 0.0887557 0.907943 -0.412946 -0.0715177 0.907944 -0.412942 -0.0715297 0.929645 -0.288655 -0.228995 0.929648 -0.288668 -0.228966 0.913289 -0.153334 -0.377349 0.913281 -0.153323 -0.377372 0.859632 -0.012395 -0.510763 0.85963 -0.0123927 -0.510767 0.770874 0.128525 -0.623886 0.770871 0.128528 -0.62389 0.6505 0.263824 -0.712212 0.650502 0.263824 -0.712211 0.503254 0.388048 -0.77211 0.503264 0.388045 -0.772105 0.334942 0.496145 -0.801033 0.334936 0.496146 -0.801035 0.152296 0.583607 -0.797627 0.152274 0.58361 -0.797629 -0.037193 0.646693 -0.761843 -0.0371686 0.646693 -0.761844 -0.225622 0.682674 -0.695019 -0.225634 0.682672 -0.695016 -0.405098 0.689943 -0.599895 -0.405095 0.689944 -0.599896 -0.568059 0.668196 -0.480441 -0.568047 0.668201 -0.480447 -0.707741 0.618366 -0.341652 -0.707655 0.618431 -0.341712 -0.818169 0.542797 -0.189661 -0.81828 0.542667 -0.189553 -0.895364 0.444303 -0.0302957 -0.895306 0.444415 -0.0303792 -0.935909 0.327667 0.12926 -0.935919 0.327628 0.129286 -0.938647 0.197339 0.282842 -0.938649 0.197266 0.282884 -0.903462 0.0582785 0.424688 -0.903485 0.0584236 0.424619 -0.831972 -0.0832269 0.54854 -0.831981 -0.0832002 0.54853 -0.708745 -0.18645 0.68038 -0.708782 -0.186377 0.680361 -0.574244 -0.316843 0.754887 -0.574216 -0.316883 0.754892 -0.415727 -0.433546 0.799506 -0.415751 -0.433519 0.799508 -0.239423 -0.531764 0.812345 -0.239433 -0.531755 0.812348 -0.0525101 -0.607377 0.792677 -0.0524927 -0.607389 0.792668 0.137362 -0.657155 0.741133 0.137362 -0.657155 0.741134 0.322198 -0.678883 0.659777 0.3222 -0.678884 0.659775 0.494234 -0.671615 0.551966 0.494232 -0.671614 0.551968 0.646246 -0.635666 0.42225 0.646237 -0.635666 0.422263 0.771905 -0.57263 0.276146 0.771924 -0.572625 0.276106 0.866143 -0.485242 0.11974 0.866138 -0.485246 0.119758 0.925247 -0.377204 -0.0404324 0.925248 -0.3772 -0.0404434 0.947006 -0.253035 -0.19787 0.947008 -0.253041 -0.197854 0.930738 -0.11784 -0.346179 0.930737 -0.117838 -0.346182 0.87719 0.0230421 -0.479589 0.877197 0.0230362 -0.479579 0.788554 0.163925 -0.592715 0.788555 0.163925 -0.592713 0.668302 0.299223 -0.681056 0.668287 0.299231 -0.681067 0.521112 0.423511 -0.741 0.521131 0.423503 -0.740991 0.352888 0.531656 -0.769943 0.352877 0.531659 -0.769946 0.17025 0.6192 -0.766555 0.170265 0.619198 -0.766553 -0.0191933 0.682346 -0.730777 -0.0192208 0.682346 -0.730776 -0.207669 0.718359 -0.663953 -0.207665 0.71836 -0.663954 -0.387175 0.725644 -0.568803 -0.387158 0.725649 -0.568809 -0.550187 0.703866 -0.449295 -0.550125 0.703896 -0.449325 -0.689759 0.654041 -0.310585 -0.689817 0.653999 -0.310546 -0.800223 0.578347 -0.158612 -0.800245 0.578322 -0.158591 -0.877341 0.479868 0.000695197 -0.877387 0.479783 0.000758708 -0.917893 0.363026 0.160267 -0.917883 0.363061 0.160244 -0.92052 0.232538 0.313958 -0.920506 0.232777 0.31382 -0.885299 0.0939 0.455444 -0.88527 0.0936955 0.455543 -0.813744 -0.0477812 0.579256 -0.813739 -0.0477987 0.579262 -0.688746 -0.150661 0.709176 -0.688771 -0.150611 0.709162 -0.554648 -0.280554 0.783361 -0.55463 -0.280581 0.783365 -0.396557 -0.396838 0.827806 -0.396554 -0.396842 0.827805 -0.2208 -0.494675 0.840561 -0.220792 -0.494683 0.840559 -0.0344466 -0.569997 0.820925 -0.0344772 -0.569976 0.820938 0.154741 -0.619529 0.76957 0.154762 -0.619541 0.769557 0.338964 -0.641173 0.688477 0.338967 -0.641174 0.688474 0.510435 -0.633934 0.581019 0.510419 -0.633931 0.581038 0.6619 -0.598147 0.451785 0.661919 -0.598147 0.451757 0.787188 -0.535374 0.306119 0.787178 -0.535377 0.306141 0.881155 -0.448326 0.150235 0.88115 -0.448329 0.15025 0.940117 -0.340721 -0.00941892 0.940119 -0.340715 -0.00943761 0.961886 -0.216994 -0.166402 0.961885 -0.216989 -0.166412 0.945743 -0.0822148 -0.314342 0.945754 -0.0822339 -0.314304 0.892461 0.0582153 -0.447352 0.892453 0.0582241 -0.447367 0.804165 0.198716 -0.560206 0.804156 0.198723 -0.560217 0.684325 0.333685 -0.648347 0.684313 0.333692 -0.648356 0.537602 0.457704 -0.70816 0.537581 0.457713 -0.708171 0.369826 0.565654 -0.737065 0.369841 0.56565 -0.73706 0.187685 0.653053 -0.733687 0.187701 0.65305 -0.733685 -0.00127997 0.7161 -0.697997 -0.00125486 0.716099 -0.697997 -0.189243 0.752065 -0.631337 -0.189262 0.752062 -0.631334 -0.368326 0.759335 -0.53642 -0.368335 0.759333 -0.536417 -0.530914 0.737592 -0.417238 -0.530957 0.737573 -0.417218 -0.670195 0.687797 -0.27888 -0.670195 0.687797 -0.27888 -0.780436 0.612167 -0.127165 -0.780338 0.612273 -0.127256 -0.857191 0.51403 0.0315546 -0.857228 0.513967 0.0316041 -0.897598 0.39744 0.190678 -0.89762 0.397369 0.190727 -0.900184 0.267207 0.343903 -0.900187 0.267157 0.343933 -0.86499 0.128725 0.484998 -0.865004 0.128833 0.484943 -0.79355 -0.012387 0.608379 -0.793547 -0.012395 0.608382 -0.667274 -0.114844 0.735906 -0.667281 -0.114828 0.735901 -0.533854 -0.243987 0.809611 -0.533864 -0.243973 0.809609 -0.376607 -0.359535 0.853758 -0.376604 -0.359538 0.853757 -0.201824 -0.456746 0.866401 -0.201816 -0.456753 0.866399 -0.0165202 -0.531576 0.84685 -0.0165175 -0.531577 0.846849 0.171573 -0.580787 0.795769 0.171567 -0.580784 0.795773 0.354716 -0.602273 0.715153 0.354711 -0.602272 0.715157 0.525173 -0.595082 0.608334 0.525176 -0.595082 0.608331 0.675765 -0.559543 0.479847 0.67576 -0.559543 0.479854 0.800334 -0.49719 0.335063 0.800348 -0.497186 0.335037 0.893819 -0.410703 0.180028 0.893816 -0.410706 0.180039 0.952512 -0.303759 0.0212459 0.952508 -0.30377 0.0212772 0.974235 -0.180801 -0.134821 0.974233 -0.180785 -0.134858 0.958269 -0.04677 -0.282016 0.958269 -0.0467699 -0.282017 0.905361 0.0928973 -0.414358 0.905363 0.0928944 -0.414353 0.817615 0.232694 -0.526648 0.817626 0.232686 -0.526636 0.698503 0.366996 -0.614336 0.69849 0.367003 -0.614346 0.552568 0.490472 -0.673873 0.552588 0.490464 -0.673863 0.385712 0.597949 -0.702626 0.385713 0.597948 -0.702626 0.204539 0.684966 -0.699275 0.204513 0.68497 -0.699278 0.0164957 0.74776 -0.663765 0.0165006 0.74776 -0.663765 -0.170542 0.783576 -0.597432 -0.17053 0.783577 -0.597434 -0.348727 0.790823 -0.502979 -0.348731 0.790822 -0.502978 -0.510518 0.769167 -0.384388 -0.51052 0.769166 -0.384387 -0.649097 0.719587 -0.246714 -0.6491 0.719585 -0.246712 -0.75879 0.644259 -0.0957494 -0.758773 0.644276 -0.0957658 -0.835152 0.546501 0.0621164 -0.835137 0.546526 0.0620959 -0.87529 0.430444 0.220423 -0.875276 0.430487 0.220391 -0.87778 0.300898 0.372777 -0.877781 0.300883 0.372787 -0.842717 0.163156 0.513039 -0.842707 0.163084 0.513077 -0.771604 0.0227065 0.635698 -0.771594 0.0226768 0.635711 -0.356389 0.809536 -0.466517 -0.266022 0.817437 -0.510909 -0.154137 0.809072 -0.567137 -0.154146 0.809071 -0.567136 0.0317247 0.77345 -0.633063 0.0317385 0.77345 -0.633062 0.218574 0.711 -0.66836 0.218575 0.711 -0.66836 0.398578 0.62447 -0.671694 0.398593 0.624466 -0.671689 0.56434 0.517618 -0.643112 0.56433 0.517621 -0.643117 0.709283 0.394865 -0.583952 0.709262 0.394876 -0.58397 0.827559 0.261378 -0.496818 0.82757 0.26137 -0.496804 0.914657 0.12247 -0.385233 0.914652 0.122475 -0.385243 0.967134 -0.016283 -0.253744 0.96714 -0.0162931 -0.25372 0.982914 -0.149403 -0.107511 0.982913 -0.149394 -0.107537 0.961267 -0.271491 0.0475173 0.961265 -0.271496 0.0475357 0.902922 -0.377643 0.205227 0.902911 -0.377649 0.205263 0.810042 -0.463477 0.359195 0.810057 -0.463475 0.359165 0.686317 -0.525357 0.50296 0.686332 -0.525359 0.502938 0.536768 -0.560629 0.630536 0.536766 -0.560628 0.630539 0.36751 -0.567761 0.736603 0.367502 -0.567758 0.736609 0.185657 -0.546436 0.816663 0.185668 -0.546443 0.816656 -0.00112558 -0.49761 0.8674 -0.001139 -0.4976 0.867406 -0.185157 -0.423348 0.886845 -0.185153 -0.423351 0.886844 -0.358766 -0.32686 0.874328 -0.358765 -0.326862 0.874328 -0.514985 -0.212137 0.830535 -0.514981 -0.212143 0.830536 -0.64756 -0.0838887 0.757383 -0.647562 -0.0838845 0.757382 -0.751261 0.0527347 0.657896 -0.751258 0.0527256 0.657899 -0.821981 0.19226 0.536082 -0.821979 0.192239 0.536092 -0.856876 0.32914 0.396775 -0.856873 0.329165 0.396761 -0.85443 0.457928 0.245461 -0.854435 0.457914 0.24547 -0.814575 0.573313 0.0882061 -0.814583 0.573299 0.0882163 -0.738711 0.670519 -0.0686331 -0.738683 0.670548 -0.0686561 -0.629706 0.745437 -0.218619 -0.629722 0.745426 -0.21861 -0.491997 0.79474 -0.355426 -0.491978 0.794748 -0.355434 -0.33121 0.816281 -0.47327 0.355334 0.703548 0.615434 0.355331 0.703547 0.615436 0.355318 0.703547 0.615443 0.355344 0.70355 0.615425 0.355342 0.70355 0.615427 0.355303 0.703546 0.615453 0.355321 0.703546 0.615443 0.355318 0.703546 0.615444 0.355316 0.703546 0.615445 0.355315 0.703546 0.615446 0.355301 0.703546 0.615454 0.355316 0.703547 0.615444 0.355328 0.703547 0.615438 0.355529 0.703565 0.615301 0.35533 0.703547 0.615437 0.355327 0.703547 0.615438 0.355291 0.703548 0.615458 0.355324 0.703549 0.615438 0.355328 0.703549 0.615436 0.355307 0.703549 0.615448 0.355306 0.703546 0.615451 0.355337 0.703549 0.61543 0.3554 0.703561 0.61538 0.355312 0.703549 0.615445 0.355345 0.703549 0.615426 0.35532 0.703547 0.615443 0.355309 0.703547 0.615449 0.355352 0.70356 0.61541 0.355332 0.703551 0.615431 0.35531 0.703545 0.615451 -2.69293e-06 -0.703543 -0.710652 -2.43821e-06 -0.703544 -0.710652 -5.45437e-06 -0.703537 -0.710659 3.6851e-06 -0.703569 -0.710627 1.36659e-05 -0.703563 -0.710633 -8.17083e-06 -0.703534 -0.710661 -3.11136e-06 -0.703543 -0.710653 0 -0.703543 -0.710653 0 -0.703566 -0.71063 5.85861e-06 -0.703524 -0.710672 -3.40529e-05 -0.703515 -0.71068 6.01282e-05 -0.703597 -0.7106 3.61744e-05 -0.703571 -0.710625 8.07075e-06 -0.703568 -0.710628 -9.6465e-07 -0.703536 -0.710659 5.27424e-07 -0.703547 -0.710649 4.02267e-06 -0.703559 -0.710636 -4.54319e-06 -0.703561 -0.710635 -2.05406e-06 -0.703555 -0.710641 -1.08175e-05 -0.70357 -0.710626 4.20274e-05 -0.703387 -0.710807 -1.41902e-05 -0.703587 -0.710609 -1.2379e-05 -0.703574 -0.710622 7.62244e-06 -0.703503 -0.710692 -1.09762e-06 -0.703565 -0.71063 1.38975e-05 -0.703512 -0.710683 -6.41877e-06 -0.703542 -0.710654 -3.28784e-06 -0.703546 -0.71065 -3.0768e-06 -0.703546 -0.710649 4.46663e-06 -0.703556 -0.71064 -0.94401 -0.319445 0.0824665 -0.943999 -0.319473 0.0824814 -0.870855 -0.444914 0.208958 -0.870937 -0.444785 0.208893 -0.764248 -0.558146 0.323107 -0.764154 -0.558248 0.323152 -0.627932 -0.654896 0.420492 -0.627961 -0.654873 0.420483 -0.467042 -0.731157 0.497274 -0.466983 -0.73119 0.497281 -0.287861 -0.783814 0.550247 -0.287869 -0.783811 0.550247 -0.0972339 -0.810709 0.577319 -0.0972414 -0.810707 0.57732 0.0972614 -0.810705 0.577319 0.0972414 -0.810703 0.577325 0.287816 -0.783808 0.550279 0.28787 -0.783806 0.550253 0.467066 -0.731149 0.497264 0.467102 -0.731142 0.49724 0.627904 -0.654916 0.420502 0.627897 -0.654919 0.420509 0.764202 -0.55821 0.323107 0.764215 -0.558202 0.32309 0.870876 -0.444893 0.208915 0.870876 -0.444893 0.208915 0.944037 -0.319388 0.082376 0.944032 -0.319398 0.0823949 0.981097 -0.18648 -0.051701 0.981097 -0.186483 -0.0516966 0.980778 -0.0511653 -0.188302 0.980778 -0.0511651 -0.188302 0.943129 0.0814746 -0.322289 0.943123 0.0814833 -0.322305 0.869504 0.206514 -0.448682 0.869507 0.206512 -0.448677 0.762594 0.319196 -0.562641 0.762579 0.319203 -0.562657 0.626296 0.415215 -0.65981 0.626315 0.41521 -0.659795 0.465669 0.490844 -0.736359 0.465707 0.49084 -0.736338 0.286912 0.543021 -0.789183 0.286948 0.543023 -0.789169 0.0969178 0.569649 -0.816154 0.0968967 0.569645 -0.816159 -0.0968903 0.569646 -0.816159 -0.0968966 0.569644 -0.81616 -0.286958 0.543 -0.789181 -0.286946 0.543006 -0.789181 -0.465645 0.490849 -0.736371 -0.465589 0.490886 -0.736382 -0.626327 0.415218 -0.65978 -0.626378 0.415171 -0.65976 -0.762635 0.319161 -0.562604 -0.762525 0.319303 -0.562673 -0.86949 0.206591 -0.448674 -0.86956 0.206453 -0.448601 -0.943099 0.081554 -0.322355 -0.943092 0.0815802 -0.32237 -0.980789 -0.0512107 -0.188231 -0.980797 -0.0513625 -0.188146 -0.981101 -0.186441 -0.0517786 -0.981124 -0.186294 -0.0518604 -0.950475 -0.287988 0.116875 -0.950445 -0.288072 0.116917 -0.87677 -0.414273 0.244237 -0.876726 -0.414347 0.244272 -0.769281 -0.528347 0.359243 -0.769352 -0.528267 0.35921 -0.63208 -0.625577 0.457306 -0.632099 -0.625561 0.457301 -0.470123 -0.702269 0.534604 -0.470122 -0.70227 0.534605 -0.289742 -0.755221 0.587954 -0.289754 -0.755216 0.587955 -0.0978784 -0.782271 0.615201 -0.0978721 -0.782272 0.6152 0.0978783 -0.782272 0.6152 0.0978997 -0.782275 0.615193 0.289764 -0.75523 0.587933 0.289707 -0.75523 0.58796 0.470156 -0.70226 0.534589 0.470145 -0.702261 0.534596 0.632067 -0.62558 0.45732 0.632071 -0.625578 0.457316 0.769324 -0.528287 0.35924 0.769312 -0.528294 0.359256 0.876751 -0.414285 0.244285 0.876755 -0.414282 0.244279 0.950475 -0.287991 0.116872 0.950478 -0.287985 0.11686 0.987871 -0.154208 -0.0181653 0.987871 -0.15421 -0.0181617 0.987637 -0.0179791 -0.155726 0.987636 -0.017976 -0.155732 0.949804 0.115618 -0.290697 0.949811 0.115609 -0.290678 0.875742 0.241572 -0.417994 0.875745 0.24157 -0.417989 0.768145 0.355099 -0.532784 0.768132 0.355104 -0.532798 0.63087 0.451899 -0.630706 0.630895 0.451893 -0.630686 0.46915 0.528115 -0.707808 0.469115 0.528118 -0.707829 0.289075 0.580713 -0.761057 0.289048 0.580712 -0.761068 0.09763 0.607574 -0.78824 0.0976421 0.607576 -0.788237 -0.09763 0.607577 -0.788238 -0.0976145 0.607582 -0.788236 -0.289054 0.580731 -0.761052 -0.289095 0.580711 -0.761051 -0.469117 0.52812 -0.707826 -0.469092 0.528137 -0.70783 -0.630884 0.451898 -0.630692 -0.630921 0.451864 -0.63068 -0.768104 0.355122 -0.532826 -0.768169 0.355038 -0.532789 -0.875758 0.241506 -0.417999 -0.875719 0.241583 -0.418036 -0.949802 0.115605 -0.290709 -0.94978 0.115684 -0.290749 -0.987648 -0.0180463 -0.155646 -0.987646 -0.0180209 -0.15566 -0.987884 -0.154122 -0.0182263 -0.98788 -0.154145 -0.0182145 -0.954831 -0.25562 0.151514 -0.954847 -0.255573 0.151492 -0.880763 -0.382328 0.279432 -0.880735 -0.382376 0.279453 -0.772674 -0.496913 0.395035 -0.772711 -0.496869 0.395018 -0.634855 -0.594489 0.4935 -0.634859 -0.594486 0.493499 -0.472211 -0.671446 0.571119 -0.472168 -0.671473 0.571123 -0.291055 -0.724597 0.624697 -0.290994 -0.724624 0.624694 -0.0982759 -0.751758 0.652075 -0.0982995 -0.751751 0.652079 0.0983008 -0.751751 0.652079 0.0982995 -0.751751 0.652079 0.290992 -0.724608 0.624714 0.291017 -0.724608 0.624701 0.472199 -0.671466 0.571105 0.4722 -0.671466 0.571104 0.634853 -0.59451 0.493476 0.634844 -0.594513 0.493485 0.772735 -0.496869 0.394971 0.772748 -0.496862 0.394954 0.880707 -0.382427 0.279472 0.880712 -0.382423 0.279463 0.95485 -0.255592 0.151439 0.954844 -0.255603 0.151461 0.992498 -0.121234 0.0157931 0.992499 -0.121231 0.0157883 0.992353 0.0156322 -0.12244 0.992353 0.0156298 -0.122435 0.954437 0.149867 -0.258052 0.954428 0.149878 -0.258075 0.880085 0.276483 -0.386014 0.880085 0.276483 -0.386014 0.772001 0.390645 -0.501409 0.77202 0.390636 -0.501386 0.634117 0.487982 -0.599808 0.634101 0.487986 -0.599822 0.471573 0.564647 -0.677342 0.471579 0.564646 -0.677338 0.290572 0.617574 -0.73087 0.290586 0.617575 -0.730863 0.0981453 0.644593 -0.7582 0.0981421 0.644593 -0.758201 -0.0981204 0.644594 -0.758202 -0.0981422 0.644587 -0.758206 -0.290635 0.617545 -0.730869 -0.290564 0.61758 -0.730868 -0.471584 0.564651 -0.677331 -0.471548 0.564676 -0.677336 -0.634119 0.488002 -0.59979 -0.634116 0.488004 -0.599791 -0.771941 0.39073 -0.501435 -0.771982 0.390677 -0.501413 -0.88014 0.276431 -0.385927 -0.88011 0.276488 -0.385953 -0.954418 0.149948 -0.258074 -0.954431 0.149902 -0.258052 -0.992352 0.0156682 -0.122438 -0.992362 0.0155417 -0.122376 -0.992495 -0.121264 0.0157961 -0.992511 -0.121139 0.0157341 -0.957021 -0.22265 0.185843 -0.957038 -0.222598 0.185818 -0.882707 -0.349575 0.314048 -0.882726 -0.349541 0.314033 -0.774437 -0.464218 0.429826 -0.774338 -0.464339 0.429871 -0.636213 -0.562042 0.528528 -0.636182 -0.562069 0.528536 -0.473168 -0.639114 0.606337 -0.473176 -0.639109 0.606337 -0.291526 -0.692324 0.660076 -0.291641 -0.69227 0.660082 -0.0985067 -0.719461 0.687512 -0.0984727 -0.719472 0.687505 0.0985068 -0.719469 0.687503 0.0984978 -0.719468 0.687506 0.291574 -0.692302 0.660077 0.291577 -0.692302 0.660076 0.473179 -0.639091 0.606354 0.473166 -0.639092 0.606363 0.636176 -0.562042 0.528573 0.636183 -0.56204 0.528566 0.7744 -0.464263 0.429843 0.774401 -0.464262 0.429841 0.882676 -0.349623 0.314081 0.882672 -0.349626 0.314089 0.957063 -0.222545 0.185754 0.95706 -0.22255 0.185764 0.994881 -0.0879304 0.0498021 0.994883 -0.0879181 0.049776 0.994827 0.0492954 -0.0888195 0.99483 0.0492831 -0.0887935 0.95691 0.183872 -0.224752 0.956908 0.183876 -0.224761 0.882448 0.310866 -0.353056 0.882444 0.310869 -0.353063 0.77413 0.425401 -0.468783 0.774133 0.425399 -0.468779 0.635903 0.523071 -0.567472 0.635913 0.523068 -0.567463 0.472949 0.600011 -0.645217 0.472936 0.600013 -0.645226 0.291435 0.653138 -0.698911 0.291423 0.653137 -0.698917 0.0984347 0.680264 -0.726328 0.0984359 0.680264 -0.726327 -0.0984346 0.680264 -0.726327 -0.0984108 0.680272 -0.726323 -0.291387 0.653163 -0.698907 -0.291487 0.653115 -0.698911 -0.472938 0.599994 -0.645242 -0.472947 0.599988 -0.645241 -0.635939 0.52302 -0.567479 -0.635913 0.523044 -0.567486 -0.774165 0.425346 -0.468774 -0.774071 0.425467 -0.46882 -0.882479 0.310841 -0.353 -0.882497 0.310807 -0.352986 -0.956869 0.183971 -0.224846 -0.956885 0.183918 -0.224821 -0.994827 0.0492901 -0.0888249 -0.994827 0.0492873 -0.0888235 -0.99488 -0.0879431 0.0497892 -0.994881 -0.0879402 0.0497879 -0.957127 -0.188967 0.219543 -0.957058 -0.189196 0.219649 -0.882546 -0.31624 0.348 -0.882662 -0.316022 0.347906 -0.774415 -0.430534 0.463596 -0.774338 -0.430633 0.463634 -0.636018 -0.52838 0.562401 -0.636089 -0.528316 0.562382 -0.472982 -0.605336 0.6402 -0.473051 -0.605289 0.640193 -0.291556 -0.65843 0.693876 -0.291443 -0.658485 0.693872 -0.0984433 -0.685604 0.721288 -0.0984759 -0.685593 0.721294 0.0984679 -0.685594 0.721294 0.0984763 -0.685595 0.721291 0.291493 -0.658456 0.693879 0.291491 -0.658456 0.69388 0.473034 -0.605314 0.640183 0.473062 -0.605311 0.640164 0.636055 -0.528344 0.562394 0.636052 -0.528344 0.562397 0.774306 -0.430641 0.46368 0.774301 -0.430643 0.463686 0.882638 -0.316065 0.347927 0.882631 -0.31607 0.347939 0.957086 -0.189067 0.219639 0.957097 -0.18905 0.219601 0.995013 -0.0544162 0.0835989 0.995007 -0.0544396 0.0836489 0.995052 0.0827793 -0.0549532 0.995047 0.0828033 -0.0550046 0.957196 0.217464 -0.191013 0.957209 0.217444 -0.190969 0.88281 0.344517 -0.319304 0.882799 0.344525 -0.319324 0.774496 0.459174 -0.435104 0.774499 0.459173 -0.435099 0.636256 0.556953 -0.533837 0.636249 0.556955 -0.533843 0.473208 0.634007 -0.611645 0.473232 0.634004 -0.611629 0.291602 0.687217 -0.665358 0.29162 0.687217 -0.665349 0.0985111 0.714382 -0.692788 0.098499 0.714379 -0.692792 -0.0984865 0.71438 -0.692792 -0.0984989 0.714376 -0.692795 -0.291665 0.68719 -0.665358 -0.291572 0.687234 -0.665354 -0.473155 0.634051 -0.61164 -0.473221 0.634007 -0.611634 -0.636219 0.55698 -0.533852 -0.636286 0.55692 -0.533835 -0.774606 0.459061 -0.435027 -0.774536 0.459149 -0.435059 -0.882717 0.344645 -0.319423 -0.882831 0.344436 -0.319334 -0.957239 0.217319 -0.190963 -0.957168 0.217541 -0.191066 -0.995037 0.0828843 -0.0550599 -0.995047 0.0827921 -0.0550159 -0.994998 -0.0545331 0.0836935 -0.995007 -0.0544396 0.0836489 -0.954966 -0.155275 0.252843 -0.955001 -0.155153 0.252785 -0.880654 -0.281843 0.380805 -0.880513 -0.282118 0.380928 -0.772433 -0.396264 0.496308 -0.772566 -0.396091 0.49624 -0.634475 -0.4936 0.594812 -0.634454 -0.493619 0.594818 -0.471889 -0.570312 0.672358 -0.471794 -0.570376 0.67237 -0.290769 -0.623307 0.725908 -0.290812 -0.623285 0.725909 -0.0982165 -0.650336 0.753271 -0.0981903 -0.650345 0.753266 0.0982423 -0.650342 0.753262 0.0982149 -0.650336 0.753271 0.290747 -0.623299 0.725923 0.29075 -0.623299 0.725922 0.471856 -0.570334 0.672362 0.471845 -0.570335 0.672369 0.634488 -0.493608 0.59479 0.634491 -0.493608 0.594788 0.772457 -0.396206 0.496318 0.772458 -0.396205 0.496317 0.880603 -0.281956 0.380839 0.880602 -0.281957 0.380841 0.954968 -0.155283 0.252833 0.954963 -0.155289 0.252846 0.992895 -0.020955 0.117134 0.992898 -0.020945 0.117113 0.993027 0.115973 -0.0211732 0.993028 0.115963 -0.0211521 0.955341 0.250409 -0.156906 0.955335 0.250419 -0.156928 0.881164 0.377273 -0.284984 0.881167 0.37727 -0.284977 0.773121 0.49178 -0.400546 0.773112 0.491785 -0.400558 0.635152 0.58946 -0.499118 0.635158 0.589458 -0.499112 0.472411 0.666445 -0.576783 0.472415 0.666444 -0.576781 0.291122 0.719606 -0.630409 0.291122 0.719606 -0.630409 0.0983598 0.746753 -0.657788 0.0983514 0.746752 -0.657791 -0.0983341 0.746753 -0.657792 -0.0983267 0.746755 -0.657791 -0.291144 0.719601 -0.630405 -0.291185 0.719582 -0.630407 -0.472445 0.666416 -0.576789 -0.472362 0.666469 -0.576796 -0.635139 0.589477 -0.499114 -0.635121 0.589493 -0.499119 -0.773093 0.491818 -0.400552 -0.773223 0.491662 -0.400493 -0.881221 0.377165 -0.284949 -0.881071 0.377428 -0.285064 -0.955337 0.250445 -0.15687 -0.955375 0.250333 -0.156818 -0.993021 0.116021 -0.0211985 -0.993011 0.116092 -0.0212334 -0.992887 -0.0209666 0.117196 -0.992882 -0.0210385 0.117231 -0.950752 -0.121407 0.285185 -0.950742 -0.121444 0.285203 -0.876689 -0.247435 0.412543 -0.876684 -0.247446 0.412548 -0.768818 -0.361271 0.527638 -0.768877 -0.361194 0.527606 -0.631564 -0.458042 0.625559 -0.631513 -0.45809 0.625575 -0.469594 -0.534399 0.702779 -0.469657 -0.534357 0.70277 -0.289343 -0.587045 0.756081 -0.28938 -0.587027 0.756081 -0.0977663 -0.613926 0.783286 -0.0977461 -0.613933 0.783283 0.0977666 -0.613931 0.783282 0.0977716 -0.613932 0.78328 0.289374 -0.587049 0.756066 0.28936 -0.587048 0.756073 0.469606 -0.534386 0.702782 0.469625 -0.534384 0.70277 0.631537 -0.458072 0.625565 0.631525 -0.458075 0.625575 0.768899 -0.361186 0.527578 0.768905 -0.361183 0.527571 0.876618 -0.247517 0.412645 0.876628 -0.24751 0.412628 0.950745 -0.121429 0.2852 0.950741 -0.121434 0.28521 0.988591 0.0122832 0.150121 0.988593 0.0122875 0.150112 0.988812 0.148653 0.012406 0.988812 0.148647 0.0124181 0.951371 0.282542 -0.122734 0.951369 0.282546 -0.122741 0.877558 0.408961 -0.250287 0.877568 0.408951 -0.250267 0.770022 0.523057 -0.365347 0.770018 0.523059 -0.365351 0.632627 0.620429 -0.463521 0.632639 0.620425 -0.463509 0.470584 0.697159 -0.540851 0.470563 0.697163 -0.540865 0.290009 0.750159 -0.59427 0.289992 0.750159 -0.594278 0.0979511 0.777228 -0.621548 0.097979 0.777232 -0.621539 -0.0979509 0.777234 -0.621541 -0.0979533 0.777233 -0.621541 -0.289978 0.750178 -0.594261 -0.290013 0.750163 -0.594263 -0.470572 0.697167 -0.540852 -0.470596 0.697152 -0.540849 -0.632655 0.620412 -0.463505 -0.632626 0.620436 -0.463512 -0.769937 0.523137 -0.365409 -0.769993 0.523073 -0.365384 -0.877628 0.408862 -0.250201 -0.877624 0.40887 -0.250205 -0.95138 0.282515 -0.122723 -0.951368 0.282549 -0.12274 -0.988808 0.148677 0.0123895 -0.988807 0.148686 0.0123847 -0.988588 0.0122671 0.150145 -0.988587 0.0122542 0.150152 -0.944673 -0.0884679 0.315859 -0.944674 -0.0884624 0.315856 -0.870922 -0.213748 0.4425 -0.870998 -0.213595 0.442424 -0.763842 -0.326574 0.556682 -0.763769 -0.326671 0.556726 -0.627256 -0.422839 0.654031 -0.627367 -0.422735 0.653992 -0.46651 -0.49849 0.730668 -0.466447 -0.498533 0.730679 -0.287424 -0.550795 0.78359 -0.287394 -0.550809 0.78359 -0.0970824 -0.577481 0.810611 -0.0971041 -0.577474 0.810614 0.0971124 -0.577474 0.810613 0.0971043 -0.577472 0.810615 0.287338 -0.550799 0.783618 0.287425 -0.550803 0.783583 0.466539 -0.498514 0.730634 0.466458 -0.498521 0.73068 0.627329 -0.422771 0.654005 0.627342 -0.422768 0.653995 0.763844 -0.326583 0.556675 0.763848 -0.326581 0.55667 0.870941 -0.213684 0.442495 0.87093 -0.213692 0.442511 0.944656 -0.0884474 0.315915 0.944658 -0.0884444 0.315909 0.982352 0.0444192 0.181691 0.98235 0.0444125 0.181704 0.982654 0.179936 0.0448836 0.982653 0.179944 0.0448695 0.945522 0.313039 -0.0894181 0.945521 0.31304 -0.0894186 0.872225 0.438741 -0.216172 0.872224 0.438742 -0.216174 0.765392 0.552204 -0.330524 0.76539 0.552205 -0.330527 0.628869 0.649051 -0.428084 0.628851 0.649057 -0.428101 0.467805 0.725381 -0.504956 0.467795 0.725383 -0.504964 0.28823 0.778134 -0.55806 0.288297 0.778132 -0.558028 0.097397 0.80506 -0.585143 0.0973732 0.805057 -0.585151 -0.0973669 0.805058 -0.585151 -0.097373 0.805056 -0.585152 -0.288316 0.778112 -0.558046 -0.288267 0.778132 -0.558043 -0.467779 0.725399 -0.504955 -0.467782 0.725397 -0.504955 -0.628792 0.649102 -0.42812 -0.628881 0.649031 -0.428097 -0.765395 0.552185 -0.330547 -0.765306 0.552285 -0.330588 -0.872198 0.438783 -0.216192 -0.872299 0.438622 -0.216116 -0.945537 0.312985 -0.0894375 -0.945537 0.312987 -0.089438 -0.982675 0.179809 0.0449259 -0.982651 0.17996 0.0448459 -0.982364 0.0445029 0.181604 -0.982356 0.0443513 0.181684 -0.940009 -0.0685703 0.334188 -0.94002 -0.06833 0.334204 -0.86666 -0.192903 0.460096 -0.866621 -0.193126 0.460077 -0.759977 -0.305457 0.5737 -0.76002 -0.305318 0.573717 -0.62426 -0.400946 0.670479 -0.624119 -0.401259 0.670423 -0.464022 -0.476557 0.74671 -0.464143 -0.476354 0.746765 -0.285966 -0.528343 0.799423 -0.285958 -0.528355 0.799418 -0.0965651 -0.554899 0.826294 -0.0965857 -0.554877 0.826307 0.0965646 -0.554878 0.826309 0.0966168 -0.554924 0.826271 0.285974 -0.528441 0.799355 0.285872 -0.528364 0.799443 0.464123 -0.47636 0.746774 0.464175 -0.476394 0.74672 0.62421 -0.401066 0.670454 0.624168 -0.401043 0.670507 0.76003 -0.305363 0.573679 0.760028 -0.305362 0.573682 0.866628 -0.193056 0.460093 0.866638 -0.19306 0.460073 0.940035 -0.068456 0.334139 0.940039 -0.0684579 0.334125 0.977601 0.0637551 0.200577 0.977605 0.0637536 0.20056 0.977955 0.198636 0.06441 0.977953 0.198638 0.0644273 0.941034 0.33115 -0.0692376 0.941036 0.331153 -0.069197 0.868129 0.456288 -0.195328 0.868125 0.456286 -0.195349 0.761824 0.569255 -0.309149 0.761821 0.569254 -0.309158 0.625943 0.665697 -0.406256 0.625951 0.6657 -0.406237 0.465653 0.741717 -0.482726 0.465644 0.741712 -0.482741 0.286981 0.794232 -0.535573 0.286907 0.794193 -0.53567 0.0969414 0.821038 -0.562583 0.0969497 0.821043 -0.562574 -0.0969412 0.821043 -0.562575 -0.0969192 0.82106 -0.562555 -0.286979 0.794237 -0.535566 -0.286987 0.79423 -0.535572 -0.465536 0.741754 -0.482781 -0.465628 0.741658 -0.48284 -0.626023 0.66557 -0.406339 -0.625872 0.665763 -0.406256 -0.761755 0.569341 -0.309161 -0.761827 0.569225 -0.309195 -0.868193 0.456169 -0.195321 -0.868078 0.456409 -0.195273 -0.94097 0.331343 -0.069191 -0.941056 0.331092 -0.0692251 -0.977983 0.198443 0.064568 -0.977946 0.198621 0.0645847 -0.977607 0.0640027 0.200471 -0.977621 0.063821 0.200458 -1.36578e-05 0.703563 0.710633 9.64687e-07 0.703536 0.710659 -8.07023e-06 0.703568 0.710628 2.69306e-06 0.703543 0.710653 2.11139e-05 0.703534 0.710661 -6.03461e-05 0.703555 0.71064 -7.18904e-05 0.70352 0.710676 -1.41225e-06 0.703553 0.710643 3.11154e-06 0.703543 0.710653 8.16966e-06 0.703534 0.710662 0 0.703524 0.710671 1.50382e-05 0.703578 0.710619 -6.9784e-06 0.703554 0.710642 1.61959e-05 0.70353 0.710666 -8.60672e-06 0.703562 0.710633 -1.50194e-05 0.703578 0.710618 1.60715e-05 0.703545 0.710651 -3.14742e-05 0.703559 0.710637 0 0.703547 0.710649 0 0.703689 0.710508 0 0.703548 0.710647 2.84888e-05 0.703529 0.710667 -2.91133e-05 0.703562 0.710634 -2.03784e-05 0.703558 0.710638 5.78744e-05 0.703528 0.710667 2.46226e-05 0.703538 0.710658 4.74941e-05 0.703548 0.710648 -2.41139e-05 0.703548 0.710648 4.3945e-05 0.703553 0.710643 0.00023498 0.703553 0.710643 0.35532 -0.703548 -0.615441 0.355316 -0.703549 -0.615443 0.355307 -0.703549 -0.615448 0.355327 -0.703547 -0.615438 0.35533 -0.703547 -0.615437 0.355312 -0.703549 -0.615445 0.355347 -0.703549 -0.615425 0.355318 -0.703551 -0.615439 0.355312 -0.703551 -0.615442 0.355346 -0.703548 -0.615426 0.355309 -0.703548 -0.615447 0.355297 -0.703549 -0.615453 0.355362 -0.703549 -0.615416 0.355327 -0.703552 -0.615433 0.355301 -0.703552 -0.615448 0.355354 -0.703548 -0.615422 0.355334 -0.703548 -0.615434 0.355319 -0.703546 -0.615444 0.355341 -0.70355 -0.615426 0.355323 -0.703545 -0.615443 0.355321 -0.703544 -0.615445 0.355316 -0.703542 -0.615451 0.35534 -0.70356 -0.615416 0.35533 -0.703549 -0.615434 0.355314 -0.703525 -0.615471 0.355325 -0.703551 -0.615435 0.355326 -0.703555 -0.61543 0.355327 -0.703559 -0.615425 0.355324 -0.703623 -0.615353 0.355346 -0.703498 -0.615484 0.535001 0.566133 -0.627111 0.431161 0.573293 -0.696732 0.364064 0.577348 -0.73084 0.343422 0.57185 -0.745017 0.183467 0.551925 -0.813461 0.183469 0.551926 -0.81346 -0.00358101 0.503019 -0.864268 -0.00357106 0.503025 -0.864264 -0.187798 0.42868 -0.883722 -0.187806 0.428673 -0.883724 -0.361625 0.332058 -0.871186 -0.361624 0.332059 -0.871186 -0.518017 0.217197 -0.827335 -0.51802 0.217194 -0.827335 -0.65076 0.0887699 -0.754077 -0.650753 0.0887829 -0.754081 -0.754547 -0.0479722 -0.65449 -0.754556 -0.0479975 -0.654478 -0.82535 -0.187688 -0.532513 -0.825348 -0.187672 -0.532522 -0.86028 -0.324739 -0.393017 -0.86028 -0.324741 -0.393016 -0.857829 -0.45364 -0.241538 -0.857832 -0.45363 -0.241546 -0.817919 -0.569156 -0.0840853 -0.817925 -0.569145 -0.0840947 -0.741974 -0.666452 0.0729142 -0.741955 -0.666471 0.0729329 -0.632848 -0.741444 0.223079 -0.632859 -0.741437 0.223071 -0.494979 -0.7908 0.360042 -0.494962 -0.790807 0.360051 -0.333995 -0.812362 0.478032 -0.334029 -0.812355 0.47802 -0.156765 -0.805145 0.571985 -0.156754 -0.805145 0.571987 0.0293494 -0.769482 0.637993 0.0293347 -0.769483 0.637993 0.216361 -0.70698 0.673326 0.216385 -0.706975 0.673323 0.39659 -0.620361 0.67666 0.39661 -0.620354 0.676655 0.56256 -0.513389 0.648042 0.56254 -0.513398 0.648052 0.707654 -0.390523 0.588827 0.707647 -0.390527 0.588833 0.826094 -0.256879 0.50158 0.8261 -0.256873 0.501572 0.9133 -0.117818 0.389874 0.913297 -0.117822 0.389881 0.965854 0.0211047 0.258224 0.965857 0.0211097 0.258215 0.981662 0.154366 0.111853 0.981662 0.154364 0.111857 0.96 0.276619 -0.0433877 0.959999 0.276622 -0.0433946 0.90159 0.38291 -0.201284 0.901582 0.382917 -0.201308 0.808603 0.46886 -0.355432 0.808621 0.468854 -0.355398 0.684767 0.530808 -0.499337 0.684752 0.530808 -0.499357 0.53498 0.56613 -0.627131 -0.884331 -0.291538 -0.364642 -0.884336 -0.291469 -0.364686 -0.88183 -0.421125 -0.212201 -0.881794 -0.421245 -0.212115 -0.84156 -0.537508 -0.0534972 -0.841572 -0.537487 -0.0535142 -0.765037 -0.635421 0.104678 -0.765096 -0.63536 0.104623 -0.655227 -0.710792 0.255837 -0.655213 -0.710801 0.255846 -0.516386 -0.760454 0.393771 -0.516404 -0.760446 0.393762 -0.354377 -0.78213 0.512532 -0.35432 -0.782144 0.512551 -0.175836 -0.774884 0.607155 -0.175884 -0.77488 0.607146 0.0114664 -0.739017 0.67359 0.0115094 -0.739014 0.673591 0.199845 -0.676134 0.709158 0.199821 -0.676138 0.709161 0.381329 -0.588985 0.71252 0.38132 -0.588988 0.712523 0.548484 -0.481349 0.683717 0.54849 -0.481346 0.683714 0.694674 -0.357688 0.624089 0.694666 -0.357693 0.624095 0.814015 -0.223175 0.536258 0.814027 -0.223165 0.536244 0.901949 -0.0831328 0.423765 0.901947 -0.0831353 0.42377 0.954976 0.0567848 0.291199 0.954977 0.0567872 0.291194 0.970994 0.191043 0.143785 0.970995 0.191049 0.143771 0.949251 0.314268 -0.0126209 0.949253 0.314262 -0.0126047 0.890464 0.421423 -0.171687 0.890468 0.42142 -0.171675 0.796838 0.508078 -0.326965 0.796821 0.508083 -0.327 0.672043 0.570558 -0.47204 0.672059 0.570558 -0.472017 0.521116 0.606192 -0.600807 0.521121 0.606193 -0.600802 0.350378 0.613396 -0.7078 0.350368 0.613393 -0.707807 0.166874 0.591858 -0.788579 0.166881 0.591862 -0.788575 -0.0215942 0.542538 -0.839754 -0.0216065 0.54253 -0.839759 -0.207225 0.467556 -0.859331 -0.207216 0.467564 -0.859328 -0.382329 0.370147 -0.846649 -0.382329 0.370148 -0.846649 -0.539856 0.25436 -0.802407 -0.539844 0.254377 -0.802409 -0.673482 0.124991 -0.728559 -0.6735 0.124957 -0.728549 -0.777969 -0.0127909 -0.628173 -0.777971 -0.0127971 -0.62817 -0.849212 -0.153488 -0.505253 -0.849213 -0.1535 -0.505247 -0.90641 -0.256994 -0.335223 -0.906397 -0.257198 -0.335102 -0.90378 -0.387527 -0.181674 -0.903861 -0.387246 -0.181866 -0.863398 -0.504024 -0.0224266 -0.863376 -0.504063 -0.0223963 -0.786534 -0.602293 0.136407 -0.786464 -0.60237 0.136473 -0.676127 -0.678032 0.288313 -0.676155 -0.678012 0.288295 -0.53675 -0.727833 0.4268 -0.536706 -0.727853 0.426821 -0.37398 -0.749605 0.546106 -0.374005 -0.749598 0.546097 -0.194734 -0.742321 0.641123 -0.194704 -0.742324 0.641128 -0.00656079 -0.70634 0.707842 -0.00658941 -0.706341 0.707841 0.182614 -0.643235 0.743573 0.182616 -0.643235 0.743572 0.364925 -0.555785 0.746949 0.364931 -0.555784 0.746947 0.532883 -0.447744 0.718026 0.532873 -0.447748 0.718031 0.679771 -0.323615 0.658167 0.67979 -0.323605 0.658153 0.799776 -0.188506 0.569933 0.799756 -0.188521 0.569956 0.888186 -0.0478567 0.456984 0.888192 -0.0478506 0.456973 0.941568 0.0927392 0.323805 0.941566 0.0927354 0.323813 0.95775 0.227682 0.175713 0.95775 0.22768 0.175719 0.935979 0.351566 0.0185744 0.935978 0.351569 0.018565 0.876963 0.459321 -0.141282 0.87696 0.459324 -0.141293 0.782887 0.546495 -0.297375 0.782895 0.546492 -0.297358 0.65747 0.609362 -0.443182 0.657472 0.609363 -0.443179 0.505781 0.645208 -0.572619 0.505767 0.645205 -0.572634 0.334117 0.652453 -0.680199 0.334129 0.652458 -0.680189 0.149669 0.630788 -0.761384 0.149661 0.630784 -0.761389 -0.0397823 0.581161 -0.812816 -0.0397841 0.581159 -0.812817 -0.226352 0.505733 -0.832466 -0.226356 0.505729 -0.832467 -0.402322 0.40775 -0.819681 -0.402314 0.407758 -0.819681 -0.560556 0.291347 -0.775174 -0.560572 0.291324 -0.775171 -0.69483 0.161221 -0.70087 -0.694794 0.161293 -0.70089 -0.799724 0.0228244 -0.599934 -0.799715 0.0228501 -0.599944 -0.871216 -0.118489 -0.476386 -0.871217 -0.118498 -0.476382 -0.926197 -0.222015 -0.304745 -0.9262 -0.221942 -0.304787 -0.923546 -0.352521 -0.150972 -0.923505 -0.352669 -0.150874 -0.882935 -0.469416 0.00869387 -0.88296 -0.469368 0.00865859 -0.805941 -0.567715 0.167807 -0.805928 -0.56773 0.167819 -0.695269 -0.643534 0.320101 -0.695334 -0.643486 0.320057 -0.555777 -0.693312 0.458726 -0.555699 -0.69335 0.458764 -0.392621 -0.715123 0.578315 -0.392666 -0.71511 0.578301 -0.213104 -0.707825 0.673477 -0.213117 -0.707823 0.673474 -0.0246448 -0.671816 0.740308 -0.0246171 -0.671816 0.740309 0.164922 -0.608661 0.776101 0.164905 -0.608663 0.776103 0.347582 -0.521124 0.779498 0.347573 -0.521126 0.7795 0.515892 -0.412958 0.750547 0.515893 -0.412958 0.750547 0.663123 -0.288666 0.690609 0.663135 -0.28866 0.6906 0.78345 -0.153332 0.602242 0.783462 -0.153324 0.602229 0.872158 -0.0123897 0.489067 0.872149 -0.0123982 0.489082 0.925736 0.128514 0.355664 0.925739 0.128519 0.355654 0.942045 0.263826 0.207238 0.942042 0.263815 0.207266 0.920292 0.388053 0.0497771 0.920292 0.388053 0.0497795 0.86119 0.49614 -0.11044 0.861187 0.496143 -0.110452 0.766904 0.583613 -0.266935 0.766906 0.583612 -0.266931 0.641182 0.646698 -0.41312 0.641182 0.646698 -0.413119 0.489092 0.682674 -0.542904 0.489094 0.682675 -0.542901 0.316962 0.689951 -0.650771 0.316967 0.689953 -0.650767 0.132029 0.668206 -0.732167 0.132026 0.668205 -0.732169 -0.057915 0.618401 -0.783726 -0.0579198 0.618398 -0.783728 -0.24495 0.542711 -0.803408 -0.244951 0.54271 -0.803409 -0.42129 0.444435 -0.790565 -0.421324 0.444398 -0.790568 -0.579951 0.327582 -0.745887 -0.579895 0.327663 -0.745895 -0.714361 0.19725 -0.671402 -0.714405 0.197163 -0.671381 -0.81943 0.058425 -0.570194 -0.819437 0.0584016 -0.570186 -0.89101 -0.0832649 -0.446283 -0.891001 -0.0832064 -0.446311 -0.943605 -0.186413 -0.273605 -0.943604 -0.186456 -0.273581 -0.940872 -0.316833 -0.119904 -0.940863 -0.316866 -0.119882 -0.900203 -0.433644 0.0398428 -0.900252 -0.433549 0.0397725 -0.82324 -0.531743 0.198811 -0.823269 -0.531708 0.198783 -0.71273 -0.607366 0.350887 -0.712648 -0.60743 0.350945 -0.5732 -0.657151 0.489484 -0.573265 -0.657118 0.489451 -0.410281 -0.678875 0.608932 -0.410249 -0.678884 0.608943 -0.230895 -0.671612 0.704006 -0.230887 -0.671614 0.704008 -0.042564 -0.635669 0.770787 -0.0425872 -0.635669 0.770786 0.146826 -0.57262 0.806566 0.146834 -0.572619 0.806565 0.329373 -0.48523 0.809978 0.329389 -0.485227 0.809974 0.497643 -0.377202 0.78107 0.49763 -0.377207 0.781076 0.644833 -0.253054 0.721217 0.644836 -0.253053 0.721214 0.765179 -0.117825 0.632944 0.765177 -0.117826 0.632946 0.85393 0.023043 0.519877 0.853933 0.0230454 0.519873 0.907584 0.163923 0.38655 0.907579 0.163916 0.386565 0.923962 0.299222 0.238243 0.923966 0.299234 0.238215 0.902286 0.423497 0.0808156 0.902285 0.423498 0.0808104 0.843228 0.531662 -0.0793849 0.843234 0.531657 -0.0793623 0.748987 0.619198 -0.235823 0.74898 0.6192 -0.23584 0.623267 0.682345 -0.382025 0.623266 0.682345 -0.382027 0.471173 0.71836 -0.511816 0.471168 0.718358 -0.511822 0.299012 0.725642 -0.619706 0.299017 0.725644 -0.619701 0.114069 0.703875 -0.701105 0.114066 0.703873 -0.701107 -0.0758991 0.654012 -0.752667 -0.0758868 0.65402 -0.752661 -0.26287 0.578283 -0.772326 -0.262901 0.578256 -0.772336 -0.439247 0.47987 -0.759465 -0.4392 0.479922 -0.759459 -0.597709 0.363106 -0.714772 -0.597785 0.363 -0.714762 -0.732143 0.232541 -0.640228 -0.732091 0.232639 -0.640251 -0.837067 0.0938383 -0.538993 -0.837061 0.0938539 -0.538999 -0.908533 -0.0477782 -0.415072 -0.908532 -0.0477738 -0.415074 -0.95854 -0.150645 -0.241883 -0.958541 -0.150576 -0.241922 -0.955733 -0.280581 -0.088592 -0.955747 -0.280519 -0.0886334 -0.915183 -0.396819 0.0705389 -0.915132 -0.396921 0.070616 -0.838347 -0.494672 0.229074 -0.838361 -0.494654 0.229059 -0.728194 -0.569969 0.380615 -0.728182 -0.569979 0.380624 -0.589178 -0.619508 0.518729 -0.589115 -0.61954 0.518762 -0.426732 -0.641181 0.637799 -0.426743 -0.641177 0.637795 -0.247934 -0.633932 0.73257 -0.24798 -0.633925 0.73256 -0.0603102 -0.598147 0.799114 -0.0602828 -0.598147 0.799116 0.128481 -0.535369 0.834789 0.128488 -0.535368 0.834788 0.310473 -0.448326 0.838219 0.31046 -0.448329 0.838222 0.478212 -0.340726 0.809456 0.478237 -0.340717 0.809445 0.625051 -0.216999 0.749815 0.62503 -0.21701 0.749829 0.745082 -0.0822275 0.661884 0.745085 -0.0822253 0.661881 0.833653 0.0582107 0.549213 0.83366 0.0582178 0.549201 0.887243 0.198729 0.416301 0.887239 0.198724 0.416311 0.903647 0.333683 0.268475 0.903649 0.33369 0.268459 0.882083 0.457712 0.111489 0.882084 0.457708 0.1115 0.823222 0.565665 -0.0482492 0.823222 0.565666 -0.0482516 0.729249 0.653044 -0.204277 0.729248 0.653045 -0.204278 0.603844 0.716099 -0.350107 0.603848 0.716099 -0.3501 0.452123 0.752062 -0.47957 0.452127 0.752063 -0.479565 0.280395 0.759337 -0.587185 0.280383 0.759333 -0.587196 0.0958737 0.737589 -0.668409 0.0958933 0.737599 -0.668396 -0.0935934 0.687816 -0.719826 -0.093599 0.687812 -0.719829 -0.280116 0.612181 -0.739439 -0.280077 0.612214 -0.739426 -0.45587 0.51407 -0.726577 -0.455964 0.513972 -0.726588 -0.613988 0.39738 -0.681989 -0.613944 0.397438 -0.681994 -0.747984 0.267177 -0.607566 -0.747964 0.267213 -0.607575 -0.852467 0.128887 -0.506644 -0.85249 0.128825 -0.506621 -0.923655 -0.0123901 -0.383024 -0.923657 -0.0123972 -0.383021 -0.970942 -0.114815 -0.209976 -0.970942 -0.114842 -0.20996 -0.968064 -0.24401 -0.0575432 -0.968055 -0.244054 -0.0575128 -0.927644 -0.359616 0.100758 -0.927657 -0.359589 0.100737 -0.851263 -0.456742 0.258337 -0.851213 -0.456805 0.258393 -0.741529 -0.531676 0.409213 -0.741678 -0.531558 0.409097 -0.603442 -0.580764 0.546416 -0.603462 -0.580754 0.546405 -0.44202 -0.602263 0.664754 -0.441962 -0.60228 0.664776 -0.264201 -0.595082 0.758996 -0.264216 -0.59508 0.758993 -0.0776826 -0.559549 0.825148 -0.0776886 -0.559549 0.825148 0.110016 -0.497187 0.86064 0.110021 -0.497186 0.86064 0.290963 -0.410717 0.864091 0.290994 -0.410709 0.864084 0.45784 -0.303777 0.835525 0.457827 -0.303782 0.83553 0.60391 -0.180783 0.77628 0.603905 -0.180786 0.776283 0.723354 -0.0467873 0.688891 0.723354 -0.0467874 0.688891 0.811524 0.0928996 0.576887 0.811521 0.0928967 0.576892 0.864893 0.232682 0.444768 0.864903 0.232697 0.444741 0.881287 0.367025 0.297701 0.881281 0.367005 0.297745 0.859881 0.490452 0.141641 0.859879 0.490464 0.14161 0.801346 0.597951 -0.0172959 0.801349 0.597947 -0.017284 0.707863 0.684962 -0.172503 0.707864 0.684962 -0.172501 0.583077 0.747764 -0.3176 0.583085 0.747764 -0.317588 0.43212 0.78358 -0.446401 0.432116 0.78358 -0.446407 0.261264 0.790826 -0.553476 0.261235 0.790818 -0.553502 0.0776361 0.769168 -0.634313 0.0776218 0.769161 -0.634323 -0.110894 0.719583 -0.685494 -0.110894 0.719583 -0.685494 -0.296417 0.644286 -0.705005 -0.296461 0.644252 -0.705018 -0.471421 0.546436 -0.692221 -0.471288 0.546568 -0.692207 -0.628464 0.430518 -0.647832 -0.62855 0.430408 -0.647822 -0.761803 0.300763 -0.573758 -0.761779 0.300805 -0.573768 -0.865584 0.163254 -0.473406 -0.865616 0.163173 -0.473375 -0.936344 0.0226357 -0.350353 -0.93634 0.0226538 -0.350362 0.225906 0.809554 -0.541839 0.309114 0.81743 -0.486063 0.414102 0.809055 -0.417073 0.414147 0.809063 -0.417013 0.564105 0.773452 -0.289063 0.564107 0.773452 -0.289059 0.688107 0.710996 -0.14489 0.688107 0.710996 -0.14489 0.780989 0.624475 0.0093144 0.780994 0.624469 0.00933769 0.839132 0.51759 0.167209 0.839131 0.517597 0.167188 0.860361 0.394898 0.322234 0.860357 0.394891 0.322252 0.844027 0.261372 0.468298 0.844029 0.261375 0.468293 0.790948 0.122473 0.599501 0.790946 0.122471 0.599505 0.703297 -0.0162944 0.710709 0.703308 -0.0162884 0.710699 0.584594 -0.149378 0.797456 0.584604 -0.149373 0.797449 0.439464 -0.271503 0.856246 0.439442 -0.27151 0.856255 0.273695 -0.377661 0.884569 0.273673 -0.377665 0.884574 0.0939706 -0.463474 0.881114 0.0939974 -0.463472 0.881112 -0.0924304 -0.525356 0.845847 -0.0924128 -0.525357 0.845849 -0.277631 -0.56062 0.780145 -0.277634 -0.560619 0.780144 -0.4542 -0.567754 0.686555 -0.454207 -0.567752 0.686552 -0.614495 -0.546417 0.569057 -0.61442 -0.54646 0.569096 -0.751636 -0.497689 0.432839 -0.751747 -0.497591 0.432758 -0.860649 -0.423293 0.283032 -0.860642 -0.423302 0.283038 -0.936555 -0.326882 0.126541 -0.936555 -0.326882 0.126541 -0.976762 -0.212116 -0.0307019 -0.976767 -0.21209 -0.0307175 -0.979696 -0.0838187 -0.182129 -0.979697 -0.0839491 -0.182063 -0.945401 0.0526766 -0.321625 -0.945348 0.0529471 -0.321737 -0.875195 0.192436 -0.443849 -0.875289 0.192185 -0.443773 -0.772147 0.329035 -0.543622 -0.772098 0.329123 -0.543638 -0.639719 0.458007 -0.617243 -0.639731 0.457991 -0.617243 -0.483742 0.573281 -0.661319 -0.483694 0.573332 -0.66131 -0.30987 0.670564 -0.674036 -0.30993 0.670513 -0.674059 -0.125527 0.74543 -0.654658 -0.125526 0.74543 -0.654658 0.0618137 0.794742 -0.603791 0.0618129 0.794742 -0.603792 0.244294 0.816279 -0.523459 -0.355253 0.703555 0.615472 -0.35539 0.703544 0.615406 -0.355365 0.703544 0.61542 -0.355289 0.70355 0.615457 -0.35536 0.70355 0.615416 -0.355341 0.703551 0.615426 -0.355291 0.703551 0.615454 -0.35533 0.703548 0.615435 -0.355319 0.703548 0.615442 -0.355311 0.703549 0.615445 -0.355278 0.703549 0.615464 -0.355355 0.703543 0.615427 -0.355407 0.703543 0.615397 -0.355125 0.703565 0.615534 -0.355343 0.703558 0.615416 -0.354945 0.703555 0.61565 -0.355459 0.703544 0.615365 -0.355344 0.703553 0.615422 -0.355317 0.703553 0.615437 -0.355528 0.703332 0.615568 -0.355299 0.703521 0.615484 -0.355284 0.703509 0.615506 -0.355067 0.703657 0.615462 -0.355312 0.703549 0.615445 -0.355299 0.703541 0.615461 -0.355355 0.703586 0.615378 -0.355515 0.703736 0.615113 -0.355226 0.703507 0.615542 -0.355382 0.703574 0.615377 -0.355318 0.703536 0.615456 0.615431 -0.703553 -0.355328 0.615419 -0.703553 -0.355348 0.615467 -0.703547 -0.355277 0.615459 -0.703547 -0.355292 0.61544 -0.70355 -0.355319 0.615419 -0.70355 -0.355355 0.615391 -0.703553 -0.355397 0.615466 -0.703553 -0.355267 0.61543 -0.703558 -0.35532 0.615421 -0.703558 -0.355336 0.615521 -0.703545 -0.355188 0.615466 -0.703545 -0.355283 0.615372 -0.703557 -0.355423 0.615202 -0.703557 -0.355717 0.615459 -0.70355 -0.355286 0.615317 -0.703554 -0.355524 0.615472 -0.703555 -0.355253 0.615432 -0.703535 -0.355361 0.615449 -0.70357 -0.355263 0.615446 -0.703568 -0.355271 0.615436 -0.703503 -0.355418 0.615434 -0.703547 -0.355334 0.615369 -0.703587 -0.355368 0.615436 -0.703556 -0.355314 0.61544 -0.703561 -0.355297 0.615419 -0.703546 -0.355362 0.615396 -0.703565 -0.355364 0.615436 -0.70354 -0.355344 0.615449 -0.70355 -0.355303 0.61543 -0.703525 -0.355386 0.776901 0.566126 -0.275548 0.721621 0.573297 -0.388064 0.68068 0.57733 -0.450961 0.669949 0.571861 -0.473438 0.565614 0.551934 -0.61274 0.565604 0.551926 -0.612756 0.429076 0.503044 -0.750227 0.429068 0.503036 -0.750237 0.279135 0.42863 -0.859279 0.279158 0.428655 -0.859259 0.122521 0.332145 -0.935237 0.122481 0.332096 -0.93526 -0.0349938 0.217154 -0.97551 -0.0349788 0.217175 -0.975506 -0.186599 0.0887192 -0.978422 -0.186501 0.0888751 -0.978427 -0.326125 -0.0478137 -0.944117 -0.326325 -0.0481958 -0.944028 -0.448538 -0.187799 -0.873811 -0.448467 -0.187625 -0.873884 -0.548537 -0.32478 -0.770471 -0.548504 -0.32466 -0.770545 -0.622155 -0.453625 -0.638082 -0.622162 -0.453693 -0.638026 -0.666292 -0.569137 -0.481807 -0.666291 -0.569157 -0.481785 -0.67902 -0.666456 -0.307845 -0.679025 -0.666441 -0.307865 -0.659605 -0.741442 -0.123227 -0.659607 -0.74144 -0.12323 -0.608686 -0.7908 0.064317 -0.608685 -0.790801 0.0643183 -0.528275 -0.812357 0.246987 -0.528294 -0.812351 0.246964 -0.421756 -0.805135 0.416988 -0.421694 -0.80514 0.417042 -0.293583 -0.769486 0.567186 -0.293603 -0.769488 0.567173 -0.149278 -0.706974 0.691306 -0.149268 -0.706972 0.69131 0.00511611 -0.620362 0.784299 0.0051355 -0.620356 0.784304 0.16318 -0.513376 0.842507 0.163174 -0.513378 0.842507 0.318424 -0.39053 0.863766 0.318415 -0.390535 0.863768 0.464635 -0.256873 0.847426 0.464632 -0.256875 0.847427 0.595992 -0.117828 0.794298 0.59601 -0.117816 0.794287 0.707345 0.0211013 0.706554 0.707343 0.0211004 0.706555 0.79422 0.154365 0.587696 0.794202 0.15435 0.587724 0.853076 0.276626 0.442423 0.853087 0.276637 0.442395 0.881442 0.382913 0.276474 0.881451 0.382925 0.27643 0.877987 0.468855 0.0965034 0.877986 0.46885 0.0965417 0.842688 0.530814 -0.0900736 0.842685 0.530815 -0.0900973 0.776893 0.566122 -0.275578 -0.583522 -0.291465 -0.757991 -0.583534 -0.29151 -0.757964 -0.657586 -0.421138 -0.624678 -0.657597 -0.42125 -0.624592 -0.702075 -0.537533 -0.467064 -0.702084 -0.537448 -0.467149 -0.714902 -0.635362 -0.291943 -0.714901 -0.635363 -0.291942 -0.695359 -0.710794 -0.106054 -0.695351 -0.710804 -0.106037 -0.644084 -0.760457 0.0828302 -0.6441 -0.760446 0.0828073 -0.563165 -0.782128 0.266684 -0.563134 -0.782139 0.266718 -0.45587 -0.774881 0.437883 -0.455883 -0.774879 0.437873 -0.326844 -0.739011 0.589097 -0.32684 -0.739011 0.5891 -0.181531 -0.676136 0.714063 -0.181517 -0.676134 0.714069 -0.0260316 -0.588996 0.807717 -0.0260323 -0.588996 0.807716 0.133168 -0.481336 0.866361 0.133163 -0.481338 0.866361 0.289556 -0.357693 0.887814 0.289541 -0.3577 0.887816 0.436828 -0.223174 0.871421 0.436853 -0.22316 0.871412 0.569216 -0.083148 0.817973 0.569214 -0.0831495 0.817974 0.681451 0.0568028 0.729656 0.681435 0.0567921 0.729672 0.769011 0.191051 0.610018 0.769017 0.191056 0.610009 0.828377 0.314259 0.463716 0.828382 0.314263 0.463705 0.857009 0.42142 0.296548 0.857008 0.421419 0.296554 0.853565 0.508078 0.115251 0.853566 0.50808 0.115236 0.818027 0.570558 -0.0727708 0.818027 0.570558 -0.0727699 0.75171 0.606182 -0.259761 0.751723 0.606189 -0.259707 0.657337 0.613399 -0.437778 0.657305 0.613374 -0.437861 0.538828 0.591839 -0.599492 0.538828 0.591839 -0.599492 0.401162 0.542496 -0.738084 0.401214 0.542549 -0.738016 0.250164 0.467532 -0.847839 0.250135 0.467499 -0.847866 0.0922664 0.370155 -0.924377 0.0923245 0.370229 -0.924341 -0.0662579 0.254421 -0.964821 -0.0663365 0.254307 -0.964846 -0.219065 0.124854 -0.967689 -0.219042 0.124892 -0.967689 -0.359678 -0.0128342 -0.932988 -0.359578 -0.0126324 -0.933029 -0.482875 -0.153485 -0.862134 -0.482899 -0.153548 -0.862109 -0.617355 -0.257075 -0.743495 -0.617373 -0.257151 -0.743454 -0.691838 -0.387482 -0.609277 -0.691819 -0.387279 -0.609426 -0.736474 -0.504004 -0.451205 -0.736459 -0.504146 -0.451071 -0.749317 -0.602373 -0.275082 -0.749333 -0.602331 -0.275133 -0.729706 -0.67802 -0.0884227 -0.729701 -0.678026 -0.0884137 -0.678212 -0.727852 0.10129 -0.678208 -0.727855 0.101295 -0.596931 -0.749605 0.285946 -0.596941 -0.749601 0.285935 -0.489192 -0.742321 0.457877 -0.489199 -0.74232 0.457871 -0.359622 -0.706339 0.609719 -0.359603 -0.706339 0.609731 -0.213636 -0.643242 0.735255 -0.213653 -0.643244 0.735248 -0.0574512 -0.555793 0.829333 -0.0574497 -0.555793 0.829333 0.102503 -0.447726 0.888276 0.10249 -0.447731 0.888275 0.259597 -0.32363 0.909875 0.259637 -0.323613 0.90987 0.407656 -0.188517 0.893464 0.407638 -0.188526 0.89347 0.54071 -0.0478578 0.839847 0.540698 -0.0478647 0.839854 0.653524 0.0927463 0.751202 0.653531 0.0927509 0.751195 0.741591 0.227691 0.631031 0.741579 0.227682 0.631048 0.801292 0.351559 0.484084 0.801291 0.351558 0.484086 0.830112 0.459324 0.316125 0.830114 0.459326 0.316119 0.826685 0.5465 0.133902 0.826683 0.546498 0.133923 0.790978 0.609362 -0.0550567 0.790978 0.609362 -0.0550641 0.724318 0.645215 -0.243024 0.724317 0.645215 -0.243028 0.629447 0.652469 -0.421997 0.629451 0.652472 -0.421986 0.510311 0.630814 -0.584514 0.510298 0.630802 -0.584538 0.371969 0.581191 -0.723779 0.371924 0.581142 -0.723842 0.220171 0.50571 -0.834136 0.220167 0.505704 -0.83414 0.0614131 0.407741 -0.91103 0.0614522 0.407793 -0.911004 -0.0979135 0.291329 -0.951599 -0.0978509 0.291423 -0.951576 -0.251224 0.161369 -0.954383 -0.25135 0.161151 -0.954387 -0.392602 0.0227672 -0.919427 -0.392598 0.0227764 -0.919428 -0.516288 -0.118557 -0.848169 -0.516294 -0.118572 -0.848164 -0.649722 -0.221914 -0.72706 -0.649742 -0.221996 -0.727016 -0.724334 -0.352557 -0.59249 -0.724337 -0.352599 -0.59246 -0.769 -0.469353 -0.43399 -0.769005 -0.4693 -0.434038 -0.781884 -0.567725 -0.257577 -0.781875 -0.567752 -0.257546 -0.7622 -0.64349 -0.070511 -0.762212 -0.643473 -0.0705357 -0.710637 -0.693336 0.119499 -0.710628 -0.693343 0.119513 -0.629205 -0.71511 0.304498 -0.629215 -0.715106 0.304487 -0.521305 -0.707822 0.476685 -0.521285 -0.707825 0.476702 -0.391482 -0.671818 0.628811 -0.39149 -0.671818 0.628805 -0.24522 -0.608655 0.75459 -0.245247 -0.608659 0.754578 -0.0887693 -0.521136 0.848844 -0.0887557 -0.521133 0.848848 0.0715177 -0.412946 0.907943 0.0715297 -0.412942 0.907944 0.228995 -0.288655 0.929645 0.228966 -0.288668 0.929648 0.377349 -0.153334 0.913289 0.377372 -0.153323 0.913281 0.510763 -0.012395 0.859632 0.510767 -0.0123927 0.85963 0.623886 0.128525 0.770874 0.62389 0.128528 0.770871 0.712212 0.263824 0.6505 0.712211 0.263824 0.650502 0.77211 0.388048 0.503254 0.772105 0.388045 0.503264 0.801033 0.496145 0.334942 0.801035 0.496146 0.334936 0.797627 0.583607 0.152296 0.797629 0.58361 0.152274 0.761843 0.646693 -0.037193 0.761844 0.646693 -0.0371686 0.695019 0.682674 -0.225622 0.695016 0.682672 -0.225634 0.599895 0.689943 -0.405098 0.599896 0.689944 -0.405095 0.480441 0.668196 -0.568059 0.480447 0.668201 -0.568047 0.341652 0.618366 -0.707741 0.341712 0.618431 -0.707655 0.189661 0.542797 -0.818169 0.189553 0.542667 -0.81828 0.0302957 0.444303 -0.895364 0.0303792 0.444415 -0.895306 -0.12926 0.327667 -0.935909 -0.129286 0.327628 -0.935919 -0.282842 0.197339 -0.938647 -0.282884 0.197266 -0.938649 -0.424688 0.0582785 -0.903462 -0.424619 0.0584236 -0.903485 -0.54854 -0.0832269 -0.831972 -0.54853 -0.0832002 -0.831981 -0.68038 -0.18645 -0.708745 -0.680361 -0.186377 -0.708782 -0.754887 -0.316843 -0.574244 -0.754892 -0.316884 -0.574216 -0.799506 -0.433546 -0.415727 -0.799508 -0.433519 -0.415751 -0.812345 -0.531764 -0.239423 -0.812348 -0.531755 -0.239433 -0.792677 -0.607377 -0.0525101 -0.792668 -0.607389 -0.0524927 -0.741133 -0.657155 0.137362 -0.741134 -0.657155 0.137362 -0.659777 -0.678883 0.322198 -0.659775 -0.678884 0.3222 -0.551966 -0.671615 0.494234 -0.551968 -0.671614 0.494232 -0.42225 -0.635666 0.646246 -0.422263 -0.635666 0.646237 -0.276146 -0.57263 0.771905 -0.276106 -0.572625 0.771924 -0.11974 -0.485242 0.866143 -0.119758 -0.485246 0.866138 0.0404324 -0.377204 0.925247 0.0404434 -0.3772 0.925248 0.19787 -0.253035 0.947006 0.197854 -0.253041 0.947008 0.346179 -0.11784 0.930738 0.346182 -0.117838 0.930737 0.479589 0.0230421 0.87719 0.479579 0.0230362 0.877197 0.592715 0.163925 0.788554 0.592713 0.163925 0.788555 0.681056 0.299223 0.668302 0.681067 0.299231 0.668287 0.741 0.423511 0.521112 0.740991 0.423503 0.521131 0.769943 0.531656 0.352888 0.769946 0.531659 0.352877 0.766555 0.6192 0.17025 0.766553 0.619198 0.170265 0.730777 0.682346 -0.0191933 0.730776 0.682346 -0.0192208 0.663953 0.718359 -0.207669 0.663954 0.71836 -0.207665 0.568803 0.725644 -0.387175 0.568809 0.725649 -0.387158 0.449295 0.703866 -0.550187 0.449325 0.703896 -0.550125 0.310585 0.654041 -0.689759 0.310546 0.653999 -0.689817 0.158612 0.578347 -0.800223 0.158591 0.578322 -0.800245 -0.000695197 0.479868 -0.877341 -0.000758708 0.479783 -0.877387 -0.160267 0.363026 -0.917893 -0.160244 0.363061 -0.917883 -0.313958 0.232538 -0.92052 -0.31382 0.232777 -0.920506 -0.455444 0.0939 -0.885299 -0.455543 0.0936955 -0.88527 -0.579256 -0.0477812 -0.813744 -0.579262 -0.0477987 -0.813739 -0.709176 -0.150661 -0.688746 -0.709162 -0.150611 -0.688771 -0.783361 -0.280554 -0.554648 -0.783365 -0.280581 -0.55463 -0.827806 -0.396838 -0.396557 -0.827805 -0.396842 -0.396554 -0.840561 -0.494675 -0.2208 -0.840559 -0.494683 -0.220792 -0.820925 -0.569997 -0.0344466 -0.820938 -0.569976 -0.0344772 -0.76957 -0.619529 0.154741 -0.769557 -0.619541 0.154762 -0.688477 -0.641173 0.338964 -0.688474 -0.641174 0.338967 -0.581019 -0.633934 0.510435 -0.581038 -0.633931 0.510419 -0.451785 -0.598147 0.6619 -0.451757 -0.598147 0.661919 -0.306119 -0.535374 0.787188 -0.306141 -0.535377 0.787178 -0.150235 -0.448326 0.881155 -0.15025 -0.448329 0.88115 0.00941892 -0.340721 0.940117 0.00943761 -0.340715 0.940119 0.166402 -0.216994 0.961886 0.166412 -0.216989 0.961885 0.314342 -0.0822148 0.945743 0.314304 -0.0822339 0.945754 0.447352 0.0582153 0.892461 0.447367 0.0582241 0.892453 0.560206 0.198716 0.804165 0.560217 0.198723 0.804156 0.648347 0.333685 0.684325 0.648356 0.333692 0.684313 0.70816 0.457704 0.537602 0.708171 0.457713 0.537581 0.737065 0.565654 0.369826 0.73706 0.56565 0.369841 0.733687 0.653053 0.187685 0.733685 0.65305 0.187701 0.697997 0.7161 -0.00127997 0.697997 0.716099 -0.00125486 0.631337 0.752065 -0.189243 0.631334 0.752062 -0.189262 0.53642 0.759335 -0.368326 0.536417 0.759333 -0.368335 0.417238 0.737592 -0.530914 0.417218 0.737573 -0.530957 0.27888 0.687797 -0.670195 0.27888 0.687797 -0.670195 0.127165 0.612167 -0.780436 0.127256 0.612273 -0.780338 -0.0315546 0.51403 -0.857191 -0.0316041 0.513967 -0.857228 -0.190678 0.39744 -0.897598 -0.190727 0.397369 -0.89762 -0.343903 0.267207 -0.900184 -0.343933 0.267157 -0.900187 -0.484998 0.128725 -0.86499 -0.484943 0.128833 -0.865004 -0.608379 -0.012387 -0.79355 -0.608382 -0.012395 -0.793547 -0.735906 -0.114844 -0.667274 -0.735901 -0.114828 -0.667281 -0.809611 -0.243987 -0.533854 -0.809609 -0.243973 -0.533864 -0.853758 -0.359535 -0.376607 -0.853757 -0.359538 -0.376604 -0.866401 -0.456746 -0.201824 -0.866399 -0.456753 -0.201816 -0.84685 -0.531576 -0.0165202 -0.846849 -0.531578 -0.0165175 -0.795769 -0.580787 0.171573 -0.795773 -0.580784 0.171567 -0.715153 -0.602273 0.354716 -0.715157 -0.602272 0.354711 -0.608334 -0.595082 0.525173 -0.608331 -0.595083 0.525176 -0.479847 -0.559543 0.675765 -0.479854 -0.559543 0.67576 -0.335063 -0.49719 0.800334 -0.335037 -0.497186 0.800348 -0.180028 -0.410703 0.893819 -0.180039 -0.410706 0.893816 -0.0212459 -0.303759 0.952512 -0.0212772 -0.30377 0.952508 0.134821 -0.180801 0.974235 0.134858 -0.180785 0.974233 0.282016 -0.04677 0.958269 0.282017 -0.0467699 0.958269 0.414358 0.0928973 0.905361 0.414353 0.0928944 0.905363 0.526648 0.232694 0.817615 0.526636 0.232686 0.817626 0.614336 0.366996 0.698503 0.614346 0.367003 0.69849 0.673873 0.490472 0.552568 0.673863 0.490464 0.552588 0.702626 0.597949 0.385712 0.702626 0.597948 0.385713 0.699275 0.684966 0.204539 0.699278 0.68497 0.204513 0.663765 0.74776 0.0164957 0.663765 0.74776 0.0165006 0.597432 0.783576 -0.170542 0.597434 0.783577 -0.17053 0.502979 0.790823 -0.348727 0.502978 0.790822 -0.348731 0.384388 0.769167 -0.510518 0.384387 0.769166 -0.51052 0.246714 0.719587 -0.649097 0.246712 0.719585 -0.6491 0.0957494 0.644259 -0.75879 0.0957658 0.644276 -0.758773 -0.0621164 0.546501 -0.835152 -0.0620959 0.546526 -0.835137 -0.220423 0.430444 -0.87529 -0.220391 0.430487 -0.875276 -0.372777 0.300898 -0.87778 -0.372787 0.300883 -0.877781 -0.513039 0.163156 -0.842717 -0.513077 0.163084 -0.842707 -0.635698 0.0227065 -0.771604 -0.635711 0.0226768 -0.771594 0.466517 0.809536 -0.356389 0.510909 0.817437 -0.266022 0.567137 0.809072 -0.154137 0.567136 0.809071 -0.154146 0.633063 0.77345 0.0317247 0.633062 0.77345 0.0317385 0.66836 0.711 0.218574 0.66836 0.711 0.218575 0.671694 0.62447 0.398578 0.671689 0.624466 0.398593 0.643112 0.517618 0.56434 0.643117 0.517621 0.56433 0.583952 0.394865 0.709282 0.58397 0.394876 0.709262 0.496818 0.261378 0.827559 0.496804 0.26137 0.82757 0.385233 0.12247 0.914657 0.385243 0.122475 0.914652 0.253744 -0.016283 0.967134 0.25372 -0.0162931 0.96714 0.107511 -0.149403 0.982914 0.107537 -0.149394 0.982913 -0.0475173 -0.271491 0.961267 -0.0475356 -0.271496 0.961265 -0.205227 -0.377643 0.902922 -0.205263 -0.377649 0.902911 -0.359195 -0.463477 0.810042 -0.359165 -0.463475 0.810057 -0.50296 -0.525357 0.686317 -0.502938 -0.525359 0.686332 -0.630536 -0.560629 0.536768 -0.630539 -0.560628 0.536766 -0.736603 -0.567761 0.36751 -0.736609 -0.567758 0.367502 -0.816663 -0.546436 0.185657 -0.816656 -0.546443 0.185668 -0.8674 -0.49761 -0.00112558 -0.867406 -0.4976 -0.001139 -0.886845 -0.423348 -0.185157 -0.886844 -0.423351 -0.185153 -0.874328 -0.32686 -0.358766 -0.874328 -0.326862 -0.358765 -0.830535 -0.212137 -0.514985 -0.830536 -0.212143 -0.514981 -0.757383 -0.0838887 -0.64756 -0.757382 -0.0838845 -0.647562 -0.657895 0.0527347 -0.751261 -0.657899 0.0527256 -0.751258 -0.536082 0.19226 -0.821981 -0.536092 0.192239 -0.821979 -0.396775 0.32914 -0.856876 -0.396761 0.329165 -0.856873 -0.245461 0.457928 -0.85443 -0.24547 0.457914 -0.854435 -0.0882061 0.573313 -0.814575 -0.0882163 0.573299 -0.814583 0.0686331 0.670519 -0.738711 0.0686561 0.670548 -0.738683 0.218619 0.745437 -0.629706 0.21861 0.745426 -0.629722 0.355426 0.79474 -0.491997 0.355434 0.794748 -0.491978 0.47327 0.816281 -0.33121 -0.615301 0.703565 0.35553 -0.615438 0.703547 0.355328 -0.615444 0.703547 0.355316 -0.615454 0.703546 0.355301 -0.615446 0.703546 0.355315 -0.615445 0.703546 0.355317 -0.615444 0.703546 0.355318 -0.615443 0.703546 0.355321 -0.615453 0.703547 0.355303 -0.615427 0.70355 0.355342 -0.615425 0.70355 0.355344 -0.615443 0.703547 0.355318 -0.615436 0.703547 0.355331 -0.615434 0.703548 0.355334 -0.615458 0.703548 0.355292 -0.615438 0.703549 0.355324 -0.61547 0.7035 0.355365 -0.615425 0.703549 0.355347 -0.615446 0.703549 0.35531 -0.615442 0.703548 0.355319 -0.615425 0.703553 0.355338 -0.615435 0.703549 0.355328 -0.615444 0.703546 0.355318 -0.615532 0.703468 0.355321 -0.615443 0.703551 0.355312 -0.615433 0.703544 0.355343 -0.615446 0.703549 0.35531 -0.615456 0.703556 0.355279 -0.615433 0.703552 0.355327 -0.615448 0.703552 0.355301 0.710627 -0.703569 -4.4943e-06 0.710626 -0.70357 -1.08175e-05 0.710654 -0.703541 5.89748e-06 0.710635 -0.703561 -1.87678e-06 0.710652 -0.703543 2.63844e-06 0.710632 -0.703563 -6.04804e-06 0.710667 -0.703529 1.43541e-05 0.710807 -0.703387 4.20274e-05 0.710609 -0.703587 -1.41902e-05 0.710622 -0.703574 -1.2379e-05 0.710692 -0.703503 7.62244e-06 0.71063 -0.703565 -1.09762e-06 0.710683 -0.703512 1.38975e-05 0.710638 -0.703558 -7.77319e-06 0.710643 -0.703553 -3.37827e-06 0.710658 -0.703537 1.51155e-05 0.710626 -0.70357 -1.57463e-05 0.710658 -0.703538 -2.44148e-05 0.710651 -0.703545 2.80285e-07 0.710656 -0.70354 -4.77656e-07 0.710663 -0.703533 4.73468e-05 0.710568 -0.703629 1.4587e-05 0.710636 -0.70356 -4.92131e-06 0.710601 -0.703595 0 0.710672 -0.703523 0 0.710653 -0.703543 3.13431e-06 0.710663 -0.703533 7.28786e-06 0.710648 -0.703548 -1.19089e-06 0.710641 -0.703555 -4.41126e-06 0.71059 -0.703606 -7.67263e-05 -0.0824665 -0.319445 -0.94401 -0.0824814 -0.319473 -0.943999 -0.208958 -0.444914 -0.870855 -0.208893 -0.444785 -0.870937 -0.323107 -0.558146 -0.764248 -0.323152 -0.558248 -0.764154 -0.420492 -0.654896 -0.627932 -0.420483 -0.654873 -0.627961 -0.497274 -0.731157 -0.467042 -0.497281 -0.73119 -0.466983 -0.550247 -0.783814 -0.287861 -0.550247 -0.783811 -0.287869 -0.577319 -0.810709 -0.0972339 -0.57732 -0.810707 -0.0972414 -0.577319 -0.810705 0.0972614 -0.577325 -0.810703 0.0972414 -0.550279 -0.783808 0.287816 -0.550253 -0.783806 0.28787 -0.497264 -0.731149 0.467066 -0.49724 -0.731142 0.467102 -0.420502 -0.654916 0.627904 -0.420509 -0.654919 0.627897 -0.323107 -0.55821 0.764202 -0.32309 -0.558202 0.764215 -0.208915 -0.444893 0.870876 -0.208915 -0.444893 0.870876 -0.082376 -0.319388 0.944037 -0.0823949 -0.319398 0.944032 0.051701 -0.18648 0.981097 0.0516966 -0.186483 0.981097 0.188302 -0.0511653 0.980778 0.188302 -0.0511651 0.980778 0.322289 0.0814746 0.943129 0.322305 0.0814833 0.943123 0.448682 0.206514 0.869504 0.448677 0.206512 0.869507 0.562641 0.319196 0.762594 0.562657 0.319203 0.762579 0.65981 0.415215 0.626296 0.659795 0.41521 0.626315 0.736359 0.490844 0.465669 0.736338 0.49084 0.465707 0.789183 0.543021 0.286912 0.789169 0.543023 0.286948 0.816154 0.569649 0.0969178 0.816159 0.569645 0.0968967 0.816159 0.569646 -0.0968903 0.81616 0.569644 -0.0968966 0.789181 0.543 -0.286958 0.789181 0.543006 -0.286946 0.736371 0.490849 -0.465645 0.736382 0.490886 -0.465589 0.65978 0.415218 -0.626327 0.65976 0.415171 -0.626378 0.562604 0.319161 -0.762635 0.562673 0.319303 -0.762525 0.448674 0.206591 -0.86949 0.448601 0.206453 -0.86956 0.322355 0.081554 -0.943099 0.32237 0.0815802 -0.943092 0.188231 -0.0512107 -0.980789 0.188146 -0.0513625 -0.980797 0.0517786 -0.186441 -0.981101 0.0518604 -0.186294 -0.981124 -0.116875 -0.287988 -0.950475 -0.116917 -0.288072 -0.950445 -0.244237 -0.414273 -0.87677 -0.244272 -0.414347 -0.876726 -0.359243 -0.528347 -0.769281 -0.35921 -0.528267 -0.769352 -0.457306 -0.625577 -0.63208 -0.457301 -0.625561 -0.632099 -0.534604 -0.702269 -0.470123 -0.534605 -0.70227 -0.470122 -0.587954 -0.755221 -0.289742 -0.587955 -0.755216 -0.289754 -0.615201 -0.782271 -0.0978784 -0.6152 -0.782272 -0.0978721 -0.6152 -0.782272 0.0978783 -0.615193 -0.782275 0.0978998 -0.587933 -0.75523 0.289764 -0.58796 -0.75523 0.289707 -0.534589 -0.70226 0.470156 -0.534596 -0.702261 0.470145 -0.45732 -0.62558 0.632067 -0.457316 -0.625578 0.632071 -0.35924 -0.528287 0.769324 -0.359256 -0.528294 0.769312 -0.244285 -0.414285 0.876751 -0.244279 -0.414282 0.876755 -0.116872 -0.287991 0.950475 -0.11686 -0.287985 0.950478 0.0181653 -0.154208 0.987871 0.0181617 -0.15421 0.987871 0.155726 -0.0179791 0.987637 0.155732 -0.017976 0.987636 0.290697 0.115618 0.949804 0.290678 0.115609 0.949811 0.417994 0.241572 0.875742 0.417989 0.24157 0.875745 0.532784 0.355099 0.768145 0.532798 0.355104 0.768132 0.630706 0.451899 0.63087 0.630686 0.451893 0.630895 0.707808 0.528115 0.46915 0.707829 0.528118 0.469115 0.761057 0.580713 0.289075 0.761068 0.580712 0.289048 0.78824 0.607574 0.09763 0.788237 0.607576 0.0976421 0.788238 0.607577 -0.09763 0.788236 0.607582 -0.0976145 0.761052 0.580731 -0.289054 0.761051 0.580711 -0.289095 0.707826 0.52812 -0.469117 0.70783 0.528137 -0.469092 0.630692 0.451898 -0.630884 0.63068 0.451864 -0.630921 0.532826 0.355122 -0.768104 0.532789 0.355038 -0.768169 0.417999 0.241506 -0.875758 0.418036 0.241583 -0.875719 0.290709 0.115605 -0.949802 0.290749 0.115684 -0.94978 0.155646 -0.0180463 -0.987648 0.15566 -0.0180209 -0.987646 0.0182263 -0.154122 -0.987884 0.0182145 -0.154145 -0.98788 -0.151514 -0.25562 -0.954831 -0.151492 -0.255573 -0.954847 -0.279432 -0.382328 -0.880763 -0.279453 -0.382376 -0.880735 -0.395035 -0.496913 -0.772674 -0.395018 -0.496869 -0.772711 -0.4935 -0.594489 -0.634855 -0.493499 -0.594486 -0.634859 -0.571119 -0.671446 -0.472211 -0.571123 -0.671473 -0.472168 -0.624697 -0.724597 -0.291055 -0.624694 -0.724624 -0.290994 -0.652075 -0.751758 -0.0982759 -0.652079 -0.751751 -0.0982995 -0.652079 -0.751751 0.0983008 -0.652079 -0.751751 0.0982995 -0.624714 -0.724608 0.290992 -0.624701 -0.724608 0.291017 -0.571105 -0.671466 0.472199 -0.571104 -0.671466 0.4722 -0.493476 -0.59451 0.634853 -0.493485 -0.594513 0.634844 -0.394971 -0.496869 0.772735 -0.394954 -0.496862 0.772748 -0.279472 -0.382427 0.880707 -0.279463 -0.382423 0.880712 -0.151439 -0.255592 0.95485 -0.151461 -0.255603 0.954844 -0.0157931 -0.121234 0.992498 -0.0157883 -0.121231 0.992499 0.12244 0.0156322 0.992353 0.122435 0.0156298 0.992353 0.258052 0.149867 0.954437 0.258075 0.149878 0.954428 0.386014 0.276483 0.880085 0.386014 0.276483 0.880085 0.50141 0.390645 0.772001 0.501386 0.390636 0.77202 0.599808 0.487982 0.634117 0.599822 0.487986 0.634101 0.677342 0.564647 0.471573 0.677338 0.564646 0.471579 0.73087 0.617574 0.290572 0.730863 0.617575 0.290586 0.7582 0.644593 0.0981453 0.758201 0.644593 0.0981421 0.758202 0.644594 -0.0981204 0.758206 0.644587 -0.0981422 0.730869 0.617545 -0.290635 0.730868 0.61758 -0.290564 0.677331 0.564651 -0.471584 0.677336 0.564676 -0.471548 0.59979 0.488002 -0.634119 0.599791 0.488004 -0.634116 0.501435 0.39073 -0.771941 0.501413 0.390677 -0.771982 0.385927 0.276431 -0.88014 0.385953 0.276488 -0.88011 0.258074 0.149948 -0.954418 0.258052 0.149902 -0.954431 0.122438 0.0156682 -0.992353 0.122376 0.0155417 -0.992362 -0.0157961 -0.121264 -0.992495 -0.0157341 -0.121139 -0.992511 -0.185843 -0.22265 -0.957021 -0.185818 -0.222598 -0.957038 -0.314048 -0.349575 -0.882707 -0.314033 -0.349541 -0.882726 -0.429826 -0.464218 -0.774437 -0.429871 -0.464339 -0.774338 -0.528528 -0.562042 -0.636213 -0.528536 -0.562069 -0.636182 -0.606337 -0.639114 -0.473168 -0.606337 -0.639109 -0.473176 -0.660076 -0.692324 -0.291526 -0.660082 -0.69227 -0.291641 -0.687512 -0.719461 -0.0985067 -0.687505 -0.719472 -0.0984727 -0.687503 -0.719469 0.0985068 -0.687506 -0.719468 0.0984978 -0.660077 -0.692302 0.291574 -0.660076 -0.692303 0.291577 -0.606354 -0.639091 0.473179 -0.606363 -0.639092 0.473166 -0.528573 -0.562042 0.636176 -0.528566 -0.56204 0.636183 -0.429843 -0.464263 0.7744 -0.429841 -0.464262 0.774401 -0.314081 -0.349623 0.882676 -0.314089 -0.349626 0.882672 -0.185754 -0.222545 0.957063 -0.185764 -0.22255 0.95706 -0.0498021 -0.0879304 0.994881 -0.049776 -0.0879181 0.994883 0.0888195 0.0492954 0.994827 0.0887935 0.0492831 0.99483 0.224752 0.183872 0.95691 0.224761 0.183876 0.956908 0.353056 0.310866 0.882448 0.353063 0.310869 0.882444 0.468783 0.425401 0.77413 0.468779 0.425399 0.774133 0.567472 0.523071 0.635903 0.567463 0.523068 0.635913 0.645217 0.600011 0.472949 0.645226 0.600013 0.472936 0.698911 0.653138 0.291435 0.698917 0.653137 0.291423 0.726328 0.680264 0.0984347 0.726327 0.680264 0.0984359 0.726327 0.680264 -0.0984346 0.726323 0.680272 -0.0984108 0.698907 0.653163 -0.291387 0.698911 0.653115 -0.291487 0.645242 0.599994 -0.472938 0.645241 0.599988 -0.472947 0.567479 0.52302 -0.635939 0.567486 0.523044 -0.635913 0.468774 0.425346 -0.774165 0.46882 0.425467 -0.774071 0.353 0.310841 -0.882479 0.352986 0.310807 -0.882497 0.224846 0.183971 -0.956869 0.224821 0.183918 -0.956885 0.0888249 0.0492901 -0.994827 0.0888235 0.0492873 -0.994827 -0.0497892 -0.0879431 -0.99488 -0.0497879 -0.0879402 -0.994881 -0.219543 -0.188967 -0.957127 -0.219649 -0.189196 -0.957058 -0.348 -0.31624 -0.882546 -0.347906 -0.316022 -0.882662 -0.463596 -0.430534 -0.774415 -0.463634 -0.430633 -0.774338 -0.562401 -0.52838 -0.636018 -0.562382 -0.528316 -0.636089 -0.6402 -0.605336 -0.472982 -0.640193 -0.605289 -0.473051 -0.693876 -0.65843 -0.291556 -0.693872 -0.658485 -0.291443 -0.721288 -0.685604 -0.0984433 -0.721294 -0.685593 -0.0984759 -0.721294 -0.685594 0.0984679 -0.721291 -0.685595 0.0984763 -0.693879 -0.658456 0.291493 -0.69388 -0.658456 0.291491 -0.640183 -0.605314 0.473034 -0.640164 -0.605311 0.473062 -0.562394 -0.528344 0.636055 -0.562397 -0.528344 0.636052 -0.46368 -0.430641 0.774306 -0.463686 -0.430643 0.774301 -0.347927 -0.316065 0.882638 -0.347939 -0.31607 0.882631 -0.219639 -0.189067 0.957086 -0.219601 -0.18905 0.957097 -0.0835989 -0.0544162 0.995013 -0.0836489 -0.0544396 0.995007 0.0549532 0.0827793 0.995052 0.0550046 0.0828033 0.995047 0.191013 0.217464 0.957196 0.190969 0.217444 0.957209 0.319304 0.344517 0.88281 0.319324 0.344525 0.882799 0.435104 0.459174 0.774496 0.435099 0.459173 0.774499 0.533837 0.556953 0.636256 0.533843 0.556955 0.636249 0.611645 0.634007 0.473208 0.611629 0.634004 0.473232 0.665358 0.687217 0.291602 0.665349 0.687217 0.29162 0.692788 0.714382 0.0985111 0.692792 0.714379 0.098499 0.692792 0.71438 -0.0984865 0.692795 0.714376 -0.0984989 0.665358 0.68719 -0.291665 0.665354 0.687234 -0.291572 0.61164 0.634051 -0.473155 0.611634 0.634007 -0.473221 0.533852 0.55698 -0.636219 0.533835 0.55692 -0.636286 0.435027 0.459061 -0.774606 0.435059 0.459149 -0.774536 0.319423 0.344645 -0.882717 0.319334 0.344436 -0.882831 0.190963 0.217319 -0.957239 0.191066 0.217541 -0.957168 0.0550599 0.0828843 -0.995037 0.0550159 0.0827921 -0.995047 -0.0836935 -0.0545331 -0.994998 -0.0836489 -0.0544396 -0.995007 -0.252843 -0.155275 -0.954966 -0.252785 -0.155153 -0.955001 -0.380805 -0.281843 -0.880654 -0.380928 -0.282118 -0.880513 -0.496308 -0.396264 -0.772433 -0.49624 -0.396091 -0.772566 -0.594812 -0.4936 -0.634475 -0.594818 -0.493619 -0.634454 -0.672358 -0.570312 -0.471889 -0.67237 -0.570376 -0.471794 -0.725908 -0.623307 -0.290769 -0.725909 -0.623285 -0.290812 -0.753271 -0.650336 -0.0982165 -0.753266 -0.650345 -0.0981903 -0.753262 -0.650342 0.0982423 -0.753271 -0.650336 0.0982149 -0.725923 -0.623299 0.290747 -0.725922 -0.623299 0.29075 -0.672362 -0.570334 0.471856 -0.672369 -0.570335 0.471845 -0.59479 -0.493608 0.634488 -0.594788 -0.493608 0.634491 -0.496318 -0.396206 0.772457 -0.496317 -0.396205 0.772458 -0.380839 -0.281956 0.880603 -0.380841 -0.281957 0.880602 -0.252833 -0.155283 0.954968 -0.252846 -0.155289 0.954963 -0.117134 -0.020955 0.992895 -0.117113 -0.020945 0.992898 0.0211732 0.115973 0.993027 0.0211521 0.115963 0.993028 0.156906 0.250409 0.955341 0.156928 0.250419 0.955334 0.284984 0.377273 0.881164 0.284977 0.37727 0.881167 0.400546 0.49178 0.773121 0.400558 0.491785 0.773112 0.499118 0.58946 0.635152 0.499112 0.589458 0.635158 0.576783 0.666445 0.472411 0.576781 0.666444 0.472415 0.630409 0.719606 0.291122 0.630409 0.719606 0.291122 0.657788 0.746753 0.0983598 0.657791 0.746752 0.0983514 0.657792 0.746753 -0.0983341 0.657791 0.746755 -0.0983267 0.630405 0.719601 -0.291144 0.630407 0.719582 -0.291185 0.576789 0.666416 -0.472445 0.576796 0.666469 -0.472362 0.499114 0.589477 -0.635139 0.499119 0.589493 -0.635121 0.400552 0.491818 -0.773093 0.400493 0.491662 -0.773223 0.284949 0.377165 -0.881221 0.285064 0.377428 -0.881071 0.15687 0.250445 -0.955337 0.156818 0.250333 -0.955375 0.0211985 0.116021 -0.993021 0.0212334 0.116092 -0.993011 -0.117196 -0.0209666 -0.992887 -0.117231 -0.0210385 -0.992882 -0.285185 -0.121407 -0.950752 -0.285203 -0.121444 -0.950742 -0.412543 -0.247435 -0.876689 -0.412548 -0.247446 -0.876684 -0.527638 -0.361271 -0.768818 -0.527606 -0.361194 -0.768877 -0.625559 -0.458042 -0.631564 -0.625575 -0.45809 -0.631513 -0.702779 -0.534399 -0.469594 -0.70277 -0.534357 -0.469657 -0.756081 -0.587045 -0.289343 -0.756081 -0.587027 -0.28938 -0.783286 -0.613926 -0.0977663 -0.783283 -0.613933 -0.0977461 -0.783282 -0.613931 0.0977666 -0.78328 -0.613932 0.0977716 -0.756066 -0.587049 0.289374 -0.756073 -0.587048 0.28936 -0.702782 -0.534386 0.469606 -0.702771 -0.534384 0.469625 -0.625565 -0.458072 0.631537 -0.625575 -0.458075 0.631525 -0.527578 -0.361186 0.768899 -0.527571 -0.361183 0.768905 -0.412645 -0.247517 0.876618 -0.412628 -0.24751 0.876628 -0.2852 -0.121429 0.950745 -0.28521 -0.121434 0.950741 -0.150121 0.0122832 0.988591 -0.150112 0.0122875 0.988593 -0.012406 0.148653 0.988812 -0.0124181 0.148647 0.988812 0.122734 0.282542 0.951371 0.122741 0.282546 0.951369 0.250287 0.408961 0.877558 0.250267 0.408951 0.877568 0.365347 0.523057 0.770022 0.365351 0.523059 0.770018 0.463521 0.620429 0.632627 0.463509 0.620425 0.632639 0.540851 0.69716 0.470584 0.540865 0.697163 0.470563 0.59427 0.750159 0.290009 0.594278 0.750159 0.289992 0.621548 0.777228 0.0979511 0.621539 0.777232 0.097979 0.621541 0.777234 -0.0979509 0.621541 0.777234 -0.0979533 0.594261 0.750178 -0.289978 0.594263 0.750163 -0.290013 0.540852 0.697167 -0.470572 0.540849 0.697152 -0.470596 0.463505 0.620412 -0.632655 0.463512 0.620436 -0.632626 0.365409 0.523137 -0.769937 0.365384 0.523073 -0.769993 0.250201 0.408862 -0.877628 0.250205 0.40887 -0.877624 0.122723 0.282515 -0.95138 0.12274 0.282549 -0.951368 -0.0123895 0.148677 -0.988808 -0.0123847 0.148686 -0.988807 -0.150145 0.0122671 -0.988588 -0.150152 0.0122542 -0.988587 -0.315859 -0.0884679 -0.944673 -0.315856 -0.0884624 -0.944674 -0.4425 -0.213748 -0.870922 -0.442424 -0.213595 -0.870998 -0.556682 -0.326574 -0.763842 -0.556726 -0.326671 -0.763769 -0.654031 -0.422839 -0.627256 -0.653992 -0.422735 -0.627367 -0.730668 -0.49849 -0.46651 -0.730679 -0.498533 -0.466447 -0.78359 -0.550795 -0.287424 -0.78359 -0.550809 -0.287394 -0.810611 -0.577481 -0.0970824 -0.810613 -0.577474 -0.0971041 -0.810613 -0.577474 0.0971124 -0.810615 -0.577472 0.0971043 -0.783618 -0.550799 0.287338 -0.783583 -0.550803 0.287425 -0.730634 -0.498514 0.466539 -0.73068 -0.498521 0.466458 -0.654005 -0.422771 0.627329 -0.653995 -0.422768 0.627342 -0.556675 -0.326583 0.763844 -0.55667 -0.326581 0.763848 -0.442495 -0.213684 0.870941 -0.442511 -0.213692 0.87093 -0.315915 -0.0884474 0.944656 -0.315909 -0.0884444 0.944658 -0.181691 0.0444192 0.982352 -0.181704 0.0444125 0.98235 -0.0448836 0.179936 0.982654 -0.0448695 0.179944 0.982653 0.0894181 0.313039 0.945521 0.0894186 0.31304 0.945521 0.216172 0.438741 0.872225 0.216174 0.438742 0.872224 0.330524 0.552204 0.765392 0.330527 0.552205 0.76539 0.428084 0.649051 0.628869 0.428101 0.649057 0.628851 0.504956 0.725381 0.467805 0.504964 0.725383 0.467795 0.55806 0.778134 0.28823 0.558028 0.778132 0.288297 0.585143 0.80506 0.097397 0.585151 0.805057 0.0973732 0.585151 0.805058 -0.0973669 0.585152 0.805056 -0.097373 0.558046 0.778112 -0.288316 0.558043 0.778132 -0.288267 0.504955 0.725399 -0.467779 0.504955 0.725397 -0.467782 0.42812 0.649102 -0.628792 0.428097 0.649031 -0.628881 0.330547 0.552185 -0.765395 0.330588 0.552285 -0.765306 0.216192 0.438783 -0.872198 0.216116 0.438622 -0.872299 0.0894375 0.312985 -0.945537 0.089438 0.312987 -0.945537 -0.0449259 0.179809 -0.982675 -0.0448459 0.17996 -0.982651 -0.181604 0.0445029 -0.982364 -0.181684 0.0443513 -0.982356 -0.334188 -0.0685703 -0.940009 -0.334204 -0.06833 -0.94002 -0.460096 -0.192903 -0.86666 -0.460077 -0.193126 -0.866621 -0.5737 -0.305457 -0.759977 -0.573717 -0.305318 -0.76002 -0.670479 -0.400946 -0.62426 -0.670423 -0.401259 -0.624119 -0.74671 -0.476557 -0.464022 -0.746765 -0.476354 -0.464144 -0.799423 -0.528343 -0.285966 -0.799418 -0.528355 -0.285958 -0.826294 -0.554899 -0.0965651 -0.826307 -0.554877 -0.0965857 -0.826309 -0.554878 0.0965646 -0.826271 -0.554924 0.0966168 -0.799355 -0.528441 0.285974 -0.799443 -0.528364 0.285872 -0.746774 -0.47636 0.464123 -0.74672 -0.476394 0.464175 -0.670454 -0.401066 0.62421 -0.670507 -0.401043 0.624168 -0.573679 -0.305363 0.76003 -0.573682 -0.305362 0.760028 -0.460093 -0.193056 0.866628 -0.460073 -0.19306 0.866638 -0.334139 -0.068456 0.940035 -0.334125 -0.0684579 0.940039 -0.200577 0.0637551 0.977601 -0.20056 0.0637536 0.977605 -0.06441 0.198636 0.977955 -0.0644273 0.198638 0.977953 0.0692376 0.33115 0.941034 0.069197 0.331153 0.941036 0.195328 0.456288 0.868129 0.195349 0.456286 0.868125 0.309149 0.569255 0.761824 0.309158 0.569254 0.761821 0.406256 0.665697 0.625943 0.406237 0.6657 0.625951 0.482726 0.741717 0.465653 0.482741 0.741712 0.465644 0.535573 0.794232 0.286981 0.53567 0.794193 0.286907 0.562583 0.821038 0.0969414 0.562574 0.821043 0.0969497 0.562575 0.821043 -0.0969412 0.562555 0.82106 -0.0969192 0.535566 0.794237 -0.286979 0.535572 0.79423 -0.286987 0.482781 0.741754 -0.465536 0.48284 0.741658 -0.465628 0.406339 0.66557 -0.626023 0.406256 0.665763 -0.625872 0.309161 0.569341 -0.761755 0.309195 0.569225 -0.761827 0.195321 0.456169 -0.868193 0.195273 0.456409 -0.868078 0.069191 0.331343 -0.94097 0.0692251 0.331092 -0.941056 -0.064568 0.198443 -0.977983 -0.0645847 0.198621 -0.977946 -0.200471 0.0640027 -0.977607 -0.200458 0.063821 -0.977621 -0.710648 0.703548 -2.02112e-05 -0.710648 0.703548 2.68583e-05 -0.710648 0.703548 3.28361e-06 -0.710648 0.703547 -3.49345e-06 -0.710645 0.70355 1.92867e-05 -0.710648 0.703548 -1.96692e-05 -0.710546 0.703651 -0.000224311 -0.710655 0.703541 7.03798e-06 -0.710668 0.703528 4.28879e-05 -0.710641 0.703555 -1.44835e-05 -0.710544 0.703653 -7.1942e-05 -0.710624 0.703572 -3.82128e-05 -0.710658 0.703538 2.00282e-05 -0.710651 0.703544 6.09458e-06 -0.710647 0.703548 4.85219e-05 -0.710625 0.703571 3.61744e-05 -0.71065 0.703546 1.18363e-05 -0.710644 0.703552 -1.71849e-05 -0.710649 0.703547 -6.19921e-07 -0.710661 0.703534 4.18881e-05 -0.710676 0.70352 7.19681e-05 -0.710643 0.703553 -0.000234364 -0.710643 0.703553 -6.84804e-06 -0.710649 0.703547 1.93601e-05 -0.710642 0.703554 -3.12388e-05 -0.710647 0.703548 -1.87183e-05 -0.710646 0.703549 -6.31154e-06 -0.710647 0.703549 -1.01003e-05 -0.710646 0.70355 6.25297e-07 -0.710765 0.70343 7.0913e-05 0.615448 -0.703552 0.3553 0.615433 -0.703552 0.355327 0.615416 -0.703549 0.355362 0.615453 -0.703549 0.355297 0.615447 -0.703548 0.355309 0.615426 -0.703548 0.355346 0.615442 -0.703551 0.355312 0.615439 -0.703551 0.355318 0.615425 -0.703548 0.355347 0.615445 -0.703549 0.355312 0.615437 -0.703547 0.35533 0.615438 -0.703547 0.355327 0.615448 -0.703549 0.355307 0.615443 -0.703549 0.355315 0.615441 -0.703548 0.35532 0.615422 -0.703548 0.355354 0.615445 -0.703544 0.355321 0.615454 -0.703484 0.355425 0.615434 -0.703549 0.355331 0.615444 -0.703546 0.355319 0.615434 -0.703548 0.355334 0.615487 -0.703588 0.355162 0.615459 -0.703537 0.355312 0.615511 -0.703516 0.355263 0.615443 -0.703548 0.355317 0.615434 -0.70355 0.35533 0.615434 -0.703549 0.35533 0.615433 -0.70355 0.35533 0.615443 -0.703544 0.355325 0.615281 -0.703679 0.355339 0.627111 0.566133 0.535001 0.696732 0.573293 0.431161 0.73084 0.577348 0.364064 0.745017 0.57185 0.343422 0.813461 0.551925 0.183467 0.81346 0.551926 0.183469 0.864268 0.503019 -0.00358101 0.864264 0.503025 -0.00357106 0.883722 0.42868 -0.187798 0.883724 0.428673 -0.187806 0.871186 0.332058 -0.361625 0.871186 0.332059 -0.361624 0.827335 0.217197 -0.518017 0.827335 0.217194 -0.51802 0.754077 0.0887699 -0.65076 0.754081 0.0887829 -0.650753 0.65449 -0.0479722 -0.754547 0.654478 -0.0479975 -0.754556 0.532513 -0.187688 -0.82535 0.532522 -0.187672 -0.825348 0.393017 -0.324739 -0.86028 0.393016 -0.324741 -0.86028 0.241538 -0.45364 -0.857829 0.241546 -0.45363 -0.857832 0.0840853 -0.569156 -0.817919 0.0840947 -0.569145 -0.817925 -0.0729142 -0.666452 -0.741974 -0.0729329 -0.666471 -0.741955 -0.223079 -0.741444 -0.632848 -0.223071 -0.741437 -0.632859 -0.360042 -0.7908 -0.494979 -0.360051 -0.790807 -0.494962 -0.478032 -0.812362 -0.333995 -0.47802 -0.812355 -0.334029 -0.571985 -0.805145 -0.156765 -0.571987 -0.805145 -0.156754 -0.637993 -0.769482 0.0293494 -0.637993 -0.769483 0.0293347 -0.673326 -0.70698 0.216361 -0.673323 -0.706975 0.216385 -0.67666 -0.620361 0.39659 -0.676655 -0.620354 0.39661 -0.648042 -0.513389 0.56256 -0.648052 -0.513398 0.56254 -0.588827 -0.390523 0.707654 -0.588833 -0.390527 0.707647 -0.50158 -0.256879 0.826094 -0.501572 -0.256873 0.8261 -0.389874 -0.117818 0.9133 -0.389881 -0.117822 0.913297 -0.258224 0.0211047 0.965854 -0.258215 0.0211097 0.965857 -0.111853 0.154366 0.981662 -0.111857 0.154364 0.981662 0.0433877 0.276619 0.96 0.0433946 0.276622 0.959999 0.201284 0.38291 0.90159 0.201308 0.382917 0.901582 0.355432 0.46886 0.808603 0.355398 0.468854 0.808621 0.499337 0.530808 0.684767 0.499357 0.530808 0.684752 0.627131 0.56613 0.53498 0.364642 -0.291538 -0.884331 0.364686 -0.291469 -0.884336 0.212201 -0.421125 -0.88183 0.212115 -0.421245 -0.881794 0.0534972 -0.537508 -0.84156 0.0535142 -0.537487 -0.841572 -0.104678 -0.635421 -0.765037 -0.104623 -0.63536 -0.765096 -0.255837 -0.710792 -0.655227 -0.255846 -0.710801 -0.655213 -0.393771 -0.760454 -0.516386 -0.393762 -0.760446 -0.516404 -0.512532 -0.78213 -0.354377 -0.512551 -0.782144 -0.35432 -0.607155 -0.774884 -0.175836 -0.607146 -0.77488 -0.175884 -0.67359 -0.739017 0.0114664 -0.673591 -0.739014 0.0115094 -0.709158 -0.676134 0.199845 -0.709161 -0.676138 0.199821 -0.71252 -0.588985 0.381329 -0.712523 -0.588988 0.38132 -0.683717 -0.481349 0.548484 -0.683714 -0.481346 0.54849 -0.624089 -0.357688 0.694674 -0.624095 -0.357693 0.694666 -0.536258 -0.223175 0.814015 -0.536244 -0.223165 0.814027 -0.423765 -0.0831328 0.901949 -0.42377 -0.0831353 0.901947 -0.291199 0.0567848 0.954976 -0.291194 0.0567872 0.954977 -0.143785 0.191043 0.970994 -0.143771 0.191049 0.970995 0.0126209 0.314268 0.949251 0.0126047 0.314262 0.949253 0.171687 0.421423 0.890464 0.171675 0.42142 0.890468 0.326965 0.508078 0.796838 0.327 0.508083 0.796821 0.47204 0.570558 0.672043 0.472017 0.570558 0.672059 0.600807 0.606192 0.521116 0.600802 0.606193 0.521121 0.7078 0.613396 0.350378 0.707807 0.613393 0.350368 0.788579 0.591858 0.166874 0.788575 0.591862 0.166881 0.839754 0.542538 -0.0215942 0.839759 0.54253 -0.0216065 0.859331 0.467556 -0.207225 0.859328 0.467564 -0.207216 0.846649 0.370147 -0.382329 0.84665 0.370148 -0.382329 0.802407 0.25436 -0.539856 0.802409 0.254377 -0.539844 0.728559 0.124991 -0.673482 0.728549 0.124957 -0.6735 0.628173 -0.0127909 -0.777969 0.62817 -0.0127971 -0.777971 0.505253 -0.153488 -0.849212 0.505247 -0.1535 -0.849213 0.335223 -0.256994 -0.90641 0.335102 -0.257198 -0.906397 0.181674 -0.387527 -0.90378 0.181866 -0.387246 -0.903861 0.0224266 -0.504024 -0.863398 0.0223963 -0.504063 -0.863376 -0.136407 -0.602293 -0.786534 -0.136473 -0.60237 -0.786464 -0.288313 -0.678032 -0.676127 -0.288295 -0.678012 -0.676155 -0.4268 -0.727833 -0.53675 -0.426821 -0.727853 -0.536706 -0.546106 -0.749605 -0.37398 -0.546097 -0.749598 -0.374005 -0.641123 -0.742321 -0.194734 -0.641128 -0.742324 -0.194704 -0.707842 -0.70634 -0.00656079 -0.707841 -0.706341 -0.00658941 -0.743573 -0.643235 0.182614 -0.743572 -0.643235 0.182616 -0.746949 -0.555785 0.364925 -0.746947 -0.555784 0.364931 -0.718026 -0.447744 0.532883 -0.718031 -0.447748 0.532873 -0.658167 -0.323615 0.679771 -0.658153 -0.323605 0.67979 -0.569933 -0.188506 0.799776 -0.569956 -0.188521 0.799756 -0.456984 -0.0478567 0.888186 -0.456973 -0.0478506 0.888192 -0.323805 0.0927392 0.941568 -0.323813 0.0927354 0.941566 -0.175713 0.227682 0.95775 -0.175719 0.22768 0.95775 -0.0185744 0.351566 0.935979 -0.018565 0.351569 0.935978 0.141282 0.459321 0.876963 0.141293 0.459324 0.87696 0.297375 0.546495 0.782887 0.297358 0.546492 0.782895 0.443182 0.609362 0.65747 0.443179 0.609363 0.657472 0.572619 0.645208 0.505781 0.572634 0.645205 0.505767 0.680199 0.652453 0.334117 0.680189 0.652458 0.334129 0.761384 0.630788 0.149669 0.761389 0.630784 0.149661 0.812816 0.581161 -0.0397823 0.812817 0.581159 -0.0397841 0.832466 0.505733 -0.226352 0.832467 0.505729 -0.226356 0.819681 0.40775 -0.402322 0.819681 0.407758 -0.402314 0.775174 0.291347 -0.560556 0.775171 0.291324 -0.560572 0.70087 0.161221 -0.69483 0.70089 0.161293 -0.694794 0.599934 0.0228244 -0.799724 0.599944 0.0228501 -0.799715 0.476386 -0.118489 -0.871216 0.476382 -0.118498 -0.871217 0.304745 -0.222015 -0.926197 0.304787 -0.221942 -0.9262 0.150972 -0.352521 -0.923546 0.150874 -0.352669 -0.923505 -0.00869387 -0.469416 -0.882935 -0.00865859 -0.469368 -0.88296 -0.167807 -0.567715 -0.805941 -0.167819 -0.56773 -0.805928 -0.320101 -0.643534 -0.695269 -0.320057 -0.643486 -0.695334 -0.458726 -0.693312 -0.555777 -0.458764 -0.69335 -0.555699 -0.578315 -0.715123 -0.392621 -0.578301 -0.71511 -0.392666 -0.673477 -0.707825 -0.213104 -0.673474 -0.707823 -0.213117 -0.740308 -0.671816 -0.0246448 -0.740309 -0.671816 -0.0246171 -0.776101 -0.608661 0.164922 -0.776103 -0.608663 0.164905 -0.779498 -0.521124 0.347582 -0.7795 -0.521126 0.347573 -0.750547 -0.412958 0.515892 -0.750547 -0.412958 0.515893 -0.690609 -0.288666 0.663123 -0.6906 -0.28866 0.663135 -0.602242 -0.153332 0.78345 -0.602229 -0.153324 0.783462 -0.489067 -0.0123897 0.872158 -0.489082 -0.0123982 0.872149 -0.355664 0.128514 0.925736 -0.355654 0.128519 0.925739 -0.207238 0.263826 0.942045 -0.207266 0.263815 0.942042 -0.0497771 0.388053 0.920292 -0.0497795 0.388053 0.920292 0.11044 0.49614 0.86119 0.110452 0.496143 0.861187 0.266935 0.583613 0.766904 0.266931 0.583612 0.766906 0.41312 0.646698 0.641182 0.413119 0.646698 0.641182 0.542904 0.682674 0.489092 0.542901 0.682675 0.489094 0.650771 0.689951 0.316962 0.650767 0.689953 0.316967 0.732167 0.668206 0.132029 0.732169 0.668205 0.132026 0.783726 0.618401 -0.057915 0.783728 0.618398 -0.0579198 0.803408 0.542711 -0.24495 0.803409 0.54271 -0.244951 0.790565 0.444435 -0.42129 0.790568 0.444398 -0.421324 0.745887 0.327582 -0.579951 0.745895 0.327663 -0.579895 0.671403 0.19725 -0.714361 0.671381 0.197163 -0.714405 0.570194 0.058425 -0.81943 0.570186 0.0584016 -0.819437 0.446283 -0.0832649 -0.89101 0.446311 -0.0832064 -0.891001 0.273605 -0.186413 -0.943605 0.273581 -0.186456 -0.943604 0.119904 -0.316833 -0.940872 0.119882 -0.316866 -0.940863 -0.0398428 -0.433644 -0.900203 -0.0397725 -0.433549 -0.900252 -0.198811 -0.531743 -0.82324 -0.198783 -0.531708 -0.823269 -0.350887 -0.607366 -0.71273 -0.350945 -0.60743 -0.712648 -0.489484 -0.657151 -0.5732 -0.489451 -0.657118 -0.573265 -0.608932 -0.678875 -0.410281 -0.608943 -0.678884 -0.410249 -0.704006 -0.671612 -0.230895 -0.704008 -0.671614 -0.230887 -0.770787 -0.635669 -0.042564 -0.770786 -0.635669 -0.0425872 -0.806566 -0.57262 0.146826 -0.806565 -0.572619 0.146834 -0.809978 -0.48523 0.329373 -0.809974 -0.485227 0.329389 -0.78107 -0.377202 0.497643 -0.781076 -0.377207 0.49763 -0.721217 -0.253054 0.644833 -0.721214 -0.253053 0.644836 -0.632944 -0.117825 0.765179 -0.632946 -0.117826 0.765177 -0.519877 0.023043 0.85393 -0.519873 0.0230454 0.853933 -0.38655 0.163923 0.907584 -0.386565 0.163916 0.907579 -0.238243 0.299222 0.923962 -0.238215 0.299234 0.923966 -0.0808156 0.423496 0.902286 -0.0808104 0.423498 0.902285 0.0793849 0.531662 0.843228 0.0793623 0.531657 0.843234 0.235823 0.619198 0.748987 0.23584 0.6192 0.74898 0.382025 0.682345 0.623267 0.382027 0.682345 0.623266 0.511816 0.71836 0.471173 0.511822 0.718358 0.471168 0.619706 0.725642 0.299012 0.619701 0.725644 0.299017 0.701105 0.703875 0.114069 0.701107 0.703873 0.114066 0.752667 0.654012 -0.0758991 0.752661 0.65402 -0.0758868 0.772326 0.578283 -0.26287 0.772336 0.578256 -0.262901 0.759465 0.47987 -0.439247 0.759459 0.479922 -0.4392 0.714772 0.363106 -0.597709 0.714762 0.363 -0.597785 0.640228 0.232541 -0.732143 0.640251 0.232639 -0.732091 0.538993 0.0938383 -0.837067 0.538999 0.0938539 -0.837061 0.415072 -0.0477782 -0.908533 0.415074 -0.0477738 -0.908532 0.241883 -0.150645 -0.95854 0.241922 -0.150576 -0.958541 0.088592 -0.280581 -0.955733 0.0886334 -0.280519 -0.955747 -0.0705389 -0.396819 -0.915183 -0.070616 -0.396921 -0.915132 -0.229074 -0.494672 -0.838347 -0.229059 -0.494654 -0.838361 -0.380615 -0.569969 -0.728194 -0.380624 -0.569979 -0.728182 -0.518729 -0.619508 -0.589178 -0.518762 -0.61954 -0.589115 -0.637799 -0.641181 -0.426732 -0.637795 -0.641177 -0.426743 -0.73257 -0.633932 -0.247934 -0.73256 -0.633925 -0.24798 -0.799114 -0.598147 -0.0603102 -0.799116 -0.598147 -0.0602828 -0.834789 -0.535369 0.128481 -0.834788 -0.535368 0.128488 -0.838219 -0.448326 0.310473 -0.838222 -0.448329 0.31046 -0.809456 -0.340726 0.478212 -0.809445 -0.340717 0.478237 -0.749815 -0.216999 0.625051 -0.749829 -0.21701 0.62503 -0.661884 -0.0822275 0.745082 -0.661881 -0.0822253 0.745085 -0.549213 0.0582107 0.833653 -0.549201 0.0582178 0.83366 -0.416301 0.198729 0.887243 -0.416311 0.198724 0.887239 -0.268475 0.333683 0.903647 -0.268459 0.33369 0.903649 -0.111489 0.457712 0.882083 -0.1115 0.457708 0.882084 0.0482492 0.565665 0.823222 0.0482516 0.565666 0.823222 0.204277 0.653044 0.729249 0.204278 0.653045 0.729248 0.350107 0.716099 0.603844 0.3501 0.716099 0.603848 0.47957 0.752062 0.452123 0.479565 0.752063 0.452127 0.587185 0.759337 0.280395 0.587196 0.759333 0.280383 0.668409 0.737589 0.0958737 0.668396 0.737599 0.0958933 0.719826 0.687816 -0.0935934 0.719829 0.687812 -0.093599 0.739439 0.612181 -0.280116 0.739426 0.612214 -0.280077 0.726577 0.51407 -0.45587 0.726588 0.513972 -0.455964 0.681989 0.39738 -0.613988 0.681994 0.397438 -0.613944 0.607566 0.267177 -0.747984 0.607575 0.267213 -0.747964 0.506644 0.128887 -0.852467 0.506621 0.128825 -0.85249 0.383024 -0.0123901 -0.923655 0.383021 -0.0123972 -0.923657 0.209976 -0.114815 -0.970941 0.20996 -0.114842 -0.970942 0.0575432 -0.24401 -0.968064 0.0575128 -0.244054 -0.968055 -0.100758 -0.359616 -0.927644 -0.100737 -0.359589 -0.927657 -0.258337 -0.456742 -0.851263 -0.258393 -0.456805 -0.851213 -0.409213 -0.531676 -0.741529 -0.409097 -0.531558 -0.741678 -0.546416 -0.580764 -0.603442 -0.546405 -0.580754 -0.603462 -0.664754 -0.602263 -0.44202 -0.664776 -0.60228 -0.441962 -0.758996 -0.595082 -0.264201 -0.758993 -0.59508 -0.264216 -0.825148 -0.559549 -0.0776826 -0.825148 -0.559549 -0.0776886 -0.86064 -0.497187 0.110016 -0.86064 -0.497186 0.110021 -0.864091 -0.410717 0.290963 -0.864084 -0.410709 0.290994 -0.835525 -0.303777 0.45784 -0.83553 -0.303782 0.457827 -0.77628 -0.180783 0.60391 -0.776283 -0.180786 0.603905 -0.688891 -0.0467873 0.723354 -0.688891 -0.0467874 0.723354 -0.576887 0.0928996 0.811524 -0.576892 0.0928967 0.811521 -0.444768 0.232682 0.864893 -0.444741 0.232697 0.864903 -0.297701 0.367025 0.881287 -0.297745 0.367005 0.881281 -0.141641 0.490452 0.859881 -0.14161 0.490464 0.859879 0.0172959 0.597951 0.801346 0.017284 0.597947 0.801349 0.172503 0.684962 0.707863 0.172501 0.684962 0.707864 0.3176 0.747764 0.583077 0.317588 0.747764 0.583085 0.446401 0.78358 0.43212 0.446407 0.78358 0.432116 0.553476 0.790826 0.261264 0.553502 0.790818 0.261235 0.634313 0.769168 0.0776361 0.634323 0.769161 0.0776218 0.685494 0.719583 -0.110894 0.685494 0.719583 -0.110894 0.705005 0.644286 -0.296417 0.705018 0.644252 -0.296461 0.692221 0.546436 -0.471421 0.692207 0.546568 -0.471288 0.647832 0.430518 -0.628464 0.647822 0.430408 -0.62855 0.573758 0.300763 -0.761803 0.573768 0.300805 -0.761779 0.473406 0.163254 -0.865584 0.473375 0.163173 -0.865616 0.350353 0.0226357 -0.936344 0.350362 0.0226538 -0.93634 0.541839 0.809554 0.225906 0.486063 0.81743 0.309114 0.417073 0.809055 0.414102 0.417013 0.809063 0.414147 0.289063 0.773452 0.564105 0.289059 0.773452 0.564107 0.14489 0.710996 0.688107 0.14489 0.710996 0.688107 -0.0093144 0.624475 0.780989 -0.00933769 0.624469 0.780994 -0.167209 0.51759 0.839132 -0.167188 0.517597 0.839131 -0.322234 0.394898 0.860361 -0.322252 0.394891 0.860357 -0.468298 0.261372 0.844027 -0.468293 0.261375 0.844029 -0.599501 0.122473 0.790948 -0.599505 0.122471 0.790946 -0.710709 -0.0162944 0.703297 -0.710699 -0.0162884 0.703308 -0.797456 -0.149378 0.584594 -0.797449 -0.149373 0.584604 -0.856246 -0.271503 0.439464 -0.856255 -0.27151 0.439442 -0.884569 -0.377661 0.273695 -0.884574 -0.377665 0.273673 -0.881114 -0.463474 0.0939706 -0.881112 -0.463472 0.0939974 -0.845847 -0.525356 -0.0924304 -0.845849 -0.525357 -0.0924128 -0.780145 -0.56062 -0.277631 -0.780144 -0.560619 -0.277634 -0.686555 -0.567754 -0.4542 -0.686552 -0.567752 -0.454207 -0.569057 -0.546417 -0.614495 -0.569096 -0.54646 -0.61442 -0.432839 -0.497689 -0.751636 -0.432758 -0.497591 -0.751747 -0.283032 -0.423292 -0.860649 -0.283038 -0.423302 -0.860642 -0.126541 -0.326882 -0.936555 -0.126541 -0.326882 -0.936555 0.0307019 -0.212116 -0.976762 0.0307175 -0.21209 -0.976767 0.182129 -0.0838187 -0.979696 0.182063 -0.0839491 -0.979697 0.321625 0.0526766 -0.945401 0.321737 0.0529471 -0.945348 0.443849 0.192436 -0.875195 0.443773 0.192185 -0.875289 0.543622 0.329035 -0.772147 0.543638 0.329123 -0.772098 0.617243 0.458007 -0.639719 0.617243 0.457991 -0.639731 0.661319 0.573281 -0.483742 0.66131 0.573332 -0.483694 0.674036 0.670564 -0.30987 0.674059 0.670513 -0.30993 0.654658 0.74543 -0.125527 0.654658 0.74543 -0.125526 0.603791 0.794742 0.0618137 0.603792 0.794742 0.0618129 0.523459 0.816279 0.244294 -0.615422 0.703553 -0.355344 -0.615534 0.703565 -0.355125 -0.615397 0.703543 -0.355407 -0.615427 0.703543 -0.355355 -0.615464 0.703549 -0.355278 -0.615445 0.703549 -0.355311 -0.615441 0.703548 -0.355319 -0.615435 0.703548 -0.35533 -0.615454 0.703551 -0.355291 -0.615426 0.703551 -0.355341 -0.615416 0.70355 -0.35536 -0.615457 0.70355 -0.355289 -0.61542 0.703544 -0.355365 -0.615406 0.703544 -0.35539 -0.615472 0.703555 -0.355253 -0.61565 0.703554 -0.354946 -0.615365 0.703544 -0.355459 -0.615569 0.703332 -0.355527 -0.615437 0.703553 -0.355317 -0.615416 0.703558 -0.355343 -0.615466 0.703542 -0.355289 -0.615436 0.703553 -0.35532 -0.615251 0.703663 -0.355422 -0.615113 0.703736 -0.355515 -0.615514 0.703502 -0.355285 -0.61549 0.703519 -0.355293 -0.615488 0.70352 -0.355294 -0.615378 0.703586 -0.355355 -0.615461 0.703541 -0.355299 -0.615422 0.70356 -0.35533 0.355383 -0.703555 0.615397 0.355717 -0.703557 0.615202 0.355423 -0.703557 0.615372 0.355283 -0.703545 0.615466 0.355188 -0.703545 0.615521 0.355336 -0.703558 0.615421 0.35532 -0.703558 0.61543 0.355267 -0.703553 0.615466 0.355396 -0.703553 0.615391 0.355355 -0.70355 0.615419 0.355319 -0.70355 0.61544 0.355291 -0.703547 0.615459 0.355277 -0.703547 0.615467 0.355348 -0.703553 0.615419 0.355328 -0.703553 0.615431 0.355286 -0.70355 0.615459 0.355524 -0.703554 0.615317 0.35538 -0.703518 0.61544 0.355386 -0.703515 0.615441 0.355326 -0.703551 0.615434 0.355311 -0.703543 0.615453 0.355279 -0.703471 0.615553 0.355363 -0.703597 0.615361 0.355249 -0.703591 0.615433 0.355319 -0.703549 0.61544 0.355304 -0.703537 0.615462 0.355316 -0.70355 0.615442 0.355377 -0.703612 0.615335 0.355281 -0.703536 0.615478 0.355368 -0.703587 0.615368 0.275548 0.566126 0.776901 0.388064 0.573297 0.721621 0.450961 0.57733 0.68068 0.473438 0.571861 0.669949 0.61274 0.551934 0.565614 0.612756 0.551926 0.565604 0.750227 0.503044 0.429076 0.750237 0.503036 0.429068 0.859279 0.42863 0.279135 0.859259 0.428655 0.279158 0.935237 0.332145 0.122521 0.93526 0.332096 0.122481 0.97551 0.217154 -0.0349938 0.975506 0.217175 -0.0349788 0.978422 0.0887192 -0.186599 0.978427 0.0888751 -0.186501 0.944117 -0.0478137 -0.326125 0.944028 -0.0481958 -0.326325 0.873811 -0.187799 -0.448538 0.873884 -0.187625 -0.448467 0.770471 -0.32478 -0.548537 0.770545 -0.32466 -0.548504 0.638082 -0.453625 -0.622155 0.638026 -0.453693 -0.622162 0.481807 -0.569137 -0.666292 0.481785 -0.569157 -0.666291 0.307845 -0.666456 -0.67902 0.307865 -0.666441 -0.679025 0.123227 -0.741442 -0.659605 0.12323 -0.74144 -0.659607 -0.064317 -0.7908 -0.608686 -0.0643183 -0.790801 -0.608685 -0.246987 -0.812357 -0.528275 -0.246964 -0.812351 -0.528294 -0.416988 -0.805135 -0.421756 -0.417042 -0.80514 -0.421694 -0.567186 -0.769486 -0.293583 -0.567173 -0.769488 -0.293603 -0.691306 -0.706974 -0.149278 -0.69131 -0.706972 -0.149268 -0.784299 -0.620362 0.00511611 -0.784304 -0.620356 0.0051355 -0.842507 -0.513376 0.16318 -0.842507 -0.513378 0.163174 -0.863766 -0.39053 0.318424 -0.863768 -0.390535 0.318415 -0.847426 -0.256873 0.464635 -0.847427 -0.256875 0.464632 -0.794298 -0.117828 0.595992 -0.794287 -0.117816 0.59601 -0.706554 0.0211013 0.707345 -0.706555 0.0211004 0.707343 -0.587696 0.154365 0.79422 -0.587724 0.15435 0.794202 -0.442423 0.276626 0.853076 -0.442395 0.276637 0.853087 -0.276474 0.382913 0.881442 -0.27643 0.382925 0.881451 -0.0965034 0.468855 0.877987 -0.0965417 0.46885 0.877986 0.0900736 0.530814 0.842688 0.0900973 0.530815 0.842685 0.275578 0.566122 0.776893 0.757991 -0.291465 -0.583522 0.757964 -0.29151 -0.583534 0.624678 -0.421138 -0.657586 0.624592 -0.42125 -0.657597 0.467064 -0.537533 -0.702075 0.467149 -0.537448 -0.702084 0.291943 -0.635362 -0.714902 0.291942 -0.635363 -0.714901 0.106054 -0.710794 -0.695359 0.106037 -0.710804 -0.695351 -0.0828302 -0.760457 -0.644084 -0.0828073 -0.760446 -0.6441 -0.266684 -0.782128 -0.563165 -0.266718 -0.782139 -0.563134 -0.437883 -0.774881 -0.45587 -0.437873 -0.774879 -0.455883 -0.589097 -0.739011 -0.326844 -0.5891 -0.739011 -0.32684 -0.714063 -0.676136 -0.181531 -0.714069 -0.676134 -0.181517 -0.807717 -0.588996 -0.0260316 -0.807716 -0.588996 -0.0260323 -0.866361 -0.481336 0.133168 -0.866361 -0.481338 0.133163 -0.887814 -0.357693 0.289556 -0.887816 -0.3577 0.289541 -0.871421 -0.223174 0.436828 -0.871412 -0.22316 0.436853 -0.817973 -0.083148 0.569216 -0.817974 -0.0831495 0.569214 -0.729656 0.0568027 0.681451 -0.729672 0.0567921 0.681435 -0.610018 0.191051 0.769011 -0.610009 0.191056 0.769017 -0.463716 0.314259 0.828377 -0.463705 0.314263 0.828382 -0.296548 0.42142 0.857009 -0.296554 0.421419 0.857008 -0.115251 0.508078 0.853565 -0.115236 0.50808 0.853566 0.0727708 0.570558 0.818027 0.0727699 0.570558 0.818027 0.259761 0.606182 0.75171 0.259707 0.606189 0.751723 0.437778 0.613399 0.657337 0.437861 0.613374 0.657305 0.599492 0.591839 0.538828 0.599492 0.591839 0.538828 0.738084 0.542496 0.401162 0.738017 0.542549 0.401214 0.847839 0.467532 0.250164 0.847866 0.467499 0.250135 0.924377 0.370155 0.0922664 0.924341 0.370229 0.0923245 0.964821 0.254421 -0.0662579 0.964846 0.254307 -0.0663365 0.967689 0.124854 -0.219065 0.967689 0.124892 -0.219042 0.932988 -0.0128342 -0.359678 0.933029 -0.0126324 -0.359578 0.862134 -0.153485 -0.482875 0.862109 -0.153548 -0.482899 0.743495 -0.257075 -0.617355 0.743454 -0.257151 -0.617373 0.609277 -0.387482 -0.691838 0.609426 -0.387279 -0.691819 0.451205 -0.504004 -0.736474 0.451071 -0.504146 -0.736459 0.275082 -0.602373 -0.749317 0.275133 -0.602331 -0.749333 0.0884227 -0.67802 -0.729706 0.0884137 -0.678026 -0.729701 -0.10129 -0.727852 -0.678212 -0.101295 -0.727855 -0.678208 -0.285946 -0.749605 -0.596931 -0.285935 -0.749601 -0.596941 -0.457877 -0.742321 -0.489192 -0.457871 -0.74232 -0.489199 -0.609719 -0.706339 -0.359622 -0.609731 -0.706339 -0.359603 -0.735255 -0.643242 -0.213636 -0.735248 -0.643244 -0.213653 -0.829333 -0.555793 -0.0574512 -0.829333 -0.555793 -0.0574497 -0.888276 -0.447726 0.102503 -0.888275 -0.447731 0.10249 -0.909875 -0.32363 0.259597 -0.90987 -0.323613 0.259637 -0.893464 -0.188517 0.407656 -0.89347 -0.188526 0.407638 -0.839847 -0.0478578 0.54071 -0.839854 -0.0478647 0.540698 -0.751202 0.0927463 0.653524 -0.751195 0.0927509 0.653531 -0.631031 0.227691 0.741591 -0.631048 0.227682 0.741579 -0.484084 0.351559 0.801292 -0.484086 0.351558 0.801291 -0.316125 0.459324 0.830112 -0.316119 0.459326 0.830114 -0.133902 0.5465 0.826685 -0.133922 0.546498 0.826683 0.0550567 0.609362 0.790978 0.0550641 0.609362 0.790978 0.243024 0.645215 0.724318 0.243028 0.645215 0.724317 0.421997 0.652469 0.629447 0.421986 0.652472 0.629451 0.584514 0.630814 0.510311 0.584538 0.630802 0.510298 0.723779 0.581191 0.371969 0.723842 0.581142 0.371924 0.834136 0.50571 0.220171 0.83414 0.505704 0.220166 0.91103 0.407741 0.0614131 0.911004 0.407793 0.0614522 0.951599 0.291329 -0.0979135 0.951576 0.291423 -0.0978509 0.954383 0.161369 -0.251224 0.954387 0.161151 -0.25135 0.919427 0.0227672 -0.392602 0.919428 0.0227764 -0.392598 0.848169 -0.118557 -0.516288 0.848164 -0.118572 -0.516294 0.72706 -0.221914 -0.649722 0.727016 -0.221996 -0.649742 0.59249 -0.352557 -0.724334 0.59246 -0.352599 -0.724337 0.43399 -0.469353 -0.769 0.434038 -0.4693 -0.769005 0.257577 -0.567725 -0.781884 0.257546 -0.567752 -0.781875 0.070511 -0.64349 -0.7622 0.0705357 -0.643473 -0.762212 -0.119499 -0.693336 -0.710637 -0.119513 -0.693343 -0.710628 -0.304498 -0.71511 -0.629205 -0.304487 -0.715106 -0.629215 -0.476685 -0.707822 -0.521305 -0.476702 -0.707825 -0.521285 -0.628811 -0.671818 -0.391482 -0.628805 -0.671818 -0.39149 -0.75459 -0.608655 -0.24522 -0.754578 -0.608659 -0.245247 -0.848844 -0.521136 -0.0887693 -0.848848 -0.521133 -0.0887557 -0.907943 -0.412946 0.0715177 -0.907944 -0.412942 0.0715297 -0.929645 -0.288655 0.228995 -0.929648 -0.288668 0.228966 -0.913289 -0.153334 0.377349 -0.913281 -0.153323 0.377372 -0.859632 -0.012395 0.510763 -0.85963 -0.0123927 0.510767 -0.770874 0.128525 0.623886 -0.770871 0.128528 0.62389 -0.6505 0.263824 0.712212 -0.650502 0.263824 0.712211 -0.503254 0.388048 0.77211 -0.503264 0.388045 0.772105 -0.334942 0.496145 0.801033 -0.334936 0.496146 0.801035 -0.152296 0.583607 0.797627 -0.152274 0.58361 0.797629 0.037193 0.646693 0.761843 0.0371686 0.646693 0.761844 0.225622 0.682674 0.695019 0.225634 0.682672 0.695016 0.405098 0.689943 0.599895 0.405095 0.689944 0.599896 0.568059 0.668196 0.480441 0.568047 0.668201 0.480447 0.707741 0.618366 0.341652 0.707655 0.618431 0.341712 0.818169 0.542797 0.189661 0.81828 0.542667 0.189553 0.895364 0.444303 0.0302957 0.895306 0.444415 0.0303792 0.935909 0.327667 -0.12926 0.935919 0.327628 -0.129286 0.938647 0.197339 -0.282842 0.938649 0.197266 -0.282884 0.903462 0.0582785 -0.424688 0.903485 0.0584236 -0.424619 0.831972 -0.0832269 -0.54854 0.831981 -0.0832002 -0.54853 0.708745 -0.18645 -0.68038 0.708782 -0.186377 -0.680361 0.574244 -0.316843 -0.754887 0.574216 -0.316883 -0.754892 0.415727 -0.433546 -0.799506 0.415751 -0.433519 -0.799508 0.239423 -0.531764 -0.812345 0.239433 -0.531755 -0.812348 0.0525101 -0.607377 -0.792677 0.0524927 -0.607389 -0.792668 -0.137362 -0.657155 -0.741133 -0.137362 -0.657155 -0.741134 -0.322198 -0.678883 -0.659777 -0.3222 -0.678884 -0.659775 -0.494234 -0.671615 -0.551966 -0.494232 -0.671614 -0.551968 -0.646246 -0.635666 -0.42225 -0.646237 -0.635666 -0.422263 -0.771905 -0.57263 -0.276146 -0.771924 -0.572625 -0.276106 -0.866143 -0.485242 -0.11974 -0.866138 -0.485246 -0.119758 -0.925247 -0.377204 0.0404324 -0.925248 -0.3772 0.0404434 -0.947006 -0.253035 0.19787 -0.947008 -0.253041 0.197854 -0.930738 -0.11784 0.346179 -0.930737 -0.117838 0.346182 -0.87719 0.0230421 0.479589 -0.877197 0.0230362 0.479579 -0.788554 0.163925 0.592715 -0.788555 0.163925 0.592713 -0.668302 0.299223 0.681056 -0.668287 0.299231 0.681067 -0.521112 0.423511 0.741 -0.521131 0.423503 0.740991 -0.352888 0.531656 0.769943 -0.352877 0.531659 0.769946 -0.17025 0.6192 0.766555 -0.170265 0.619198 0.766553 0.0191933 0.682346 0.730777 0.0192208 0.682346 0.730776 0.207669 0.718359 0.663953 0.207665 0.71836 0.663954 0.387175 0.725644 0.568803 0.387158 0.725649 0.568809 0.550187 0.703866 0.449295 0.550125 0.703896 0.449325 0.689759 0.654041 0.310585 0.689817 0.653999 0.310546 0.800223 0.578347 0.158612 0.800245 0.578322 0.158591 0.877341 0.479868 -0.000695197 0.877387 0.479783 -0.000758708 0.917893 0.363026 -0.160267 0.917883 0.363061 -0.160244 0.92052 0.232538 -0.313958 0.920506 0.232777 -0.31382 0.885299 0.0939 -0.455444 0.88527 0.0936955 -0.455543 0.813744 -0.0477812 -0.579256 0.813739 -0.0477987 -0.579262 0.688746 -0.150661 -0.709176 0.688771 -0.150611 -0.709162 0.554648 -0.280554 -0.783361 0.55463 -0.280581 -0.783365 0.396557 -0.396838 -0.827806 0.396554 -0.396842 -0.827805 0.2208 -0.494675 -0.840561 0.220792 -0.494683 -0.840559 0.0344466 -0.569997 -0.820925 0.0344772 -0.569976 -0.820938 -0.154741 -0.619529 -0.76957 -0.154762 -0.619541 -0.769557 -0.338964 -0.641173 -0.688477 -0.338967 -0.641174 -0.688474 -0.510435 -0.633934 -0.581019 -0.510419 -0.633931 -0.581038 -0.6619 -0.598147 -0.451785 -0.661919 -0.598147 -0.451757 -0.787188 -0.535374 -0.306119 -0.787178 -0.535377 -0.306141 -0.881155 -0.448326 -0.150235 -0.88115 -0.448329 -0.15025 -0.940117 -0.340721 0.00941892 -0.940119 -0.340715 0.00943761 -0.961886 -0.216994 0.166402 -0.961885 -0.216989 0.166412 -0.945743 -0.0822148 0.314342 -0.945754 -0.0822339 0.314304 -0.892461 0.0582153 0.447352 -0.892453 0.0582241 0.447367 -0.804165 0.198716 0.560206 -0.804156 0.198723 0.560217 -0.684325 0.333685 0.648347 -0.684313 0.333692 0.648356 -0.537602 0.457704 0.70816 -0.537581 0.457713 0.708171 -0.369826 0.565654 0.737065 -0.369841 0.56565 0.73706 -0.187685 0.653053 0.733687 -0.187701 0.65305 0.733685 0.00127997 0.7161 0.697997 0.00125486 0.716099 0.697997 0.189243 0.752065 0.631337 0.189262 0.752062 0.631334 0.368326 0.759335 0.53642 0.368335 0.759333 0.536417 0.530914 0.737592 0.417238 0.530957 0.737573 0.417218 0.670195 0.687797 0.27888 0.670195 0.687797 0.27888 0.780436 0.612167 0.127165 0.780338 0.612273 0.127256 0.857191 0.51403 -0.0315546 0.857228 0.513967 -0.0316041 0.897598 0.39744 -0.190678 0.89762 0.397369 -0.190727 0.900184 0.267207 -0.343903 0.900187 0.267157 -0.343933 0.86499 0.128725 -0.484998 0.865004 0.128833 -0.484943 0.79355 -0.012387 -0.608379 0.793547 -0.012395 -0.608382 0.667274 -0.114844 -0.735906 0.667281 -0.114828 -0.735901 0.533854 -0.243987 -0.809611 0.533864 -0.243973 -0.809609 0.376607 -0.359535 -0.853758 0.376604 -0.359538 -0.853757 0.201824 -0.456746 -0.866401 0.201816 -0.456753 -0.866399 0.0165202 -0.531576 -0.84685 0.0165175 -0.531577 -0.846849 -0.171573 -0.580787 -0.795769 -0.171567 -0.580784 -0.795773 -0.354716 -0.602273 -0.715153 -0.354711 -0.602272 -0.715157 -0.525173 -0.595082 -0.608334 -0.525176 -0.595082 -0.608331 -0.675765 -0.559543 -0.479847 -0.67576 -0.559543 -0.479854 -0.800334 -0.49719 -0.335063 -0.800348 -0.497186 -0.335037 -0.893819 -0.410703 -0.180028 -0.893816 -0.410706 -0.180039 -0.952512 -0.303759 -0.0212459 -0.952508 -0.30377 -0.0212772 -0.974235 -0.180801 0.134821 -0.974233 -0.180785 0.134858 -0.958269 -0.04677 0.282016 -0.958269 -0.0467699 0.282017 -0.905361 0.0928973 0.414358 -0.905363 0.0928944 0.414353 -0.817615 0.232694 0.526648 -0.817626 0.232686 0.526636 -0.698503 0.366996 0.614336 -0.69849 0.367003 0.614346 -0.552568 0.490472 0.673873 -0.552588 0.490464 0.673863 -0.385712 0.597949 0.702626 -0.385713 0.597948 0.702626 -0.204539 0.684966 0.699275 -0.204513 0.68497 0.699278 -0.0164957 0.74776 0.663765 -0.0165006 0.74776 0.663765 0.170542 0.783576 0.597432 0.17053 0.783577 0.597434 0.348727 0.790823 0.502979 0.348731 0.790822 0.502978 0.510518 0.769167 0.384388 0.51052 0.769166 0.384387 0.649097 0.719587 0.246714 0.6491 0.719585 0.246712 0.75879 0.644259 0.0957494 0.758773 0.644276 0.0957658 0.835152 0.546501 -0.0621164 0.835137 0.546526 -0.0620959 0.87529 0.430444 -0.220423 0.875276 0.430487 -0.220391 0.87778 0.300898 -0.372777 0.877781 0.300883 -0.372787 0.842717 0.163156 -0.513039 0.842707 0.163084 -0.513077 0.771604 0.0227065 -0.635698 0.771594 0.0226768 -0.635711 0.356389 0.809536 0.466517 0.266022 0.817437 0.510909 0.154137 0.809072 0.567137 0.154146 0.809071 0.567136 -0.0317247 0.77345 0.633063 -0.0317385 0.77345 0.633062 -0.218574 0.711 0.66836 -0.218575 0.711 0.66836 -0.398578 0.62447 0.671694 -0.398593 0.624466 0.671689 -0.56434 0.517618 0.643112 -0.56433 0.517621 0.643117 -0.709283 0.394865 0.583952 -0.709262 0.394876 0.58397 -0.827559 0.261378 0.496818 -0.82757 0.26137 0.496804 -0.914657 0.12247 0.385233 -0.914652 0.122475 0.385243 -0.967134 -0.016283 0.253744 -0.96714 -0.0162931 0.25372 -0.982914 -0.149403 0.107511 -0.982913 -0.149394 0.107537 -0.961267 -0.271491 -0.0475173 -0.961265 -0.271496 -0.0475357 -0.902922 -0.377643 -0.205227 -0.902911 -0.377649 -0.205263 -0.810042 -0.463477 -0.359195 -0.810057 -0.463475 -0.359165 -0.686317 -0.525357 -0.50296 -0.686332 -0.525359 -0.502938 -0.536768 -0.560629 -0.630536 -0.536766 -0.560628 -0.630539 -0.36751 -0.567761 -0.736603 -0.367502 -0.567758 -0.736609 -0.185657 -0.546436 -0.816663 -0.185668 -0.546443 -0.816656 0.00112558 -0.49761 -0.8674 0.001139 -0.4976 -0.867406 0.185157 -0.423348 -0.886845 0.185153 -0.423351 -0.886844 0.358766 -0.32686 -0.874328 0.358765 -0.326862 -0.874328 0.514985 -0.212137 -0.830535 0.514981 -0.212143 -0.830536 0.64756 -0.0838887 -0.757383 0.647562 -0.0838845 -0.757382 0.751261 0.0527347 -0.657896 0.751258 0.0527256 -0.657899 0.821981 0.19226 -0.536082 0.821979 0.192239 -0.536092 0.856876 0.32914 -0.396775 0.856873 0.329165 -0.396761 0.85443 0.457928 -0.245461 0.854435 0.457914 -0.24547 0.814575 0.573313 -0.0882061 0.814583 0.573299 -0.0882163 0.738711 0.670519 0.0686331 0.738683 0.670548 0.0686561 0.629706 0.745437 0.218619 0.629722 0.745426 0.21861 0.491997 0.79474 0.355426 0.491978 0.794748 0.355434 0.33121 0.816281 0.47327 -0.355291 0.703548 -0.615458 -0.355334 0.703548 -0.615434 -0.355331 0.703547 -0.615436 -0.355318 0.703547 -0.615443 -0.355344 0.70355 -0.615425 -0.355342 0.70355 -0.615427 -0.355303 0.703546 -0.615453 -0.355321 0.703546 -0.615443 -0.355318 0.703546 -0.615444 -0.355316 0.703546 -0.615445 -0.355315 0.703546 -0.615446 -0.355301 0.703546 -0.615454 -0.355316 0.703547 -0.615444 -0.355328 0.703547 -0.615438 -0.355529 0.703565 -0.615301 -0.35533 0.70355 -0.615433 -0.355331 0.703551 -0.615431 -0.355324 0.703548 -0.615439 -0.355326 0.703549 -0.615437 -0.355328 0.703549 -0.615435 -0.355307 0.703547 -0.615449 -0.355207 0.703644 -0.615396 -0.355329 0.703547 -0.615437 -0.355322 0.703546 -0.615443 -0.355313 0.703543 -0.615451 -0.3553 0.703552 -0.615448 -0.355382 0.703625 -0.615317 -0.355332 0.703551 -0.615431 -0.355306 0.703546 -0.615451 -0.355371 0.703552 -0.615407 -4.73468e-05 -0.703533 0.710663 -3.05703e-06 -0.703565 0.710631 8.08362e-06 -0.703525 0.710671 4.77656e-07 -0.70354 0.710656 4.5034e-06 -0.703569 0.710627 -4.50363e-06 -0.703537 0.710659 -1.82472e-06 -0.703556 0.71064 0.000180517 -0.703581 0.710615 0 -0.703543 0.710653 0 -0.703547 0.710649 0 -0.703547 0.710649 0 -0.703562 0.710634 5.55649e-07 -0.703543 0.710653 -6.68425e-06 -0.703568 0.710628 0 -0.70352 0.710675 2.68327e-06 -0.703542 0.710653 2.54754e-07 -0.703551 0.710645 -7.0913e-05 -0.70343 0.710765 0 -0.703485 0.71071 0 -0.703485 0.71071 0 -0.703689 0.710508 0 -0.703565 0.710631 -8.22069e-07 -0.703559 0.710637 1.10626e-06 -0.703565 0.71063 0 -0.703558 0.710638 7.0943e-05 -0.703429 0.710765 -9.05844e-06 -0.703567 0.710629 3.91389e-06 -0.703537 0.710659 2.46551e-06 -0.703542 0.710654 -4.8411e-06 -0.703559 0.710637 0.94401 -0.319445 -0.0824665 0.943999 -0.319473 -0.0824814 0.870855 -0.444914 -0.208958 0.870937 -0.444785 -0.208893 0.764248 -0.558146 -0.323107 0.764154 -0.558248 -0.323152 0.627932 -0.654896 -0.420492 0.627961 -0.654873 -0.420483 0.467042 -0.731157 -0.497274 0.466983 -0.73119 -0.497281 0.287861 -0.783814 -0.550247 0.287869 -0.783811 -0.550247 0.0972339 -0.810709 -0.577319 0.0972414 -0.810707 -0.57732 -0.0972614 -0.810705 -0.577319 -0.0972414 -0.810703 -0.577325 -0.287816 -0.783808 -0.550279 -0.28787 -0.783806 -0.550253 -0.467066 -0.731149 -0.497264 -0.467102 -0.731142 -0.49724 -0.627904 -0.654916 -0.420502 -0.627897 -0.654919 -0.420509 -0.764202 -0.55821 -0.323107 -0.764215 -0.558202 -0.32309 -0.870876 -0.444893 -0.208915 -0.870876 -0.444893 -0.208915 -0.944037 -0.319388 -0.082376 -0.944032 -0.319398 -0.0823949 -0.981097 -0.18648 0.051701 -0.981097 -0.186483 0.0516966 -0.980778 -0.0511653 0.188302 -0.980778 -0.0511651 0.188302 -0.943129 0.0814746 0.322289 -0.943123 0.0814833 0.322305 -0.869504 0.206514 0.448682 -0.869507 0.206512 0.448677 -0.762594 0.319196 0.562641 -0.762579 0.319203 0.562657 -0.626296 0.415215 0.65981 -0.626315 0.41521 0.659795 -0.465669 0.490844 0.736359 -0.465707 0.49084 0.736338 -0.286912 0.543021 0.789183 -0.286948 0.543023 0.789169 -0.0969178 0.569649 0.816154 -0.0968967 0.569645 0.816159 0.0968903 0.569646 0.816159 0.0968966 0.569644 0.81616 0.286958 0.543 0.789181 0.286946 0.543006 0.789181 0.465645 0.490849 0.736371 0.465589 0.490886 0.736382 0.626327 0.415218 0.65978 0.626378 0.415171 0.65976 0.762635 0.319161 0.562604 0.762525 0.319303 0.562673 0.86949 0.206591 0.448674 0.86956 0.206453 0.448601 0.943099 0.081554 0.322355 0.943092 0.0815802 0.32237 0.980789 -0.0512107 0.188231 0.980797 -0.0513625 0.188146 0.981101 -0.186441 0.0517786 0.981124 -0.186294 0.0518604 0.950475 -0.287988 -0.116875 0.950445 -0.288072 -0.116917 0.87677 -0.414273 -0.244237 0.876726 -0.414347 -0.244272 0.769281 -0.528347 -0.359243 0.769352 -0.528267 -0.35921 0.63208 -0.625577 -0.457306 0.632099 -0.625561 -0.457301 0.470123 -0.702269 -0.534604 0.470122 -0.70227 -0.534605 0.289742 -0.755221 -0.587954 0.289754 -0.755216 -0.587955 0.0978784 -0.782271 -0.615201 0.0978721 -0.782272 -0.6152 -0.0978783 -0.782272 -0.6152 -0.0978997 -0.782275 -0.615193 -0.289764 -0.75523 -0.587933 -0.289707 -0.75523 -0.58796 -0.470156 -0.70226 -0.534589 -0.470145 -0.702261 -0.534596 -0.632067 -0.62558 -0.45732 -0.632071 -0.625578 -0.457316 -0.769324 -0.528287 -0.35924 -0.769312 -0.528294 -0.359256 -0.876751 -0.414285 -0.244285 -0.876755 -0.414282 -0.244279 -0.950475 -0.287991 -0.116872 -0.950478 -0.287985 -0.11686 -0.987871 -0.154208 0.0181653 -0.987871 -0.15421 0.0181617 -0.987637 -0.0179791 0.155726 -0.987636 -0.017976 0.155732 -0.949804 0.115618 0.290697 -0.949811 0.115609 0.290678 -0.875742 0.241572 0.417994 -0.875745 0.24157 0.417989 -0.768145 0.355099 0.532784 -0.768132 0.355104 0.532798 -0.63087 0.451899 0.630706 -0.630895 0.451893 0.630686 -0.46915 0.528115 0.707808 -0.469115 0.528118 0.707829 -0.289075 0.580713 0.761057 -0.289048 0.580712 0.761068 -0.09763 0.607574 0.78824 -0.0976421 0.607576 0.788237 0.09763 0.607577 0.788238 0.0976145 0.607582 0.788236 0.289054 0.580731 0.761052 0.289095 0.580711 0.761051 0.469117 0.52812 0.707826 0.469092 0.528137 0.70783 0.630884 0.451898 0.630692 0.630921 0.451864 0.63068 0.768104 0.355122 0.532826 0.768169 0.355038 0.532789 0.875758 0.241506 0.417999 0.875719 0.241583 0.418036 0.949802 0.115605 0.290709 0.94978 0.115684 0.290749 0.987648 -0.0180463 0.155646 0.987646 -0.0180209 0.15566 0.987884 -0.154122 0.0182263 0.98788 -0.154145 0.0182145 0.954831 -0.25562 -0.151514 0.954847 -0.255573 -0.151492 0.880763 -0.382328 -0.279432 0.880735 -0.382376 -0.279453 0.772674 -0.496913 -0.395035 0.772711 -0.496869 -0.395018 0.634855 -0.594489 -0.4935 0.634859 -0.594486 -0.493499 0.472211 -0.671446 -0.571119 0.472168 -0.671473 -0.571123 0.291055 -0.724597 -0.624697 0.290994 -0.724624 -0.624694 0.0982759 -0.751758 -0.652075 0.0982995 -0.751751 -0.652079 -0.0983008 -0.751751 -0.652079 -0.0982995 -0.751751 -0.652079 -0.290992 -0.724608 -0.624714 -0.291017 -0.724608 -0.624701 -0.472199 -0.671466 -0.571105 -0.4722 -0.671466 -0.571104 -0.634853 -0.59451 -0.493476 -0.634844 -0.594513 -0.493485 -0.772735 -0.496869 -0.394971 -0.772748 -0.496862 -0.394954 -0.880707 -0.382427 -0.279472 -0.880712 -0.382423 -0.279463 -0.95485 -0.255592 -0.151439 -0.954844 -0.255603 -0.151461 -0.992498 -0.121234 -0.0157931 -0.992499 -0.121231 -0.0157883 -0.992353 0.0156322 0.12244 -0.992353 0.0156298 0.122435 -0.954437 0.149867 0.258052 -0.954428 0.149878 0.258075 -0.880085 0.276483 0.386014 -0.880085 0.276483 0.386014 -0.772001 0.390645 0.501409 -0.77202 0.390636 0.501386 -0.634117 0.487982 0.599808 -0.634101 0.487986 0.599822 -0.471573 0.564647 0.677342 -0.471579 0.564646 0.677338 -0.290572 0.617574 0.73087 -0.290586 0.617575 0.730863 -0.0981453 0.644593 0.7582 -0.0981421 0.644593 0.758201 0.0981204 0.644594 0.758202 0.0981422 0.644587 0.758206 0.290635 0.617545 0.730869 0.290564 0.61758 0.730868 0.471584 0.564651 0.677331 0.471548 0.564676 0.677336 0.634119 0.488002 0.59979 0.634116 0.488004 0.599791 0.771941 0.39073 0.501435 0.771982 0.390677 0.501413 0.88014 0.276431 0.385927 0.88011 0.276488 0.385953 0.954418 0.149948 0.258074 0.954431 0.149902 0.258052 0.992352 0.0156682 0.122438 0.992362 0.0155417 0.122376 0.992495 -0.121264 -0.0157961 0.992511 -0.121139 -0.0157341 0.957021 -0.22265 -0.185843 0.957038 -0.222598 -0.185818 0.882707 -0.349575 -0.314048 0.882726 -0.349541 -0.314033 0.774437 -0.464218 -0.429826 0.774338 -0.464339 -0.429871 0.636213 -0.562042 -0.528528 0.636182 -0.562069 -0.528536 0.473168 -0.639114 -0.606337 0.473176 -0.639109 -0.606337 0.291526 -0.692324 -0.660076 0.291641 -0.69227 -0.660082 0.0985067 -0.719461 -0.687512 0.0984727 -0.719472 -0.687505 -0.0985068 -0.719469 -0.687503 -0.0984978 -0.719468 -0.687506 -0.291574 -0.692302 -0.660077 -0.291577 -0.692302 -0.660076 -0.473179 -0.639091 -0.606354 -0.473166 -0.639092 -0.606363 -0.636176 -0.562042 -0.528573 -0.636183 -0.56204 -0.528566 -0.7744 -0.464263 -0.429843 -0.774401 -0.464262 -0.429841 -0.882676 -0.349623 -0.314081 -0.882672 -0.349626 -0.314089 -0.957063 -0.222545 -0.185754 -0.95706 -0.22255 -0.185764 -0.994881 -0.0879304 -0.0498021 -0.994883 -0.0879181 -0.049776 -0.994827 0.0492954 0.0888195 -0.99483 0.0492831 0.0887935 -0.95691 0.183872 0.224752 -0.956908 0.183876 0.224761 -0.882448 0.310866 0.353056 -0.882444 0.310869 0.353063 -0.77413 0.425401 0.468783 -0.774133 0.425399 0.468779 -0.635903 0.523071 0.567472 -0.635913 0.523068 0.567463 -0.472949 0.600011 0.645217 -0.472936 0.600013 0.645226 -0.291435 0.653138 0.698911 -0.291423 0.653137 0.698917 -0.0984347 0.680264 0.726328 -0.0984359 0.680264 0.726327 0.0984346 0.680264 0.726327 0.0984108 0.680272 0.726323 0.291387 0.653163 0.698907 0.291487 0.653115 0.698911 0.472938 0.599994 0.645242 0.472947 0.599988 0.645241 0.635939 0.52302 0.567479 0.635913 0.523044 0.567486 0.774165 0.425346 0.468774 0.774071 0.425467 0.46882 0.882479 0.310841 0.353 0.882497 0.310807 0.352986 0.956869 0.183971 0.224846 0.956885 0.183918 0.224821 0.994827 0.0492901 0.0888249 0.994827 0.0492873 0.0888235 0.99488 -0.0879431 -0.0497892 0.994881 -0.0879402 -0.0497879 0.957127 -0.188967 -0.219543 0.957058 -0.189196 -0.219649 0.882546 -0.31624 -0.348 0.882662 -0.316022 -0.347906 0.774415 -0.430534 -0.463596 0.774338 -0.430633 -0.463634 0.636018 -0.52838 -0.562401 0.636089 -0.528316 -0.562382 0.472982 -0.605336 -0.6402 0.473051 -0.605289 -0.640193 0.291556 -0.65843 -0.693876 0.291443 -0.658485 -0.693872 0.0984433 -0.685604 -0.721288 0.0984759 -0.685593 -0.721294 -0.0984679 -0.685594 -0.721294 -0.0984763 -0.685595 -0.721291 -0.291493 -0.658456 -0.693879 -0.291491 -0.658456 -0.69388 -0.473034 -0.605314 -0.640183 -0.473062 -0.605311 -0.640164 -0.636055 -0.528344 -0.562394 -0.636052 -0.528344 -0.562397 -0.774306 -0.430641 -0.46368 -0.774301 -0.430643 -0.463686 -0.882638 -0.316065 -0.347927 -0.882631 -0.31607 -0.347939 -0.957086 -0.189067 -0.219639 -0.957097 -0.18905 -0.219601 -0.995013 -0.0544162 -0.0835989 -0.995007 -0.0544396 -0.0836489 -0.995052 0.0827793 0.0549532 -0.995047 0.0828033 0.0550046 -0.957196 0.217464 0.191013 -0.957209 0.217444 0.190969 -0.88281 0.344517 0.319304 -0.882799 0.344525 0.319324 -0.774496 0.459174 0.435104 -0.774499 0.459173 0.435099 -0.636256 0.556953 0.533837 -0.636249 0.556955 0.533843 -0.473208 0.634007 0.611645 -0.473232 0.634004 0.611629 -0.291602 0.687217 0.665358 -0.29162 0.687217 0.665349 -0.0985111 0.714382 0.692788 -0.098499 0.714379 0.692792 0.0984865 0.71438 0.692792 0.0984989 0.714376 0.692795 0.291665 0.68719 0.665358 0.291572 0.687234 0.665354 0.473155 0.634051 0.61164 0.473221 0.634007 0.611634 0.636219 0.55698 0.533852 0.636286 0.55692 0.533835 0.774606 0.459061 0.435027 0.774536 0.459149 0.435059 0.882717 0.344645 0.319423 0.882831 0.344436 0.319334 0.957239 0.217319 0.190963 0.957168 0.217541 0.191066 0.995037 0.0828843 0.0550599 0.995047 0.0827921 0.0550159 0.994998 -0.0545331 -0.0836935 0.995007 -0.0544396 -0.0836489 0.954966 -0.155275 -0.252843 0.955001 -0.155153 -0.252785 0.880654 -0.281843 -0.380805 0.880513 -0.282118 -0.380928 0.772433 -0.396264 -0.496308 0.772566 -0.396091 -0.49624 0.634475 -0.4936 -0.594812 0.634454 -0.493619 -0.594818 0.471889 -0.570312 -0.672358 0.471794 -0.570376 -0.67237 0.290769 -0.623307 -0.725908 0.290812 -0.623285 -0.725909 0.0982165 -0.650336 -0.753271 0.0981903 -0.650345 -0.753266 -0.0982423 -0.650342 -0.753262 -0.0982149 -0.650336 -0.753271 -0.290747 -0.623299 -0.725923 -0.29075 -0.623299 -0.725922 -0.471856 -0.570334 -0.672362 -0.471845 -0.570335 -0.672369 -0.634488 -0.493608 -0.59479 -0.634491 -0.493608 -0.594788 -0.772457 -0.396206 -0.496318 -0.772458 -0.396205 -0.496317 -0.880603 -0.281956 -0.380839 -0.880602 -0.281957 -0.380841 -0.954968 -0.155283 -0.252833 -0.954963 -0.155289 -0.252846 -0.992895 -0.020955 -0.117134 -0.992898 -0.020945 -0.117113 -0.993027 0.115973 0.0211732 -0.993028 0.115963 0.0211521 -0.955341 0.250409 0.156906 -0.955335 0.250419 0.156928 -0.881164 0.377273 0.284984 -0.881167 0.37727 0.284977 -0.773121 0.49178 0.400546 -0.773112 0.491785 0.400558 -0.635152 0.58946 0.499118 -0.635158 0.589458 0.499112 -0.472411 0.666445 0.576783 -0.472415 0.666444 0.576781 -0.291122 0.719606 0.630409 -0.291122 0.719606 0.630409 -0.0983598 0.746753 0.657788 -0.0983514 0.746752 0.657791 0.0983341 0.746753 0.657792 0.0983267 0.746755 0.657791 0.291144 0.719601 0.630405 0.291185 0.719582 0.630407 0.472445 0.666416 0.576789 0.472362 0.666469 0.576796 0.635139 0.589477 0.499114 0.635121 0.589493 0.499119 0.773093 0.491818 0.400552 0.773223 0.491662 0.400493 0.881221 0.377165 0.284949 0.881071 0.377428 0.285064 0.955337 0.250445 0.15687 0.955375 0.250333 0.156818 0.993021 0.116021 0.0211985 0.993011 0.116092 0.0212334 0.992887 -0.0209666 -0.117196 0.992882 -0.0210385 -0.117231 0.950752 -0.121407 -0.285185 0.950742 -0.121444 -0.285203 0.876689 -0.247435 -0.412543 0.876684 -0.247446 -0.412548 0.768818 -0.361271 -0.527638 0.768877 -0.361194 -0.527606 0.631564 -0.458042 -0.625559 0.631513 -0.45809 -0.625575 0.469594 -0.534399 -0.702779 0.469657 -0.534357 -0.70277 0.289343 -0.587045 -0.756081 0.28938 -0.587027 -0.756081 0.0977663 -0.613926 -0.783286 0.0977461 -0.613933 -0.783283 -0.0977666 -0.613931 -0.783282 -0.0977716 -0.613932 -0.78328 -0.289374 -0.587049 -0.756066 -0.28936 -0.587048 -0.756073 -0.469606 -0.534386 -0.702782 -0.469625 -0.534384 -0.70277 -0.631537 -0.458072 -0.625565 -0.631525 -0.458075 -0.625575 -0.768899 -0.361186 -0.527578 -0.768905 -0.361183 -0.527571 -0.876618 -0.247517 -0.412645 -0.876628 -0.24751 -0.412628 -0.950745 -0.121429 -0.2852 -0.950741 -0.121434 -0.28521 -0.988591 0.0122832 -0.150121 -0.988593 0.0122875 -0.150112 -0.988812 0.148653 -0.012406 -0.988812 0.148647 -0.0124181 -0.951371 0.282542 0.122734 -0.951369 0.282546 0.122741 -0.877558 0.408961 0.250287 -0.877568 0.408951 0.250267 -0.770022 0.523057 0.365347 -0.770018 0.523059 0.365351 -0.632627 0.620429 0.463521 -0.632639 0.620425 0.463509 -0.470584 0.697159 0.540851 -0.470563 0.697163 0.540865 -0.290009 0.750159 0.59427 -0.289992 0.750159 0.594278 -0.0979511 0.777228 0.621548 -0.097979 0.777232 0.621539 0.0979509 0.777234 0.621541 0.0979533 0.777233 0.621541 0.289978 0.750178 0.594261 0.290013 0.750163 0.594263 0.470572 0.697167 0.540852 0.470596 0.697152 0.540849 0.632655 0.620412 0.463505 0.632626 0.620436 0.463512 0.769937 0.523137 0.365409 0.769993 0.523073 0.365384 0.877628 0.408862 0.250201 0.877624 0.40887 0.250205 0.95138 0.282515 0.122723 0.951368 0.282549 0.12274 0.988808 0.148677 -0.0123895 0.988807 0.148686 -0.0123847 0.988588 0.0122671 -0.150145 0.988587 0.0122542 -0.150152 0.944673 -0.0884679 -0.315859 0.944674 -0.0884624 -0.315856 0.870922 -0.213748 -0.4425 0.870998 -0.213595 -0.442424 0.763842 -0.326574 -0.556682 0.763769 -0.326671 -0.556726 0.627256 -0.422839 -0.654031 0.627367 -0.422735 -0.653992 0.46651 -0.49849 -0.730668 0.466447 -0.498533 -0.730679 0.287424 -0.550795 -0.78359 0.287394 -0.550809 -0.78359 0.0970824 -0.577481 -0.810611 0.0971041 -0.577474 -0.810614 -0.0971124 -0.577474 -0.810613 -0.0971043 -0.577472 -0.810615 -0.287338 -0.550799 -0.783618 -0.287425 -0.550803 -0.783583 -0.466539 -0.498514 -0.730634 -0.466458 -0.498521 -0.73068 -0.627329 -0.422771 -0.654005 -0.627342 -0.422768 -0.653995 -0.763844 -0.326583 -0.556675 -0.763848 -0.326581 -0.55667 -0.870941 -0.213684 -0.442495 -0.87093 -0.213692 -0.442511 -0.944656 -0.0884474 -0.315915 -0.944658 -0.0884444 -0.315909 -0.982352 0.0444192 -0.181691 -0.98235 0.0444125 -0.181704 -0.982654 0.179936 -0.0448836 -0.982653 0.179944 -0.0448695 -0.945522 0.313039 0.0894181 -0.945521 0.31304 0.0894186 -0.872225 0.438741 0.216172 -0.872224 0.438742 0.216174 -0.765392 0.552204 0.330524 -0.76539 0.552205 0.330527 -0.628869 0.649051 0.428084 -0.628851 0.649057 0.428101 -0.467805 0.725381 0.504956 -0.467795 0.725383 0.504964 -0.28823 0.778134 0.55806 -0.288297 0.778132 0.558028 -0.097397 0.80506 0.585143 -0.0973732 0.805057 0.585151 0.0973669 0.805058 0.585151 0.097373 0.805056 0.585152 0.288316 0.778112 0.558046 0.288267 0.778132 0.558043 0.467779 0.725399 0.504955 0.467782 0.725397 0.504955 0.628792 0.649102 0.42812 0.628881 0.649031 0.428097 0.765395 0.552185 0.330547 0.765306 0.552285 0.330588 0.872198 0.438783 0.216192 0.872299 0.438622 0.216116 0.945537 0.312985 0.0894375 0.945537 0.312987 0.089438 0.982675 0.179809 -0.0449259 0.982651 0.17996 -0.0448459 0.982364 0.0445029 -0.181604 0.982356 0.0443513 -0.181684 0.940009 -0.0685703 -0.334188 0.94002 -0.06833 -0.334204 0.86666 -0.192903 -0.460096 0.866621 -0.193126 -0.460077 0.759977 -0.305457 -0.5737 0.76002 -0.305318 -0.573717 0.62426 -0.400946 -0.670479 0.624119 -0.401259 -0.670423 0.464022 -0.476557 -0.74671 0.464143 -0.476354 -0.746765 0.285966 -0.528343 -0.799423 0.285958 -0.528355 -0.799418 0.0965651 -0.554899 -0.826294 0.0965857 -0.554877 -0.826307 -0.0965646 -0.554878 -0.826309 -0.0966168 -0.554924 -0.826271 -0.285974 -0.528441 -0.799355 -0.285872 -0.528364 -0.799443 -0.464123 -0.47636 -0.746774 -0.464175 -0.476394 -0.74672 -0.62421 -0.401066 -0.670454 -0.624168 -0.401043 -0.670507 -0.76003 -0.305363 -0.573679 -0.760028 -0.305362 -0.573682 -0.866628 -0.193056 -0.460093 -0.866638 -0.19306 -0.460073 -0.940035 -0.068456 -0.334139 -0.940039 -0.0684579 -0.334125 -0.977601 0.0637551 -0.200577 -0.977605 0.0637536 -0.20056 -0.977955 0.198636 -0.06441 -0.977953 0.198638 -0.0644273 -0.941034 0.33115 0.0692376 -0.941036 0.331153 0.069197 -0.868129 0.456288 0.195328 -0.868125 0.456286 0.195349 -0.761824 0.569255 0.309149 -0.761821 0.569254 0.309158 -0.625943 0.665697 0.406256 -0.625951 0.6657 0.406237 -0.465653 0.741717 0.482726 -0.465644 0.741712 0.482741 -0.286981 0.794232 0.535573 -0.286907 0.794193 0.53567 -0.0969414 0.821038 0.562583 -0.0969497 0.821043 0.562574 0.0969412 0.821043 0.562575 0.0969192 0.82106 0.562555 0.286979 0.794237 0.535566 0.286987 0.79423 0.535572 0.465536 0.741754 0.482781 0.465628 0.741658 0.48284 0.626023 0.66557 0.406339 0.625872 0.665763 0.406256 0.761755 0.569341 0.309161 0.761827 0.569225 0.309195 0.868193 0.456169 0.195321 0.868078 0.456409 0.195273 0.94097 0.331343 0.069191 0.941056 0.331092 0.0692251 0.977983 0.198443 -0.064568 0.977946 0.198621 -0.0645847 0.977607 0.0640027 -0.200471 0.977621 0.063821 -0.200458 2.68486e-05 0.703548 -0.710648 -1.24565e-05 0.703535 -0.71066 -2.8941e-05 0.703537 -0.710659 1.32745e-05 0.703553 -0.710643 -5.77469e-06 0.70355 -0.710646 -1.52929e-05 0.703551 -0.710645 3.47643e-05 0.703541 -0.710655 -4.3945e-05 0.703553 -0.710643 -0.00023498 0.703553 -0.710643 -7.82798e-06 0.70355 -0.710646 2.89016e-05 0.703545 -0.710651 -1.71529e-05 0.703555 -0.710641 0 0.703524 -0.710671 2.44547e-05 0.703567 -0.710629 -7.90239e-06 0.703544 -0.710652 1.77799e-05 0.703559 -0.710637 0 0.703689 -0.710508 0 0.703548 -0.710648 -2.53207e-05 0.703544 -0.710652 5.23216e-06 0.703551 -0.710645 -2.56036e-05 0.703557 -0.710639 2.42222e-05 0.703538 -0.710657 1.05002e-05 0.703545 -0.710651 -2.23451e-05 0.703557 -0.710639 0 0.703548 -0.710647 -2.84888e-05 0.703529 -0.710667 2.91133e-05 0.703562 -0.710634 2.03784e-05 0.703558 -0.710638 -5.78744e-05 0.703528 -0.710667 -2.46226e-05 0.703538 -0.710658 -0.3553 -0.703552 0.615448 -0.355327 -0.703552 0.615433 -0.355362 -0.703549 0.615416 -0.355297 -0.703549 0.615453 -0.355309 -0.703548 0.615447 -0.355346 -0.703548 0.615426 -0.355312 -0.703551 0.615442 -0.355318 -0.703551 0.615439 -0.355347 -0.703549 0.615425 -0.355312 -0.703549 0.615445 -0.35533 -0.703547 0.615437 -0.355327 -0.703547 0.615438 -0.355307 -0.703549 0.615448 -0.355315 -0.703549 0.615443 -0.35532 -0.703548 0.615441 -0.355354 -0.703548 0.615422 -0.355334 -0.703548 0.615433 -0.355319 -0.703546 0.615444 -0.355341 -0.70355 0.615426 -0.355321 -0.703551 0.615437 -0.355298 -0.703525 0.61548 -0.355311 -0.703545 0.61545 -0.355343 -0.70358 0.615392 -0.355306 -0.703524 0.615477 -0.35533 -0.70355 0.615433 -0.35533 -0.703549 0.615434 -0.35534 -0.70356 0.615416 -0.355323 -0.703545 0.615443 -0.355321 -0.703544 0.615445 -0.355316 -0.703542 0.615451 -0.535001 0.566133 0.627111 -0.431161 0.573293 0.696732 -0.364064 0.577348 0.73084 -0.343422 0.57185 0.745017 -0.183467 0.551925 0.813461 -0.183469 0.551926 0.81346 0.00358101 0.503019 0.864268 0.00357106 0.503025 0.864264 0.187798 0.42868 0.883722 0.187806 0.428673 0.883724 0.361625 0.332058 0.871186 0.361624 0.332059 0.871186 0.518017 0.217197 0.827335 0.51802 0.217194 0.827335 0.65076 0.0887699 0.754077 0.650753 0.0887829 0.754081 0.754547 -0.0479722 0.65449 0.754556 -0.0479975 0.654478 0.82535 -0.187688 0.532513 0.825348 -0.187672 0.532522 0.86028 -0.324739 0.393017 0.86028 -0.324741 0.393016 0.857829 -0.45364 0.241538 0.857832 -0.45363 0.241546 0.817919 -0.569156 0.0840853 0.817925 -0.569145 0.0840947 0.741974 -0.666452 -0.0729142 0.741955 -0.666471 -0.0729329 0.632848 -0.741444 -0.223079 0.632859 -0.741437 -0.223071 0.494979 -0.7908 -0.360042 0.494962 -0.790807 -0.360051 0.333995 -0.812362 -0.478032 0.334029 -0.812355 -0.47802 0.156765 -0.805145 -0.571985 0.156754 -0.805145 -0.571987 -0.0293494 -0.769482 -0.637993 -0.0293347 -0.769483 -0.637993 -0.216361 -0.70698 -0.673326 -0.216385 -0.706975 -0.673323 -0.39659 -0.620361 -0.67666 -0.39661 -0.620354 -0.676655 -0.56256 -0.513389 -0.648042 -0.56254 -0.513398 -0.648052 -0.707654 -0.390523 -0.588827 -0.707647 -0.390527 -0.588833 -0.826094 -0.256879 -0.50158 -0.8261 -0.256873 -0.501572 -0.9133 -0.117818 -0.389874 -0.913297 -0.117822 -0.389881 -0.965854 0.0211047 -0.258224 -0.965857 0.0211097 -0.258215 -0.981662 0.154366 -0.111853 -0.981662 0.154364 -0.111857 -0.96 0.276619 0.0433877 -0.959999 0.276622 0.0433946 -0.90159 0.38291 0.201284 -0.901582 0.382917 0.201308 -0.808603 0.46886 0.355432 -0.808621 0.468854 0.355398 -0.684767 0.530808 0.499337 -0.684752 0.530808 0.499357 -0.53498 0.56613 0.627131 0.884331 -0.291538 0.364642 0.884336 -0.291469 0.364686 0.88183 -0.421125 0.212201 0.881794 -0.421245 0.212115 0.84156 -0.537508 0.0534972 0.841572 -0.537487 0.0535142 0.765037 -0.635421 -0.104678 0.765096 -0.63536 -0.104623 0.655227 -0.710792 -0.255837 0.655213 -0.710801 -0.255846 0.516386 -0.760454 -0.393771 0.516404 -0.760446 -0.393762 0.354377 -0.78213 -0.512532 0.35432 -0.782144 -0.512551 0.175836 -0.774884 -0.607155 0.175884 -0.77488 -0.607146 -0.0114664 -0.739017 -0.67359 -0.0115094 -0.739014 -0.673591 -0.199845 -0.676134 -0.709158 -0.199821 -0.676138 -0.709161 -0.381329 -0.588985 -0.71252 -0.38132 -0.588988 -0.712523 -0.548484 -0.481349 -0.683717 -0.54849 -0.481346 -0.683714 -0.694674 -0.357688 -0.624089 -0.694666 -0.357693 -0.624095 -0.814015 -0.223175 -0.536258 -0.814027 -0.223165 -0.536244 -0.901949 -0.0831328 -0.423765 -0.901947 -0.0831353 -0.42377 -0.954976 0.0567848 -0.291199 -0.954977 0.0567872 -0.291194 -0.970994 0.191043 -0.143785 -0.970995 0.191049 -0.143771 -0.949251 0.314268 0.0126209 -0.949253 0.314262 0.0126047 -0.890464 0.421423 0.171687 -0.890468 0.42142 0.171675 -0.796838 0.508078 0.326965 -0.796821 0.508083 0.327 -0.672043 0.570558 0.47204 -0.672059 0.570558 0.472017 -0.521116 0.606192 0.600807 -0.521121 0.606193 0.600802 -0.350378 0.613396 0.7078 -0.350368 0.613393 0.707807 -0.166874 0.591858 0.788579 -0.166881 0.591862 0.788575 0.0215942 0.542538 0.839754 0.0216065 0.54253 0.839759 0.207225 0.467556 0.859331 0.207216 0.467564 0.859328 0.382329 0.370147 0.846649 0.382329 0.370148 0.846649 0.539856 0.25436 0.802407 0.539844 0.254377 0.802409 0.673482 0.124991 0.728559 0.6735 0.124957 0.728549 0.777969 -0.0127909 0.628173 0.777971 -0.0127971 0.62817 0.849212 -0.153488 0.505253 0.849213 -0.1535 0.505247 0.90641 -0.256994 0.335223 0.906397 -0.257198 0.335102 0.90378 -0.387527 0.181674 0.903861 -0.387246 0.181866 0.863398 -0.504024 0.0224266 0.863376 -0.504063 0.0223963 0.786534 -0.602293 -0.136407 0.786464 -0.60237 -0.136473 0.676127 -0.678032 -0.288313 0.676155 -0.678012 -0.288295 0.53675 -0.727833 -0.4268 0.536706 -0.727853 -0.426821 0.37398 -0.749605 -0.546106 0.374005 -0.749598 -0.546097 0.194734 -0.742321 -0.641123 0.194704 -0.742324 -0.641128 0.00656079 -0.70634 -0.707842 0.00658941 -0.706341 -0.707841 -0.182614 -0.643235 -0.743573 -0.182616 -0.643235 -0.743572 -0.364925 -0.555785 -0.746949 -0.364931 -0.555784 -0.746947 -0.532883 -0.447744 -0.718026 -0.532873 -0.447748 -0.718031 -0.679771 -0.323615 -0.658167 -0.67979 -0.323605 -0.658153 -0.799776 -0.188506 -0.569933 -0.799756 -0.188521 -0.569956 -0.888186 -0.0478567 -0.456984 -0.888192 -0.0478506 -0.456973 -0.941568 0.0927392 -0.323805 -0.941566 0.0927354 -0.323813 -0.95775 0.227682 -0.175713 -0.95775 0.22768 -0.175719 -0.935979 0.351566 -0.0185744 -0.935978 0.351569 -0.018565 -0.876963 0.459321 0.141282 -0.87696 0.459324 0.141293 -0.782887 0.546495 0.297375 -0.782895 0.546492 0.297358 -0.65747 0.609362 0.443182 -0.657472 0.609363 0.443179 -0.505781 0.645208 0.572619 -0.505767 0.645205 0.572634 -0.334117 0.652453 0.680199 -0.334129 0.652458 0.680189 -0.149669 0.630788 0.761384 -0.149661 0.630784 0.761389 0.0397823 0.581161 0.812816 0.0397841 0.581159 0.812817 0.226352 0.505733 0.832466 0.226356 0.505729 0.832467 0.402322 0.40775 0.819681 0.402314 0.407758 0.819681 0.560556 0.291347 0.775174 0.560572 0.291324 0.775171 0.69483 0.161221 0.70087 0.694794 0.161293 0.70089 0.799724 0.0228244 0.599934 0.799715 0.0228501 0.599944 0.871216 -0.118489 0.476386 0.871217 -0.118498 0.476382 0.926197 -0.222015 0.304745 0.9262 -0.221942 0.304787 0.923546 -0.352521 0.150972 0.923505 -0.352669 0.150874 0.882935 -0.469416 -0.00869387 0.88296 -0.469368 -0.00865859 0.805941 -0.567715 -0.167807 0.805928 -0.56773 -0.167819 0.695269 -0.643534 -0.320101 0.695334 -0.643486 -0.320057 0.555777 -0.693312 -0.458726 0.555699 -0.69335 -0.458764 0.392621 -0.715123 -0.578315 0.392666 -0.71511 -0.578301 0.213104 -0.707825 -0.673477 0.213117 -0.707823 -0.673474 0.0246448 -0.671816 -0.740308 0.0246171 -0.671816 -0.740309 -0.164922 -0.608661 -0.776101 -0.164905 -0.608663 -0.776103 -0.347582 -0.521124 -0.779498 -0.347573 -0.521126 -0.7795 -0.515892 -0.412958 -0.750547 -0.515893 -0.412958 -0.750547 -0.663123 -0.288666 -0.690609 -0.663135 -0.28866 -0.6906 -0.78345 -0.153332 -0.602242 -0.783462 -0.153324 -0.602229 -0.872158 -0.0123897 -0.489067 -0.872149 -0.0123982 -0.489082 -0.925736 0.128514 -0.355664 -0.925739 0.128519 -0.355654 -0.942045 0.263826 -0.207238 -0.942042 0.263815 -0.207266 -0.920292 0.388053 -0.0497771 -0.920292 0.388053 -0.0497795 -0.86119 0.49614 0.11044 -0.861187 0.496143 0.110452 -0.766904 0.583613 0.266935 -0.766906 0.583612 0.266931 -0.641182 0.646698 0.41312 -0.641182 0.646698 0.413119 -0.489092 0.682674 0.542904 -0.489094 0.682675 0.542901 -0.316962 0.689951 0.650771 -0.316967 0.689953 0.650767 -0.132029 0.668206 0.732167 -0.132026 0.668205 0.732169 0.057915 0.618401 0.783726 0.0579198 0.618398 0.783728 0.24495 0.542711 0.803408 0.244951 0.54271 0.803409 0.42129 0.444435 0.790565 0.421324 0.444398 0.790568 0.579951 0.327582 0.745887 0.579895 0.327663 0.745895 0.714361 0.19725 0.671402 0.714405 0.197163 0.671381 0.81943 0.058425 0.570194 0.819437 0.0584016 0.570186 0.89101 -0.0832649 0.446283 0.891001 -0.0832064 0.446311 0.943605 -0.186413 0.273605 0.943604 -0.186456 0.273581 0.940872 -0.316833 0.119904 0.940863 -0.316866 0.119882 0.900203 -0.433644 -0.0398428 0.900252 -0.433549 -0.0397725 0.82324 -0.531743 -0.198811 0.823269 -0.531708 -0.198783 0.71273 -0.607366 -0.350887 0.712648 -0.60743 -0.350945 0.5732 -0.657151 -0.489484 0.573265 -0.657118 -0.489451 0.410281 -0.678875 -0.608932 0.410249 -0.678884 -0.608943 0.230895 -0.671612 -0.704006 0.230887 -0.671614 -0.704008 0.042564 -0.635669 -0.770787 0.0425872 -0.635669 -0.770786 -0.146826 -0.57262 -0.806566 -0.146834 -0.572619 -0.806565 -0.329373 -0.48523 -0.809978 -0.329389 -0.485227 -0.809974 -0.497643 -0.377202 -0.78107 -0.49763 -0.377207 -0.781076 -0.644833 -0.253054 -0.721217 -0.644836 -0.253053 -0.721214 -0.765179 -0.117825 -0.632944 -0.765177 -0.117826 -0.632946 -0.85393 0.023043 -0.519877 -0.853933 0.0230454 -0.519873 -0.907584 0.163923 -0.38655 -0.907579 0.163916 -0.386565 -0.923962 0.299222 -0.238243 -0.923966 0.299234 -0.238215 -0.902286 0.423497 -0.0808156 -0.902285 0.423498 -0.0808104 -0.843228 0.531662 0.0793849 -0.843234 0.531657 0.0793623 -0.748987 0.619198 0.235823 -0.74898 0.6192 0.23584 -0.623267 0.682345 0.382025 -0.623266 0.682345 0.382027 -0.471173 0.71836 0.511816 -0.471168 0.718358 0.511822 -0.299012 0.725642 0.619706 -0.299017 0.725644 0.619701 -0.114069 0.703875 0.701105 -0.114066 0.703873 0.701107 0.0758991 0.654012 0.752667 0.0758868 0.65402 0.752661 0.26287 0.578283 0.772326 0.262901 0.578256 0.772336 0.439247 0.47987 0.759465 0.4392 0.479922 0.759459 0.597709 0.363106 0.714772 0.597785 0.363 0.714762 0.732143 0.232541 0.640228 0.732091 0.232639 0.640251 0.837067 0.0938383 0.538993 0.837061 0.0938539 0.538999 0.908533 -0.0477782 0.415072 0.908532 -0.0477738 0.415074 0.95854 -0.150645 0.241883 0.958541 -0.150576 0.241922 0.955733 -0.280581 0.088592 0.955747 -0.280519 0.0886334 0.915183 -0.396819 -0.0705389 0.915132 -0.396921 -0.070616 0.838347 -0.494672 -0.229074 0.838361 -0.494654 -0.229059 0.728194 -0.569969 -0.380615 0.728182 -0.569979 -0.380624 0.589178 -0.619508 -0.518729 0.589115 -0.61954 -0.518762 0.426732 -0.641181 -0.637799 0.426743 -0.641177 -0.637795 0.247934 -0.633932 -0.73257 0.24798 -0.633925 -0.73256 0.0603102 -0.598147 -0.799114 0.0602828 -0.598147 -0.799116 -0.128481 -0.535369 -0.834789 -0.128488 -0.535368 -0.834788 -0.310473 -0.448326 -0.838219 -0.31046 -0.448329 -0.838222 -0.478212 -0.340726 -0.809456 -0.478237 -0.340717 -0.809445 -0.625051 -0.216999 -0.749815 -0.62503 -0.21701 -0.749829 -0.745082 -0.0822275 -0.661884 -0.745085 -0.0822253 -0.661881 -0.833653 0.0582107 -0.549213 -0.83366 0.0582178 -0.549201 -0.887243 0.198729 -0.416301 -0.887239 0.198724 -0.416311 -0.903647 0.333683 -0.268475 -0.903649 0.33369 -0.268459 -0.882083 0.457712 -0.111489 -0.882084 0.457708 -0.1115 -0.823222 0.565665 0.0482492 -0.823222 0.565666 0.0482516 -0.729249 0.653044 0.204277 -0.729248 0.653045 0.204278 -0.603844 0.716099 0.350107 -0.603848 0.716099 0.3501 -0.452123 0.752062 0.47957 -0.452127 0.752063 0.479565 -0.280395 0.759337 0.587185 -0.280383 0.759333 0.587196 -0.0958737 0.737589 0.668409 -0.0958933 0.737599 0.668396 0.0935934 0.687816 0.719826 0.093599 0.687812 0.719829 0.280116 0.612181 0.739439 0.280077 0.612214 0.739426 0.45587 0.51407 0.726577 0.455964 0.513972 0.726588 0.613988 0.39738 0.681989 0.613944 0.397438 0.681994 0.747984 0.267177 0.607566 0.747964 0.267213 0.607575 0.852467 0.128887 0.506644 0.85249 0.128825 0.506621 0.923655 -0.0123901 0.383024 0.923657 -0.0123972 0.383021 0.970942 -0.114815 0.209976 0.970942 -0.114842 0.20996 0.968064 -0.24401 0.0575432 0.968055 -0.244054 0.0575128 0.927644 -0.359616 -0.100758 0.927657 -0.359589 -0.100737 0.851263 -0.456742 -0.258337 0.851213 -0.456805 -0.258393 0.741529 -0.531676 -0.409213 0.741678 -0.531558 -0.409097 0.603442 -0.580764 -0.546416 0.603462 -0.580754 -0.546405 0.44202 -0.602263 -0.664754 0.441962 -0.60228 -0.664776 0.264201 -0.595082 -0.758996 0.264216 -0.59508 -0.758993 0.0776826 -0.559549 -0.825148 0.0776886 -0.559549 -0.825148 -0.110016 -0.497187 -0.86064 -0.110021 -0.497186 -0.86064 -0.290963 -0.410717 -0.864091 -0.290994 -0.410709 -0.864084 -0.45784 -0.303777 -0.835525 -0.457827 -0.303782 -0.83553 -0.60391 -0.180783 -0.77628 -0.603905 -0.180786 -0.776283 -0.723354 -0.0467873 -0.688891 -0.723354 -0.0467874 -0.688891 -0.811524 0.0928996 -0.576887 -0.811521 0.0928967 -0.576892 -0.864893 0.232682 -0.444768 -0.864903 0.232697 -0.444741 -0.881287 0.367025 -0.297701 -0.881281 0.367005 -0.297745 -0.859881 0.490452 -0.141641 -0.859879 0.490464 -0.14161 -0.801346 0.597951 0.0172959 -0.801349 0.597947 0.017284 -0.707863 0.684962 0.172503 -0.707864 0.684962 0.172501 -0.583077 0.747764 0.3176 -0.583085 0.747764 0.317588 -0.43212 0.78358 0.446401 -0.432116 0.78358 0.446407 -0.261264 0.790826 0.553476 -0.261235 0.790818 0.553502 -0.0776361 0.769168 0.634313 -0.0776218 0.769161 0.634323 0.110894 0.719583 0.685494 0.110894 0.719583 0.685494 0.296417 0.644286 0.705005 0.296461 0.644252 0.705018 0.471421 0.546436 0.692221 0.471288 0.546568 0.692207 0.628464 0.430518 0.647832 0.62855 0.430408 0.647822 0.761803 0.300763 0.573758 0.761779 0.300805 0.573768 0.865584 0.163254 0.473406 0.865616 0.163173 0.473375 0.936344 0.0226357 0.350353 0.93634 0.0226538 0.350362 -0.225906 0.809554 0.541839 -0.309114 0.81743 0.486063 -0.414102 0.809055 0.417073 -0.414147 0.809063 0.417013 -0.564105 0.773452 0.289063 -0.564107 0.773452 0.289059 -0.688107 0.710996 0.14489 -0.688107 0.710996 0.14489 -0.780989 0.624475 -0.0093144 -0.780994 0.624469 -0.00933769 -0.839132 0.51759 -0.167209 -0.839131 0.517597 -0.167188 -0.860361 0.394898 -0.322234 -0.860357 0.394891 -0.322252 -0.844027 0.261372 -0.468298 -0.844029 0.261375 -0.468293 -0.790948 0.122473 -0.599501 -0.790946 0.122471 -0.599505 -0.703297 -0.0162944 -0.710709 -0.703308 -0.0162884 -0.710699 -0.584594 -0.149378 -0.797456 -0.584604 -0.149373 -0.797449 -0.439464 -0.271503 -0.856246 -0.439442 -0.27151 -0.856255 -0.273695 -0.377661 -0.884569 -0.273673 -0.377665 -0.884574 -0.0939706 -0.463474 -0.881114 -0.0939974 -0.463472 -0.881112 0.0924304 -0.525356 -0.845847 0.0924128 -0.525357 -0.845849 0.277631 -0.56062 -0.780145 0.277634 -0.560619 -0.780144 0.4542 -0.567754 -0.686555 0.454207 -0.567752 -0.686552 0.614495 -0.546417 -0.569057 0.61442 -0.54646 -0.569096 0.751636 -0.497689 -0.432839 0.751747 -0.497591 -0.432758 0.860649 -0.423293 -0.283032 0.860642 -0.423302 -0.283038 0.936555 -0.326882 -0.126541 0.936555 -0.326882 -0.126541 0.976762 -0.212116 0.0307019 0.976767 -0.21209 0.0307175 0.979696 -0.0838187 0.182129 0.979697 -0.0839491 0.182063 0.945401 0.0526766 0.321625 0.945348 0.0529471 0.321737 0.875195 0.192436 0.443849 0.875289 0.192185 0.443773 0.772147 0.329035 0.543622 0.772098 0.329123 0.543638 0.639719 0.458007 0.617243 0.639731 0.457991 0.617243 0.483742 0.573281 0.661319 0.483694 0.573332 0.66131 0.30987 0.670564 0.674036 0.30993 0.670513 0.674059 0.125527 0.74543 0.654658 0.125526 0.74543 0.654658 -0.0618137 0.794742 0.603791 -0.0618129 0.794742 0.603792 -0.244294 0.816279 0.523459 0.355253 0.703555 -0.615472 0.35539 0.703544 -0.615406 0.355365 0.703544 -0.61542 0.355289 0.70355 -0.615457 0.35536 0.70355 -0.615416 0.355341 0.703551 -0.615426 0.355291 0.703551 -0.615454 0.35533 0.703548 -0.615435 0.355319 0.703548 -0.615442 0.355311 0.703549 -0.615445 0.355278 0.703549 -0.615464 0.355355 0.703543 -0.615427 0.355407 0.703543 -0.615397 0.355125 0.703565 -0.615534 0.354945 0.703555 -0.61565 0.355459 0.703544 -0.615365 0.355275 0.703559 -0.615455 0.355281 0.703557 -0.615454 0.355353 0.703551 -0.615419 0.355319 0.703552 -0.615437 0.355367 0.703541 -0.615422 0.355347 0.703547 -0.615427 0.355354 0.703546 -0.615425 0.355343 0.703551 -0.615425 0.355216 0.703561 -0.615487 0.35536 0.703539 -0.615429 0.355401 0.70353 -0.615416 0.35516 0.703601 -0.615472 0.35521 0.703583 -0.615465 0.355511 0.703493 -0.615394 -0.615202 -0.703557 0.355717 -0.615372 -0.703557 0.355423 -0.615466 -0.703545 0.355283 -0.615521 -0.703545 0.355188 -0.615421 -0.703558 0.355336 -0.61543 -0.703558 0.35532 -0.615466 -0.703553 0.355267 -0.615391 -0.703553 0.355396 -0.615419 -0.70355 0.355355 -0.61544 -0.70355 0.355319 -0.615459 -0.703547 0.355291 -0.615467 -0.703547 0.355277 -0.615419 -0.703553 0.355348 -0.615431 -0.703553 0.355328 -0.615459 -0.70355 0.355286 -0.615317 -0.703554 0.355524 -0.615424 -0.703606 0.355235 -0.61544 -0.703517 0.355383 -0.615441 -0.703513 0.355389 -0.615508 -0.703518 0.355264 -0.615442 -0.703549 0.355318 -0.615397 -0.703555 0.355383 -0.615402 -0.70356 0.355364 -0.615403 -0.70356 0.355363 -0.615462 -0.703546 0.355287 -0.615422 -0.70355 0.355351 -0.61544 -0.703549 0.35532 -0.615464 -0.703549 0.355278 -0.615427 -0.703543 0.355355 -0.615476 -0.703543 0.35527 -0.776901 0.566126 0.275548 -0.721621 0.573297 0.388064 -0.68068 0.57733 0.450961 -0.669949 0.571861 0.473438 -0.565614 0.551934 0.61274 -0.565604 0.551926 0.612756 -0.429076 0.503044 0.750227 -0.429068 0.503036 0.750237 -0.279135 0.42863 0.859279 -0.279158 0.428655 0.859259 -0.122521 0.332145 0.935237 -0.122481 0.332096 0.93526 0.0349938 0.217154 0.97551 0.0349788 0.217175 0.975506 0.186599 0.0887192 0.978422 0.186501 0.0888751 0.978427 0.326125 -0.0478137 0.944117 0.326325 -0.0481958 0.944028 0.448538 -0.187799 0.873811 0.448467 -0.187625 0.873884 0.548537 -0.32478 0.770471 0.548504 -0.32466 0.770545 0.622155 -0.453625 0.638082 0.622162 -0.453693 0.638026 0.666292 -0.569137 0.481807 0.666291 -0.569157 0.481785 0.67902 -0.666456 0.307845 0.679025 -0.666441 0.307865 0.659605 -0.741442 0.123227 0.659607 -0.74144 0.12323 0.608686 -0.7908 -0.064317 0.608685 -0.790801 -0.0643183 0.528275 -0.812357 -0.246987 0.528294 -0.812351 -0.246964 0.421756 -0.805135 -0.416988 0.421694 -0.80514 -0.417042 0.293583 -0.769486 -0.567186 0.293603 -0.769488 -0.567173 0.149278 -0.706974 -0.691306 0.149268 -0.706972 -0.69131 -0.00511611 -0.620362 -0.784299 -0.0051355 -0.620356 -0.784304 -0.16318 -0.513376 -0.842507 -0.163174 -0.513378 -0.842507 -0.318424 -0.39053 -0.863766 -0.318415 -0.390535 -0.863768 -0.464635 -0.256873 -0.847426 -0.464632 -0.256875 -0.847427 -0.595992 -0.117828 -0.794298 -0.59601 -0.117816 -0.794287 -0.707345 0.0211013 -0.706554 -0.707343 0.0211004 -0.706555 -0.79422 0.154365 -0.587696 -0.794202 0.15435 -0.587724 -0.853076 0.276626 -0.442423 -0.853087 0.276637 -0.442395 -0.881442 0.382913 -0.276474 -0.881451 0.382925 -0.27643 -0.877987 0.468855 -0.0965034 -0.877986 0.46885 -0.0965417 -0.842688 0.530814 0.0900736 -0.842685 0.530815 0.0900973 -0.776893 0.566122 0.275578 0.583522 -0.291465 0.757991 0.583534 -0.29151 0.757964 0.657586 -0.421138 0.624678 0.657597 -0.42125 0.624592 0.702075 -0.537533 0.467064 0.702084 -0.537448 0.467149 0.714902 -0.635362 0.291943 0.714901 -0.635363 0.291942 0.695359 -0.710794 0.106054 0.695351 -0.710804 0.106037 0.644084 -0.760457 -0.0828302 0.6441 -0.760446 -0.0828073 0.563165 -0.782128 -0.266684 0.563134 -0.782139 -0.266718 0.45587 -0.774881 -0.437883 0.455883 -0.774879 -0.437873 0.326844 -0.739011 -0.589097 0.32684 -0.739011 -0.5891 0.181531 -0.676136 -0.714063 0.181517 -0.676134 -0.714069 0.0260316 -0.588996 -0.807717 0.0260323 -0.588996 -0.807716 -0.133168 -0.481336 -0.866361 -0.133163 -0.481338 -0.866361 -0.289556 -0.357693 -0.887814 -0.289541 -0.3577 -0.887816 -0.436828 -0.223174 -0.871421 -0.436853 -0.22316 -0.871412 -0.569216 -0.083148 -0.817973 -0.569214 -0.0831495 -0.817974 -0.681451 0.0568028 -0.729656 -0.681435 0.0567921 -0.729672 -0.769011 0.191051 -0.610018 -0.769017 0.191056 -0.610009 -0.828377 0.314259 -0.463716 -0.828382 0.314263 -0.463705 -0.857009 0.42142 -0.296548 -0.857008 0.421419 -0.296554 -0.853565 0.508078 -0.115251 -0.853566 0.50808 -0.115236 -0.818027 0.570558 0.0727708 -0.818027 0.570558 0.0727699 -0.75171 0.606182 0.259761 -0.751723 0.606189 0.259707 -0.657337 0.613399 0.437778 -0.657305 0.613374 0.437861 -0.538828 0.591839 0.599492 -0.538828 0.591839 0.599492 -0.401162 0.542496 0.738084 -0.401214 0.542549 0.738016 -0.250164 0.467532 0.847839 -0.250135 0.467499 0.847866 -0.0922664 0.370155 0.924377 -0.0923245 0.370229 0.924341 0.0662579 0.254421 0.964821 0.0663365 0.254307 0.964846 0.219065 0.124854 0.967689 0.219042 0.124892 0.967689 0.359678 -0.0128342 0.932988 0.359578 -0.0126324 0.933029 0.482875 -0.153485 0.862134 0.482899 -0.153548 0.862109 0.617355 -0.257075 0.743495 0.617373 -0.257151 0.743454 0.691838 -0.387482 0.609277 0.691819 -0.387279 0.609426 0.736474 -0.504004 0.451205 0.736459 -0.504146 0.451071 0.749317 -0.602373 0.275082 0.749333 -0.602331 0.275133 0.729706 -0.67802 0.0884227 0.729701 -0.678026 0.0884137 0.678212 -0.727852 -0.10129 0.678208 -0.727855 -0.101295 0.596931 -0.749605 -0.285946 0.596941 -0.749601 -0.285935 0.489192 -0.742321 -0.457877 0.489199 -0.74232 -0.457871 0.359622 -0.706339 -0.609719 0.359603 -0.706339 -0.609731 0.213636 -0.643242 -0.735255 0.213653 -0.643244 -0.735248 0.0574512 -0.555793 -0.829333 0.0574497 -0.555793 -0.829333 -0.102503 -0.447726 -0.888276 -0.10249 -0.447731 -0.888275 -0.259597 -0.32363 -0.909875 -0.259637 -0.323613 -0.90987 -0.407656 -0.188517 -0.893464 -0.407638 -0.188526 -0.89347 -0.54071 -0.0478578 -0.839847 -0.540698 -0.0478647 -0.839854 -0.653524 0.0927463 -0.751202 -0.653531 0.0927509 -0.751195 -0.741591 0.227691 -0.631031 -0.741579 0.227682 -0.631048 -0.801292 0.351559 -0.484084 -0.801291 0.351558 -0.484086 -0.830112 0.459324 -0.316125 -0.830114 0.459326 -0.316119 -0.826685 0.5465 -0.133902 -0.826683 0.546498 -0.133923 -0.790978 0.609362 0.0550567 -0.790978 0.609362 0.0550641 -0.724318 0.645215 0.243024 -0.724317 0.645215 0.243028 -0.629447 0.652469 0.421997 -0.629451 0.652472 0.421986 -0.510311 0.630814 0.584514 -0.510298 0.630802 0.584538 -0.371969 0.581191 0.723779 -0.371924 0.581142 0.723842 -0.220171 0.50571 0.834136 -0.220167 0.505704 0.83414 -0.0614131 0.407741 0.91103 -0.0614522 0.407793 0.911004 0.0979135 0.291329 0.951599 0.0978509 0.291423 0.951576 0.251224 0.161369 0.954383 0.25135 0.161151 0.954387 0.392602 0.0227672 0.919427 0.392598 0.0227764 0.919428 0.516288 -0.118557 0.848169 0.516294 -0.118572 0.848164 0.649722 -0.221914 0.72706 0.649742 -0.221996 0.727016 0.724334 -0.352557 0.59249 0.724337 -0.352599 0.59246 0.769 -0.469353 0.43399 0.769005 -0.4693 0.434038 0.781884 -0.567725 0.257577 0.781875 -0.567752 0.257546 0.7622 -0.64349 0.070511 0.762212 -0.643473 0.0705357 0.710637 -0.693336 -0.119499 0.710628 -0.693343 -0.119513 0.629205 -0.71511 -0.304498 0.629215 -0.715106 -0.304487 0.521305 -0.707822 -0.476685 0.521285 -0.707825 -0.476702 0.391482 -0.671818 -0.628811 0.39149 -0.671818 -0.628805 0.24522 -0.608655 -0.75459 0.245247 -0.608659 -0.754578 0.0887693 -0.521136 -0.848844 0.0887557 -0.521133 -0.848848 -0.0715177 -0.412946 -0.907943 -0.0715297 -0.412942 -0.907944 -0.228995 -0.288655 -0.929645 -0.228966 -0.288668 -0.929648 -0.377349 -0.153334 -0.913289 -0.377372 -0.153323 -0.913281 -0.510763 -0.012395 -0.859632 -0.510767 -0.0123927 -0.85963 -0.623886 0.128525 -0.770874 -0.62389 0.128528 -0.770871 -0.712212 0.263824 -0.6505 -0.712211 0.263824 -0.650502 -0.77211 0.388048 -0.503254 -0.772105 0.388045 -0.503264 -0.801033 0.496145 -0.334942 -0.801035 0.496146 -0.334936 -0.797627 0.583607 -0.152296 -0.797629 0.58361 -0.152274 -0.761843 0.646693 0.037193 -0.761844 0.646693 0.0371686 -0.695019 0.682674 0.225622 -0.695016 0.682672 0.225634 -0.599895 0.689943 0.405098 -0.599896 0.689944 0.405095 -0.480441 0.668196 0.568059 -0.480447 0.668201 0.568047 -0.341652 0.618366 0.707741 -0.341712 0.618431 0.707655 -0.189661 0.542797 0.818169 -0.189553 0.542667 0.81828 -0.0302957 0.444303 0.895364 -0.0303792 0.444415 0.895306 0.12926 0.327667 0.935909 0.129286 0.327628 0.935919 0.282842 0.197339 0.938647 0.282884 0.197266 0.938649 0.424688 0.0582785 0.903462 0.424619 0.0584236 0.903485 0.54854 -0.0832269 0.831972 0.54853 -0.0832002 0.831981 0.68038 -0.18645 0.708745 0.680361 -0.186377 0.708782 0.754887 -0.316843 0.574244 0.754892 -0.316884 0.574216 0.799506 -0.433546 0.415727 0.799508 -0.433519 0.415751 0.812345 -0.531764 0.239423 0.812348 -0.531755 0.239433 0.792677 -0.607377 0.0525101 0.792668 -0.607389 0.0524927 0.741133 -0.657155 -0.137362 0.741134 -0.657155 -0.137362 0.659777 -0.678883 -0.322198 0.659775 -0.678884 -0.3222 0.551966 -0.671615 -0.494234 0.551968 -0.671614 -0.494232 0.42225 -0.635666 -0.646246 0.422263 -0.635666 -0.646237 0.276146 -0.57263 -0.771905 0.276106 -0.572625 -0.771924 0.11974 -0.485242 -0.866143 0.119758 -0.485246 -0.866138 -0.0404324 -0.377204 -0.925247 -0.0404434 -0.3772 -0.925248 -0.19787 -0.253035 -0.947006 -0.197854 -0.253041 -0.947008 -0.346179 -0.11784 -0.930738 -0.346182 -0.117838 -0.930737 -0.479589 0.0230421 -0.87719 -0.479579 0.0230362 -0.877197 -0.592715 0.163925 -0.788554 -0.592713 0.163925 -0.788555 -0.681056 0.299223 -0.668302 -0.681067 0.299231 -0.668287 -0.741 0.423511 -0.521112 -0.740991 0.423503 -0.521131 -0.769943 0.531656 -0.352888 -0.769946 0.531659 -0.352877 -0.766555 0.6192 -0.17025 -0.766553 0.619198 -0.170265 -0.730777 0.682346 0.0191933 -0.730776 0.682346 0.0192208 -0.663953 0.718359 0.207669 -0.663954 0.71836 0.207665 -0.568803 0.725644 0.387175 -0.568809 0.725649 0.387158 -0.449295 0.703866 0.550187 -0.449325 0.703896 0.550125 -0.310585 0.654041 0.689759 -0.310546 0.653999 0.689817 -0.158612 0.578347 0.800223 -0.158591 0.578322 0.800245 0.000695197 0.479868 0.877341 0.000758708 0.479783 0.877387 0.160267 0.363026 0.917893 0.160244 0.363061 0.917883 0.313958 0.232538 0.92052 0.31382 0.232777 0.920506 0.455444 0.0939 0.885299 0.455543 0.0936955 0.88527 0.579256 -0.0477812 0.813744 0.579262 -0.0477987 0.813739 0.709176 -0.150661 0.688746 0.709162 -0.150611 0.688771 0.783361 -0.280554 0.554648 0.783365 -0.280581 0.55463 0.827806 -0.396838 0.396557 0.827805 -0.396842 0.396554 0.840561 -0.494675 0.2208 0.840559 -0.494683 0.220792 0.820925 -0.569997 0.0344466 0.820938 -0.569976 0.0344772 0.76957 -0.619529 -0.154741 0.769557 -0.619541 -0.154762 0.688477 -0.641173 -0.338964 0.688474 -0.641174 -0.338967 0.581019 -0.633934 -0.510435 0.581038 -0.633931 -0.510419 0.451785 -0.598147 -0.6619 0.451757 -0.598147 -0.661919 0.306119 -0.535374 -0.787188 0.306141 -0.535377 -0.787178 0.150235 -0.448326 -0.881155 0.15025 -0.448329 -0.88115 -0.00941892 -0.340721 -0.940117 -0.00943761 -0.340715 -0.940119 -0.166402 -0.216994 -0.961886 -0.166412 -0.216989 -0.961885 -0.314342 -0.0822148 -0.945743 -0.314304 -0.0822339 -0.945754 -0.447352 0.0582153 -0.892461 -0.447367 0.0582241 -0.892453 -0.560206 0.198716 -0.804165 -0.560217 0.198723 -0.804156 -0.648347 0.333685 -0.684325 -0.648356 0.333692 -0.684313 -0.70816 0.457704 -0.537602 -0.708171 0.457713 -0.537581 -0.737065 0.565654 -0.369826 -0.73706 0.56565 -0.369841 -0.733687 0.653053 -0.187685 -0.733685 0.65305 -0.187701 -0.697997 0.7161 0.00127997 -0.697997 0.716099 0.00125486 -0.631337 0.752065 0.189243 -0.631334 0.752062 0.189262 -0.53642 0.759335 0.368326 -0.536417 0.759333 0.368335 -0.417238 0.737592 0.530914 -0.417218 0.737573 0.530957 -0.27888 0.687797 0.670195 -0.27888 0.687797 0.670195 -0.127165 0.612167 0.780436 -0.127256 0.612273 0.780338 0.0315546 0.51403 0.857191 0.0316041 0.513967 0.857228 0.190678 0.39744 0.897598 0.190727 0.397369 0.89762 0.343903 0.267207 0.900184 0.343933 0.267157 0.900187 0.484998 0.128725 0.86499 0.484943 0.128833 0.865004 0.608379 -0.012387 0.79355 0.608382 -0.012395 0.793547 0.735906 -0.114844 0.667274 0.735901 -0.114828 0.667281 0.809611 -0.243987 0.533854 0.809609 -0.243973 0.533864 0.853758 -0.359535 0.376607 0.853757 -0.359538 0.376604 0.866401 -0.456746 0.201824 0.866399 -0.456753 0.201816 0.84685 -0.531576 0.0165202 0.846849 -0.531578 0.0165175 0.795769 -0.580787 -0.171573 0.795773 -0.580784 -0.171567 0.715153 -0.602273 -0.354716 0.715157 -0.602272 -0.354711 0.608334 -0.595082 -0.525173 0.608331 -0.595083 -0.525176 0.479847 -0.559543 -0.675765 0.479854 -0.559543 -0.67576 0.335063 -0.49719 -0.800334 0.335037 -0.497186 -0.800348 0.180028 -0.410703 -0.893819 0.180039 -0.410706 -0.893816 0.0212459 -0.303759 -0.952512 0.0212772 -0.30377 -0.952508 -0.134821 -0.180801 -0.974235 -0.134858 -0.180785 -0.974233 -0.282016 -0.04677 -0.958269 -0.282017 -0.0467699 -0.958269 -0.414358 0.0928973 -0.905361 -0.414353 0.0928944 -0.905363 -0.526648 0.232694 -0.817615 -0.526636 0.232686 -0.817626 -0.614336 0.366996 -0.698503 -0.614346 0.367003 -0.69849 -0.673873 0.490472 -0.552568 -0.673863 0.490464 -0.552588 -0.702626 0.597949 -0.385712 -0.702626 0.597948 -0.385713 -0.699275 0.684966 -0.204539 -0.699278 0.68497 -0.204513 -0.663765 0.74776 -0.0164957 -0.663765 0.74776 -0.0165006 -0.597432 0.783576 0.170542 -0.597434 0.783577 0.17053 -0.502979 0.790823 0.348727 -0.502978 0.790822 0.348731 -0.384388 0.769167 0.510518 -0.384387 0.769166 0.51052 -0.246714 0.719587 0.649097 -0.246712 0.719585 0.6491 -0.0957494 0.644259 0.75879 -0.0957658 0.644276 0.758773 0.0621164 0.546501 0.835152 0.0620959 0.546526 0.835137 0.220423 0.430444 0.87529 0.220391 0.430487 0.875276 0.372777 0.300898 0.87778 0.372787 0.300883 0.877781 0.513039 0.163156 0.842717 0.513077 0.163084 0.842707 0.635698 0.0227065 0.771604 0.635711 0.0226768 0.771594 -0.466517 0.809536 0.356389 -0.510909 0.817437 0.266022 -0.567137 0.809072 0.154137 -0.567136 0.809071 0.154146 -0.633063 0.77345 -0.0317247 -0.633062 0.77345 -0.0317385 -0.66836 0.711 -0.218574 -0.66836 0.711 -0.218575 -0.671694 0.62447 -0.398578 -0.671689 0.624466 -0.398593 -0.643112 0.517618 -0.56434 -0.643117 0.517621 -0.56433 -0.583952 0.394865 -0.709282 -0.58397 0.394876 -0.709262 -0.496818 0.261378 -0.827559 -0.496804 0.26137 -0.82757 -0.385233 0.12247 -0.914657 -0.385243 0.122475 -0.914652 -0.253744 -0.016283 -0.967134 -0.25372 -0.0162931 -0.96714 -0.107511 -0.149403 -0.982914 -0.107537 -0.149394 -0.982913 0.0475173 -0.271491 -0.961267 0.0475356 -0.271496 -0.961265 0.205227 -0.377643 -0.902922 0.205263 -0.377649 -0.902911 0.359195 -0.463477 -0.810042 0.359165 -0.463475 -0.810057 0.50296 -0.525357 -0.686317 0.502938 -0.525359 -0.686332 0.630536 -0.560629 -0.536768 0.630539 -0.560628 -0.536766 0.736603 -0.567761 -0.36751 0.736609 -0.567758 -0.367502 0.816663 -0.546436 -0.185657 0.816656 -0.546443 -0.185668 0.8674 -0.49761 0.00112558 0.867406 -0.4976 0.001139 0.886845 -0.423348 0.185157 0.886844 -0.423351 0.185153 0.874328 -0.32686 0.358766 0.874328 -0.326862 0.358765 0.830535 -0.212137 0.514985 0.830536 -0.212143 0.514981 0.757383 -0.0838887 0.64756 0.757382 -0.0838845 0.647562 0.657895 0.0527347 0.751261 0.657899 0.0527256 0.751258 0.536082 0.19226 0.821981 0.536092 0.192239 0.821979 0.396775 0.32914 0.856876 0.396761 0.329165 0.856873 0.245461 0.457928 0.85443 0.24547 0.457914 0.854435 0.0882061 0.573313 0.814575 0.0882163 0.573299 0.814583 -0.0686331 0.670519 0.738711 -0.0686561 0.670548 0.738683 -0.218619 0.745437 0.629706 -0.21861 0.745426 0.629722 -0.355426 0.79474 0.491997 -0.355434 0.794748 0.491978 -0.47327 0.816281 0.33121 0.615301 0.703565 -0.35553 0.615438 0.703547 -0.355328 0.615444 0.703547 -0.355316 0.615454 0.703546 -0.355301 0.615446 0.703546 -0.355315 0.615445 0.703546 -0.355317 0.615444 0.703546 -0.355318 0.615443 0.703546 -0.355321 0.615453 0.703547 -0.355303 0.615427 0.70355 -0.355342 0.615425 0.70355 -0.355344 0.615443 0.703547 -0.355318 0.615436 0.703547 -0.355331 0.615434 0.703548 -0.355334 0.615458 0.703548 -0.355292 0.615438 0.703549 -0.355324 0.615437 0.703548 -0.355325 0.615447 0.703546 -0.355314 0.615425 0.703553 -0.355338 0.615443 0.703526 -0.35536 0.61543 0.703554 -0.355328 0.615446 0.703545 -0.355317 0.615433 0.703552 -0.355327 0.615436 0.70355 -0.355325 0.615454 0.703537 -0.35532 0.615427 0.703558 -0.355326 0.615417 0.703566 -0.355326 0.615481 0.703509 -0.355329 0.61547 0.70352 -0.355327 0.615361 0.703632 -0.355292</float_array>
                    <technique_common>
                        <accessor count="13272" source="#shape0-lib-normals-array" stride="3">
                            <param name="X" type="float"/>
                            <param name="Y" type="float"/>
                            <param name="Z" type="float"/>
                        </accessor>
                    </technique_common>
                </source>
                <vertices id="shape0-lib-vertices">
                    <input semantic="POSITION" source="#shape0-lib-positions"/>
                </vertices>
                <triangles count="13272">
                    <input offset="0" semantic="VERTEX" source="#shape0-lib-vertices"/>
                    <input offset="1" semantic="NORMAL" source="#shape0-lib-normals"/>
                    <p>0 0 1 0 2 0 2 1 3 1 0 1 0 2 3 2 4 2 0 3 4 3 5 3 5 4 4 4 6 4 5 5 6 5 7 5 7 6 6 6 8 6 7 7 8 7 9 7 9 8 8 8 10 8 9 9 10 9 11 9 11 10 10 10 12 10 11 11 12 11 13 11 13 12 12 12 14 12 13 13 14 13 15 13 15 14 14 14 16 14 15 15 16 15 17 15 17 16 16 16 18 16 17 17 18 17 19 17 19 18 18 18 20 18 19 19 20 19 21 19 21 20 20 20 2 20 21 21 2 21 22 21 22 22 2 22 1 22 4 23 3 23 23 23 23 24 3 24 24 24 25 25 2 25 26 25 26 26 2 26 20 26 27 27 28 27 25 27 25 28 28 28 29 28 25 29 29 29 24 29 24 30 29 30 30 30 24 31 30 31 23 31 23 32 30 32 31 32 27 33 25 33 32 33 32 34 25 34 26 34 32 35 26 35 33 35 33 36 26 36 34 36 33 37 34 37 35 37 35 38 34 38 36 38 35 39 36 39 37 39 37 40 36 40 38 40 37 41 38 41 39 41 39 42 38 42 40 42 39 43 40 43 41 43 41 44 40 44 42 44 41 45 42 45 43 45 43 46 42 46 44 46 43 47 44 47 31 47 31 48 44 48 45 48 31 49 45 49 23 49 46 50 47 50 48 50 48 51 47 51 49 51 48 52 49 52 50 52 50 53 49 53 51 53 46 54 52 54 47 54 47 55 52 55 53 55 54 56 53 56 55 56 55 57 53 57 52 57 56 58 57 58 58 58 59 59 60 59 57 59 61 60 62 60 63 60 64 61 65 61 66 61 67 62 68 62 69 62 70 63 71 63 72 63 73 64 74 64 75 64 73 65 75 65 76 65 76 66 75 66 77 66 77 67 75 67 78 67 77 68 78 68 79 68 74 69 80 69 75 69 75 70 80 70 81 70 75 71 81 71 82 71 81 72 83 72 82 72 82 73 83 73 84 73 82 74 84 74 85 74 85 75 84 75 86 75 85 76 86 76 87 76 87 77 86 77 88 77 78 78 89 78 90 78 79 79 78 79 91 79 91 80 78 80 90 80 91 81 90 81 92 81 90 82 93 82 94 82 92 83 90 83 95 83 95 84 90 84 94 84 95 85 94 85 96 85 97 86 98 86 78 86 98 87 99 87 78 87 78 88 99 88 100 88 78 89 100 89 89 89 89 90 100 90 101 90 102 91 103 91 104 91 104 92 105 92 102 92 102 93 105 93 106 93 102 94 106 94 78 94 78 95 106 95 107 95 78 96 107 96 97 96 108 97 109 97 103 97 103 98 109 98 110 98 103 99 110 99 104 99 111 100 112 100 113 100 103 101 114 101 115 101 115 102 116 102 103 102 103 103 116 103 117 103 103 104 117 104 108 104 118 105 119 105 114 105 114 106 119 106 120 106 114 107 120 107 115 107 117 108 121 108 108 108 108 109 121 109 122 109 108 110 122 110 123 110 123 111 122 111 111 111 123 112 111 112 124 112 124 113 111 113 113 113 125 114 126 114 127 114 128 115 129 115 114 115 130 116 131 116 132 116 132 117 131 117 133 117 132 118 133 118 134 118 129 119 135 119 114 119 114 120 135 120 136 120 114 121 136 121 118 121 118 122 136 122 137 122 118 123 137 123 138 123 138 124 137 124 139 124 138 125 139 125 140 125 140 126 139 126 125 126 140 127 125 127 141 127 141 128 125 128 127 128 142 129 143 129 132 129 132 130 143 130 144 130 132 131 144 131 145 131 126 132 130 132 127 132 127 133 130 133 132 133 127 134 132 134 146 134 146 135 132 135 145 135 142 136 132 136 147 136 147 137 132 137 148 137 147 138 148 138 149 138 146 139 150 139 127 139 127 140 150 140 151 140 127 141 151 141 152 141 152 142 151 142 153 142 152 143 153 143 154 143 154 144 153 144 155 144 148 145 156 145 157 145 149 146 148 146 158 146 158 147 148 147 157 147 158 148 157 148 159 148 157 149 160 149 161 149 159 150 157 150 162 150 162 151 157 151 161 151 162 152 161 152 163 152 148 153 164 153 165 153 72 154 71 154 166 154 165 155 167 155 148 155 148 156 167 156 168 156 148 157 168 157 156 157 156 158 168 158 169 158 71 159 170 159 166 159 166 160 170 160 171 160 166 161 171 161 148 161 148 162 171 162 172 162 148 163 172 163 164 163 173 164 174 164 175 164 176 165 177 165 72 165 72 166 177 166 178 166 72 167 178 167 70 167 175 168 179 168 173 168 173 169 179 169 180 169 173 170 180 170 72 170 72 171 180 171 181 171 72 172 181 172 176 172 182 173 183 173 184 173 176 174 185 174 177 174 177 175 185 175 186 175 177 176 186 176 187 176 187 177 186 177 182 177 187 178 182 178 188 178 188 179 182 179 184 179 173 180 189 180 190 180 191 181 192 181 193 181 193 182 192 182 194 182 193 183 194 183 195 183 196 184 197 184 198 184 190 185 199 185 173 185 173 186 199 186 200 186 173 187 200 187 174 187 174 188 200 188 201 188 174 189 201 189 202 189 202 190 201 190 203 190 202 191 203 191 204 191 204 192 203 192 196 192 204 193 196 193 205 193 205 194 196 194 198 194 206 195 207 195 193 195 193 196 207 196 208 196 193 197 208 197 209 197 197 198 191 198 198 198 198 199 191 199 193 199 198 200 193 200 210 200 210 201 193 201 209 201 206 202 193 202 211 202 211 203 193 203 212 203 211 204 212 204 213 204 210 205 214 205 198 205 198 206 214 206 215 206 198 207 215 207 216 207 216 208 215 208 217 208 216 209 217 209 218 209 218 210 217 210 219 210 212 211 220 211 221 211 213 212 212 212 222 212 222 213 212 213 221 213 222 214 221 214 223 214 221 215 224 215 225 215 223 216 221 216 226 216 226 217 221 217 225 217 226 218 225 218 227 218 69 219 68 219 228 219 228 220 68 220 229 220 228 221 229 221 230 221 230 222 231 222 212 222 212 223 231 223 232 223 212 224 232 224 233 224 233 225 234 225 212 225 212 226 234 226 235 226 212 227 235 227 220 227 220 228 235 228 236 228 237 229 238 229 69 229 69 230 238 230 239 230 69 231 239 231 67 231 58 232 240 232 69 232 69 233 240 233 241 233 69 234 241 234 237 234 242 235 243 235 244 235 245 236 246 236 58 236 58 237 246 237 247 237 58 238 247 238 240 238 248 239 242 239 249 239 249 240 242 240 244 240 249 241 244 241 250 241 250 242 244 242 238 242 250 243 238 243 251 243 251 244 238 244 237 244 252 245 253 245 254 245 255 246 256 246 57 246 57 247 256 247 257 247 257 248 258 248 57 248 57 249 258 249 259 249 57 250 259 250 58 250 58 251 259 251 260 251 254 252 261 252 252 252 252 253 261 253 262 253 252 254 262 254 263 254 263 255 262 255 264 255 263 256 264 256 265 256 265 257 264 257 245 257 265 258 245 258 266 258 266 259 245 259 58 259 266 260 58 260 267 260 267 261 58 261 260 261 268 262 269 262 57 262 269 263 270 263 57 263 57 264 270 264 271 264 57 265 271 265 272 265 253 266 255 266 254 266 254 267 255 267 57 267 254 268 57 268 273 268 273 269 57 269 272 269 273 270 274 270 254 270 254 271 274 271 275 271 254 272 275 272 276 272 276 273 275 273 277 273 276 274 277 274 278 274 278 275 277 275 279 275 280 276 281 276 282 276 282 277 281 277 283 277 282 278 283 278 284 278 285 279 286 279 287 279 287 280 286 280 288 280 287 281 288 281 281 281 281 282 288 282 289 282 281 283 289 283 283 283 290 284 291 284 282 284 292 285 293 285 294 285 294 286 293 286 295 286 294 287 295 287 282 287 282 288 295 288 296 288 282 289 296 289 290 289 291 290 297 290 282 290 282 291 297 291 298 291 282 292 298 292 280 292 280 293 298 293 299 293 300 294 301 294 302 294 302 295 301 295 303 295 302 296 303 296 292 296 302 297 304 297 305 297 48 298 50 298 304 298 304 299 50 299 306 299 304 300 306 300 305 300 305 301 307 301 302 301 302 302 307 302 308 302 302 303 308 303 300 303 309 304 310 304 311 304 312 305 309 305 313 305 313 306 309 306 311 306 313 307 311 307 314 307 314 308 311 308 300 308 314 309 300 309 315 309 315 310 300 310 308 310 316 311 317 311 304 311 75 312 318 312 319 312 320 313 321 313 82 313 82 314 321 314 322 314 82 315 322 315 75 315 75 316 322 316 323 316 75 317 323 317 318 317 317 318 324 318 304 318 304 319 324 319 325 319 304 320 325 320 48 320 48 321 325 321 326 321 48 322 326 322 46 322 46 323 326 323 327 323 46 324 327 324 52 324 52 325 327 325 320 325 52 326 320 326 55 326 55 327 320 327 82 327 328 328 329 328 78 328 64 329 66 329 330 329 78 330 329 330 102 330 102 331 329 331 331 331 102 332 331 332 332 332 75 333 333 333 334 333 334 334 335 334 75 334 75 335 335 335 336 335 75 336 336 336 78 336 78 337 336 337 337 337 78 338 337 338 328 338 338 339 339 339 302 339 304 340 340 340 341 340 339 341 342 341 302 341 302 342 342 342 343 342 302 343 343 343 304 343 304 344 343 344 344 344 304 345 344 345 340 345 292 346 294 346 302 346 302 347 294 347 345 347 302 348 345 348 338 348 319 349 316 349 75 349 75 350 316 350 304 350 75 351 304 351 346 351 346 352 304 352 341 352 346 353 341 353 347 353 348 354 349 354 294 354 294 355 349 355 350 355 294 356 350 356 345 356 61 357 63 357 351 357 352 358 353 358 102 358 102 359 353 359 354 359 102 360 354 360 103 360 103 361 354 361 355 361 103 362 355 362 356 362 356 363 357 363 103 363 103 364 357 364 358 364 103 365 358 365 114 365 114 366 358 366 359 366 114 367 359 367 360 367 361 368 362 368 282 368 363 369 364 369 294 369 284 370 268 370 282 370 282 371 268 371 57 371 282 372 57 372 361 372 361 373 57 373 60 373 362 374 365 374 282 374 282 375 365 375 366 375 282 376 366 376 294 376 294 377 366 377 367 377 294 378 367 378 363 378 347 379 348 379 346 379 346 380 348 380 294 380 346 381 294 381 56 381 56 382 294 382 364 382 364 383 368 383 56 383 56 384 368 384 369 384 56 385 369 385 57 385 57 386 369 386 370 386 57 387 370 387 59 387 134 388 128 388 132 388 132 389 128 389 114 389 132 390 114 390 371 390 372 391 373 391 148 391 148 392 373 392 166 392 166 393 373 393 374 393 166 394 374 394 375 394 376 395 377 395 371 395 371 396 377 396 378 396 371 397 378 397 132 397 132 398 378 398 379 398 132 399 379 399 380 399 380 400 381 400 132 400 132 401 381 401 382 401 132 402 382 402 148 402 148 403 382 403 383 403 148 404 383 404 372 404 375 405 376 405 166 405 166 406 376 406 371 406 166 407 371 407 384 407 228 408 385 408 386 408 386 409 385 409 387 409 386 410 387 410 388 410 388 411 387 411 63 411 388 412 63 412 102 412 102 413 63 413 62 413 102 414 62 414 352 414 389 415 390 415 69 415 69 416 390 416 391 416 69 417 391 417 58 417 58 418 391 418 392 418 58 419 392 419 393 419 394 420 395 420 396 420 394 421 396 421 397 421 332 422 330 422 102 422 102 423 330 423 66 423 102 424 66 424 388 424 388 425 66 425 398 425 388 426 398 426 386 426 386 427 398 427 396 427 386 428 396 428 228 428 228 429 396 429 395 429 228 430 395 430 399 430 399 431 400 431 228 431 228 432 400 432 401 432 228 433 401 433 69 433 69 434 401 434 402 434 69 435 402 435 389 435 393 436 397 436 58 436 58 437 397 437 396 437 58 438 396 438 56 438 56 439 396 439 398 439 56 440 398 440 346 440 346 441 398 441 66 441 346 442 66 442 75 442 75 443 66 443 65 443 75 444 65 444 333 444 173 445 403 445 404 445 405 446 166 446 406 446 406 447 166 447 384 447 406 448 384 448 407 448 405 449 408 449 166 449 166 450 408 450 409 450 166 451 409 451 72 451 72 452 409 452 410 452 72 453 410 453 411 453 411 454 412 454 72 454 72 455 412 455 413 455 72 456 413 456 173 456 173 457 413 457 414 457 173 458 414 458 403 458 195 459 189 459 193 459 193 460 189 460 173 460 193 461 173 461 384 461 384 462 173 462 404 462 384 463 404 463 407 463 212 464 415 464 416 464 230 465 212 465 228 465 228 466 212 466 416 466 228 467 416 467 417 467 417 468 418 468 228 468 228 469 418 469 419 469 228 470 419 470 385 470 385 471 419 471 420 471 385 472 420 472 421 472 193 473 422 473 423 473 423 474 424 474 193 474 193 475 424 475 425 475 193 476 425 476 212 476 212 477 425 477 426 477 212 478 426 478 415 478 360 479 351 479 114 479 114 480 351 480 63 480 114 481 63 481 371 481 371 482 63 482 387 482 371 483 387 483 384 483 384 484 387 484 385 484 384 485 385 485 193 485 193 486 385 486 421 486 193 487 421 487 422 487 87 488 88 488 427 488 427 489 88 489 428 489 429 490 430 490 431 490 432 491 433 491 434 491 435 492 436 492 437 492 437 493 438 493 439 493 440 494 441 494 442 494 442 495 443 495 444 495 445 496 446 496 447 496 447 497 448 497 449 497 450 498 451 498 452 498 453 499 454 499 455 499 454 500 456 500 455 500 455 501 456 501 457 501 455 502 457 502 458 502 459 503 460 503 47 503 47 504 460 504 49 504 461 505 462 505 430 505 462 506 463 506 430 506 430 507 463 507 464 507 430 508 464 508 453 508 457 509 465 509 458 509 458 510 465 510 466 510 458 511 466 511 54 511 54 512 466 512 459 512 54 513 459 513 53 513 53 514 459 514 47 514 467 515 468 515 469 515 470 516 471 516 472 516 472 517 471 517 473 517 472 518 473 518 430 518 430 519 473 519 474 519 430 520 474 520 475 520 460 521 461 521 49 521 49 522 461 522 430 522 49 523 430 523 51 523 51 524 430 524 475 524 476 525 467 525 477 525 477 526 467 526 469 526 477 527 469 527 478 527 478 528 469 528 479 528 479 529 470 529 478 529 478 530 470 530 472 530 478 531 472 531 480 531 480 532 472 532 481 532 482 533 483 533 452 533 483 534 484 534 452 534 452 535 484 535 485 535 452 536 485 536 486 536 485 537 487 537 486 537 486 538 487 538 488 538 486 539 488 539 472 539 472 540 488 540 489 540 472 541 489 541 481 541 482 542 452 542 490 542 490 543 452 543 451 543 490 544 451 544 491 544 492 545 450 545 493 545 493 546 450 546 494 546 493 547 494 547 495 547 496 548 497 548 498 548 499 549 500 549 501 549 502 550 503 550 504 550 504 551 503 551 496 551 504 552 496 552 505 552 505 553 496 553 498 553 499 554 501 554 506 554 500 555 507 555 501 555 501 556 507 556 508 556 501 557 508 557 452 557 452 558 508 558 509 558 509 559 510 559 452 559 452 560 510 560 511 560 452 561 511 561 450 561 450 562 511 562 512 562 450 563 512 563 494 563 513 564 514 564 501 564 501 565 514 565 515 565 516 566 517 566 518 566 518 567 517 567 519 567 518 568 519 568 520 568 515 569 521 569 501 569 501 570 521 570 498 570 501 571 498 571 506 571 506 572 498 572 497 572 522 573 523 573 524 573 524 574 523 574 525 574 521 575 526 575 498 575 498 576 526 576 527 576 498 577 527 577 528 577 528 578 527 578 522 578 528 579 522 579 529 579 529 580 522 580 524 580 530 581 531 581 532 581 533 582 534 582 535 582 535 583 534 583 536 583 535 584 536 584 518 584 518 585 536 585 537 585 518 586 537 586 538 586 539 587 530 587 540 587 540 588 530 588 532 588 540 589 532 589 541 589 541 590 532 590 542 590 523 591 516 591 525 591 525 592 516 592 518 592 525 593 518 593 543 593 543 594 518 594 538 594 544 595 545 595 535 595 535 596 545 596 546 596 542 597 533 597 541 597 541 598 533 598 535 598 541 599 535 599 547 599 547 600 535 600 546 600 449 601 548 601 549 601 549 602 548 602 550 602 549 603 550 603 544 603 551 604 552 604 449 604 449 605 552 605 553 605 449 606 553 606 548 606 551 607 449 607 554 607 554 608 449 608 448 608 554 609 448 609 555 609 556 610 557 610 558 610 559 611 560 611 561 611 561 612 560 612 562 612 561 613 562 613 563 613 563 614 562 614 564 614 563 615 564 615 565 615 566 616 567 616 568 616 568 617 567 617 559 617 568 618 559 618 569 618 569 619 559 619 561 619 565 620 570 620 563 620 563 621 570 621 571 621 563 622 571 622 449 622 449 623 571 623 572 623 558 624 445 624 556 624 556 625 445 625 447 625 556 626 447 626 573 626 573 627 447 627 449 627 573 628 449 628 574 628 574 629 449 629 572 629 575 630 576 630 577 630 577 631 576 631 578 631 579 632 580 632 563 632 563 633 580 633 581 633 563 634 581 634 561 634 582 635 583 635 584 635 585 636 586 636 587 636 587 637 586 637 561 637 587 638 561 638 588 638 588 639 561 639 581 639 583 640 582 640 589 640 589 641 582 641 590 641 589 642 590 642 585 642 585 643 590 643 591 643 585 644 591 644 586 644 584 645 578 645 582 645 582 646 578 646 576 646 582 647 576 647 592 647 592 648 576 648 593 648 594 649 595 649 596 649 596 650 595 650 597 650 596 651 597 651 576 651 576 652 597 652 598 652 576 653 598 653 593 653 599 654 600 654 601 654 601 655 600 655 602 655 601 656 602 656 603 656 603 657 602 657 604 657 603 658 604 658 605 658 602 659 594 659 604 659 604 660 594 660 596 660 604 661 596 661 606 661 606 662 596 662 607 662 444 663 608 663 609 663 609 664 610 664 444 664 444 665 610 665 611 665 444 666 611 666 612 666 608 667 444 667 613 667 613 668 444 668 443 668 613 669 443 669 614 669 611 670 615 670 612 670 612 671 615 671 616 671 612 672 616 672 596 672 596 673 616 673 617 673 596 674 617 674 607 674 618 675 619 675 620 675 621 676 622 676 623 676 624 677 625 677 626 677 624 678 626 678 627 678 628 679 629 679 630 679 630 680 629 680 621 680 630 681 621 681 631 681 631 682 621 682 623 682 625 683 632 683 626 683 626 684 632 684 633 684 626 685 633 685 444 685 444 686 633 686 634 686 620 687 440 687 618 687 618 688 440 688 442 688 618 689 442 689 635 689 635 690 442 690 444 690 635 691 444 691 636 691 636 692 444 692 634 692 637 693 638 693 639 693 640 694 641 694 642 694 642 695 641 695 643 695 637 696 639 696 644 696 645 697 646 697 626 697 626 698 646 698 623 698 626 699 623 699 627 699 627 700 623 700 622 700 646 701 647 701 623 701 623 702 647 702 648 702 623 703 648 703 649 703 649 704 648 704 643 704 649 705 643 705 650 705 650 706 643 706 641 706 638 707 651 707 639 707 639 708 651 708 652 708 639 709 652 709 626 709 626 710 652 710 653 710 626 711 653 711 645 711 654 712 655 712 656 712 656 713 655 713 657 713 656 714 657 714 658 714 658 715 657 715 659 715 658 716 659 716 660 716 661 717 662 717 434 717 663 718 664 718 639 718 639 719 664 719 665 719 642 720 644 720 640 720 640 721 644 721 639 721 640 722 639 722 666 722 666 723 639 723 665 723 657 724 661 724 659 724 659 725 661 725 434 725 659 726 434 726 667 726 667 727 434 727 668 727 438 728 669 728 670 728 438 729 670 729 439 729 439 730 670 730 671 730 439 731 671 731 672 731 672 732 673 732 439 732 439 733 673 733 674 733 439 734 674 734 675 734 674 735 676 735 675 735 675 736 676 736 677 736 675 737 677 737 434 737 434 738 677 738 678 738 434 739 678 739 668 739 679 740 680 740 681 740 428 741 682 741 427 741 427 742 682 742 683 742 427 743 683 743 684 743 684 744 683 744 458 744 683 745 685 745 458 745 458 746 685 746 686 746 458 747 686 747 455 747 455 748 686 748 687 748 455 749 687 749 688 749 688 750 689 750 455 750 455 751 689 751 690 751 455 752 690 752 439 752 439 753 690 753 691 753 681 754 435 754 679 754 679 755 435 755 437 755 679 756 437 756 692 756 692 757 437 757 439 757 692 758 439 758 693 758 693 759 439 759 691 759 694 760 695 760 612 760 695 761 696 761 697 761 697 762 696 762 698 762 697 763 698 763 576 763 576 764 698 764 699 764 576 765 699 765 700 765 700 766 701 766 576 766 576 767 701 767 702 767 576 768 702 768 596 768 596 769 702 769 703 769 703 770 704 770 596 770 596 771 704 771 705 771 596 772 705 772 612 772 612 773 705 773 706 773 612 774 706 774 694 774 707 775 708 775 709 775 709 776 710 776 549 776 708 777 707 777 711 777 711 778 707 778 563 778 711 779 563 779 712 779 710 780 713 780 549 780 549 781 713 781 714 781 549 782 714 782 449 782 449 783 714 783 715 783 449 784 715 784 716 784 716 785 717 785 449 785 449 786 717 786 718 786 449 787 718 787 563 787 563 788 718 788 719 788 563 789 719 789 712 789 720 790 721 790 626 790 722 791 723 791 444 791 444 792 723 792 724 792 444 793 724 793 626 793 626 794 724 794 725 794 626 795 725 795 720 795 721 796 726 796 727 796 727 797 726 797 728 797 727 798 728 798 612 798 612 799 728 799 729 799 729 800 730 800 612 800 612 801 730 801 731 801 612 802 731 802 444 802 444 803 731 803 732 803 444 804 732 804 722 804 733 805 734 805 535 805 735 806 736 806 518 806 518 807 736 807 737 807 518 808 737 808 738 808 544 809 535 809 549 809 549 810 535 810 734 810 549 811 734 811 739 811 739 812 740 812 549 812 549 813 740 813 741 813 549 814 741 814 735 814 735 815 741 815 742 815 735 816 742 816 736 816 738 817 743 817 518 817 518 818 743 818 744 818 518 819 744 819 535 819 535 820 744 820 745 820 535 821 745 821 733 821 520 822 513 822 518 822 518 823 513 823 501 823 518 824 501 824 735 824 735 825 501 825 746 825 747 826 639 826 748 826 748 827 639 827 749 827 662 828 663 828 434 828 434 829 663 829 639 829 434 830 639 830 432 830 432 831 639 831 747 831 750 832 675 832 751 832 751 833 675 833 434 833 751 834 434 834 752 834 752 835 434 835 433 835 721 836 727 836 626 836 626 837 727 837 753 837 626 838 753 838 639 838 639 839 753 839 754 839 639 840 754 840 749 840 750 841 755 841 675 841 675 842 755 842 756 842 675 843 756 843 753 843 753 844 756 844 757 844 753 845 757 845 754 845 486 846 758 846 759 846 486 847 759 847 452 847 452 848 759 848 760 848 452 849 760 849 761 849 746 850 762 850 486 850 486 851 762 851 763 851 486 852 763 852 758 852 764 853 501 853 765 853 765 854 501 854 452 854 765 855 452 855 766 855 766 856 452 856 761 856 764 857 767 857 501 857 501 858 767 858 768 858 501 859 768 859 746 859 746 860 768 860 769 860 746 861 769 861 762 861 770 862 771 862 455 862 772 863 773 863 675 863 675 864 773 864 774 864 675 865 774 865 439 865 439 866 774 866 775 866 439 867 775 867 776 867 455 868 771 868 777 868 777 869 771 869 778 869 777 870 778 870 779 870 695 871 697 871 612 871 612 872 697 872 780 872 612 873 780 873 727 873 727 874 780 874 781 874 727 875 781 875 753 875 753 876 781 876 777 876 753 877 777 877 675 877 675 878 777 878 779 878 675 879 779 879 772 879 776 880 782 880 439 880 439 881 782 881 783 881 439 882 783 882 455 882 455 883 783 883 784 883 455 884 784 884 770 884 453 885 455 885 430 885 430 886 455 886 777 886 430 887 777 887 431 887 431 888 777 888 781 888 431 889 781 889 785 889 785 890 781 890 780 890 785 891 780 891 786 891 786 892 780 892 697 892 786 893 697 893 707 893 707 894 697 894 576 894 707 895 576 895 563 895 563 896 576 896 575 896 563 897 575 897 579 897 429 898 787 898 430 898 430 899 787 899 788 899 430 900 788 900 472 900 472 901 788 901 789 901 486 902 790 902 791 902 792 903 793 903 431 903 431 904 793 904 794 904 431 905 794 905 429 905 709 906 549 906 707 906 707 907 549 907 735 907 707 908 735 908 786 908 786 909 735 909 746 909 786 910 746 910 785 910 785 911 746 911 486 911 785 912 486 912 431 912 431 913 486 913 791 913 431 914 791 914 792 914 789 915 795 915 472 915 472 916 795 916 796 916 472 917 796 917 486 917 486 918 796 918 797 918 486 919 797 919 790 919 73 920 76 920 690 920 683 921 682 921 798 921 86 922 84 922 799 922 799 923 84 923 800 923 690 924 689 924 73 924 73 925 689 925 688 925 73 926 688 926 74 926 74 927 688 927 687 927 74 928 687 928 80 928 80 929 687 929 686 929 80 930 686 930 81 930 81 931 686 931 685 931 81 932 685 932 83 932 83 933 685 933 683 933 83 934 683 934 84 934 84 935 683 935 798 935 84 936 798 936 800 936 2 937 25 937 801 937 801 938 25 938 802 938 801 939 802 939 88 939 88 940 802 940 428 940 803 941 800 941 798 941 800 942 803 942 799 942 804 943 805 943 806 943 806 944 805 944 807 944 805 945 808 945 807 945 807 946 808 946 809 946 807 947 809 947 810 947 810 948 809 948 811 948 810 949 811 949 812 949 812 950 811 950 813 950 812 951 813 951 86 951 86 952 799 952 812 952 812 953 799 953 803 953 812 954 803 954 810 954 810 955 803 955 798 955 810 956 798 956 807 956 807 957 798 957 682 957 807 958 682 958 806 958 805 959 804 959 814 959 808 960 805 960 815 960 815 961 805 961 814 961 815 962 814 962 3 962 3 963 814 963 24 963 811 964 809 964 801 964 88 965 86 965 801 965 801 966 86 966 813 966 801 967 813 967 811 967 809 968 808 968 801 968 801 969 808 969 815 969 801 970 815 970 2 970 2 971 815 971 3 971 806 972 682 972 428 972 25 973 24 973 802 973 802 974 24 974 814 974 802 975 814 975 428 975 428 976 814 976 804 976 428 977 804 977 806 977 15 978 37 978 13 978 13 979 37 979 39 979 13 980 39 980 11 980 11 981 39 981 41 981 11 982 41 982 9 982 9 983 41 983 43 983 9 984 43 984 7 984 7 985 43 985 31 985 7 986 31 986 5 986 5 987 31 987 30 987 5 988 30 988 0 988 0 989 30 989 29 989 0 990 29 990 1 990 1 991 29 991 28 991 1 992 28 992 22 992 22 993 28 993 27 993 22 994 27 994 21 994 21 995 27 995 32 995 21 996 32 996 19 996 19 997 32 997 33 997 19 998 33 998 17 998 17 999 33 999 35 999 17 1000 35 1000 15 1000 15 1001 35 1001 37 1001 10 1002 42 1002 40 1002 10 1003 40 1003 12 1003 12 1004 40 1004 38 1004 12 1005 38 1005 14 1005 14 1006 38 1006 36 1006 14 1007 36 1007 16 1007 16 1008 36 1008 34 1008 16 1009 34 1009 18 1009 18 1010 34 1010 26 1010 18 1011 26 1011 20 1011 44 1012 42 1012 8 1012 8 1013 42 1013 10 1013 87 1014 427 1014 684 1014 54 1015 55 1015 458 1015 458 1016 55 1016 82 1016 458 1017 82 1017 684 1017 684 1018 82 1018 85 1018 684 1019 85 1019 87 1019 44 1020 8 1020 6 1020 44 1021 6 1021 45 1021 45 1022 6 1022 4 1022 45 1023 4 1023 23 1023 77 1024 691 1024 76 1024 76 1025 691 1025 690 1025 816 1026 817 1026 818 1026 817 1027 819 1027 818 1027 818 1028 819 1028 820 1028 818 1029 820 1029 821 1029 821 1030 820 1030 822 1030 821 1031 822 1031 823 1031 823 1032 822 1032 824 1032 823 1033 824 1033 825 1033 825 1034 824 1034 826 1034 825 1035 826 1035 827 1035 827 1036 826 1036 828 1036 827 1037 828 1037 829 1037 829 1038 828 1038 830 1038 829 1039 830 1039 831 1039 831 1040 830 1040 832 1040 831 1041 832 1041 833 1041 833 1042 832 1042 834 1042 833 1043 834 1043 835 1043 835 1044 834 1044 836 1044 835 1045 836 1045 837 1045 837 1046 836 1046 816 1046 837 1047 816 1047 838 1047 838 1048 816 1048 818 1048 837 1049 838 1049 839 1049 839 1050 838 1050 840 1050 841 1051 818 1051 842 1051 842 1052 818 1052 821 1052 843 1053 844 1053 841 1053 841 1054 844 1054 845 1054 841 1055 845 1055 840 1055 840 1056 845 1056 846 1056 840 1057 846 1057 839 1057 839 1058 846 1058 847 1058 843 1059 841 1059 848 1059 848 1060 841 1060 842 1060 848 1061 842 1061 849 1061 849 1062 842 1062 850 1062 849 1063 850 1063 851 1063 851 1064 850 1064 852 1064 851 1065 852 1065 853 1065 853 1066 852 1066 854 1066 853 1067 854 1067 855 1067 855 1068 854 1068 856 1068 855 1069 856 1069 857 1069 857 1070 856 1070 858 1070 857 1071 858 1071 859 1071 859 1072 858 1072 860 1072 859 1073 860 1073 847 1073 847 1074 860 1074 861 1074 847 1075 861 1075 839 1075 77 1076 79 1076 691 1076 691 1077 79 1077 693 1077 95 1078 680 1078 92 1078 92 1079 680 1079 679 1079 92 1080 679 1080 91 1080 91 1081 679 1081 692 1081 91 1082 692 1082 79 1082 79 1083 692 1083 693 1083 94 1084 93 1084 435 1084 435 1085 93 1085 436 1085 862 1086 101 1086 100 1086 106 1087 105 1087 677 1087 670 1088 669 1088 863 1088 862 1089 100 1089 864 1089 677 1090 676 1090 106 1090 106 1091 676 1091 674 1091 106 1092 674 1092 107 1092 107 1093 674 1093 673 1093 107 1094 673 1094 97 1094 97 1095 673 1095 672 1095 97 1096 672 1096 98 1096 98 1097 672 1097 671 1097 98 1098 671 1098 99 1098 99 1099 671 1099 670 1099 99 1100 670 1100 100 1100 100 1101 670 1101 863 1101 100 1102 863 1102 864 1102 818 1103 841 1103 865 1103 865 1104 841 1104 866 1104 865 1105 866 1105 93 1105 93 1106 866 1106 436 1106 867 1107 864 1107 863 1107 864 1108 867 1108 862 1108 868 1109 869 1109 870 1109 870 1110 869 1110 871 1110 869 1111 872 1111 871 1111 871 1112 872 1112 873 1112 871 1113 873 1113 874 1113 874 1114 873 1114 875 1114 874 1115 875 1115 876 1115 876 1116 875 1116 877 1116 876 1117 877 1117 101 1117 101 1118 862 1118 876 1118 876 1119 862 1119 867 1119 876 1120 867 1120 874 1120 874 1121 867 1121 863 1121 874 1122 863 1122 871 1122 871 1123 863 1123 669 1123 871 1124 669 1124 870 1124 869 1125 868 1125 878 1125 872 1126 869 1126 879 1126 879 1127 869 1127 878 1127 879 1128 878 1128 838 1128 838 1129 878 1129 840 1129 101 1130 877 1130 89 1130 89 1131 877 1131 875 1131 89 1132 875 1132 873 1132 873 1133 872 1133 89 1133 89 1134 872 1134 879 1134 89 1135 879 1135 90 1135 93 1136 90 1136 865 1136 865 1137 90 1137 879 1137 865 1138 879 1138 818 1138 818 1139 879 1139 838 1139 841 1140 840 1140 866 1140 866 1141 840 1141 878 1141 866 1142 878 1142 436 1142 436 1143 878 1143 868 1143 436 1144 868 1144 437 1144 437 1145 868 1145 870 1145 437 1146 870 1146 438 1146 438 1147 870 1147 669 1147 826 1148 853 1148 828 1148 828 1149 853 1149 855 1149 828 1150 855 1150 830 1150 830 1151 855 1151 857 1151 830 1152 857 1152 832 1152 832 1153 857 1153 859 1153 832 1154 859 1154 834 1154 834 1155 859 1155 847 1155 834 1156 847 1156 836 1156 836 1157 847 1157 846 1157 836 1158 846 1158 816 1158 816 1159 846 1159 845 1159 816 1160 845 1160 817 1160 817 1161 845 1161 844 1161 817 1162 844 1162 819 1162 819 1163 844 1163 843 1163 819 1164 843 1164 820 1164 820 1165 843 1165 848 1165 820 1166 848 1166 822 1166 822 1167 848 1167 849 1167 822 1168 849 1168 824 1168 824 1169 849 1169 851 1169 824 1170 851 1170 826 1170 826 1171 851 1171 853 1171 831 1172 858 1172 856 1172 831 1173 856 1173 829 1173 829 1174 856 1174 854 1174 829 1175 854 1175 827 1175 827 1176 854 1176 852 1176 827 1177 852 1177 825 1177 825 1178 852 1178 850 1178 825 1179 850 1179 823 1179 823 1180 850 1180 842 1180 823 1181 842 1181 821 1181 860 1182 858 1182 833 1182 833 1183 858 1183 831 1183 94 1184 435 1184 681 1184 94 1185 681 1185 96 1185 96 1186 681 1186 680 1186 96 1187 680 1187 95 1187 860 1188 833 1188 835 1188 860 1189 835 1189 861 1189 861 1190 835 1190 837 1190 861 1191 837 1191 839 1191 110 1192 668 1192 104 1192 104 1193 668 1193 678 1193 104 1194 678 1194 105 1194 105 1195 678 1195 677 1195 880 1196 881 1196 882 1196 881 1197 883 1197 882 1197 882 1198 883 1198 884 1198 882 1199 884 1199 885 1199 885 1200 884 1200 886 1200 885 1201 886 1201 887 1201 887 1202 886 1202 888 1202 887 1203 888 1203 889 1203 889 1204 888 1204 890 1204 889 1205 890 1205 891 1205 891 1206 890 1206 892 1206 891 1207 892 1207 893 1207 893 1208 892 1208 894 1208 893 1209 894 1209 895 1209 895 1210 894 1210 896 1210 895 1211 896 1211 897 1211 897 1212 896 1212 898 1212 897 1213 898 1213 899 1213 899 1214 898 1214 900 1214 899 1215 900 1215 901 1215 901 1216 900 1216 880 1216 901 1217 880 1217 902 1217 902 1218 880 1218 882 1218 901 1219 902 1219 903 1219 903 1220 902 1220 904 1220 905 1221 882 1221 906 1221 906 1222 882 1222 885 1222 907 1223 903 1223 908 1223 908 1224 903 1224 904 1224 908 1225 904 1225 909 1225 909 1226 904 1226 905 1226 909 1227 905 1227 910 1227 910 1228 905 1228 911 1228 911 1229 905 1229 912 1229 912 1230 905 1230 906 1230 912 1231 906 1231 913 1231 913 1232 906 1232 914 1232 913 1233 914 1233 915 1233 915 1234 914 1234 916 1234 915 1235 916 1235 917 1235 917 1236 916 1236 918 1236 917 1237 918 1237 919 1237 919 1238 918 1238 920 1238 919 1239 920 1239 921 1239 921 1240 920 1240 922 1240 921 1241 922 1241 923 1241 923 1242 922 1242 924 1242 923 1243 924 1243 907 1243 907 1244 924 1244 925 1244 907 1245 925 1245 903 1245 110 1246 109 1246 668 1246 668 1247 109 1247 667 1247 667 1248 109 1248 659 1248 659 1249 109 1249 108 1249 659 1250 108 1250 660 1250 660 1251 108 1251 123 1251 113 1252 112 1252 656 1252 656 1253 112 1253 654 1253 120 1254 119 1254 666 1254 657 1255 655 1255 926 1255 111 1256 122 1256 927 1256 927 1257 122 1257 928 1257 666 1258 665 1258 120 1258 120 1259 665 1259 664 1259 120 1260 664 1260 115 1260 115 1261 664 1261 663 1261 115 1262 663 1262 116 1262 116 1263 663 1263 662 1263 116 1264 662 1264 117 1264 117 1265 662 1265 661 1265 117 1266 661 1266 121 1266 121 1267 661 1267 657 1267 121 1268 657 1268 122 1268 122 1269 657 1269 926 1269 122 1270 926 1270 928 1270 882 1271 905 1271 929 1271 929 1272 905 1272 930 1272 929 1273 930 1273 112 1273 112 1274 930 1274 654 1274 931 1275 928 1275 926 1275 928 1276 931 1276 927 1276 932 1277 933 1277 934 1277 934 1278 933 1278 935 1278 933 1279 936 1279 935 1279 935 1280 936 1280 937 1280 935 1281 937 1281 938 1281 938 1282 937 1282 939 1282 938 1283 939 1283 940 1283 940 1284 939 1284 941 1284 940 1285 941 1285 111 1285 111 1286 927 1286 940 1286 940 1287 927 1287 931 1287 940 1288 931 1288 938 1288 938 1289 931 1289 926 1289 938 1290 926 1290 935 1290 935 1291 926 1291 655 1291 935 1292 655 1292 934 1292 933 1293 932 1293 942 1293 936 1294 933 1294 943 1294 943 1295 933 1295 942 1295 943 1296 942 1296 902 1296 902 1297 942 1297 904 1297 939 1298 937 1298 929 1298 112 1299 111 1299 929 1299 929 1300 111 1300 941 1300 929 1301 941 1301 939 1301 937 1302 936 1302 929 1302 929 1303 936 1303 943 1303 929 1304 943 1304 882 1304 882 1305 943 1305 902 1305 934 1306 655 1306 654 1306 905 1307 904 1307 930 1307 930 1308 904 1308 942 1308 930 1309 942 1309 654 1309 654 1310 942 1310 932 1310 654 1311 932 1311 934 1311 890 1312 917 1312 892 1312 892 1313 917 1313 919 1313 892 1314 919 1314 894 1314 894 1315 919 1315 921 1315 894 1316 921 1316 896 1316 896 1317 921 1317 923 1317 896 1318 923 1318 898 1318 898 1319 923 1319 907 1319 898 1320 907 1320 900 1320 900 1321 907 1321 908 1321 900 1322 908 1322 880 1322 880 1323 908 1323 909 1323 880 1324 909 1324 881 1324 881 1325 909 1325 910 1325 881 1326 910 1326 883 1326 883 1327 910 1327 911 1327 883 1328 911 1328 884 1328 884 1329 911 1329 912 1329 884 1330 912 1330 886 1330 886 1331 912 1331 913 1331 886 1332 913 1332 888 1332 888 1333 913 1333 915 1333 888 1334 915 1334 890 1334 890 1335 915 1335 917 1335 895 1336 922 1336 920 1336 895 1337 920 1337 893 1337 893 1338 920 1338 918 1338 893 1339 918 1339 891 1339 891 1340 918 1340 916 1340 891 1341 916 1341 889 1341 889 1342 916 1342 914 1342 889 1343 914 1343 887 1343 887 1344 914 1344 906 1344 887 1345 906 1345 885 1345 924 1346 922 1346 897 1346 897 1347 922 1347 895 1347 113 1348 656 1348 658 1348 113 1349 658 1349 124 1349 124 1350 658 1350 660 1350 124 1351 660 1351 123 1351 924 1352 897 1352 899 1352 924 1353 899 1353 925 1353 925 1354 899 1354 901 1354 925 1355 901 1355 903 1355 138 1356 641 1356 118 1356 118 1357 641 1357 640 1357 118 1358 640 1358 119 1358 119 1359 640 1359 666 1359 944 1360 945 1360 946 1360 946 1361 947 1361 944 1361 944 1362 947 1362 948 1362 944 1363 948 1363 949 1363 949 1364 948 1364 950 1364 949 1365 950 1365 951 1365 951 1366 950 1366 952 1366 951 1367 952 1367 953 1367 953 1368 952 1368 954 1368 953 1369 954 1369 955 1369 955 1370 954 1370 956 1370 955 1371 956 1371 957 1371 957 1372 956 1372 958 1372 957 1373 958 1373 959 1373 959 1374 958 1374 960 1374 959 1375 960 1375 961 1375 961 1376 960 1376 962 1376 961 1377 962 1377 963 1377 963 1378 962 1378 964 1378 963 1379 964 1379 965 1379 965 1380 964 1380 946 1380 965 1381 946 1381 966 1381 966 1382 946 1382 945 1382 948 1383 947 1383 967 1383 967 1384 947 1384 968 1384 969 1385 946 1385 970 1385 970 1386 946 1386 964 1386 971 1387 972 1387 973 1387 974 1388 975 1388 969 1388 969 1389 975 1389 976 1389 969 1390 976 1390 968 1390 968 1391 976 1391 977 1391 968 1392 977 1392 967 1392 967 1393 977 1393 978 1393 971 1394 973 1394 979 1394 979 1395 973 1395 980 1395 979 1396 980 1396 981 1396 981 1397 980 1397 982 1397 981 1398 982 1398 983 1398 983 1399 982 1399 984 1399 983 1400 984 1400 978 1400 978 1401 984 1401 985 1401 978 1402 985 1402 967 1402 974 1403 969 1403 986 1403 986 1404 969 1404 970 1404 986 1405 970 1405 987 1405 987 1406 970 1406 988 1406 987 1407 988 1407 972 1407 972 1408 988 1408 989 1408 972 1409 989 1409 973 1409 138 1410 140 1410 641 1410 641 1411 140 1411 650 1411 649 1412 650 1412 141 1412 141 1413 650 1413 140 1413 154 1414 155 1414 630 1414 630 1415 155 1415 628 1415 143 1416 142 1416 633 1416 621 1417 629 1417 990 1417 153 1418 151 1418 991 1418 991 1419 151 1419 992 1419 633 1420 632 1420 143 1420 143 1421 632 1421 625 1421 143 1422 625 1422 144 1422 144 1423 625 1423 624 1423 144 1424 624 1424 145 1424 145 1425 624 1425 627 1425 145 1426 627 1426 146 1426 146 1427 627 1427 622 1427 146 1428 622 1428 150 1428 150 1429 622 1429 621 1429 150 1430 621 1430 151 1430 151 1431 621 1431 990 1431 151 1432 990 1432 992 1432 946 1433 969 1433 993 1433 993 1434 969 1434 994 1434 993 1435 994 1435 155 1435 155 1436 994 1436 628 1436 995 1437 992 1437 990 1437 992 1438 995 1438 991 1438 996 1439 997 1439 998 1439 998 1440 997 1440 999 1440 997 1441 1000 1441 999 1441 999 1442 1000 1442 1001 1442 999 1443 1001 1443 1002 1443 1002 1444 1001 1444 1003 1444 1002 1445 1003 1445 1004 1445 1004 1446 1003 1446 1005 1446 1004 1447 1005 1447 153 1447 153 1448 991 1448 1004 1448 1004 1449 991 1449 995 1449 1004 1450 995 1450 1002 1450 1002 1451 995 1451 990 1451 1002 1452 990 1452 999 1452 999 1453 990 1453 629 1453 999 1454 629 1454 998 1454 997 1455 996 1455 1006 1455 1000 1456 997 1456 1007 1456 1007 1457 997 1457 1006 1457 1007 1458 1006 1458 947 1458 947 1459 1006 1459 968 1459 993 1460 155 1460 153 1460 153 1461 1005 1461 993 1461 993 1462 1005 1462 1003 1462 993 1463 1003 1463 1001 1463 1001 1464 1000 1464 993 1464 993 1465 1000 1465 1007 1465 993 1466 1007 1466 946 1466 946 1467 1007 1467 947 1467 998 1468 629 1468 628 1468 969 1469 968 1469 994 1469 994 1470 968 1470 1006 1470 994 1471 1006 1471 628 1471 628 1472 1006 1472 996 1472 628 1473 996 1473 998 1473 959 1474 971 1474 957 1474 957 1475 971 1475 979 1475 957 1476 979 1476 955 1476 955 1477 979 1477 981 1477 955 1478 981 1478 953 1478 953 1479 981 1479 983 1479 953 1480 983 1480 951 1480 951 1481 983 1481 978 1481 951 1482 978 1482 949 1482 949 1483 978 1483 977 1483 949 1484 977 1484 944 1484 944 1485 977 1485 976 1485 944 1486 976 1486 945 1486 945 1487 976 1487 975 1487 945 1488 975 1488 966 1488 966 1489 975 1489 974 1489 966 1490 974 1490 965 1490 965 1491 974 1491 986 1491 965 1492 986 1492 963 1492 963 1493 986 1493 987 1493 963 1494 987 1494 961 1494 961 1495 987 1495 972 1495 961 1496 972 1496 959 1496 959 1497 972 1497 971 1497 954 1498 982 1498 980 1498 954 1499 980 1499 956 1499 956 1500 980 1500 973 1500 956 1501 973 1501 958 1501 958 1502 973 1502 989 1502 958 1503 989 1503 960 1503 960 1504 989 1504 988 1504 960 1505 988 1505 962 1505 962 1506 988 1506 970 1506 962 1507 970 1507 964 1507 984 1508 982 1508 952 1508 952 1509 982 1509 954 1509 154 1510 630 1510 631 1510 649 1511 141 1511 623 1511 623 1512 141 1512 127 1512 623 1513 127 1513 631 1513 631 1514 127 1514 152 1514 631 1515 152 1515 154 1515 984 1516 952 1516 950 1516 984 1517 950 1517 985 1517 985 1518 950 1518 948 1518 985 1519 948 1519 967 1519 147 1520 634 1520 142 1520 142 1521 634 1521 633 1521 1008 1522 1009 1522 1010 1522 1010 1523 1011 1523 1008 1523 1008 1524 1011 1524 1012 1524 1008 1525 1012 1525 1013 1525 1013 1526 1012 1526 1014 1526 1013 1527 1014 1527 1015 1527 1015 1528 1014 1528 1016 1528 1015 1529 1016 1529 1017 1529 1017 1530 1016 1530 1018 1530 1017 1531 1018 1531 1019 1531 1019 1532 1018 1532 1020 1532 1019 1533 1020 1533 1021 1533 1009 1534 1022 1534 1010 1534 1010 1535 1022 1535 1023 1535 1010 1536 1023 1536 1024 1536 1024 1537 1023 1537 1025 1537 1024 1538 1025 1538 1026 1538 1026 1539 1025 1539 1027 1539 1026 1540 1027 1540 1028 1540 1028 1541 1027 1541 1029 1541 1028 1542 1029 1542 1021 1542 1021 1543 1029 1543 1030 1543 1021 1544 1030 1544 1019 1544 1012 1545 1011 1545 1031 1545 1031 1546 1011 1546 1032 1546 1033 1547 1010 1547 1034 1547 1034 1548 1010 1548 1024 1548 1035 1549 1036 1549 1033 1549 1033 1550 1036 1550 1037 1550 1033 1551 1037 1551 1032 1551 1032 1552 1037 1552 1038 1552 1032 1553 1038 1553 1031 1553 1031 1554 1038 1554 1039 1554 1035 1555 1033 1555 1040 1555 1040 1556 1033 1556 1034 1556 1040 1557 1034 1557 1041 1557 1041 1558 1034 1558 1042 1558 1041 1559 1042 1559 1043 1559 1043 1560 1042 1560 1044 1560 1043 1561 1044 1561 1045 1561 1045 1562 1044 1562 1046 1562 1045 1563 1046 1563 1047 1563 1047 1564 1046 1564 1048 1564 1047 1565 1048 1565 1049 1565 1049 1566 1048 1566 1050 1566 1049 1567 1050 1567 1051 1567 1051 1568 1050 1568 1052 1568 1051 1569 1052 1569 1039 1569 1039 1570 1052 1570 1053 1570 1039 1571 1053 1571 1031 1571 147 1572 149 1572 634 1572 634 1573 149 1573 636 1573 636 1574 149 1574 635 1574 635 1575 149 1575 158 1575 635 1576 158 1576 618 1576 618 1577 158 1577 159 1577 618 1578 159 1578 619 1578 619 1579 159 1579 162 1579 161 1580 160 1580 440 1580 440 1581 160 1581 441 1581 171 1582 170 1582 616 1582 613 1583 614 1583 1054 1583 169 1584 168 1584 1055 1584 1055 1585 168 1585 1056 1585 616 1586 615 1586 171 1586 171 1587 615 1587 611 1587 171 1588 611 1588 172 1588 172 1589 611 1589 610 1589 172 1590 610 1590 164 1590 164 1591 610 1591 609 1591 164 1592 609 1592 165 1592 165 1593 609 1593 608 1593 165 1594 608 1594 167 1594 167 1595 608 1595 613 1595 167 1596 613 1596 168 1596 168 1597 613 1597 1054 1597 168 1598 1054 1598 1056 1598 1010 1599 1033 1599 1057 1599 1057 1600 1033 1600 1058 1600 1057 1601 1058 1601 160 1601 160 1602 1058 1602 441 1602 1059 1603 1056 1603 1054 1603 1056 1604 1059 1604 1055 1604 1060 1605 1061 1605 1062 1605 1062 1606 1061 1606 1063 1606 1061 1607 1064 1607 1063 1607 1063 1608 1064 1608 1065 1608 1063 1609 1065 1609 1066 1609 1066 1610 1065 1610 1067 1610 1066 1611 1067 1611 1068 1611 1068 1612 1067 1612 1069 1612 1068 1613 1069 1613 169 1613 169 1614 1055 1614 1068 1614 1068 1615 1055 1615 1059 1615 1068 1616 1059 1616 1066 1616 1066 1617 1059 1617 1054 1617 1066 1618 1054 1618 1063 1618 1063 1619 1054 1619 614 1619 1063 1620 614 1620 1062 1620 1061 1621 1060 1621 1070 1621 1064 1622 1061 1622 1071 1622 1071 1623 1061 1623 1070 1623 1071 1624 1070 1624 1011 1624 1011 1625 1070 1625 1032 1625 169 1626 1069 1626 156 1626 156 1627 1069 1627 1067 1627 156 1628 1067 1628 1065 1628 1065 1629 1064 1629 156 1629 156 1630 1064 1630 1071 1630 156 1631 1071 1631 157 1631 160 1632 157 1632 1057 1632 1057 1633 157 1633 1071 1633 1057 1634 1071 1634 1010 1634 1010 1635 1071 1635 1011 1635 1033 1636 1032 1636 1058 1636 1058 1637 1032 1637 1070 1637 1058 1638 1070 1638 441 1638 441 1639 1070 1639 1060 1639 441 1640 1060 1640 442 1640 442 1641 1060 1641 1062 1641 442 1642 1062 1642 443 1642 443 1643 1062 1643 614 1643 1029 1644 1045 1644 1030 1644 1030 1645 1045 1645 1047 1645 1030 1646 1047 1646 1019 1646 1019 1647 1047 1647 1049 1647 1019 1648 1049 1648 1017 1648 1017 1649 1049 1649 1051 1649 1017 1650 1051 1650 1015 1650 1015 1651 1051 1651 1039 1651 1015 1652 1039 1652 1013 1652 1013 1653 1039 1653 1038 1653 1013 1654 1038 1654 1008 1654 1008 1655 1038 1655 1037 1655 1008 1656 1037 1656 1009 1656 1009 1657 1037 1657 1036 1657 1009 1658 1036 1658 1022 1658 1022 1659 1036 1659 1035 1659 1022 1660 1035 1660 1023 1660 1023 1661 1035 1661 1040 1661 1023 1662 1040 1662 1025 1662 1025 1663 1040 1663 1041 1663 1025 1664 1041 1664 1027 1664 1027 1665 1041 1665 1043 1665 1027 1666 1043 1666 1029 1666 1029 1667 1043 1667 1045 1667 1018 1668 1050 1668 1048 1668 1018 1669 1048 1669 1020 1669 1020 1670 1048 1670 1046 1670 1020 1671 1046 1671 1021 1671 1021 1672 1046 1672 1044 1672 1021 1673 1044 1673 1028 1673 1028 1674 1044 1674 1042 1674 1028 1675 1042 1675 1026 1675 1026 1676 1042 1676 1034 1676 1026 1677 1034 1677 1024 1677 1052 1678 1050 1678 1016 1678 1016 1679 1050 1679 1018 1679 161 1680 440 1680 620 1680 161 1681 620 1681 163 1681 163 1682 620 1682 619 1682 163 1683 619 1683 162 1683 1052 1684 1016 1684 1014 1684 1052 1685 1014 1685 1053 1685 1053 1686 1014 1686 1012 1686 1053 1687 1012 1687 1031 1687 70 1688 607 1688 71 1688 71 1689 607 1689 617 1689 71 1690 617 1690 170 1690 170 1691 617 1691 616 1691 1072 1692 1073 1692 1074 1692 1074 1693 1075 1693 1072 1693 1072 1694 1075 1694 1076 1694 1072 1695 1076 1695 1077 1695 1077 1696 1076 1696 1078 1696 1077 1697 1078 1697 1079 1697 1079 1698 1078 1698 1080 1698 1079 1699 1080 1699 1081 1699 1081 1700 1080 1700 1082 1700 1081 1701 1082 1701 1083 1701 1083 1702 1082 1702 1084 1702 1083 1703 1084 1703 1085 1703 1085 1704 1084 1704 1086 1704 1085 1705 1086 1705 1087 1705 1087 1706 1086 1706 1088 1706 1087 1707 1088 1707 1089 1707 1089 1708 1088 1708 1090 1708 1089 1709 1090 1709 1091 1709 1091 1710 1090 1710 1092 1710 1091 1711 1092 1711 1093 1711 1093 1712 1092 1712 1074 1712 1093 1713 1074 1713 1094 1713 1094 1714 1074 1714 1073 1714 1076 1715 1075 1715 1095 1715 1095 1716 1075 1716 1096 1716 1097 1717 1074 1717 1098 1717 1098 1718 1074 1718 1092 1718 1099 1719 1100 1719 1097 1719 1097 1720 1100 1720 1096 1720 1096 1721 1100 1721 1101 1721 1096 1722 1101 1722 1095 1722 1095 1723 1101 1723 1102 1723 1095 1724 1102 1724 1103 1724 1103 1725 1102 1725 1104 1725 1104 1726 1102 1726 1105 1726 1104 1727 1105 1727 1106 1727 1106 1728 1105 1728 1107 1728 1106 1729 1107 1729 1108 1729 1108 1730 1107 1730 1109 1730 1108 1731 1109 1731 1110 1731 1110 1732 1109 1732 1111 1732 1110 1733 1111 1733 1112 1733 1112 1734 1111 1734 1113 1734 1112 1735 1113 1735 1114 1735 1114 1736 1113 1736 1115 1736 1114 1737 1115 1737 1098 1737 1098 1738 1115 1738 1116 1738 1098 1739 1116 1739 1097 1739 1097 1740 1116 1740 1117 1740 1097 1741 1117 1741 1099 1741 70 1742 178 1742 607 1742 607 1743 178 1743 606 1743 606 1744 178 1744 604 1744 604 1745 178 1745 177 1745 604 1746 177 1746 605 1746 605 1747 177 1747 187 1747 184 1748 183 1748 601 1748 601 1749 183 1749 599 1749 179 1750 175 1750 592 1750 602 1751 600 1751 1118 1751 182 1752 186 1752 1119 1752 1119 1753 186 1753 1120 1753 592 1754 593 1754 179 1754 179 1755 593 1755 598 1755 179 1756 598 1756 180 1756 180 1757 598 1757 597 1757 180 1758 597 1758 181 1758 181 1759 597 1759 595 1759 181 1760 595 1760 176 1760 176 1761 595 1761 594 1761 176 1762 594 1762 185 1762 185 1763 594 1763 602 1763 185 1764 602 1764 186 1764 186 1765 602 1765 1118 1765 186 1766 1118 1766 1120 1766 1074 1767 1097 1767 1121 1767 1121 1768 1097 1768 1122 1768 1121 1769 1122 1769 183 1769 183 1770 1122 1770 599 1770 1123 1771 1120 1771 1118 1771 1120 1772 1123 1772 1119 1772 1124 1773 1125 1773 1126 1773 1126 1774 1125 1774 1127 1774 1125 1775 1128 1775 1127 1775 1127 1776 1128 1776 1129 1776 1127 1777 1129 1777 1130 1777 1130 1778 1129 1778 1131 1778 1130 1779 1131 1779 1132 1779 1132 1780 1131 1780 1133 1780 1132 1781 1133 1781 182 1781 182 1782 1119 1782 1132 1782 1132 1783 1119 1783 1123 1783 1132 1784 1123 1784 1130 1784 1130 1785 1123 1785 1118 1785 1130 1786 1118 1786 1127 1786 1127 1787 1118 1787 600 1787 1127 1788 600 1788 1126 1788 1125 1789 1124 1789 1134 1789 1128 1790 1125 1790 1135 1790 1135 1791 1125 1791 1134 1791 1135 1792 1134 1792 1075 1792 1075 1793 1134 1793 1096 1793 1131 1794 1129 1794 1121 1794 183 1795 182 1795 1121 1795 1121 1796 182 1796 1133 1796 1121 1797 1133 1797 1131 1797 1129 1798 1128 1798 1121 1798 1121 1799 1128 1799 1135 1799 1121 1800 1135 1800 1074 1800 1074 1801 1135 1801 1075 1801 1126 1802 600 1802 599 1802 1097 1803 1096 1803 1122 1803 1122 1804 1096 1804 1134 1804 1122 1805 1134 1805 599 1805 599 1806 1134 1806 1124 1806 599 1807 1124 1807 1126 1807 1087 1808 1111 1808 1085 1808 1085 1809 1111 1809 1109 1809 1085 1810 1109 1810 1083 1810 1083 1811 1109 1811 1107 1811 1083 1812 1107 1812 1081 1812 1081 1813 1107 1813 1105 1813 1081 1814 1105 1814 1079 1814 1079 1815 1105 1815 1102 1815 1079 1816 1102 1816 1077 1816 1077 1817 1102 1817 1101 1817 1077 1818 1101 1818 1072 1818 1072 1819 1101 1819 1100 1819 1072 1820 1100 1820 1073 1820 1073 1821 1100 1821 1099 1821 1073 1822 1099 1822 1094 1822 1094 1823 1099 1823 1117 1823 1094 1824 1117 1824 1093 1824 1093 1825 1117 1825 1116 1825 1093 1826 1116 1826 1091 1826 1091 1827 1116 1827 1115 1827 1091 1828 1115 1828 1089 1828 1089 1829 1115 1829 1113 1829 1089 1830 1113 1830 1087 1830 1087 1831 1113 1831 1111 1831 1082 1832 1106 1832 1108 1832 1082 1833 1108 1833 1084 1833 1084 1834 1108 1834 1110 1834 1084 1835 1110 1835 1086 1835 1086 1836 1110 1836 1112 1836 1086 1837 1112 1837 1088 1837 1088 1838 1112 1838 1114 1838 1088 1839 1114 1839 1090 1839 1090 1840 1114 1840 1098 1840 1090 1841 1098 1841 1092 1841 1104 1842 1106 1842 1080 1842 1080 1843 1106 1843 1082 1843 184 1844 601 1844 603 1844 184 1845 603 1845 188 1845 188 1846 603 1846 605 1846 188 1847 605 1847 187 1847 1104 1848 1080 1848 1078 1848 1104 1849 1078 1849 1103 1849 1103 1850 1078 1850 1076 1850 1103 1851 1076 1851 1095 1851 202 1852 590 1852 174 1852 174 1853 590 1853 582 1853 174 1854 582 1854 175 1854 175 1855 582 1855 592 1855 1136 1856 1137 1856 1138 1856 1137 1857 1139 1857 1138 1857 1138 1858 1139 1858 1140 1858 1138 1859 1140 1859 1141 1859 1141 1860 1140 1860 1142 1860 1141 1861 1142 1861 1143 1861 1143 1862 1142 1862 1144 1862 1143 1863 1144 1863 1145 1863 1145 1864 1144 1864 1146 1864 1145 1865 1146 1865 1147 1865 1147 1866 1146 1866 1148 1866 1147 1867 1148 1867 1149 1867 1149 1868 1148 1868 1150 1868 1149 1869 1150 1869 1151 1869 1151 1870 1150 1870 1152 1870 1151 1871 1152 1871 1153 1871 1153 1872 1152 1872 1154 1872 1153 1873 1154 1873 1155 1873 1155 1874 1154 1874 1156 1874 1155 1875 1156 1875 1157 1875 1157 1876 1156 1876 1136 1876 1157 1877 1136 1877 1158 1877 1158 1878 1136 1878 1138 1878 1157 1879 1158 1879 1159 1879 1159 1880 1158 1880 1160 1880 1161 1881 1138 1881 1162 1881 1162 1882 1138 1882 1141 1882 1163 1883 1164 1883 1159 1883 1163 1884 1159 1884 1165 1884 1165 1885 1159 1885 1160 1885 1165 1886 1160 1886 1166 1886 1166 1887 1160 1887 1161 1887 1166 1888 1161 1888 1167 1888 1164 1889 1163 1889 1168 1889 1168 1890 1163 1890 1169 1890 1168 1891 1169 1891 1170 1891 1170 1892 1169 1892 1171 1892 1170 1893 1171 1893 1172 1893 1172 1894 1171 1894 1173 1894 1172 1895 1173 1895 1174 1895 1174 1896 1173 1896 1175 1896 1174 1897 1175 1897 1176 1897 1176 1898 1175 1898 1177 1898 1176 1899 1177 1899 1178 1899 1178 1900 1177 1900 1179 1900 1178 1901 1179 1901 1162 1901 1162 1902 1179 1902 1180 1902 1162 1903 1180 1903 1161 1903 1161 1904 1180 1904 1181 1904 1161 1905 1181 1905 1167 1905 202 1906 204 1906 590 1906 590 1907 204 1907 591 1907 586 1908 591 1908 205 1908 205 1909 591 1909 204 1909 218 1910 219 1910 568 1910 568 1911 219 1911 566 1911 207 1912 206 1912 571 1912 559 1913 567 1913 1182 1913 217 1914 215 1914 1183 1914 1183 1915 215 1915 1184 1915 571 1916 570 1916 207 1916 207 1917 570 1917 565 1917 207 1918 565 1918 208 1918 208 1919 565 1919 564 1919 208 1920 564 1920 209 1920 209 1921 564 1921 562 1921 209 1922 562 1922 210 1922 210 1923 562 1923 560 1923 210 1924 560 1924 214 1924 214 1925 560 1925 559 1925 214 1926 559 1926 215 1926 215 1927 559 1927 1182 1927 215 1928 1182 1928 1184 1928 1138 1929 1161 1929 1185 1929 1185 1930 1161 1930 1186 1930 1185 1931 1186 1931 219 1931 219 1932 1186 1932 566 1932 1187 1933 1184 1933 1182 1933 1184 1934 1187 1934 1183 1934 1188 1935 1189 1935 1190 1935 1190 1936 1189 1936 1191 1936 1189 1937 1192 1937 1191 1937 1191 1938 1192 1938 1193 1938 1191 1939 1193 1939 1194 1939 1194 1940 1193 1940 1195 1940 1194 1941 1195 1941 1196 1941 1196 1942 1195 1942 1197 1942 1196 1943 1197 1943 217 1943 217 1944 1183 1944 1196 1944 1196 1945 1183 1945 1187 1945 1196 1946 1187 1946 1194 1946 1194 1947 1187 1947 1182 1947 1194 1948 1182 1948 1191 1948 1191 1949 1182 1949 567 1949 1191 1950 567 1950 1190 1950 1189 1951 1188 1951 1198 1951 1192 1952 1189 1952 1199 1952 1199 1953 1189 1953 1198 1953 1199 1954 1198 1954 1158 1954 1158 1955 1198 1955 1160 1955 1185 1956 219 1956 217 1956 217 1957 1197 1957 1185 1957 1185 1958 1197 1958 1195 1958 1185 1959 1195 1959 1193 1959 1193 1960 1192 1960 1185 1960 1185 1961 1192 1961 1199 1961 1185 1962 1199 1962 1138 1962 1138 1963 1199 1963 1158 1963 1190 1964 567 1964 566 1964 1161 1965 1160 1965 1186 1965 1186 1966 1160 1966 1198 1966 1186 1967 1198 1967 566 1967 566 1968 1198 1968 1188 1968 566 1969 1188 1969 1190 1969 1146 1970 1175 1970 1148 1970 1148 1971 1175 1971 1173 1971 1148 1972 1173 1972 1150 1972 1150 1973 1173 1973 1171 1973 1150 1974 1171 1974 1152 1974 1152 1975 1171 1975 1169 1975 1152 1976 1169 1976 1154 1976 1154 1977 1169 1977 1163 1977 1154 1978 1163 1978 1156 1978 1156 1979 1163 1979 1165 1979 1156 1980 1165 1980 1136 1980 1136 1981 1165 1981 1166 1981 1136 1982 1166 1982 1137 1982 1137 1983 1166 1983 1167 1983 1137 1984 1167 1984 1139 1984 1139 1985 1167 1985 1181 1985 1139 1986 1181 1986 1140 1986 1140 1987 1181 1987 1180 1987 1140 1988 1180 1988 1142 1988 1142 1989 1180 1989 1179 1989 1142 1990 1179 1990 1144 1990 1144 1991 1179 1991 1177 1991 1144 1992 1177 1992 1146 1992 1146 1993 1177 1993 1175 1993 1151 1994 1170 1994 1172 1994 1151 1995 1172 1995 1149 1995 1149 1996 1172 1996 1174 1996 1149 1997 1174 1997 1147 1997 1147 1998 1174 1998 1176 1998 1147 1999 1176 1999 1145 1999 1145 2000 1176 2000 1178 2000 1145 2001 1178 2001 1143 2001 1143 2002 1178 2002 1162 2002 1143 2003 1162 2003 1141 2003 1168 2004 1170 2004 1153 2004 1153 2005 1170 2005 1151 2005 218 2006 568 2006 569 2006 586 2007 205 2007 561 2007 561 2008 205 2008 198 2008 561 2009 198 2009 569 2009 569 2010 198 2010 216 2010 569 2011 216 2011 218 2011 1168 2012 1153 2012 1155 2012 1168 2013 1155 2013 1164 2013 1164 2014 1155 2014 1157 2014 1164 2015 1157 2015 1159 2015 211 2016 572 2016 206 2016 206 2017 572 2017 571 2017 1200 2018 1201 2018 1202 2018 1201 2019 1203 2019 1202 2019 1202 2020 1203 2020 1204 2020 1202 2021 1204 2021 1205 2021 1205 2022 1204 2022 1206 2022 1205 2023 1206 2023 1207 2023 1207 2024 1206 2024 1208 2024 1207 2025 1208 2025 1209 2025 1209 2026 1208 2026 1210 2026 1209 2027 1210 2027 1211 2027 1211 2028 1210 2028 1212 2028 1211 2029 1212 2029 1213 2029 1213 2030 1212 2030 1214 2030 1213 2031 1214 2031 1215 2031 1215 2032 1214 2032 1216 2032 1215 2033 1216 2033 1217 2033 1217 2034 1216 2034 1218 2034 1217 2035 1218 2035 1219 2035 1219 2036 1218 2036 1220 2036 1219 2037 1220 2037 1221 2037 1221 2038 1220 2038 1200 2038 1221 2039 1200 2039 1222 2039 1222 2040 1200 2040 1202 2040 1221 2041 1222 2041 1223 2041 1223 2042 1222 2042 1224 2042 1225 2043 1202 2043 1226 2043 1226 2044 1202 2044 1205 2044 1225 2045 1227 2045 1228 2045 1225 2046 1228 2046 1224 2046 1224 2047 1228 2047 1229 2047 1224 2048 1229 2048 1223 2048 1223 2049 1229 2049 1230 2049 1223 2050 1230 2050 1231 2050 1231 2051 1230 2051 1232 2051 1232 2052 1230 2052 1233 2052 1232 2053 1233 2053 1234 2053 1234 2054 1233 2054 1235 2054 1234 2055 1235 2055 1236 2055 1236 2056 1235 2056 1237 2056 1236 2057 1237 2057 1238 2057 1238 2058 1237 2058 1239 2058 1238 2059 1239 2059 1240 2059 1240 2060 1239 2060 1241 2060 1240 2061 1241 2061 1242 2061 1242 2062 1241 2062 1243 2062 1242 2063 1243 2063 1226 2063 1226 2064 1243 2064 1244 2064 1226 2065 1244 2065 1225 2065 1225 2066 1244 2066 1245 2066 1225 2067 1245 2067 1227 2067 211 2068 213 2068 572 2068 572 2069 213 2069 574 2069 226 2070 557 2070 223 2070 223 2071 557 2071 556 2071 223 2072 556 2072 222 2072 222 2073 556 2073 573 2073 222 2074 573 2074 213 2074 213 2075 573 2075 574 2075 225 2076 224 2076 445 2076 445 2077 224 2077 446 2077 230 2078 229 2078 544 2078 554 2079 555 2079 1246 2079 236 2080 235 2080 1247 2080 1247 2081 235 2081 1248 2081 544 2082 550 2082 230 2082 230 2083 550 2083 548 2083 230 2084 548 2084 231 2084 231 2085 548 2085 553 2085 231 2086 553 2086 232 2086 232 2087 553 2087 552 2087 232 2088 552 2088 233 2088 233 2089 552 2089 551 2089 233 2090 551 2090 234 2090 234 2091 551 2091 554 2091 234 2092 554 2092 235 2092 235 2093 554 2093 1246 2093 235 2094 1246 2094 1248 2094 1202 2095 1225 2095 1249 2095 1249 2096 1225 2096 1250 2096 1249 2097 1250 2097 224 2097 224 2098 1250 2098 446 2098 1251 2099 1248 2099 1246 2099 1248 2100 1251 2100 1247 2100 1252 2101 1253 2101 1254 2101 1254 2102 1253 2102 1255 2102 1253 2103 1256 2103 1255 2103 1255 2104 1256 2104 1257 2104 1255 2105 1257 2105 1258 2105 1258 2106 1257 2106 1259 2106 1258 2107 1259 2107 1260 2107 1260 2108 1259 2108 1261 2108 1260 2109 1261 2109 236 2109 236 2110 1247 2110 1260 2110 1260 2111 1247 2111 1251 2111 1260 2112 1251 2112 1258 2112 1258 2113 1251 2113 1246 2113 1258 2114 1246 2114 1255 2114 1255 2115 1246 2115 555 2115 1255 2116 555 2116 1254 2116 1253 2117 1252 2117 1262 2117 1256 2118 1253 2118 1263 2118 1263 2119 1253 2119 1262 2119 1263 2120 1262 2120 1222 2120 1222 2121 1262 2121 1224 2121 236 2122 1261 2122 220 2122 220 2123 1261 2123 1259 2123 220 2124 1259 2124 1257 2124 1257 2125 1256 2125 220 2125 220 2126 1256 2126 1263 2126 220 2127 1263 2127 221 2127 224 2128 221 2128 1249 2128 1249 2129 221 2129 1263 2129 1249 2130 1263 2130 1202 2130 1202 2131 1263 2131 1222 2131 1225 2132 1224 2132 1250 2132 1250 2133 1224 2133 1262 2133 1250 2134 1262 2134 446 2134 446 2135 1262 2135 1252 2135 446 2136 1252 2136 447 2136 447 2137 1252 2137 1254 2137 447 2138 1254 2138 448 2138 448 2139 1254 2139 555 2139 1210 2140 1239 2140 1212 2140 1212 2141 1239 2141 1237 2141 1212 2142 1237 2142 1214 2142 1214 2143 1237 2143 1235 2143 1214 2144 1235 2144 1216 2144 1216 2145 1235 2145 1233 2145 1216 2146 1233 2146 1218 2146 1218 2147 1233 2147 1230 2147 1218 2148 1230 2148 1220 2148 1220 2149 1230 2149 1229 2149 1220 2150 1229 2150 1200 2150 1200 2151 1229 2151 1228 2151 1200 2152 1228 2152 1201 2152 1201 2153 1228 2153 1227 2153 1201 2154 1227 2154 1203 2154 1203 2155 1227 2155 1245 2155 1203 2156 1245 2156 1204 2156 1204 2157 1245 2157 1244 2157 1204 2158 1244 2158 1206 2158 1206 2159 1244 2159 1243 2159 1206 2160 1243 2160 1208 2160 1208 2161 1243 2161 1241 2161 1208 2162 1241 2162 1210 2162 1210 2163 1241 2163 1239 2163 1215 2164 1234 2164 1236 2164 1215 2165 1236 2165 1213 2165 1213 2166 1236 2166 1238 2166 1213 2167 1238 2167 1211 2167 1211 2168 1238 2168 1240 2168 1211 2169 1240 2169 1209 2169 1209 2170 1240 2170 1242 2170 1209 2171 1242 2171 1207 2171 1207 2172 1242 2172 1226 2172 1207 2173 1226 2173 1205 2173 1232 2174 1234 2174 1217 2174 1217 2175 1234 2175 1215 2175 225 2176 445 2176 558 2176 225 2177 558 2177 227 2177 227 2178 558 2178 557 2178 227 2179 557 2179 226 2179 1232 2180 1217 2180 1219 2180 1232 2181 1219 2181 1231 2181 1231 2182 1219 2182 1221 2182 1231 2183 1221 2183 1223 2183 67 2184 546 2184 68 2184 68 2185 546 2185 545 2185 68 2186 545 2186 229 2186 229 2187 545 2187 544 2187 1264 2188 1265 2188 1266 2188 1265 2189 1267 2189 1266 2189 1266 2190 1267 2190 1268 2190 1266 2191 1268 2191 1269 2191 1269 2192 1268 2192 1270 2192 1269 2193 1270 2193 1271 2193 1271 2194 1270 2194 1272 2194 1271 2195 1272 2195 1273 2195 1273 2196 1272 2196 1274 2196 1273 2197 1274 2197 1275 2197 1275 2198 1274 2198 1276 2198 1275 2199 1276 2199 1277 2199 1277 2200 1276 2200 1278 2200 1277 2201 1278 2201 1279 2201 1279 2202 1278 2202 1280 2202 1279 2203 1280 2203 1281 2203 1281 2204 1280 2204 1282 2204 1281 2205 1282 2205 1283 2205 1283 2206 1282 2206 1284 2206 1283 2207 1284 2207 1285 2207 1285 2208 1284 2208 1264 2208 1285 2209 1264 2209 1286 2209 1286 2210 1264 2210 1266 2210 1285 2211 1286 2211 1287 2211 1287 2212 1286 2212 1288 2212 1289 2213 1266 2213 1290 2213 1290 2214 1266 2214 1269 2214 1291 2215 1287 2215 1292 2215 1292 2216 1287 2216 1288 2216 1292 2217 1288 2217 1293 2217 1293 2218 1288 2218 1289 2218 1293 2219 1289 2219 1294 2219 1294 2220 1289 2220 1295 2220 1295 2221 1289 2221 1296 2221 1296 2222 1289 2222 1290 2222 1296 2223 1290 2223 1297 2223 1297 2224 1290 2224 1298 2224 1297 2225 1298 2225 1299 2225 1299 2226 1298 2226 1300 2226 1299 2227 1300 2227 1301 2227 1301 2228 1300 2228 1302 2228 1301 2229 1302 2229 1303 2229 1303 2230 1302 2230 1304 2230 1303 2231 1304 2231 1305 2231 1305 2232 1304 2232 1306 2232 1305 2233 1306 2233 1307 2233 1307 2234 1306 2234 1308 2234 1307 2235 1308 2235 1291 2235 1291 2236 1308 2236 1309 2236 1291 2237 1309 2237 1287 2237 67 2238 239 2238 546 2238 546 2239 239 2239 547 2239 547 2240 239 2240 541 2240 541 2241 239 2241 238 2241 541 2242 238 2242 540 2242 540 2243 238 2243 244 2243 242 2244 248 2244 530 2244 530 2245 248 2245 531 2245 247 2246 246 2246 543 2246 542 2247 532 2247 1310 2247 249 2248 250 2248 1311 2248 1311 2249 250 2249 1312 2249 543 2250 538 2250 247 2250 247 2251 538 2251 537 2251 247 2252 537 2252 240 2252 240 2253 537 2253 536 2253 240 2254 536 2254 241 2254 241 2255 536 2255 534 2255 241 2256 534 2256 237 2256 237 2257 534 2257 533 2257 237 2258 533 2258 251 2258 251 2259 533 2259 542 2259 251 2260 542 2260 250 2260 250 2261 542 2261 1310 2261 250 2262 1310 2262 1312 2262 1266 2263 1289 2263 1313 2263 1313 2264 1289 2264 1314 2264 1313 2265 1314 2265 248 2265 248 2266 1314 2266 531 2266 1315 2267 1312 2267 1310 2267 1312 2268 1315 2268 1311 2268 1316 2269 1317 2269 1318 2269 1318 2270 1317 2270 1319 2270 1317 2271 1320 2271 1319 2271 1319 2272 1320 2272 1321 2272 1319 2273 1321 2273 1322 2273 1322 2274 1321 2274 1323 2274 1322 2275 1323 2275 1324 2275 1324 2276 1323 2276 1325 2276 1324 2277 1325 2277 249 2277 249 2278 1311 2278 1324 2278 1324 2279 1311 2279 1315 2279 1324 2280 1315 2280 1322 2280 1322 2281 1315 2281 1310 2281 1322 2282 1310 2282 1319 2282 1319 2283 1310 2283 532 2283 1319 2284 532 2284 1318 2284 1317 2285 1316 2285 1326 2285 1320 2286 1317 2286 1327 2286 1327 2287 1317 2287 1326 2287 1327 2288 1326 2288 1286 2288 1286 2289 1326 2289 1288 2289 1323 2290 1321 2290 1313 2290 248 2291 249 2291 1313 2291 1313 2292 249 2292 1325 2292 1313 2293 1325 2293 1323 2293 1321 2294 1320 2294 1313 2294 1313 2295 1320 2295 1327 2295 1313 2296 1327 2296 1266 2296 1266 2297 1327 2297 1286 2297 1318 2298 532 2298 531 2298 1289 2299 1288 2299 1314 2299 1314 2300 1288 2300 1326 2300 1314 2301 1326 2301 531 2301 531 2302 1326 2302 1316 2302 531 2303 1316 2303 1318 2303 1274 2304 1301 2304 1276 2304 1276 2305 1301 2305 1303 2305 1276 2306 1303 2306 1278 2306 1278 2307 1303 2307 1305 2307 1278 2308 1305 2308 1280 2308 1280 2309 1305 2309 1307 2309 1280 2310 1307 2310 1282 2310 1282 2311 1307 2311 1291 2311 1282 2312 1291 2312 1284 2312 1284 2313 1291 2313 1292 2313 1284 2314 1292 2314 1264 2314 1264 2315 1292 2315 1293 2315 1264 2316 1293 2316 1265 2316 1265 2317 1293 2317 1294 2317 1265 2318 1294 2318 1267 2318 1267 2319 1294 2319 1295 2319 1267 2320 1295 2320 1268 2320 1268 2321 1295 2321 1296 2321 1268 2322 1296 2322 1270 2322 1270 2323 1296 2323 1297 2323 1270 2324 1297 2324 1272 2324 1272 2325 1297 2325 1299 2325 1272 2326 1299 2326 1274 2326 1274 2327 1299 2327 1301 2327 1279 2328 1306 2328 1304 2328 1279 2329 1304 2329 1277 2329 1277 2330 1304 2330 1302 2330 1277 2331 1302 2331 1275 2331 1275 2332 1302 2332 1300 2332 1275 2333 1300 2333 1273 2333 1273 2334 1300 2334 1298 2334 1273 2335 1298 2335 1271 2335 1271 2336 1298 2336 1290 2336 1271 2337 1290 2337 1269 2337 1308 2338 1306 2338 1281 2338 1281 2339 1306 2339 1279 2339 242 2340 530 2340 539 2340 242 2341 539 2341 243 2341 243 2342 539 2342 540 2342 243 2343 540 2343 244 2343 1308 2344 1281 2344 1283 2344 1308 2345 1283 2345 1309 2345 1309 2346 1283 2346 1285 2346 1309 2347 1285 2347 1287 2347 264 2348 524 2348 245 2348 245 2349 524 2349 525 2349 245 2350 525 2350 246 2350 246 2351 525 2351 543 2351 1328 2352 1329 2352 1330 2352 1329 2353 1331 2353 1330 2353 1330 2354 1331 2354 1332 2354 1330 2355 1332 2355 1333 2355 1333 2356 1332 2356 1334 2356 1333 2357 1334 2357 1335 2357 1335 2358 1334 2358 1336 2358 1335 2359 1336 2359 1337 2359 1337 2360 1336 2360 1338 2360 1337 2361 1338 2361 1339 2361 1339 2362 1338 2362 1340 2362 1339 2363 1340 2363 1341 2363 1341 2364 1340 2364 1342 2364 1341 2365 1342 2365 1343 2365 1343 2366 1342 2366 1344 2366 1343 2367 1344 2367 1345 2367 1345 2368 1344 2368 1346 2368 1345 2369 1346 2369 1347 2369 1347 2370 1346 2370 1348 2370 1347 2371 1348 2371 1349 2371 1349 2372 1348 2372 1328 2372 1349 2373 1328 2373 1350 2373 1350 2374 1328 2374 1330 2374 1349 2375 1350 2375 1351 2375 1351 2376 1350 2376 1352 2376 1353 2377 1330 2377 1354 2377 1354 2378 1330 2378 1333 2378 1355 2379 1351 2379 1356 2379 1356 2380 1351 2380 1352 2380 1356 2381 1352 2381 1357 2381 1357 2382 1352 2382 1353 2382 1357 2383 1353 2383 1358 2383 1358 2384 1353 2384 1359 2384 1359 2385 1353 2385 1360 2385 1360 2386 1353 2386 1354 2386 1360 2387 1354 2387 1361 2387 1361 2388 1354 2388 1362 2388 1361 2389 1362 2389 1363 2389 1363 2390 1362 2390 1364 2390 1363 2391 1364 2391 1365 2391 1365 2392 1364 2392 1366 2392 1365 2393 1366 2393 1367 2393 1367 2394 1366 2394 1368 2394 1367 2395 1368 2395 1369 2395 1369 2396 1368 2396 1370 2396 1369 2397 1370 2397 1371 2397 1371 2398 1370 2398 1372 2398 1371 2399 1372 2399 1355 2399 1355 2400 1372 2400 1373 2400 1355 2401 1373 2401 1351 2401 264 2402 262 2402 524 2402 524 2403 262 2403 529 2403 528 2404 529 2404 261 2404 261 2405 529 2405 262 2405 278 2406 279 2406 504 2406 504 2407 279 2407 502 2407 270 2408 269 2408 508 2408 496 2409 503 2409 1374 2409 277 2410 275 2410 1375 2410 1375 2411 275 2411 1376 2411 508 2412 507 2412 270 2412 270 2413 507 2413 500 2413 270 2414 500 2414 271 2414 271 2415 500 2415 499 2415 271 2416 499 2416 272 2416 272 2417 499 2417 506 2417 272 2418 506 2418 273 2418 273 2419 506 2419 497 2419 273 2420 497 2420 274 2420 274 2421 497 2421 496 2421 274 2422 496 2422 275 2422 275 2423 496 2423 1374 2423 275 2424 1374 2424 1376 2424 1330 2425 1353 2425 1377 2425 1377 2426 1353 2426 1378 2426 1377 2427 1378 2427 279 2427 279 2428 1378 2428 502 2428 1379 2429 1376 2429 1374 2429 1376 2430 1379 2430 1375 2430 1380 2431 1381 2431 1382 2431 1382 2432 1381 2432 1383 2432 1381 2433 1384 2433 1383 2433 1383 2434 1384 2434 1385 2434 1383 2435 1385 2435 1386 2435 1386 2436 1385 2436 1387 2436 1386 2437 1387 2437 1388 2437 1388 2438 1387 2438 1389 2438 1388 2439 1389 2439 277 2439 277 2440 1375 2440 1388 2440 1388 2441 1375 2441 1379 2441 1388 2442 1379 2442 1386 2442 1386 2443 1379 2443 1374 2443 1386 2444 1374 2444 1383 2444 1383 2445 1374 2445 503 2445 1383 2446 503 2446 1382 2446 1381 2447 1380 2447 1390 2447 1384 2448 1381 2448 1391 2448 1391 2449 1381 2449 1390 2449 1391 2450 1390 2450 1350 2450 1350 2451 1390 2451 1352 2451 1387 2452 1385 2452 1377 2452 279 2453 277 2453 1377 2453 1377 2454 277 2454 1389 2454 1377 2455 1389 2455 1387 2455 1385 2456 1384 2456 1377 2456 1377 2457 1384 2457 1391 2457 1377 2458 1391 2458 1330 2458 1330 2459 1391 2459 1350 2459 1382 2460 503 2460 502 2460 1353 2461 1352 2461 1378 2461 1378 2462 1352 2462 1390 2462 1378 2463 1390 2463 502 2463 502 2464 1390 2464 1380 2464 502 2465 1380 2465 1382 2465 1338 2466 1365 2466 1340 2466 1340 2467 1365 2467 1367 2467 1340 2468 1367 2468 1342 2468 1342 2469 1367 2469 1369 2469 1342 2470 1369 2470 1344 2470 1344 2471 1369 2471 1371 2471 1344 2472 1371 2472 1346 2472 1346 2473 1371 2473 1355 2473 1346 2474 1355 2474 1348 2474 1348 2475 1355 2475 1356 2475 1348 2476 1356 2476 1328 2476 1328 2477 1356 2477 1357 2477 1328 2478 1357 2478 1329 2478 1329 2479 1357 2479 1358 2479 1329 2480 1358 2480 1331 2480 1331 2481 1358 2481 1359 2481 1331 2482 1359 2482 1332 2482 1332 2483 1359 2483 1360 2483 1332 2484 1360 2484 1334 2484 1334 2485 1360 2485 1361 2485 1334 2486 1361 2486 1336 2486 1336 2487 1361 2487 1363 2487 1336 2488 1363 2488 1338 2488 1338 2489 1363 2489 1365 2489 1343 2490 1370 2490 1368 2490 1343 2491 1368 2491 1341 2491 1341 2492 1368 2492 1366 2492 1341 2493 1366 2493 1339 2493 1339 2494 1366 2494 1364 2494 1339 2495 1364 2495 1337 2495 1337 2496 1364 2496 1362 2496 1337 2497 1362 2497 1335 2497 1335 2498 1362 2498 1354 2498 1335 2499 1354 2499 1333 2499 1372 2500 1370 2500 1345 2500 1345 2501 1370 2501 1343 2501 278 2502 504 2502 505 2502 528 2503 261 2503 498 2503 498 2504 261 2504 254 2504 498 2505 254 2505 505 2505 505 2506 254 2506 276 2506 505 2507 276 2507 278 2507 1372 2508 1345 2508 1347 2508 1372 2509 1347 2509 1373 2509 1373 2510 1347 2510 1349 2510 1373 2511 1349 2511 1351 2511 268 2512 509 2512 269 2512 269 2513 509 2513 508 2513 1392 2514 1393 2514 1394 2514 1393 2515 1395 2515 1394 2515 1394 2516 1395 2516 1396 2516 1394 2517 1396 2517 1397 2517 1397 2518 1396 2518 1398 2518 1397 2519 1398 2519 1399 2519 1399 2520 1398 2520 1400 2520 1399 2521 1400 2521 1401 2521 1401 2522 1400 2522 1402 2522 1401 2523 1402 2523 1403 2523 1403 2524 1402 2524 1404 2524 1403 2525 1404 2525 1405 2525 1405 2526 1404 2526 1406 2526 1405 2527 1406 2527 1407 2527 1407 2528 1406 2528 1408 2528 1407 2529 1408 2529 1409 2529 1409 2530 1408 2530 1410 2530 1409 2531 1410 2531 1411 2531 1411 2532 1410 2532 1412 2532 1411 2533 1412 2533 1413 2533 1413 2534 1412 2534 1392 2534 1413 2535 1392 2535 1414 2535 1414 2536 1392 2536 1394 2536 1413 2537 1414 2537 1415 2537 1415 2538 1414 2538 1416 2538 1417 2539 1394 2539 1418 2539 1418 2540 1394 2540 1397 2540 1419 2541 1420 2541 1417 2541 1417 2542 1420 2542 1421 2542 1417 2543 1421 2543 1416 2543 1416 2544 1421 2544 1422 2544 1416 2545 1422 2545 1415 2545 1415 2546 1422 2546 1423 2546 1419 2547 1417 2547 1424 2547 1424 2548 1417 2548 1418 2548 1424 2549 1418 2549 1425 2549 1425 2550 1418 2550 1426 2550 1425 2551 1426 2551 1427 2551 1427 2552 1426 2552 1428 2552 1427 2553 1428 2553 1429 2553 1429 2554 1428 2554 1430 2554 1429 2555 1430 2555 1431 2555 1431 2556 1430 2556 1432 2556 1431 2557 1432 2557 1433 2557 1433 2558 1432 2558 1434 2558 1433 2559 1434 2559 1435 2559 1435 2560 1434 2560 1436 2560 1435 2561 1436 2561 1423 2561 1423 2562 1436 2562 1437 2562 1423 2563 1437 2563 1415 2563 268 2564 284 2564 509 2564 509 2565 284 2565 510 2565 510 2566 284 2566 511 2566 511 2567 284 2567 283 2567 511 2568 283 2568 512 2568 512 2569 283 2569 289 2569 512 2570 289 2570 494 2570 494 2571 289 2571 288 2571 285 2572 287 2572 493 2572 493 2573 287 2573 492 2573 295 2574 293 2574 488 2574 490 2575 491 2575 1438 2575 299 2576 298 2576 1439 2576 1439 2577 298 2577 1440 2577 488 2578 487 2578 295 2578 295 2579 487 2579 485 2579 295 2580 485 2580 296 2580 296 2581 485 2581 484 2581 296 2582 484 2582 290 2582 290 2583 484 2583 483 2583 290 2584 483 2584 291 2584 291 2585 483 2585 482 2585 291 2586 482 2586 297 2586 297 2587 482 2587 490 2587 297 2588 490 2588 298 2588 298 2589 490 2589 1438 2589 298 2590 1438 2590 1440 2590 1394 2591 1417 2591 1441 2591 1441 2592 1417 2592 1442 2592 1441 2593 1442 2593 287 2593 287 2594 1442 2594 492 2594 1443 2595 1440 2595 1438 2595 1440 2596 1443 2596 1439 2596 1444 2597 1445 2597 1446 2597 1446 2598 1445 2598 1447 2598 1445 2599 1448 2599 1447 2599 1447 2600 1448 2600 1449 2600 1447 2601 1449 2601 1450 2601 1450 2602 1449 2602 1451 2602 1450 2603 1451 2603 1452 2603 1452 2604 1451 2604 1453 2604 1452 2605 1453 2605 299 2605 299 2606 1439 2606 1452 2606 1452 2607 1439 2607 1443 2607 1452 2608 1443 2608 1450 2608 1450 2609 1443 2609 1438 2609 1450 2610 1438 2610 1447 2610 1447 2611 1438 2611 491 2611 1447 2612 491 2612 1446 2612 1445 2613 1444 2613 1454 2613 1448 2614 1445 2614 1455 2614 1455 2615 1445 2615 1454 2615 1455 2616 1454 2616 1414 2616 1414 2617 1454 2617 1416 2617 299 2618 1453 2618 280 2618 280 2619 1453 2619 1451 2619 280 2620 1451 2620 1449 2620 1449 2621 1448 2621 280 2621 280 2622 1448 2622 1455 2622 280 2623 1455 2623 281 2623 287 2624 281 2624 1441 2624 1441 2625 281 2625 1455 2625 1441 2626 1455 2626 1394 2626 1394 2627 1455 2627 1414 2627 1417 2628 1416 2628 1442 2628 1442 2629 1416 2629 1454 2629 1442 2630 1454 2630 492 2630 492 2631 1454 2631 1444 2631 492 2632 1444 2632 450 2632 450 2633 1444 2633 1446 2633 450 2634 1446 2634 451 2634 451 2635 1446 2635 491 2635 1402 2636 1429 2636 1404 2636 1404 2637 1429 2637 1431 2637 1404 2638 1431 2638 1406 2638 1406 2639 1431 2639 1433 2639 1406 2640 1433 2640 1408 2640 1408 2641 1433 2641 1435 2641 1408 2642 1435 2642 1410 2642 1410 2643 1435 2643 1423 2643 1410 2644 1423 2644 1412 2644 1412 2645 1423 2645 1422 2645 1412 2646 1422 2646 1392 2646 1392 2647 1422 2647 1421 2647 1392 2648 1421 2648 1393 2648 1393 2649 1421 2649 1420 2649 1393 2650 1420 2650 1395 2650 1395 2651 1420 2651 1419 2651 1395 2652 1419 2652 1396 2652 1396 2653 1419 2653 1424 2653 1396 2654 1424 2654 1398 2654 1398 2655 1424 2655 1425 2655 1398 2656 1425 2656 1400 2656 1400 2657 1425 2657 1427 2657 1400 2658 1427 2658 1402 2658 1402 2659 1427 2659 1429 2659 1407 2660 1434 2660 1432 2660 1407 2661 1432 2661 1405 2661 1405 2662 1432 2662 1430 2662 1405 2663 1430 2663 1403 2663 1403 2664 1430 2664 1428 2664 1403 2665 1428 2665 1401 2665 1401 2666 1428 2666 1426 2666 1401 2667 1426 2667 1399 2667 1399 2668 1426 2668 1418 2668 1399 2669 1418 2669 1397 2669 1436 2670 1434 2670 1409 2670 1409 2671 1434 2671 1407 2671 285 2672 493 2672 495 2672 285 2673 495 2673 286 2673 286 2674 495 2674 494 2674 286 2675 494 2675 288 2675 1436 2676 1409 2676 1411 2676 1436 2677 1411 2677 1437 2677 1437 2678 1411 2678 1413 2678 1437 2679 1413 2679 1415 2679 303 2680 481 2680 292 2680 292 2681 481 2681 489 2681 292 2682 489 2682 293 2682 293 2683 489 2683 488 2683 1456 2684 1457 2684 1458 2684 1458 2685 1459 2685 1456 2685 1456 2686 1459 2686 1460 2686 1456 2687 1460 2687 1461 2687 1461 2688 1460 2688 1462 2688 1461 2689 1462 2689 1463 2689 1463 2690 1462 2690 1464 2690 1463 2691 1464 2691 1465 2691 1465 2692 1464 2692 1466 2692 1465 2693 1466 2693 1467 2693 1467 2694 1466 2694 1468 2694 1467 2695 1468 2695 1469 2695 1469 2696 1468 2696 1470 2696 1469 2697 1470 2697 1471 2697 1471 2698 1470 2698 1472 2698 1471 2699 1472 2699 1473 2699 1473 2700 1472 2700 1474 2700 1473 2701 1474 2701 1475 2701 1475 2702 1474 2702 1476 2702 1475 2703 1476 2703 1477 2703 1477 2704 1476 2704 1458 2704 1477 2705 1458 2705 1478 2705 1478 2706 1458 2706 1457 2706 1460 2707 1459 2707 1479 2707 1479 2708 1459 2708 1480 2708 1481 2709 1458 2709 1482 2709 1482 2710 1458 2710 1476 2710 1483 2711 1484 2711 1481 2711 1481 2712 1484 2712 1485 2712 1481 2713 1485 2713 1480 2713 1480 2714 1485 2714 1486 2714 1480 2715 1486 2715 1479 2715 1479 2716 1486 2716 1487 2716 1483 2717 1481 2717 1488 2717 1488 2718 1481 2718 1482 2718 1488 2719 1482 2719 1489 2719 1489 2720 1482 2720 1490 2720 1489 2721 1490 2721 1491 2721 1491 2722 1490 2722 1492 2722 1491 2723 1492 2723 1493 2723 1493 2724 1492 2724 1494 2724 1493 2725 1494 2725 1495 2725 1495 2726 1494 2726 1496 2726 1495 2727 1496 2727 1497 2727 1497 2728 1496 2728 1498 2728 1497 2729 1498 2729 1499 2729 1499 2730 1498 2730 1500 2730 1499 2731 1500 2731 1487 2731 1487 2732 1500 2732 1501 2732 1487 2733 1501 2733 1479 2733 303 2734 301 2734 481 2734 481 2735 301 2735 480 2735 480 2736 301 2736 478 2736 478 2737 301 2737 300 2737 478 2738 300 2738 477 2738 477 2739 300 2739 311 2739 309 2740 312 2740 467 2740 467 2741 312 2741 468 2741 306 2742 50 2742 51 2742 479 2743 469 2743 1502 2743 313 2744 314 2744 1503 2744 1503 2745 314 2745 1504 2745 51 2746 475 2746 306 2746 306 2747 475 2747 474 2747 306 2748 474 2748 305 2748 305 2749 474 2749 473 2749 305 2750 473 2750 307 2750 307 2751 473 2751 471 2751 307 2752 471 2752 308 2752 308 2753 471 2753 470 2753 308 2754 470 2754 315 2754 315 2755 470 2755 479 2755 315 2756 479 2756 314 2756 314 2757 479 2757 1502 2757 314 2758 1502 2758 1504 2758 1458 2759 1481 2759 1505 2759 1505 2760 1481 2760 1506 2760 1505 2761 1506 2761 312 2761 312 2762 1506 2762 468 2762 1507 2763 1504 2763 1502 2763 1504 2764 1507 2764 1503 2764 1508 2765 1509 2765 1510 2765 1510 2766 1509 2766 1511 2766 1509 2767 1512 2767 1511 2767 1511 2768 1512 2768 1513 2768 1511 2769 1513 2769 1514 2769 1514 2770 1513 2770 1515 2770 1514 2771 1515 2771 1516 2771 1516 2772 1515 2772 1517 2772 1516 2773 1517 2773 313 2773 313 2774 1503 2774 1516 2774 1516 2775 1503 2775 1507 2775 1516 2776 1507 2776 1514 2776 1514 2777 1507 2777 1502 2777 1514 2778 1502 2778 1511 2778 1511 2779 1502 2779 469 2779 1511 2780 469 2780 1510 2780 1509 2781 1508 2781 1518 2781 1512 2782 1509 2782 1519 2782 1519 2783 1509 2783 1518 2783 1519 2784 1518 2784 1459 2784 1459 2785 1518 2785 1480 2785 1515 2786 1513 2786 1505 2786 312 2787 313 2787 1505 2787 1505 2788 313 2788 1517 2788 1505 2789 1517 2789 1515 2789 1513 2790 1512 2790 1505 2790 1505 2791 1512 2791 1519 2791 1505 2792 1519 2792 1458 2792 1458 2793 1519 2793 1459 2793 1510 2794 469 2794 468 2794 1481 2795 1480 2795 1506 2795 1506 2796 1480 2796 1518 2796 1506 2797 1518 2797 468 2797 468 2798 1518 2798 1508 2798 468 2799 1508 2799 1510 2799 1471 2800 1493 2800 1469 2800 1469 2801 1493 2801 1495 2801 1469 2802 1495 2802 1467 2802 1467 2803 1495 2803 1497 2803 1467 2804 1497 2804 1465 2804 1465 2805 1497 2805 1499 2805 1465 2806 1499 2806 1463 2806 1463 2807 1499 2807 1487 2807 1463 2808 1487 2808 1461 2808 1461 2809 1487 2809 1486 2809 1461 2810 1486 2810 1456 2810 1456 2811 1486 2811 1485 2811 1456 2812 1485 2812 1457 2812 1457 2813 1485 2813 1484 2813 1457 2814 1484 2814 1478 2814 1478 2815 1484 2815 1483 2815 1478 2816 1483 2816 1477 2816 1477 2817 1483 2817 1488 2817 1477 2818 1488 2818 1475 2818 1475 2819 1488 2819 1489 2819 1475 2820 1489 2820 1473 2820 1473 2821 1489 2821 1491 2821 1473 2822 1491 2822 1471 2822 1471 2823 1491 2823 1493 2823 1466 2824 1498 2824 1496 2824 1466 2825 1496 2825 1468 2825 1468 2826 1496 2826 1494 2826 1468 2827 1494 2827 1470 2827 1470 2828 1494 2828 1492 2828 1470 2829 1492 2829 1472 2829 1472 2830 1492 2830 1490 2830 1472 2831 1490 2831 1474 2831 1474 2832 1490 2832 1482 2832 1474 2833 1482 2833 1476 2833 1500 2834 1498 2834 1464 2834 1464 2835 1498 2835 1466 2835 309 2836 467 2836 476 2836 309 2837 476 2837 310 2837 310 2838 476 2838 477 2838 310 2839 477 2839 311 2839 1500 2840 1464 2840 1462 2840 1500 2841 1462 2841 1501 2841 1501 2842 1462 2842 1460 2842 1501 2843 1460 2843 1479 2843 344 2844 429 2844 340 2844 340 2845 429 2845 794 2845 340 2846 794 2846 341 2846 341 2847 794 2847 793 2847 341 2848 793 2848 347 2848 347 2849 793 2849 1520 2849 347 2850 1520 2850 1521 2850 1521 2851 1520 2851 791 2851 1521 2852 791 2852 349 2852 349 2853 791 2853 790 2853 349 2854 790 2854 350 2854 350 2855 790 2855 797 2855 350 2856 797 2856 345 2856 345 2857 797 2857 796 2857 345 2858 796 2858 338 2858 338 2859 796 2859 795 2859 338 2860 795 2860 339 2860 339 2861 795 2861 1522 2861 339 2862 1522 2862 1523 2862 1523 2863 1522 2863 788 2863 1523 2864 788 2864 343 2864 343 2865 788 2865 787 2865 343 2866 787 2866 344 2866 344 2867 787 2867 429 2867 322 2868 457 2868 323 2868 323 2869 457 2869 456 2869 323 2870 456 2870 318 2870 318 2871 456 2871 454 2871 318 2872 454 2872 319 2872 319 2873 454 2873 453 2873 319 2874 453 2874 316 2874 316 2875 453 2875 464 2875 316 2876 464 2876 317 2876 317 2877 464 2877 463 2877 317 2878 463 2878 324 2878 324 2879 463 2879 462 2879 324 2880 462 2880 325 2880 325 2881 462 2881 461 2881 325 2882 461 2882 326 2882 326 2883 461 2883 460 2883 326 2884 460 2884 327 2884 327 2885 460 2885 459 2885 327 2886 459 2886 320 2886 320 2887 459 2887 466 2887 320 2888 466 2888 321 2888 321 2889 466 2889 465 2889 321 2890 465 2890 322 2890 322 2891 465 2891 457 2891 329 2892 774 2892 331 2892 331 2893 774 2893 773 2893 331 2894 773 2894 332 2894 332 2895 773 2895 772 2895 332 2896 772 2896 330 2896 330 2897 772 2897 779 2897 330 2898 779 2898 64 2898 64 2899 779 2899 778 2899 64 2900 778 2900 65 2900 65 2901 778 2901 771 2901 65 2902 771 2902 333 2902 333 2903 771 2903 770 2903 333 2904 770 2904 334 2904 334 2905 770 2905 784 2905 334 2906 784 2906 335 2906 335 2907 784 2907 783 2907 335 2908 783 2908 336 2908 336 2909 783 2909 782 2909 336 2910 782 2910 337 2910 337 2911 782 2911 776 2911 337 2912 776 2912 328 2912 328 2913 776 2913 775 2913 328 2914 775 2914 329 2914 329 2915 775 2915 774 2915 359 2916 748 2916 360 2916 360 2917 748 2917 749 2917 360 2918 749 2918 351 2918 351 2919 749 2919 754 2919 351 2920 754 2920 61 2920 61 2921 754 2921 1524 2921 61 2922 1524 2922 1525 2922 1525 2923 1524 2923 756 2923 1525 2924 756 2924 352 2924 352 2925 756 2925 755 2925 352 2926 755 2926 353 2926 353 2927 755 2927 750 2927 353 2928 750 2928 354 2928 354 2929 750 2929 751 2929 354 2930 751 2930 355 2930 355 2931 751 2931 752 2931 355 2932 752 2932 356 2932 356 2933 752 2933 1526 2933 356 2934 1526 2934 1527 2934 1527 2935 1526 2935 432 2935 1527 2936 432 2936 358 2936 358 2937 432 2937 747 2937 358 2938 747 2938 359 2938 359 2939 747 2939 748 2939 130 2940 646 2940 131 2940 131 2941 646 2941 645 2941 131 2942 645 2942 133 2942 133 2943 645 2943 653 2943 133 2944 653 2944 134 2944 134 2945 653 2945 652 2945 134 2946 652 2946 128 2946 128 2947 652 2947 651 2947 128 2948 651 2948 129 2948 129 2949 651 2949 638 2949 129 2950 638 2950 135 2950 135 2951 638 2951 637 2951 135 2952 637 2952 136 2952 136 2953 637 2953 644 2953 136 2954 644 2954 137 2954 137 2955 644 2955 642 2955 137 2956 642 2956 139 2956 139 2957 642 2957 643 2957 139 2958 643 2958 125 2958 125 2959 643 2959 648 2959 125 2960 648 2960 126 2960 126 2961 648 2961 647 2961 126 2962 647 2962 130 2962 130 2963 647 2963 646 2963 373 2964 731 2964 374 2964 374 2965 731 2965 730 2965 374 2966 730 2966 375 2966 375 2967 730 2967 729 2967 375 2968 729 2968 376 2968 376 2969 729 2969 728 2969 376 2970 728 2970 377 2970 377 2971 728 2971 726 2971 377 2972 726 2972 378 2972 378 2973 726 2973 721 2973 378 2974 721 2974 379 2974 379 2975 721 2975 720 2975 379 2976 720 2976 380 2976 380 2977 720 2977 725 2977 380 2978 725 2978 381 2978 381 2979 725 2979 724 2979 381 2980 724 2980 382 2980 382 2981 724 2981 723 2981 382 2982 723 2982 383 2982 383 2983 723 2983 722 2983 383 2984 722 2984 372 2984 372 2985 722 2985 732 2985 372 2986 732 2986 373 2986 373 2987 732 2987 731 2987 414 2988 700 2988 403 2988 403 2989 700 2989 699 2989 403 2990 699 2990 404 2990 404 2991 699 2991 698 2991 404 2992 698 2992 407 2992 407 2993 698 2993 1528 2993 407 2994 1528 2994 1529 2994 1529 2995 1528 2995 695 2995 1529 2996 695 2996 405 2996 405 2997 695 2997 694 2997 405 2998 694 2998 408 2998 408 2999 694 2999 706 2999 408 3000 706 3000 409 3000 409 3001 706 3001 705 3001 409 3002 705 3002 410 3002 410 3003 705 3003 704 3003 410 3004 704 3004 411 3004 411 3005 704 3005 1530 3005 411 3006 1530 3006 1531 3006 1531 3007 1530 3007 702 3007 1531 3008 702 3008 413 3008 413 3009 702 3009 701 3009 413 3010 701 3010 414 3010 414 3011 701 3011 700 3011 191 3012 581 3012 192 3012 192 3013 581 3013 580 3013 192 3014 580 3014 194 3014 194 3015 580 3015 579 3015 194 3016 579 3016 195 3016 195 3017 579 3017 575 3017 195 3018 575 3018 189 3018 189 3019 575 3019 577 3019 189 3020 577 3020 190 3020 190 3021 577 3021 578 3021 190 3022 578 3022 199 3022 199 3023 578 3023 584 3023 199 3024 584 3024 200 3024 200 3025 584 3025 583 3025 200 3026 583 3026 201 3026 201 3027 583 3027 589 3027 201 3028 589 3028 203 3028 203 3029 589 3029 585 3029 203 3030 585 3030 196 3030 196 3031 585 3031 587 3031 196 3032 587 3032 197 3032 197 3033 587 3033 588 3033 197 3034 588 3034 191 3034 191 3035 588 3035 581 3035 416 3036 714 3036 417 3036 417 3037 714 3037 713 3037 417 3038 713 3038 418 3038 418 3039 713 3039 710 3039 418 3040 710 3040 419 3040 419 3041 710 3041 709 3041 419 3042 709 3042 420 3042 420 3043 709 3043 708 3043 420 3044 708 3044 421 3044 421 3045 708 3045 711 3045 421 3046 711 3046 422 3046 422 3047 711 3047 712 3047 422 3048 712 3048 423 3048 423 3049 712 3049 719 3049 423 3050 719 3050 424 3050 424 3051 719 3051 718 3051 424 3052 718 3052 425 3052 425 3053 718 3053 717 3053 425 3054 717 3054 426 3054 426 3055 717 3055 716 3055 426 3056 716 3056 415 3056 415 3057 716 3057 715 3057 415 3058 715 3058 416 3058 416 3059 715 3059 714 3059 392 3060 738 3060 393 3060 393 3061 738 3061 737 3061 393 3062 737 3062 397 3062 397 3063 737 3063 736 3063 397 3064 736 3064 394 3064 394 3065 736 3065 1532 3065 394 3066 1532 3066 1533 3066 1533 3067 1532 3067 741 3067 1533 3068 741 3068 399 3068 399 3069 741 3069 740 3069 399 3070 740 3070 400 3070 400 3071 740 3071 739 3071 400 3072 739 3072 401 3072 401 3073 739 3073 734 3073 401 3074 734 3074 402 3074 402 3075 734 3075 733 3075 402 3076 733 3076 389 3076 389 3077 733 3077 1534 3077 389 3078 1534 3078 1535 3078 1535 3079 1534 3079 744 3079 1535 3080 744 3080 391 3080 391 3081 744 3081 743 3081 391 3082 743 3082 392 3082 392 3083 743 3083 738 3083 255 3084 521 3084 256 3084 256 3085 521 3085 515 3085 256 3086 515 3086 257 3086 257 3087 515 3087 514 3087 257 3088 514 3088 258 3088 258 3089 514 3089 513 3089 258 3090 513 3090 259 3090 259 3091 513 3091 520 3091 259 3092 520 3092 260 3092 260 3093 520 3093 519 3093 260 3094 519 3094 267 3094 267 3095 519 3095 517 3095 267 3096 517 3096 266 3096 266 3097 517 3097 516 3097 266 3098 516 3098 265 3098 265 3099 516 3099 523 3099 265 3100 523 3100 263 3100 263 3101 523 3101 522 3101 263 3102 522 3102 252 3102 252 3103 522 3103 527 3103 252 3104 527 3104 253 3104 253 3105 527 3105 526 3105 253 3106 526 3106 255 3106 255 3107 526 3107 521 3107 366 3108 759 3108 367 3108 367 3109 759 3109 758 3109 367 3110 758 3110 363 3110 363 3111 758 3111 763 3111 363 3112 763 3112 364 3112 364 3113 763 3113 762 3113 364 3114 762 3114 368 3114 368 3115 762 3115 769 3115 368 3116 769 3116 369 3116 369 3117 769 3117 768 3117 369 3118 768 3118 370 3118 370 3119 768 3119 767 3119 370 3120 767 3120 59 3120 59 3121 767 3121 764 3121 59 3122 764 3122 60 3122 60 3123 764 3123 765 3123 60 3124 765 3124 361 3124 361 3125 765 3125 766 3125 361 3126 766 3126 362 3126 362 3127 766 3127 761 3127 362 3128 761 3128 365 3128 365 3129 761 3129 760 3129 365 3130 760 3130 366 3130 366 3131 760 3131 759 3131 1536 3132 1537 3132 1538 3132 1536 3133 1538 3133 1539 3133 1539 3134 1538 3134 1540 3134 1539 3135 1540 3135 1541 3135 1541 3136 1540 3136 1542 3136 1541 3137 1542 3137 1543 3137 1543 3138 1542 3138 1544 3138 1543 3139 1544 3139 1545 3139 1545 3140 1544 3140 1546 3140 1545 3141 1546 3141 1547 3141 1547 3142 1546 3142 1548 3142 1547 3143 1548 3143 1549 3143 1549 3144 1548 3144 1550 3144 1549 3145 1550 3145 1551 3145 1551 3146 1550 3146 1552 3146 1551 3147 1552 3147 1553 3147 1553 3148 1552 3148 1554 3148 1553 3149 1554 3149 1555 3149 1555 3150 1554 3150 1556 3150 1555 3151 1556 3151 1557 3151 1537 3152 1536 3152 1556 3152 1556 3153 1536 3153 1558 3153 1556 3154 1558 3154 1557 3154 1538 3155 1537 3155 1559 3155 1559 3156 1537 3156 1560 3156 1561 3157 1556 3157 1562 3157 1562 3158 1556 3158 1554 3158 1563 3159 1564 3159 1565 3159 1563 3160 1565 3160 1566 3160 1566 3161 1565 3161 1567 3161 1566 3162 1567 3162 1568 3162 1568 3163 1567 3163 1569 3163 1568 3164 1569 3164 1570 3164 1570 3165 1569 3165 1571 3165 1570 3166 1571 3166 1572 3166 1573 3167 1561 3167 1574 3167 1574 3168 1561 3168 1562 3168 1574 3169 1562 3169 1575 3169 1575 3170 1562 3170 1576 3170 1575 3171 1576 3171 1564 3171 1564 3172 1576 3172 1577 3172 1564 3173 1577 3173 1565 3173 1571 3174 1578 3174 1572 3174 1572 3175 1578 3175 1559 3175 1572 3176 1559 3176 1579 3176 1579 3177 1559 3177 1560 3177 1579 3178 1560 3178 1580 3178 1580 3179 1560 3179 1561 3179 1580 3180 1561 3180 1581 3180 1581 3181 1561 3181 1573 3181 1582 3182 1583 3182 1584 3182 1584 3183 1583 3183 1585 3183 1584 3184 1585 3184 1586 3184 1586 3185 1585 3185 1587 3185 1582 3186 1588 3186 1583 3186 1583 3187 1588 3187 1589 3187 1590 3188 1589 3188 1591 3188 1591 3189 1589 3189 1588 3189 1592 3190 1593 3190 1594 3190 1595 3191 1596 3191 1597 3191 1598 3192 1599 3192 1600 3192 1600 3193 1599 3193 1601 3193 1600 3194 1601 3194 1602 3194 1602 3195 1603 3195 1600 3195 1600 3196 1603 3196 1604 3196 1600 3197 1604 3197 1605 3197 1604 3198 1606 3198 1605 3198 1605 3199 1606 3199 1607 3199 1605 3200 1607 3200 1608 3200 1608 3201 1607 3201 1609 3201 1608 3202 1609 3202 1610 3202 1610 3203 1609 3203 1611 3203 1612 3204 1613 3204 1614 3204 1614 3205 1613 3205 1615 3205 1614 3206 1615 3206 1616 3206 1617 3207 1618 3207 1619 3207 1619 3208 1618 3208 1620 3208 1619 3209 1620 3209 1613 3209 1613 3210 1620 3210 1621 3210 1613 3211 1621 3211 1615 3211 1614 3212 1622 3212 1623 3212 1624 3213 1625 3213 1622 3213 1622 3214 1625 3214 1626 3214 1622 3215 1626 3215 1623 3215 1623 3216 1627 3216 1614 3216 1614 3217 1627 3217 1628 3217 1614 3218 1628 3218 1629 3218 1629 3219 1630 3219 1614 3219 1614 3220 1630 3220 1631 3220 1614 3221 1631 3221 1612 3221 1612 3222 1631 3222 1632 3222 1633 3223 1634 3223 1624 3223 1624 3224 1634 3224 1635 3224 1624 3225 1635 3225 1625 3225 1624 3226 1636 3226 1637 3226 1638 3227 1639 3227 1636 3227 1636 3228 1639 3228 1640 3228 1636 3229 1640 3229 1637 3229 1637 3230 1641 3230 1624 3230 1624 3231 1641 3231 1642 3231 1624 3232 1642 3232 1633 3232 1643 3233 1644 3233 1645 3233 1642 3234 1646 3234 1633 3234 1633 3235 1646 3235 1647 3235 1633 3236 1647 3236 1648 3236 1648 3237 1647 3237 1643 3237 1648 3238 1643 3238 1649 3238 1649 3239 1643 3239 1645 3239 1650 3240 1636 3240 1651 3240 1651 3241 1636 3241 1652 3241 1653 3242 1654 3242 1655 3242 1656 3243 1657 3243 1652 3243 1657 3244 1658 3244 1652 3244 1652 3245 1658 3245 1659 3245 1652 3246 1659 3246 1651 3246 1650 3247 1660 3247 1636 3247 1636 3248 1660 3248 1661 3248 1636 3249 1661 3249 1638 3249 1638 3250 1661 3250 1662 3250 1638 3251 1662 3251 1663 3251 1663 3252 1662 3252 1664 3252 1663 3253 1664 3253 1665 3253 1665 3254 1664 3254 1653 3254 1665 3255 1653 3255 1666 3255 1666 3256 1653 3256 1655 3256 1667 3257 1668 3257 1652 3257 1652 3258 1668 3258 1669 3258 1654 3259 1656 3259 1655 3259 1655 3260 1656 3260 1652 3260 1655 3261 1652 3261 1670 3261 1670 3262 1652 3262 1669 3262 1671 3263 1672 3263 1652 3263 1652 3264 1672 3264 1673 3264 1652 3265 1673 3265 1667 3265 1670 3266 1674 3266 1655 3266 1655 3267 1674 3267 1675 3267 1655 3268 1675 3268 1676 3268 1676 3269 1675 3269 1677 3269 1676 3270 1677 3270 1678 3270 1678 3271 1677 3271 1679 3271 1671 3272 1680 3272 1681 3272 1681 3273 1682 3273 1671 3273 1671 3274 1682 3274 1683 3274 1671 3275 1683 3275 1672 3275 1684 3276 1685 3276 1686 3276 1686 3277 1685 3277 1687 3277 1686 3278 1687 3278 1681 3278 1681 3279 1687 3279 1688 3279 1681 3280 1688 3280 1682 3280 1689 3281 1690 3281 1671 3281 1671 3282 1690 3282 1691 3282 1671 3283 1691 3283 1692 3283 1693 3284 1694 3284 1695 3284 1695 3285 1694 3285 1696 3285 1695 3286 1696 3286 1689 3286 1692 3287 1697 3287 1671 3287 1671 3288 1697 3288 1698 3288 1671 3289 1698 3289 1680 3289 1680 3290 1698 3290 1699 3290 1700 3291 1701 3291 1693 3291 1693 3292 1701 3292 1702 3292 1693 3293 1702 3293 1694 3293 1693 3294 1703 3294 1704 3294 1705 3295 1706 3295 1703 3295 1703 3296 1706 3296 1707 3296 1703 3297 1707 3297 1704 3297 1704 3298 1708 3298 1693 3298 1693 3299 1708 3299 1709 3299 1693 3300 1709 3300 1700 3300 1710 3301 1711 3301 1712 3301 1713 3302 1710 3302 1714 3302 1714 3303 1710 3303 1712 3303 1714 3304 1712 3304 1715 3304 1715 3305 1712 3305 1700 3305 1715 3306 1700 3306 1716 3306 1716 3307 1700 3307 1709 3307 1717 3308 1718 3308 1719 3308 1720 3309 1721 3309 1703 3309 1722 3310 1723 3310 1724 3310 1723 3311 1725 3311 1724 3311 1724 3312 1725 3312 1726 3312 1724 3313 1726 3313 1720 3313 1719 3314 1727 3314 1717 3314 1717 3315 1727 3315 1728 3315 1717 3316 1728 3316 1729 3316 1729 3317 1728 3317 1730 3317 1729 3318 1730 3318 1731 3318 1731 3319 1730 3319 1705 3319 1731 3320 1705 3320 1732 3320 1732 3321 1705 3321 1703 3321 1732 3322 1703 3322 1733 3322 1733 3323 1703 3323 1721 3323 1734 3324 1735 3324 1724 3324 1724 3325 1735 3325 1736 3325 1718 3326 1722 3326 1719 3326 1719 3327 1722 3327 1724 3327 1719 3328 1724 3328 1737 3328 1737 3329 1724 3329 1736 3329 1737 3330 1738 3330 1719 3330 1719 3331 1738 3331 1739 3331 1719 3332 1739 3332 1740 3332 1740 3333 1739 3333 1741 3333 1740 3334 1741 3334 1742 3334 1742 3335 1741 3335 1743 3335 1744 3336 1745 3336 1724 3336 1724 3337 1745 3337 1746 3337 1724 3338 1746 3338 1734 3338 1744 3339 1747 3339 1748 3339 1748 3340 1749 3340 1744 3340 1744 3341 1749 3341 1750 3341 1744 3342 1750 3342 1745 3342 1751 3343 1752 3343 1753 3343 1753 3344 1752 3344 1754 3344 1753 3345 1754 3345 1748 3345 1748 3346 1754 3346 1755 3346 1748 3347 1755 3347 1749 3347 1744 3348 1756 3348 1757 3348 1597 3349 1596 3349 1758 3349 1757 3350 1759 3350 1744 3350 1744 3351 1759 3351 1760 3351 1744 3352 1760 3352 1747 3352 1747 3353 1760 3353 1761 3353 1596 3354 1762 3354 1758 3354 1758 3355 1762 3355 1763 3355 1758 3356 1763 3356 1744 3356 1744 3357 1763 3357 1764 3357 1744 3358 1764 3358 1756 3358 1765 3359 1766 3359 1597 3359 1597 3360 1766 3360 1767 3360 1597 3361 1767 3361 1595 3361 1768 3362 1769 3362 1597 3362 1597 3363 1769 3363 1770 3363 1597 3364 1770 3364 1765 3364 1771 3365 1772 3365 1773 3365 1774 3366 1775 3366 1768 3366 1768 3367 1775 3367 1776 3367 1768 3368 1776 3368 1769 3368 1777 3369 1771 3369 1778 3369 1778 3370 1771 3370 1773 3370 1778 3371 1773 3371 1779 3371 1779 3372 1773 3372 1766 3372 1779 3373 1766 3373 1780 3373 1780 3374 1766 3374 1765 3374 1781 3375 1782 3375 1768 3375 1768 3376 1782 3376 1783 3376 1768 3377 1783 3377 1774 3377 1774 3378 1783 3378 1784 3378 1774 3379 1784 3379 1785 3379 1785 3380 1784 3380 1786 3380 1785 3381 1786 3381 1787 3381 1787 3382 1786 3382 1788 3382 1789 3383 1790 3383 1788 3383 1788 3384 1790 3384 1791 3384 1788 3385 1791 3385 1787 3385 1781 3386 1768 3386 1792 3386 1792 3387 1768 3387 1594 3387 1792 3388 1594 3388 1793 3388 1794 3389 1795 3389 1594 3389 1594 3390 1795 3390 1796 3390 1594 3391 1796 3391 1793 3391 1797 3392 1798 3392 1594 3392 1789 3393 1794 3393 1790 3393 1790 3394 1794 3394 1594 3394 1790 3395 1594 3395 1799 3395 1799 3396 1594 3396 1798 3396 1800 3397 1801 3397 1594 3397 1594 3398 1801 3398 1802 3398 1594 3399 1802 3399 1797 3399 1799 3400 1803 3400 1790 3400 1790 3401 1803 3401 1804 3401 1790 3402 1804 3402 1805 3402 1805 3403 1804 3403 1806 3403 1805 3404 1806 3404 1807 3404 1807 3405 1806 3405 1808 3405 1809 3406 1810 3406 1811 3406 1811 3407 1810 3407 1812 3407 1811 3408 1812 3408 1813 3408 1814 3409 1815 3409 1816 3409 1816 3410 1815 3410 1817 3410 1816 3411 1817 3411 1810 3411 1810 3412 1817 3412 1818 3412 1810 3413 1818 3413 1812 3413 1811 3414 1819 3414 1820 3414 1821 3415 1822 3415 1823 3415 1820 3416 1824 3416 1811 3416 1811 3417 1824 3417 1825 3417 1811 3418 1825 3418 1809 3418 1809 3419 1825 3419 1826 3419 1823 3420 1827 3420 1821 3420 1821 3421 1827 3421 1828 3421 1821 3422 1828 3422 1811 3422 1811 3423 1828 3423 1829 3423 1811 3424 1829 3424 1819 3424 1830 3425 1831 3425 1822 3425 1822 3426 1831 3426 1832 3426 1822 3427 1832 3427 1823 3427 1833 3428 1834 3428 1835 3428 1822 3429 1836 3429 1837 3429 1837 3430 1838 3430 1822 3430 1822 3431 1838 3431 1839 3431 1822 3432 1839 3432 1830 3432 1584 3433 1586 3433 1836 3433 1836 3434 1586 3434 1840 3434 1836 3435 1840 3435 1837 3435 1841 3436 1833 3436 1842 3436 1842 3437 1833 3437 1835 3437 1842 3438 1835 3438 1843 3438 1843 3439 1835 3439 1830 3439 1843 3440 1830 3440 1844 3440 1844 3441 1830 3441 1839 3441 1845 3442 1846 3442 1600 3442 1600 3443 1846 3443 1847 3443 1848 3444 1849 3444 1836 3444 1836 3445 1849 3445 1850 3445 1836 3446 1850 3446 1584 3446 1584 3447 1850 3447 1851 3447 1584 3448 1851 3448 1582 3448 1582 3449 1851 3449 1852 3449 1582 3450 1852 3450 1588 3450 1588 3451 1852 3451 1853 3451 1588 3452 1853 3452 1591 3452 1591 3453 1853 3453 1605 3453 1853 3454 1854 3454 1605 3454 1605 3455 1854 3455 1855 3455 1605 3456 1855 3456 1600 3456 1600 3457 1855 3457 1856 3457 1600 3458 1856 3458 1845 3458 1857 3459 1858 3459 1614 3459 1600 3460 1859 3460 1860 3460 1861 3461 1862 3461 1863 3461 1863 3462 1862 3462 1864 3462 1863 3463 1864 3463 1600 3463 1600 3464 1864 3464 1865 3464 1600 3465 1865 3465 1859 3465 1622 3466 1866 3466 1861 3466 1616 3467 1598 3467 1614 3467 1614 3468 1598 3468 1600 3468 1614 3469 1600 3469 1857 3469 1857 3470 1600 3470 1860 3470 1858 3471 1867 3471 1614 3471 1614 3472 1867 3472 1868 3472 1614 3473 1868 3473 1622 3473 1622 3474 1868 3474 1869 3474 1622 3475 1869 3475 1866 3475 1870 3476 1871 3476 1836 3476 1872 3477 1873 3477 1821 3477 1821 3478 1873 3478 1874 3478 1821 3479 1874 3479 1822 3479 1822 3480 1874 3480 1875 3480 1822 3481 1875 3481 1876 3481 1836 3482 1871 3482 1877 3482 1877 3483 1871 3483 1878 3483 1877 3484 1878 3484 1879 3484 1876 3485 1880 3485 1822 3485 1822 3486 1880 3486 1881 3486 1822 3487 1881 3487 1836 3487 1836 3488 1881 3488 1882 3488 1836 3489 1882 3489 1870 3489 1883 3490 1884 3490 1636 3490 1885 3491 1622 3491 1886 3491 1886 3492 1622 3492 1887 3492 1886 3493 1887 3493 1888 3493 1888 3494 1887 3494 1884 3494 1885 3495 1889 3495 1622 3495 1622 3496 1889 3496 1890 3496 1622 3497 1890 3497 1624 3497 1624 3498 1890 3498 1891 3498 1624 3499 1891 3499 1892 3499 1892 3500 1893 3500 1624 3500 1624 3501 1893 3501 1894 3501 1624 3502 1894 3502 1636 3502 1636 3503 1894 3503 1895 3503 1636 3504 1895 3504 1883 3504 1592 3505 1594 3505 1896 3505 1897 3506 1898 3506 1811 3506 1899 3507 1900 3507 1821 3507 1813 3508 1800 3508 1811 3508 1811 3509 1800 3509 1594 3509 1811 3510 1594 3510 1897 3510 1897 3511 1594 3511 1593 3511 1821 3512 1900 3512 1901 3512 1901 3513 1900 3513 1902 3513 1901 3514 1902 3514 1903 3514 1898 3515 1904 3515 1811 3515 1811 3516 1904 3516 1905 3516 1811 3517 1905 3517 1821 3517 1821 3518 1905 3518 1906 3518 1821 3519 1906 3519 1899 3519 1907 3520 1908 3520 1671 3520 1689 3521 1671 3521 1695 3521 1695 3522 1671 3522 1908 3522 1695 3523 1908 3523 1909 3523 1909 3524 1910 3524 1695 3524 1695 3525 1910 3525 1911 3525 1695 3526 1911 3526 1912 3526 1912 3527 1911 3527 1913 3527 1912 3528 1913 3528 1914 3528 1652 3529 1915 3529 1916 3529 1884 3530 1887 3530 1636 3530 1636 3531 1887 3531 1912 3531 1636 3532 1912 3532 1652 3532 1652 3533 1912 3533 1914 3533 1652 3534 1914 3534 1915 3534 1916 3535 1917 3535 1652 3535 1652 3536 1917 3536 1918 3536 1652 3537 1918 3537 1671 3537 1671 3538 1918 3538 1919 3538 1671 3539 1919 3539 1907 3539 1920 3540 1921 3540 1768 3540 1597 3541 1922 3541 1923 3541 1923 3542 1924 3542 1597 3542 1597 3543 1924 3543 1925 3543 1597 3544 1925 3544 1768 3544 1768 3545 1925 3545 1926 3545 1768 3546 1926 3546 1920 3546 1921 3547 1927 3547 1768 3547 1768 3548 1927 3548 1901 3548 1768 3549 1901 3549 1594 3549 1594 3550 1901 3550 1903 3550 1594 3551 1903 3551 1896 3551 1922 3552 1597 3552 1928 3552 1928 3553 1597 3553 1758 3553 1928 3554 1758 3554 1929 3554 1921 3555 1930 3555 1927 3555 1927 3556 1930 3556 1931 3556 1927 3557 1931 3557 1758 3557 1758 3558 1931 3558 1932 3558 1758 3559 1932 3559 1929 3559 1703 3560 1933 3560 1934 3560 1861 3561 1863 3561 1622 3561 1622 3562 1863 3562 1935 3562 1622 3563 1935 3563 1887 3563 1887 3564 1935 3564 1936 3564 1887 3565 1936 3565 1912 3565 1912 3566 1936 3566 1937 3566 1912 3567 1937 3567 1695 3567 1695 3568 1937 3568 1938 3568 1695 3569 1938 3569 1939 3569 1703 3570 1934 3570 1937 3570 1937 3571 1934 3571 1940 3571 1937 3572 1940 3572 1938 3572 1939 3573 1941 3573 1695 3573 1695 3574 1941 3574 1942 3574 1695 3575 1942 3575 1693 3575 1693 3576 1942 3576 1943 3576 1693 3577 1943 3577 1944 3577 1944 3578 1945 3578 1693 3578 1693 3579 1945 3579 1946 3579 1693 3580 1946 3580 1703 3580 1703 3581 1946 3581 1947 3581 1703 3582 1947 3582 1933 3582 1720 3583 1703 3583 1724 3583 1724 3584 1703 3584 1937 3584 1724 3585 1937 3585 1948 3585 1948 3586 1937 3586 1936 3586 1948 3587 1936 3587 1949 3587 1949 3588 1936 3588 1935 3588 1949 3589 1935 3589 1950 3589 1950 3590 1935 3590 1863 3590 1950 3591 1863 3591 1877 3591 1877 3592 1863 3592 1600 3592 1877 3593 1600 3593 1836 3593 1836 3594 1600 3594 1847 3594 1836 3595 1847 3595 1848 3595 1744 3596 1951 3596 1952 3596 1953 3597 1954 3597 1758 3597 1954 3598 1948 3598 1758 3598 1758 3599 1948 3599 1949 3599 1758 3600 1949 3600 1927 3600 1927 3601 1949 3601 1950 3601 1927 3602 1950 3602 1901 3602 1901 3603 1950 3603 1877 3603 1901 3604 1877 3604 1821 3604 1821 3605 1877 3605 1879 3605 1821 3606 1879 3606 1872 3606 1744 3607 1952 3607 1758 3607 1758 3608 1952 3608 1955 3608 1758 3609 1955 3609 1953 3609 1954 3610 1956 3610 1948 3610 1948 3611 1956 3611 1957 3611 1948 3612 1957 3612 1724 3612 1724 3613 1957 3613 1958 3613 1724 3614 1958 3614 1959 3614 1959 3615 1960 3615 1724 3615 1724 3616 1960 3616 1961 3616 1724 3617 1961 3617 1744 3617 1744 3618 1961 3618 1962 3618 1744 3619 1962 3619 1951 3619 1610 3620 1611 3620 1963 3620 1963 3621 1611 3621 1964 3621 1965 3622 1966 3622 1967 3622 1968 3623 1969 3623 1970 3623 1971 3624 1972 3624 1973 3624 1974 3625 1975 3625 1976 3625 1977 3626 1978 3626 1979 3626 1585 3627 1583 3627 1980 3627 1981 3628 1982 3628 1983 3628 1984 3629 1985 3629 1590 3629 1590 3630 1985 3630 1986 3630 1987 3631 1988 3631 1989 3631 1989 3632 1988 3632 1990 3632 1989 3633 1990 3633 1991 3633 1980 3634 1583 3634 1986 3634 1986 3635 1583 3635 1589 3635 1986 3636 1589 3636 1590 3636 1982 3637 1992 3637 1983 3637 1983 3638 1992 3638 1993 3638 1983 3639 1993 3639 1984 3639 1984 3640 1993 3640 1994 3640 1984 3641 1994 3641 1985 3641 1995 3642 1996 3642 1997 3642 1998 3643 1995 3643 1999 3643 1999 3644 1995 3644 1997 3644 1999 3645 1997 3645 2000 3645 2000 3646 1997 3646 2001 3646 2002 3647 2003 3647 2004 3647 2005 3648 2006 3648 1989 3648 1989 3649 2006 3649 2007 3649 1980 3650 1987 3650 1585 3650 1585 3651 1987 3651 1989 3651 1585 3652 1989 3652 1587 3652 1587 3653 1989 3653 2007 3653 2001 3654 2002 3654 2000 3654 2000 3655 2002 3655 2004 3655 2000 3656 2004 3656 2008 3656 2008 3657 2004 3657 2009 3657 1979 3658 2010 3658 2011 3658 2011 3659 2012 3659 1979 3659 1979 3660 2012 3660 2013 3660 1979 3661 2013 3661 2014 3661 2010 3662 1979 3662 2015 3662 2015 3663 1979 3663 1978 3663 2015 3664 1978 3664 2016 3664 2013 3665 2017 3665 2014 3665 2014 3666 2017 3666 2018 3666 2014 3667 2018 3667 2004 3667 2004 3668 2018 3668 2019 3668 2004 3669 2019 3669 2009 3669 2020 3670 1977 3670 2021 3670 2021 3671 1977 3671 2022 3671 2021 3672 2022 3672 2023 3672 2024 3673 2025 3673 2026 3673 2026 3674 2025 3674 2027 3674 2028 3675 2029 3675 2030 3675 2031 3676 2032 3676 2033 3676 2033 3677 2032 3677 2028 3677 2033 3678 2028 3678 2034 3678 2034 3679 2028 3679 2030 3679 2027 3680 2035 3680 2026 3680 2026 3681 2035 3681 2036 3681 2026 3682 2036 3682 1979 3682 1979 3683 2036 3683 2037 3683 2037 3684 2038 3684 1979 3684 1979 3685 2038 3685 2039 3685 1979 3686 2039 3686 1977 3686 1977 3687 2039 3687 2040 3687 1977 3688 2040 3688 2022 3688 2041 3689 2042 3689 2043 3689 2044 3690 2045 3690 2046 3690 2046 3691 2045 3691 2047 3691 2047 3692 2048 3692 2046 3692 2046 3693 2048 3693 2049 3693 2046 3694 2049 3694 2026 3694 2026 3695 2049 3695 2050 3695 2026 3696 2050 3696 2051 3696 2043 3697 2042 3697 2052 3697 2051 3698 2053 3698 2026 3698 2026 3699 2053 3699 2030 3699 2026 3700 2030 3700 2024 3700 2024 3701 2030 3701 2029 3701 2053 3702 2054 3702 2030 3702 2030 3703 2054 3703 2055 3703 2030 3704 2055 3704 2056 3704 2056 3705 2055 3705 2052 3705 2056 3706 2052 3706 2057 3706 2057 3707 2052 3707 2042 3707 2058 3708 2059 3708 2060 3708 2061 3709 2062 3709 2063 3709 2064 3710 2065 3710 2046 3710 2046 3711 2065 3711 2066 3711 2067 3712 2061 3712 2068 3712 2068 3713 2061 3713 2063 3713 2068 3714 2063 3714 2069 3714 2069 3715 2063 3715 2070 3715 2043 3716 2044 3716 2041 3716 2041 3717 2044 3717 2046 3717 2041 3718 2046 3718 2071 3718 2071 3719 2046 3719 2066 3719 2070 3720 2058 3720 2069 3720 2069 3721 2058 3721 2060 3721 2069 3722 2060 3722 2072 3722 2072 3723 2060 3723 2073 3723 1976 3724 2074 3724 2075 3724 2075 3725 2076 3725 1976 3725 1976 3726 2076 3726 2077 3726 1976 3727 2077 3727 2078 3727 2074 3728 1976 3728 2079 3728 2079 3729 1976 3729 1975 3729 2079 3730 1975 3730 2080 3730 2077 3731 2081 3731 2078 3731 2078 3732 2081 3732 2082 3732 2078 3733 2082 3733 2060 3733 2060 3734 2082 3734 2083 3734 2060 3735 2083 3735 2073 3735 2084 3736 1974 3736 2085 3736 2085 3737 1974 3737 2086 3737 2085 3738 2086 3738 2087 3738 2088 3739 2089 3739 2090 3739 2091 3740 2092 3740 2093 3740 2091 3741 2093 3741 2094 3741 2095 3742 2096 3742 2097 3742 2097 3743 2096 3743 2088 3743 2097 3744 2088 3744 2098 3744 2098 3745 2088 3745 2090 3745 2092 3746 2099 3746 2093 3746 2093 3747 2099 3747 2100 3747 2093 3748 2100 3748 1976 3748 1976 3749 2100 3749 2101 3749 2101 3750 2102 3750 1976 3750 1976 3751 2102 3751 2103 3751 1976 3752 2103 3752 1974 3752 1974 3753 2103 3753 2104 3753 1974 3754 2104 3754 2086 3754 2105 3755 2106 3755 2093 3755 2107 3756 2108 3756 2109 3756 2110 3757 2111 3757 2112 3757 2112 3758 2111 3758 2113 3758 2108 3759 2114 3759 2109 3759 2109 3760 2114 3760 2115 3760 2109 3761 2115 3761 2116 3761 2106 3762 2117 3762 2093 3762 2093 3763 2117 3763 2090 3763 2093 3764 2090 3764 2094 3764 2094 3765 2090 3765 2089 3765 2117 3766 2118 3766 2090 3766 2090 3767 2118 3767 2119 3767 2090 3768 2119 3768 2120 3768 2120 3769 2119 3769 2110 3769 2120 3770 2110 3770 2121 3770 2121 3771 2110 3771 2112 3771 2122 3772 2123 3772 2124 3772 2125 3773 2126 3773 2127 3773 2127 3774 2126 3774 2128 3774 2127 3775 2128 3775 2109 3775 2109 3776 2128 3776 2129 3776 2109 3777 2129 3777 2130 3777 2111 3778 2107 3778 2113 3778 2113 3779 2107 3779 2109 3779 2113 3780 2109 3780 2131 3780 2131 3781 2109 3781 2130 3781 2132 3782 2122 3782 2133 3782 2133 3783 2122 3783 2124 3783 2133 3784 2124 3784 2134 3784 2134 3785 2124 3785 2135 3785 2135 3786 2125 3786 2134 3786 2134 3787 2125 3787 2127 3787 2134 3788 2127 3788 2136 3788 2136 3789 2127 3789 2137 3789 2138 3790 2139 3790 1973 3790 2139 3791 2140 3791 1973 3791 1973 3792 2140 3792 2141 3792 1973 3793 2141 3793 2142 3793 2138 3794 1973 3794 2143 3794 2143 3795 1973 3795 1972 3795 2143 3796 1972 3796 2144 3796 2141 3797 2145 3797 2142 3797 2142 3798 2145 3798 2146 3798 2142 3799 2146 3799 2127 3799 2127 3800 2146 3800 2147 3800 2127 3801 2147 3801 2137 3801 2148 3802 1971 3802 2149 3802 2149 3803 1971 3803 2150 3803 2149 3804 2150 3804 2151 3804 2152 3805 2153 3805 2154 3805 2155 3806 2156 3806 2157 3806 2155 3807 2157 3807 2158 3807 2159 3808 2160 3808 2161 3808 2161 3809 2160 3809 2152 3809 2161 3810 2152 3810 2162 3810 2162 3811 2152 3811 2154 3811 2156 3812 2163 3812 2157 3812 2157 3813 2163 3813 2164 3813 2157 3814 2164 3814 1973 3814 1973 3815 2164 3815 2165 3815 2165 3816 2166 3816 1973 3816 1973 3817 2166 3817 2167 3817 1973 3818 2167 3818 1971 3818 1971 3819 2167 3819 2168 3819 1971 3820 2168 3820 2150 3820 2169 3821 2170 3821 2171 3821 2172 3822 2173 3822 2174 3822 2174 3823 2173 3823 2175 3823 2174 3824 2175 3824 2176 3824 2177 3825 2178 3825 2157 3825 2157 3826 2178 3826 2179 3826 2179 3827 2180 3827 2157 3827 2157 3828 2180 3828 2154 3828 2157 3829 2154 3829 2158 3829 2158 3830 2154 3830 2153 3830 2171 3831 2170 3831 2181 3831 2180 3832 2182 3832 2154 3832 2154 3833 2182 3833 2183 3833 2154 3834 2183 3834 2184 3834 2184 3835 2183 3835 2181 3835 2184 3836 2181 3836 2185 3836 2185 3837 2181 3837 2170 3837 2186 3838 2187 3838 2174 3838 2174 3839 2187 3839 2188 3839 2189 3840 2190 3840 2191 3840 2191 3841 2190 3841 2192 3841 2191 3842 2192 3842 2193 3842 2193 3843 2192 3843 2194 3843 2193 3844 2194 3844 2195 3844 2196 3845 2197 3845 1967 3845 2171 3846 2172 3846 2169 3846 2169 3847 2172 3847 2174 3847 2169 3848 2174 3848 2198 3848 2198 3849 2174 3849 2188 3849 2192 3850 2196 3850 2194 3850 2194 3851 2196 3851 1967 3851 2194 3852 1967 3852 2199 3852 2199 3853 1967 3853 2200 3853 1969 3854 2201 3854 2202 3854 2203 3855 2204 3855 1970 3855 1970 3856 2204 3856 2205 3856 1970 3857 2205 3857 2206 3857 1969 3858 2202 3858 1970 3858 1970 3859 2202 3859 2207 3859 1970 3860 2207 3860 2203 3860 2205 3861 2208 3861 2206 3861 2206 3862 2208 3862 2209 3862 2206 3863 2209 3863 1967 3863 1967 3864 2209 3864 2210 3864 1967 3865 2210 3865 2200 3865 2211 3866 1968 3866 2212 3866 2212 3867 1968 3867 2213 3867 2212 3868 2213 3868 2214 3868 1964 3869 2215 3869 1963 3869 1963 3870 2215 3870 2216 3870 1963 3871 2216 3871 2217 3871 2217 3872 2216 3872 1984 3872 2216 3873 2218 3873 1984 3873 1984 3874 2218 3874 2219 3874 1984 3875 2219 3875 1983 3875 1983 3876 2219 3876 2220 3876 1983 3877 2220 3877 2221 3877 2221 3878 2222 3878 1983 3878 1983 3879 2222 3879 2223 3879 1983 3880 2223 3880 1970 3880 1970 3881 2223 3881 2224 3881 2224 3882 2225 3882 1970 3882 1970 3883 2225 3883 2226 3883 1970 3884 2226 3884 1968 3884 1968 3885 2226 3885 2227 3885 1968 3886 2227 3886 2213 3886 2228 3887 2229 3887 2142 3887 2142 3888 2229 3888 2230 3888 2228 3889 2142 3889 2231 3889 2231 3890 2142 3890 2127 3890 2231 3891 2127 3891 2232 3891 2233 3892 2234 3892 2235 3892 2233 3893 2235 3893 2109 3893 2109 3894 2235 3894 2236 3894 2109 3895 2236 3895 2237 3895 2237 3896 2238 3896 2109 3896 2109 3897 2238 3897 2239 3897 2109 3898 2239 3898 2127 3898 2127 3899 2239 3899 2240 3899 2127 3900 2240 3900 2232 3900 2241 3901 2242 3901 2078 3901 2243 3902 2244 3902 2241 3902 2244 3903 2243 3903 2245 3903 2245 3904 2243 3904 2093 3904 2245 3905 2093 3905 2246 3905 2242 3906 2247 3906 2078 3906 2078 3907 2247 3907 2248 3907 2078 3908 2248 3908 1976 3908 1976 3909 2248 3909 2249 3909 1976 3910 2249 3910 2250 3910 2250 3911 2251 3911 1976 3911 1976 3912 2251 3912 2252 3912 1976 3913 2252 3913 2093 3913 2093 3914 2252 3914 2253 3914 2093 3915 2253 3915 2246 3915 2254 3916 2255 3916 1973 3916 1973 3917 2255 3917 2256 3917 1973 3918 2256 3918 2157 3918 2157 3919 2256 3919 2257 3919 2157 3920 2257 3920 2258 3920 2259 3921 2260 3921 2261 3921 2261 3922 2260 3922 2262 3922 2261 3923 2262 3923 2142 3923 2142 3924 2262 3924 2263 3924 2263 3925 2264 3925 2142 3925 2142 3926 2264 3926 2265 3926 2142 3927 2265 3927 1973 3927 1973 3928 2265 3928 2266 3928 1973 3929 2266 3929 2254 3929 2267 3930 2261 3930 2268 3930 2268 3931 2261 3931 2142 3931 2268 3932 2142 3932 2233 3932 2233 3933 2142 3933 2230 3933 2233 3934 2230 3934 2234 3934 2269 3935 2270 3935 2271 3935 2270 3936 2269 3936 2272 3936 2272 3937 2269 3937 2078 3937 2272 3938 2078 3938 2273 3938 2271 3939 2274 3939 2046 3939 2046 3940 2274 3940 2275 3940 2046 3941 2275 3941 2276 3941 2277 3942 2278 3942 2060 3942 2059 3943 2064 3943 2060 3943 2060 3944 2064 3944 2046 3944 2060 3945 2046 3945 2277 3945 2277 3946 2046 3946 2276 3946 2278 3947 2279 3947 2060 3947 2060 3948 2279 3948 2280 3948 2060 3949 2280 3949 2078 3949 2078 3950 2280 3950 2281 3950 2078 3951 2281 3951 2273 3951 2176 3952 2177 3952 2174 3952 2174 3953 2177 3953 2157 3953 2174 3954 2157 3954 2282 3954 2283 3955 2267 3955 2284 3955 2284 3956 2267 3956 2268 3956 2284 3957 2268 3957 2285 3957 2285 3958 2268 3958 2233 3958 2285 3959 2233 3959 2243 3959 2243 3960 2233 3960 2109 3960 2243 3961 2109 3961 2093 3961 2093 3962 2109 3962 2116 3962 2093 3963 2116 3963 2105 3963 2286 3964 2287 3964 2174 3964 2197 3965 2186 3965 1967 3965 1967 3966 2186 3966 2174 3966 1967 3967 2174 3967 1965 3967 1965 3968 2174 3968 2287 3968 1966 3969 2288 3969 1967 3969 1967 3970 2288 3970 2289 3970 1967 3971 2289 3971 2206 3971 2206 3972 2289 3972 2290 3972 2206 3973 2290 3973 2291 3973 2292 3974 2293 3974 2282 3974 2282 3975 2293 3975 2294 3975 2282 3976 2294 3976 2174 3976 2174 3977 2294 3977 2295 3977 2174 3978 2295 3978 2286 3978 2291 3979 2292 3979 2206 3979 2206 3980 2292 3980 2282 3980 2206 3981 2282 3981 2296 3981 2297 3982 2014 3982 2298 3982 2298 3983 2014 3983 2299 3983 2298 3984 2299 3984 2300 3984 2297 3985 2301 3985 2014 3985 2014 3986 2301 3986 2302 3986 2014 3987 2302 3987 1979 3987 1979 3988 2302 3988 2303 3988 1979 3989 2303 3989 2304 3989 2026 3990 2305 3990 2306 3990 2304 3991 2307 3991 1979 3991 1979 3992 2307 3992 2308 3992 1979 3993 2308 3993 2026 3993 2026 3994 2308 3994 2309 3994 2026 3995 2309 3995 2305 3995 2271 3996 2046 3996 2269 3996 2269 3997 2046 3997 2026 3997 2269 3998 2026 3998 2299 3998 2299 3999 2026 3999 2306 3999 2299 4000 2306 4000 2300 4000 1983 4001 2310 4001 2311 4001 2312 4002 2313 4002 1970 4002 1970 4003 2313 4003 2314 4003 1970 4004 2314 4004 1983 4004 1983 4005 2314 4005 2315 4005 1983 4006 2315 4006 2310 4006 2316 4007 2206 4007 2317 4007 2317 4008 2206 4008 2296 4008 2317 4009 2296 4009 2318 4009 2316 4010 2319 4010 2206 4010 2206 4011 2319 4011 2320 4011 2206 4012 2320 4012 1970 4012 1970 4013 2320 4013 2321 4013 1970 4014 2321 4014 2312 4014 1991 4015 1981 4015 1989 4015 1989 4016 1981 4016 1983 4016 1989 4017 1983 4017 2296 4017 2296 4018 1983 4018 2311 4018 2296 4019 2311 4019 2318 4019 2283 4020 2322 4020 2323 4020 2324 4021 2325 4021 1989 4021 1989 4022 2325 4022 2326 4022 2004 4023 2327 4023 2328 4023 2014 4024 2329 4024 2330 4024 2258 4025 2259 4025 2157 4025 2157 4026 2259 4026 2261 4026 2157 4027 2261 4027 2282 4027 2282 4028 2261 4028 2267 4028 2282 4029 2267 4029 2296 4029 2296 4030 2267 4030 2283 4030 2296 4031 2283 4031 1989 4031 1989 4032 2283 4032 2323 4032 1989 4033 2323 4033 2324 4033 2003 4034 2005 4034 2004 4034 2004 4035 2005 4035 1989 4035 2004 4036 1989 4036 2327 4036 2327 4037 1989 4037 2326 4037 2328 4038 2331 4038 2004 4038 2004 4039 2331 4039 2332 4039 2004 4040 2332 4040 2014 4040 2014 4041 2332 4041 2333 4041 2014 4042 2333 4042 2329 4042 2241 4043 2078 4043 2243 4043 2243 4044 2078 4044 2269 4044 2243 4045 2269 4045 2285 4045 2285 4046 2269 4046 2299 4046 2285 4047 2299 4047 2284 4047 2284 4048 2299 4048 2014 4048 2284 4049 2014 4049 2283 4049 2283 4050 2014 4050 2330 4050 2283 4051 2330 4051 2322 4051 1601 4052 1599 4052 2223 4052 2216 4053 2215 4053 2334 4053 1609 4054 1607 4054 2335 4054 2335 4055 1607 4055 2336 4055 2223 4056 2222 4056 1601 4056 1601 4057 2222 4057 2221 4057 1601 4058 2221 4058 1602 4058 1602 4059 2221 4059 2220 4059 1602 4060 2220 4060 1603 4060 1603 4061 2220 4061 2219 4061 1603 4062 2219 4062 1604 4062 1604 4063 2219 4063 2218 4063 1604 4064 2218 4064 1606 4064 1606 4065 2218 4065 2216 4065 1606 4066 2216 4066 1607 4066 1607 4067 2216 4067 2334 4067 1607 4068 2334 4068 2336 4068 1556 4069 1561 4069 2337 4069 2337 4070 1561 4070 2338 4070 2337 4071 2338 4071 1611 4071 1611 4072 2338 4072 1964 4072 2339 4073 2336 4073 2334 4073 2336 4074 2339 4074 2335 4074 2340 4075 2341 4075 2342 4075 2342 4076 2341 4076 2343 4076 2341 4077 2344 4077 2343 4077 2343 4078 2344 4078 2345 4078 2343 4079 2345 4079 2346 4079 2346 4080 2345 4080 2347 4080 2346 4081 2347 4081 2348 4081 2348 4082 2347 4082 2349 4082 2348 4083 2349 4083 1609 4083 1609 4084 2335 4084 2348 4084 2348 4085 2335 4085 2339 4085 2348 4086 2339 4086 2346 4086 2346 4087 2339 4087 2334 4087 2346 4088 2334 4088 2343 4088 2343 4089 2334 4089 2215 4089 2343 4090 2215 4090 2342 4090 2341 4091 2340 4091 2350 4091 2344 4092 2341 4092 2351 4092 2351 4093 2341 4093 2350 4093 2351 4094 2350 4094 1537 4094 1537 4095 2350 4095 1560 4095 2337 4096 1611 4096 1609 4096 1609 4097 2349 4097 2337 4097 2337 4098 2349 4098 2347 4098 2337 4099 2347 4099 2345 4099 2345 4100 2344 4100 2337 4100 2337 4101 2344 4101 2351 4101 2337 4102 2351 4102 1556 4102 1556 4103 2351 4103 1537 4103 2342 4104 2215 4104 1964 4104 1561 4105 1560 4105 2338 4105 2338 4106 1560 4106 2350 4106 2338 4107 2350 4107 1964 4107 1964 4108 2350 4108 2340 4108 1964 4109 2340 4109 2342 4109 1549 4110 1563 4110 1547 4110 1547 4111 1563 4111 1566 4111 1547 4112 1566 4112 1545 4112 1545 4113 1566 4113 1568 4113 1545 4114 1568 4114 1543 4114 1543 4115 1568 4115 1570 4115 1543 4116 1570 4116 1541 4116 1541 4117 1570 4117 1572 4117 1541 4118 1572 4118 1539 4118 1539 4119 1572 4119 1579 4119 1539 4120 1579 4120 1536 4120 1536 4121 1579 4121 1580 4121 1536 4122 1580 4122 1558 4122 1558 4123 1580 4123 1581 4123 1558 4124 1581 4124 1557 4124 1557 4125 1581 4125 1573 4125 1557 4126 1573 4126 1555 4126 1555 4127 1573 4127 1574 4127 1555 4128 1574 4128 1553 4128 1553 4129 1574 4129 1575 4129 1553 4130 1575 4130 1551 4130 1551 4131 1575 4131 1564 4131 1551 4132 1564 4132 1549 4132 1549 4133 1564 4133 1563 4133 1544 4134 1569 4134 1567 4134 1544 4135 1567 4135 1546 4135 1546 4136 1567 4136 1565 4136 1546 4137 1565 4137 1548 4137 1548 4138 1565 4138 1577 4138 1548 4139 1577 4139 1550 4139 1550 4140 1577 4140 1576 4140 1550 4141 1576 4141 1552 4141 1552 4142 1576 4142 1562 4142 1552 4143 1562 4143 1554 4143 1571 4144 1569 4144 1542 4144 1542 4145 1569 4145 1544 4145 1610 4146 1963 4146 2217 4146 1590 4147 1591 4147 1984 4147 1984 4148 1591 4148 1605 4148 1984 4149 1605 4149 2217 4149 2217 4150 1605 4150 1608 4150 2217 4151 1608 4151 1610 4151 1571 4152 1542 4152 1540 4152 1571 4153 1540 4153 1578 4153 1578 4154 1540 4154 1538 4154 1578 4155 1538 4155 1559 4155 1598 4156 2224 4156 1599 4156 1599 4157 2224 4157 2223 4157 2352 4158 2353 4158 2354 4158 2354 4159 2355 4159 2352 4159 2352 4160 2355 4160 2356 4160 2352 4161 2356 4161 2357 4161 2357 4162 2356 4162 2358 4162 2357 4163 2358 4163 2359 4163 2359 4164 2358 4164 2360 4164 2359 4165 2360 4165 2361 4165 2361 4166 2360 4166 2362 4166 2361 4167 2362 4167 2363 4167 2363 4168 2362 4168 2364 4168 2363 4169 2364 4169 2365 4169 2365 4170 2364 4170 2366 4170 2365 4171 2366 4171 2367 4171 2367 4172 2366 4172 2368 4172 2367 4173 2368 4173 2369 4173 2369 4174 2368 4174 2370 4174 2369 4175 2370 4175 2371 4175 2371 4176 2370 4176 2372 4176 2371 4177 2372 4177 2373 4177 2373 4178 2372 4178 2354 4178 2373 4179 2354 4179 2374 4179 2374 4180 2354 4180 2353 4180 2356 4181 2355 4181 2375 4181 2375 4182 2355 4182 2376 4182 2377 4183 2354 4183 2378 4183 2378 4184 2354 4184 2372 4184 2379 4185 2380 4185 2377 4185 2377 4186 2380 4186 2381 4186 2377 4187 2381 4187 2376 4187 2376 4188 2381 4188 2382 4188 2376 4189 2382 4189 2375 4189 2375 4190 2382 4190 2383 4190 2379 4191 2377 4191 2384 4191 2384 4192 2377 4192 2378 4192 2384 4193 2378 4193 2385 4193 2385 4194 2378 4194 2386 4194 2385 4195 2386 4195 2387 4195 2387 4196 2386 4196 2388 4196 2387 4197 2388 4197 2389 4197 2389 4198 2388 4198 2390 4198 2389 4199 2390 4199 2391 4199 2391 4200 2390 4200 2392 4200 2391 4201 2392 4201 2393 4201 2393 4202 2392 4202 2394 4202 2393 4203 2394 4203 2395 4203 2395 4204 2394 4204 2396 4204 2395 4205 2396 4205 2383 4205 2383 4206 2396 4206 2397 4206 2383 4207 2397 4207 2375 4207 1598 4208 1616 4208 2224 4208 2224 4209 1616 4209 2225 4209 2225 4210 1616 4210 2226 4210 2226 4211 1616 4211 1615 4211 2226 4212 1615 4212 2227 4212 2227 4213 1615 4213 1621 4213 2227 4214 1621 4214 2213 4214 2213 4215 1621 4215 1620 4215 1617 4216 1619 4216 2212 4216 2212 4217 1619 4217 2211 4217 2398 4218 1632 4218 1631 4218 1623 4219 1626 4219 2209 4219 2202 4220 2201 4220 2399 4220 2398 4221 1631 4221 2400 4221 2209 4222 2208 4222 1623 4222 1623 4223 2208 4223 2205 4223 1623 4224 2205 4224 1627 4224 1627 4225 2205 4225 2204 4225 1627 4226 2204 4226 1628 4226 1628 4227 2204 4227 2203 4227 1628 4228 2203 4228 1629 4228 1629 4229 2203 4229 2207 4229 1629 4230 2207 4230 1630 4230 1630 4231 2207 4231 2202 4231 1630 4232 2202 4232 1631 4232 1631 4233 2202 4233 2399 4233 1631 4234 2399 4234 2400 4234 2354 4235 2377 4235 2401 4235 2401 4236 2377 4236 2402 4236 2401 4237 2402 4237 1619 4237 1619 4238 2402 4238 2211 4238 2403 4239 2400 4239 2399 4239 2400 4240 2403 4240 2398 4240 2404 4241 2405 4241 2406 4241 2406 4242 2405 4242 2407 4242 2405 4243 2408 4243 2407 4243 2407 4244 2408 4244 2409 4244 2407 4245 2409 4245 2410 4245 2410 4246 2409 4246 2411 4246 2410 4247 2411 4247 2412 4247 2412 4248 2411 4248 2413 4248 2412 4249 2413 4249 1632 4249 1632 4250 2398 4250 2412 4250 2412 4251 2398 4251 2403 4251 2412 4252 2403 4252 2410 4252 2410 4253 2403 4253 2399 4253 2410 4254 2399 4254 2407 4254 2407 4255 2399 4255 2201 4255 2407 4256 2201 4256 2406 4256 2405 4257 2404 4257 2414 4257 2408 4258 2405 4258 2415 4258 2415 4259 2405 4259 2414 4259 2415 4260 2414 4260 2355 4260 2355 4261 2414 4261 2376 4261 1632 4262 2413 4262 1612 4262 1612 4263 2413 4263 2411 4263 1612 4264 2411 4264 2409 4264 2409 4265 2408 4265 1612 4265 1612 4266 2408 4266 2415 4266 1612 4267 2415 4267 1613 4267 1619 4268 1613 4268 2401 4268 2401 4269 1613 4269 2415 4269 2401 4270 2415 4270 2354 4270 2354 4271 2415 4271 2355 4271 2377 4272 2376 4272 2402 4272 2402 4273 2376 4273 2414 4273 2402 4274 2414 4274 2211 4274 2211 4275 2414 4275 2404 4275 2211 4276 2404 4276 1968 4276 1968 4277 2404 4277 2406 4277 1968 4278 2406 4278 1969 4278 1969 4279 2406 4279 2201 4279 2367 4280 2389 4280 2365 4280 2365 4281 2389 4281 2391 4281 2365 4282 2391 4282 2363 4282 2363 4283 2391 4283 2393 4283 2363 4284 2393 4284 2361 4284 2361 4285 2393 4285 2395 4285 2361 4286 2395 4286 2359 4286 2359 4287 2395 4287 2383 4287 2359 4288 2383 4288 2357 4288 2357 4289 2383 4289 2382 4289 2357 4290 2382 4290 2352 4290 2352 4291 2382 4291 2381 4291 2352 4292 2381 4292 2353 4292 2353 4293 2381 4293 2380 4293 2353 4294 2380 4294 2374 4294 2374 4295 2380 4295 2379 4295 2374 4296 2379 4296 2373 4296 2373 4297 2379 4297 2384 4297 2373 4298 2384 4298 2371 4298 2371 4299 2384 4299 2385 4299 2371 4300 2385 4300 2369 4300 2369 4301 2385 4301 2387 4301 2369 4302 2387 4302 2367 4302 2367 4303 2387 4303 2389 4303 2362 4304 2394 4304 2392 4304 2362 4305 2392 4305 2364 4305 2364 4306 2392 4306 2390 4306 2364 4307 2390 4307 2366 4307 2366 4308 2390 4308 2388 4308 2366 4309 2388 4309 2368 4309 2368 4310 2388 4310 2386 4310 2368 4311 2386 4311 2370 4311 2370 4312 2386 4312 2378 4312 2370 4313 2378 4313 2372 4313 2396 4314 2394 4314 2360 4314 2360 4315 2394 4315 2362 4315 1617 4316 2212 4316 2214 4316 1617 4317 2214 4317 1618 4317 1618 4318 2214 4318 2213 4318 1618 4319 2213 4319 1620 4319 2396 4320 2360 4320 2358 4320 2396 4321 2358 4321 2397 4321 2397 4322 2358 4322 2356 4322 2397 4323 2356 4323 2375 4323 1635 4324 2200 4324 1625 4324 1625 4325 2200 4325 2210 4325 1625 4326 2210 4326 1626 4326 1626 4327 2210 4327 2209 4327 2416 4328 2417 4328 2418 4328 2417 4329 2419 4329 2418 4329 2418 4330 2419 4330 2420 4330 2418 4331 2420 4331 2421 4331 2421 4332 2420 4332 2422 4332 2421 4333 2422 4333 2423 4333 2423 4334 2422 4334 2424 4334 2423 4335 2424 4335 2425 4335 2425 4336 2424 4336 2426 4336 2425 4337 2426 4337 2427 4337 2427 4338 2426 4338 2428 4338 2427 4339 2428 4339 2429 4339 2429 4340 2428 4340 2430 4340 2429 4341 2430 4341 2431 4341 2431 4342 2430 4342 2432 4342 2431 4343 2432 4343 2433 4343 2433 4344 2432 4344 2434 4344 2433 4345 2434 4345 2435 4345 2435 4346 2434 4346 2436 4346 2435 4347 2436 4347 2437 4347 2437 4348 2436 4348 2416 4348 2437 4349 2416 4349 2438 4349 2438 4350 2416 4350 2418 4350 2437 4351 2438 4351 2439 4351 2439 4352 2438 4352 2440 4352 2441 4353 2418 4353 2442 4353 2442 4354 2418 4354 2421 4354 2443 4355 2439 4355 2444 4355 2444 4356 2439 4356 2440 4356 2444 4357 2440 4357 2445 4357 2445 4358 2440 4358 2441 4358 2445 4359 2441 4359 2446 4359 2446 4360 2441 4360 2447 4360 2447 4361 2441 4361 2448 4361 2448 4362 2441 4362 2442 4362 2448 4363 2442 4363 2449 4363 2449 4364 2442 4364 2450 4364 2449 4365 2450 4365 2451 4365 2451 4366 2450 4366 2452 4366 2451 4367 2452 4367 2453 4367 2453 4368 2452 4368 2454 4368 2453 4369 2454 4369 2455 4369 2455 4370 2454 4370 2456 4370 2455 4371 2456 4371 2457 4371 2457 4372 2456 4372 2458 4372 2457 4373 2458 4373 2459 4373 2459 4374 2458 4374 2460 4374 2459 4375 2460 4375 2443 4375 2443 4376 2460 4376 2461 4376 2443 4377 2461 4377 2439 4377 1635 4378 1634 4378 2200 4378 2200 4379 1634 4379 2199 4379 2199 4380 1634 4380 2194 4380 2194 4381 1634 4381 1633 4381 2194 4382 1633 4382 2195 4382 2195 4383 1633 4383 1648 4383 1645 4384 1644 4384 2191 4384 2191 4385 1644 4385 2189 4385 1640 4386 1639 4386 2198 4386 2192 4387 2190 4387 2462 4387 1643 4388 1647 4388 2463 4388 2463 4389 1647 4389 2464 4389 2198 4390 2188 4390 1640 4390 1640 4391 2188 4391 2187 4391 1640 4392 2187 4392 1637 4392 1637 4393 2187 4393 2186 4393 1637 4394 2186 4394 1641 4394 1641 4395 2186 4395 2197 4395 1641 4396 2197 4396 1642 4396 1642 4397 2197 4397 2196 4397 1642 4398 2196 4398 1646 4398 1646 4399 2196 4399 2192 4399 1646 4400 2192 4400 1647 4400 1647 4401 2192 4401 2462 4401 1647 4402 2462 4402 2464 4402 2418 4403 2441 4403 2465 4403 2465 4404 2441 4404 2466 4404 2465 4405 2466 4405 1644 4405 1644 4406 2466 4406 2189 4406 2467 4407 2464 4407 2462 4407 2464 4408 2467 4408 2463 4408 2468 4409 2469 4409 2470 4409 2470 4410 2469 4410 2471 4410 2469 4411 2472 4411 2471 4411 2471 4412 2472 4412 2473 4412 2471 4413 2473 4413 2474 4413 2474 4414 2473 4414 2475 4414 2474 4415 2475 4415 2476 4415 2476 4416 2475 4416 2477 4416 2476 4417 2477 4417 1643 4417 1643 4418 2463 4418 2476 4418 2476 4419 2463 4419 2467 4419 2476 4420 2467 4420 2474 4420 2474 4421 2467 4421 2462 4421 2474 4422 2462 4422 2471 4422 2471 4423 2462 4423 2190 4423 2471 4424 2190 4424 2470 4424 2469 4425 2468 4425 2478 4425 2472 4426 2469 4426 2479 4426 2479 4427 2469 4427 2478 4427 2479 4428 2478 4428 2438 4428 2438 4429 2478 4429 2440 4429 2475 4430 2473 4430 2465 4430 1644 4431 1643 4431 2465 4431 2465 4432 1643 4432 2477 4432 2465 4433 2477 4433 2475 4433 2473 4434 2472 4434 2465 4434 2465 4435 2472 4435 2479 4435 2465 4436 2479 4436 2418 4436 2418 4437 2479 4437 2438 4437 2470 4438 2190 4438 2189 4438 2441 4439 2440 4439 2466 4439 2466 4440 2440 4440 2478 4440 2466 4441 2478 4441 2189 4441 2189 4442 2478 4442 2468 4442 2189 4443 2468 4443 2470 4443 2426 4444 2453 4444 2428 4444 2428 4445 2453 4445 2455 4445 2428 4446 2455 4446 2430 4446 2430 4447 2455 4447 2457 4447 2430 4448 2457 4448 2432 4448 2432 4449 2457 4449 2459 4449 2432 4450 2459 4450 2434 4450 2434 4451 2459 4451 2443 4451 2434 4452 2443 4452 2436 4452 2436 4453 2443 4453 2444 4453 2436 4454 2444 4454 2416 4454 2416 4455 2444 4455 2445 4455 2416 4456 2445 4456 2417 4456 2417 4457 2445 4457 2446 4457 2417 4458 2446 4458 2419 4458 2419 4459 2446 4459 2447 4459 2419 4460 2447 4460 2420 4460 2420 4461 2447 4461 2448 4461 2420 4462 2448 4462 2422 4462 2422 4463 2448 4463 2449 4463 2422 4464 2449 4464 2424 4464 2424 4465 2449 4465 2451 4465 2424 4466 2451 4466 2426 4466 2426 4467 2451 4467 2453 4467 2431 4468 2458 4468 2456 4468 2431 4469 2456 4469 2429 4469 2429 4470 2456 4470 2454 4470 2429 4471 2454 4471 2427 4471 2427 4472 2454 4472 2452 4472 2427 4473 2452 4473 2425 4473 2425 4474 2452 4474 2450 4474 2425 4475 2450 4475 2423 4475 2423 4476 2450 4476 2442 4476 2423 4477 2442 4477 2421 4477 2460 4478 2458 4478 2433 4478 2433 4479 2458 4479 2431 4479 1645 4480 2191 4480 2193 4480 1645 4481 2193 4481 1649 4481 1649 4482 2193 4482 2195 4482 1649 4483 2195 4483 1648 4483 2460 4484 2433 4484 2435 4484 2460 4485 2435 4485 2461 4485 2461 4486 2435 4486 2437 4486 2461 4487 2437 4487 2439 4487 1663 4488 2170 4488 1638 4488 1638 4489 2170 4489 2169 4489 1638 4490 2169 4490 1639 4490 1639 4491 2169 4491 2198 4491 2480 4492 2481 4492 2482 4492 2482 4493 2483 4493 2480 4493 2480 4494 2483 4494 2484 4494 2480 4495 2484 4495 2485 4495 2485 4496 2484 4496 2486 4496 2485 4497 2486 4497 2487 4497 2487 4498 2486 4498 2488 4498 2487 4499 2488 4499 2489 4499 2489 4500 2488 4500 2490 4500 2489 4501 2490 4501 2491 4501 2491 4502 2490 4502 2492 4502 2491 4503 2492 4503 2493 4503 2493 4504 2492 4504 2494 4504 2493 4505 2494 4505 2495 4505 2495 4506 2494 4506 2496 4506 2495 4507 2496 4507 2497 4507 2497 4508 2496 4508 2498 4508 2497 4509 2498 4509 2499 4509 2499 4510 2498 4510 2500 4510 2499 4511 2500 4511 2501 4511 2501 4512 2500 4512 2482 4512 2501 4513 2482 4513 2502 4513 2502 4514 2482 4514 2481 4514 2484 4515 2483 4515 2503 4515 2503 4516 2483 4516 2504 4516 2505 4517 2482 4517 2506 4517 2506 4518 2482 4518 2500 4518 2507 4519 2503 4519 2508 4519 2508 4520 2503 4520 2504 4520 2508 4521 2504 4521 2509 4521 2509 4522 2504 4522 2505 4522 2509 4523 2505 4523 2510 4523 2510 4524 2505 4524 2511 4524 2511 4525 2505 4525 2512 4525 2512 4526 2505 4526 2506 4526 2512 4527 2506 4527 2513 4527 2513 4528 2506 4528 2514 4528 2513 4529 2514 4529 2515 4529 2515 4530 2514 4530 2516 4530 2515 4531 2516 4531 2517 4531 2517 4532 2516 4532 2518 4532 2517 4533 2518 4533 2519 4533 2519 4534 2518 4534 2520 4534 2519 4535 2520 4535 2521 4535 2521 4536 2520 4536 2522 4536 2521 4537 2522 4537 2523 4537 2523 4538 2522 4538 2524 4538 2523 4539 2524 4539 2507 4539 2507 4540 2524 4540 2525 4540 2507 4541 2525 4541 2503 4541 1663 4542 1665 4542 2170 4542 2170 4543 1665 4543 2185 4543 2184 4544 2185 4544 1666 4544 1666 4545 2185 4545 1665 4545 1678 4546 1679 4546 2161 4546 2161 4547 1679 4547 2159 4547 1667 4548 1673 4548 2164 4548 2152 4549 2160 4549 2526 4549 1677 4550 1675 4550 2527 4550 2527 4551 1675 4551 2528 4551 2164 4552 2163 4552 1667 4552 1667 4553 2163 4553 2156 4553 1667 4554 2156 4554 1668 4554 1668 4555 2156 4555 2155 4555 1668 4556 2155 4556 1669 4556 1669 4557 2155 4557 2158 4557 1669 4558 2158 4558 1670 4558 1670 4559 2158 4559 2153 4559 1670 4560 2153 4560 1674 4560 1674 4561 2153 4561 2152 4561 1674 4562 2152 4562 1675 4562 1675 4563 2152 4563 2526 4563 1675 4564 2526 4564 2528 4564 2482 4565 2505 4565 2529 4565 2529 4566 2505 4566 2530 4566 2529 4567 2530 4567 1679 4567 1679 4568 2530 4568 2159 4568 2531 4569 2528 4569 2526 4569 2528 4570 2531 4570 2527 4570 2532 4571 2533 4571 2534 4571 2534 4572 2533 4572 2535 4572 2533 4573 2536 4573 2535 4573 2535 4574 2536 4574 2537 4574 2535 4575 2537 4575 2538 4575 2538 4576 2537 4576 2539 4576 2538 4577 2539 4577 2540 4577 2540 4578 2539 4578 2541 4578 2540 4579 2541 4579 1677 4579 1677 4580 2527 4580 2540 4580 2540 4581 2527 4581 2531 4581 2540 4582 2531 4582 2538 4582 2538 4583 2531 4583 2526 4583 2538 4584 2526 4584 2535 4584 2535 4585 2526 4585 2160 4585 2535 4586 2160 4586 2534 4586 2533 4587 2532 4587 2542 4587 2536 4588 2533 4588 2543 4588 2543 4589 2533 4589 2542 4589 2543 4590 2542 4590 2483 4590 2483 4591 2542 4591 2504 4591 2539 4592 2537 4592 2529 4592 1679 4593 1677 4593 2529 4593 2529 4594 1677 4594 2541 4594 2529 4595 2541 4595 2539 4595 2537 4596 2536 4596 2529 4596 2529 4597 2536 4597 2543 4597 2529 4598 2543 4598 2482 4598 2482 4599 2543 4599 2483 4599 2534 4600 2160 4600 2159 4600 2505 4601 2504 4601 2530 4601 2530 4602 2504 4602 2542 4602 2530 4603 2542 4603 2159 4603 2159 4604 2542 4604 2532 4604 2159 4605 2532 4605 2534 4605 2495 4606 2517 4606 2493 4606 2493 4607 2517 4607 2519 4607 2493 4608 2519 4608 2491 4608 2491 4609 2519 4609 2521 4609 2491 4610 2521 4610 2489 4610 2489 4611 2521 4611 2523 4611 2489 4612 2523 4612 2487 4612 2487 4613 2523 4613 2507 4613 2487 4614 2507 4614 2485 4614 2485 4615 2507 4615 2508 4615 2485 4616 2508 4616 2480 4616 2480 4617 2508 4617 2509 4617 2480 4618 2509 4618 2481 4618 2481 4619 2509 4619 2510 4619 2481 4620 2510 4620 2502 4620 2502 4621 2510 4621 2511 4621 2502 4622 2511 4622 2501 4622 2501 4623 2511 4623 2512 4623 2501 4624 2512 4624 2499 4624 2499 4625 2512 4625 2513 4625 2499 4626 2513 4626 2497 4626 2497 4627 2513 4627 2515 4627 2497 4628 2515 4628 2495 4628 2495 4629 2515 4629 2517 4629 2490 4630 2522 4630 2520 4630 2490 4631 2520 4631 2492 4631 2492 4632 2520 4632 2518 4632 2492 4633 2518 4633 2494 4633 2494 4634 2518 4634 2516 4634 2494 4635 2516 4635 2496 4635 2496 4636 2516 4636 2514 4636 2496 4637 2514 4637 2498 4637 2498 4638 2514 4638 2506 4638 2498 4639 2506 4639 2500 4639 2524 4640 2522 4640 2488 4640 2488 4641 2522 4641 2490 4641 1678 4642 2161 4642 2162 4642 2184 4643 1666 4643 2154 4643 2154 4644 1666 4644 1655 4644 2154 4645 1655 4645 2162 4645 2162 4646 1655 4646 1676 4646 2162 4647 1676 4647 1678 4647 2524 4648 2488 4648 2486 4648 2524 4649 2486 4649 2525 4649 2525 4650 2486 4650 2484 4650 2525 4651 2484 4651 2503 4651 1672 4652 2165 4652 1673 4652 1673 4653 2165 4653 2164 4653 2544 4654 2545 4654 2546 4654 2545 4655 2547 4655 2546 4655 2546 4656 2547 4656 2548 4656 2546 4657 2548 4657 2549 4657 2549 4658 2548 4658 2550 4658 2549 4659 2550 4659 2551 4659 2551 4660 2550 4660 2552 4660 2551 4661 2552 4661 2553 4661 2553 4662 2552 4662 2554 4662 2553 4663 2554 4663 2555 4663 2555 4664 2554 4664 2556 4664 2555 4665 2556 4665 2557 4665 2557 4666 2556 4666 2558 4666 2557 4667 2558 4667 2559 4667 2559 4668 2558 4668 2560 4668 2559 4669 2560 4669 2561 4669 2561 4670 2560 4670 2562 4670 2561 4671 2562 4671 2563 4671 2563 4672 2562 4672 2564 4672 2563 4673 2564 4673 2565 4673 2565 4674 2564 4674 2544 4674 2565 4675 2544 4675 2566 4675 2566 4676 2544 4676 2546 4676 2565 4677 2566 4677 2567 4677 2567 4678 2566 4678 2568 4678 2569 4679 2546 4679 2570 4679 2570 4680 2546 4680 2549 4680 2571 4681 2572 4681 2569 4681 2569 4682 2572 4682 2573 4682 2569 4683 2573 4683 2568 4683 2568 4684 2573 4684 2574 4684 2568 4685 2574 4685 2567 4685 2567 4686 2574 4686 2575 4686 2571 4687 2569 4687 2576 4687 2576 4688 2569 4688 2570 4688 2576 4689 2570 4689 2577 4689 2577 4690 2570 4690 2578 4690 2577 4691 2578 4691 2579 4691 2579 4692 2578 4692 2580 4692 2579 4693 2580 4693 2581 4693 2581 4694 2580 4694 2582 4694 2581 4695 2582 4695 2583 4695 2583 4696 2582 4696 2584 4696 2583 4697 2584 4697 2585 4697 2585 4698 2584 4698 2586 4698 2585 4699 2586 4699 2587 4699 2587 4700 2586 4700 2588 4700 2587 4701 2588 4701 2575 4701 2575 4702 2588 4702 2589 4702 2575 4703 2589 4703 2567 4703 1672 4704 1683 4704 2165 4704 2165 4705 1683 4705 2166 4705 2166 4706 1683 4706 2167 4706 2167 4707 1683 4707 1682 4707 2167 4708 1682 4708 2168 4708 2168 4709 1682 4709 1688 4709 2168 4710 1688 4710 2150 4710 2150 4711 1688 4711 1687 4711 1684 4712 1686 4712 2149 4712 2149 4713 1686 4713 2148 4713 1689 4714 1696 4714 2146 4714 2143 4715 2144 4715 2590 4715 1699 4716 1698 4716 2591 4716 2591 4717 1698 4717 2592 4717 2146 4718 2145 4718 1689 4718 1689 4719 2145 4719 2141 4719 1689 4720 2141 4720 1690 4720 1690 4721 2141 4721 2140 4721 1690 4722 2140 4722 1691 4722 1691 4723 2140 4723 2139 4723 1691 4724 2139 4724 1692 4724 1692 4725 2139 4725 2138 4725 1692 4726 2138 4726 1697 4726 1697 4727 2138 4727 2143 4727 1697 4728 2143 4728 1698 4728 1698 4729 2143 4729 2590 4729 1698 4730 2590 4730 2592 4730 2546 4731 2569 4731 2593 4731 2593 4732 2569 4732 2594 4732 2593 4733 2594 4733 1686 4733 1686 4734 2594 4734 2148 4734 2595 4735 2592 4735 2590 4735 2592 4736 2595 4736 2591 4736 2596 4737 2597 4737 2598 4737 2598 4738 2597 4738 2599 4738 2597 4739 2600 4739 2599 4739 2599 4740 2600 4740 2601 4740 2599 4741 2601 4741 2602 4741 2602 4742 2601 4742 2603 4742 2602 4743 2603 4743 2604 4743 2604 4744 2603 4744 2605 4744 2604 4745 2605 4745 1699 4745 1699 4746 2591 4746 2604 4746 2604 4747 2591 4747 2595 4747 2604 4748 2595 4748 2602 4748 2602 4749 2595 4749 2590 4749 2602 4750 2590 4750 2599 4750 2599 4751 2590 4751 2144 4751 2599 4752 2144 4752 2598 4752 2597 4753 2596 4753 2606 4753 2600 4754 2597 4754 2607 4754 2607 4755 2597 4755 2606 4755 2607 4756 2606 4756 2566 4756 2566 4757 2606 4757 2568 4757 1699 4758 2605 4758 1680 4758 1680 4759 2605 4759 2603 4759 1680 4760 2603 4760 2601 4760 2601 4761 2600 4761 1680 4761 1680 4762 2600 4762 2607 4762 1680 4763 2607 4763 1681 4763 1686 4764 1681 4764 2593 4764 2593 4765 1681 4765 2607 4765 2593 4766 2607 4766 2546 4766 2546 4767 2607 4767 2566 4767 2569 4768 2568 4768 2594 4768 2594 4769 2568 4769 2606 4769 2594 4770 2606 4770 2148 4770 2148 4771 2606 4771 2596 4771 2148 4772 2596 4772 1971 4772 1971 4773 2596 4773 2598 4773 1971 4774 2598 4774 1972 4774 1972 4775 2598 4775 2144 4775 2554 4776 2581 4776 2556 4776 2556 4777 2581 4777 2583 4777 2556 4778 2583 4778 2558 4778 2558 4779 2583 4779 2585 4779 2558 4780 2585 4780 2560 4780 2560 4781 2585 4781 2587 4781 2560 4782 2587 4782 2562 4782 2562 4783 2587 4783 2575 4783 2562 4784 2575 4784 2564 4784 2564 4785 2575 4785 2574 4785 2564 4786 2574 4786 2544 4786 2544 4787 2574 4787 2573 4787 2544 4788 2573 4788 2545 4788 2545 4789 2573 4789 2572 4789 2545 4790 2572 4790 2547 4790 2547 4791 2572 4791 2571 4791 2547 4792 2571 4792 2548 4792 2548 4793 2571 4793 2576 4793 2548 4794 2576 4794 2550 4794 2550 4795 2576 4795 2577 4795 2550 4796 2577 4796 2552 4796 2552 4797 2577 4797 2579 4797 2552 4798 2579 4798 2554 4798 2554 4799 2579 4799 2581 4799 2559 4800 2586 4800 2584 4800 2559 4801 2584 4801 2557 4801 2557 4802 2584 4802 2582 4802 2557 4803 2582 4803 2555 4803 2555 4804 2582 4804 2580 4804 2555 4805 2580 4805 2553 4805 2553 4806 2580 4806 2578 4806 2553 4807 2578 4807 2551 4807 2551 4808 2578 4808 2570 4808 2551 4809 2570 4809 2549 4809 2588 4810 2586 4810 2561 4810 2561 4811 2586 4811 2559 4811 1684 4812 2149 4812 2151 4812 1684 4813 2151 4813 1685 4813 1685 4814 2151 4814 2150 4814 1685 4815 2150 4815 1687 4815 2588 4816 2561 4816 2563 4816 2588 4817 2563 4817 2589 4817 2589 4818 2563 4818 2565 4818 2589 4819 2565 4819 2567 4819 1702 4820 2137 4820 1694 4820 1694 4821 2137 4821 2147 4821 1694 4822 2147 4822 1696 4822 1696 4823 2147 4823 2146 4823 2608 4824 2609 4824 2610 4824 2608 4825 2610 4825 2611 4825 2611 4826 2610 4826 2612 4826 2611 4827 2612 4827 2613 4827 2613 4828 2612 4828 2614 4828 2613 4829 2614 4829 2615 4829 2615 4830 2614 4830 2616 4830 2615 4831 2616 4831 2617 4831 2617 4832 2616 4832 2618 4832 2617 4833 2618 4833 2619 4833 2619 4834 2618 4834 2620 4834 2619 4835 2620 4835 2621 4835 2621 4836 2620 4836 2622 4836 2621 4837 2622 4837 2623 4837 2623 4838 2622 4838 2624 4838 2623 4839 2624 4839 2625 4839 2625 4840 2624 4840 2626 4840 2625 4841 2626 4841 2627 4841 2627 4842 2626 4842 2628 4842 2627 4843 2628 4843 2629 4843 2609 4844 2608 4844 2628 4844 2628 4845 2608 4845 2630 4845 2628 4846 2630 4846 2629 4846 2610 4847 2609 4847 2631 4847 2631 4848 2609 4848 2632 4848 2633 4849 2628 4849 2634 4849 2634 4850 2628 4850 2626 4850 2635 4851 2636 4851 2633 4851 2633 4852 2636 4852 2637 4852 2633 4853 2637 4853 2632 4853 2632 4854 2637 4854 2638 4854 2632 4855 2638 4855 2631 4855 2631 4856 2638 4856 2639 4856 2635 4857 2633 4857 2640 4857 2640 4858 2633 4858 2634 4858 2640 4859 2634 4859 2641 4859 2641 4860 2634 4860 2642 4860 2641 4861 2642 4861 2643 4861 2643 4862 2642 4862 2644 4862 2643 4863 2644 4863 2645 4863 2645 4864 2644 4864 2646 4864 2645 4865 2646 4865 2647 4865 2647 4866 2646 4866 2648 4866 2647 4867 2648 4867 2649 4867 2649 4868 2648 4868 2650 4868 2649 4869 2650 4869 2651 4869 2651 4870 2650 4870 2652 4870 2651 4871 2652 4871 2639 4871 2639 4872 2652 4872 2653 4872 2639 4873 2653 4873 2631 4873 1702 4874 1701 4874 2137 4874 2137 4875 1701 4875 2136 4875 2136 4876 1701 4876 2134 4876 2134 4877 1701 4877 1700 4877 2134 4878 1700 4878 2133 4878 2133 4879 1700 4879 1712 4879 1710 4880 1713 4880 2122 4880 2122 4881 1713 4881 2123 4881 1707 4882 1706 4882 2131 4882 2135 4883 2124 4883 2654 4883 1714 4884 1715 4884 2655 4884 2655 4885 1715 4885 2656 4885 2131 4886 2130 4886 1707 4886 1707 4887 2130 4887 2129 4887 1707 4888 2129 4888 1704 4888 1704 4889 2129 4889 2128 4889 1704 4890 2128 4890 1708 4890 1708 4891 2128 4891 2126 4891 1708 4892 2126 4892 1709 4892 1709 4893 2126 4893 2125 4893 1709 4894 2125 4894 1716 4894 1716 4895 2125 4895 2135 4895 1716 4896 2135 4896 1715 4896 1715 4897 2135 4897 2654 4897 1715 4898 2654 4898 2656 4898 2628 4899 2633 4899 2657 4899 2657 4900 2633 4900 2658 4900 2657 4901 2658 4901 1713 4901 1713 4902 2658 4902 2123 4902 2659 4903 2656 4903 2654 4903 2656 4904 2659 4904 2655 4904 2660 4905 2661 4905 2662 4905 2662 4906 2661 4906 2663 4906 2661 4907 2664 4907 2663 4907 2663 4908 2664 4908 2665 4908 2663 4909 2665 4909 2666 4909 2666 4910 2665 4910 2667 4910 2666 4911 2667 4911 2668 4911 2668 4912 2667 4912 2669 4912 2668 4913 2669 4913 1714 4913 1714 4914 2655 4914 2668 4914 2668 4915 2655 4915 2659 4915 2668 4916 2659 4916 2666 4916 2666 4917 2659 4917 2654 4917 2666 4918 2654 4918 2663 4918 2663 4919 2654 4919 2124 4919 2663 4920 2124 4920 2662 4920 2661 4921 2660 4921 2670 4921 2664 4922 2661 4922 2671 4922 2671 4923 2661 4923 2670 4923 2671 4924 2670 4924 2609 4924 2609 4925 2670 4925 2632 4925 2667 4926 2665 4926 2657 4926 1713 4927 1714 4927 2657 4927 2657 4928 1714 4928 2669 4928 2657 4929 2669 4929 2667 4929 2665 4930 2664 4930 2657 4930 2657 4931 2664 4931 2671 4931 2657 4932 2671 4932 2628 4932 2628 4933 2671 4933 2609 4933 2662 4934 2124 4934 2123 4934 2633 4935 2632 4935 2658 4935 2658 4936 2632 4936 2670 4936 2658 4937 2670 4937 2123 4937 2123 4938 2670 4938 2660 4938 2123 4939 2660 4939 2662 4939 2621 4940 2645 4940 2619 4940 2619 4941 2645 4941 2647 4941 2619 4942 2647 4942 2617 4942 2617 4943 2647 4943 2649 4943 2617 4944 2649 4944 2615 4944 2615 4945 2649 4945 2651 4945 2615 4946 2651 4946 2613 4946 2613 4947 2651 4947 2639 4947 2613 4948 2639 4948 2611 4948 2611 4949 2639 4949 2638 4949 2611 4950 2638 4950 2608 4950 2608 4951 2638 4951 2637 4951 2608 4952 2637 4952 2630 4952 2630 4953 2637 4953 2636 4953 2630 4954 2636 4954 2629 4954 2629 4955 2636 4955 2635 4955 2629 4956 2635 4956 2627 4956 2627 4957 2635 4957 2640 4957 2627 4958 2640 4958 2625 4958 2625 4959 2640 4959 2641 4959 2625 4960 2641 4960 2623 4960 2623 4961 2641 4961 2643 4961 2623 4962 2643 4962 2621 4962 2621 4963 2643 4963 2645 4963 2616 4964 2650 4964 2648 4964 2616 4965 2648 4965 2618 4965 2618 4966 2648 4966 2646 4966 2618 4967 2646 4967 2620 4967 2620 4968 2646 4968 2644 4968 2620 4969 2644 4969 2622 4969 2622 4970 2644 4970 2642 4970 2622 4971 2642 4971 2624 4971 2624 4972 2642 4972 2634 4972 2624 4973 2634 4973 2626 4973 2652 4974 2650 4974 2614 4974 2614 4975 2650 4975 2616 4975 1710 4976 2122 4976 2132 4976 1710 4977 2132 4977 1711 4977 1711 4978 2132 4978 2133 4978 1711 4979 2133 4979 1712 4979 2652 4980 2614 4980 2612 4980 2652 4981 2612 4981 2653 4981 2653 4982 2612 4982 2610 4982 2653 4983 2610 4983 2631 4983 1730 4984 2112 4984 1705 4984 1705 4985 2112 4985 2113 4985 1705 4986 2113 4986 1706 4986 1706 4987 2113 4987 2131 4987 2672 4988 2673 4988 2674 4988 2674 4989 2675 4989 2672 4989 2672 4990 2675 4990 2676 4990 2672 4991 2676 4991 2677 4991 2677 4992 2676 4992 2678 4992 2677 4993 2678 4993 2679 4993 2679 4994 2678 4994 2680 4994 2679 4995 2680 4995 2681 4995 2681 4996 2680 4996 2682 4996 2681 4997 2682 4997 2683 4997 2683 4998 2682 4998 2684 4998 2683 4999 2684 4999 2685 4999 2685 5000 2684 5000 2686 5000 2685 5001 2686 5001 2687 5001 2687 5002 2686 5002 2688 5002 2687 5003 2688 5003 2689 5003 2673 5004 2690 5004 2674 5004 2674 5005 2690 5005 2691 5005 2674 5006 2691 5006 2692 5006 2692 5007 2691 5007 2693 5007 2692 5008 2693 5008 2689 5008 2689 5009 2693 5009 2694 5009 2689 5010 2694 5010 2687 5010 2676 5011 2675 5011 2695 5011 2695 5012 2675 5012 2696 5012 2697 5013 2674 5013 2698 5013 2698 5014 2674 5014 2692 5014 2699 5015 2695 5015 2700 5015 2700 5016 2695 5016 2696 5016 2700 5017 2696 5017 2701 5017 2701 5018 2696 5018 2697 5018 2701 5019 2697 5019 2702 5019 2702 5020 2697 5020 2703 5020 2703 5021 2697 5021 2704 5021 2704 5022 2697 5022 2698 5022 2704 5023 2698 5023 2705 5023 2705 5024 2698 5024 2706 5024 2705 5025 2706 5025 2707 5025 2707 5026 2706 5026 2708 5026 2707 5027 2708 5027 2709 5027 2709 5028 2708 5028 2710 5028 2709 5029 2710 5029 2711 5029 2711 5030 2710 5030 2712 5030 2711 5031 2712 5031 2713 5031 2713 5032 2712 5032 2714 5032 2713 5033 2714 5033 2715 5033 2715 5034 2714 5034 2716 5034 2715 5035 2716 5035 2699 5035 2699 5036 2716 5036 2717 5036 2699 5037 2717 5037 2695 5037 1730 5038 1728 5038 2112 5038 2112 5039 1728 5039 2121 5039 2120 5040 2121 5040 1727 5040 1727 5041 2121 5041 1728 5041 1742 5042 1743 5042 2097 5042 2097 5043 1743 5043 2095 5043 1734 5044 1746 5044 2100 5044 2088 5045 2096 5045 2718 5045 1741 5046 1739 5046 2719 5046 2719 5047 1739 5047 2720 5047 2100 5048 2099 5048 1734 5048 1734 5049 2099 5049 2092 5049 1734 5050 2092 5050 1735 5050 1735 5051 2092 5051 2091 5051 1735 5052 2091 5052 1736 5052 1736 5053 2091 5053 2094 5053 1736 5054 2094 5054 1737 5054 1737 5055 2094 5055 2089 5055 1737 5056 2089 5056 1738 5056 1738 5057 2089 5057 2088 5057 1738 5058 2088 5058 1739 5058 1739 5059 2088 5059 2718 5059 1739 5060 2718 5060 2720 5060 2674 5061 2697 5061 2721 5061 2721 5062 2697 5062 2722 5062 2721 5063 2722 5063 1743 5063 1743 5064 2722 5064 2095 5064 2723 5065 2720 5065 2718 5065 2720 5066 2723 5066 2719 5066 2724 5067 2725 5067 2726 5067 2726 5068 2725 5068 2727 5068 2725 5069 2728 5069 2727 5069 2727 5070 2728 5070 2729 5070 2727 5071 2729 5071 2730 5071 2730 5072 2729 5072 2731 5072 2730 5073 2731 5073 2732 5073 2732 5074 2731 5074 2733 5074 2732 5075 2733 5075 1741 5075 1741 5076 2719 5076 2732 5076 2732 5077 2719 5077 2723 5077 2732 5078 2723 5078 2730 5078 2730 5079 2723 5079 2718 5079 2730 5080 2718 5080 2727 5080 2727 5081 2718 5081 2096 5081 2727 5082 2096 5082 2726 5082 2725 5083 2724 5083 2734 5083 2728 5084 2725 5084 2735 5084 2735 5085 2725 5085 2734 5085 2735 5086 2734 5086 2675 5086 2675 5087 2734 5087 2696 5087 2721 5088 1743 5088 1741 5088 1741 5089 2733 5089 2721 5089 2721 5090 2733 5090 2731 5090 2721 5091 2731 5091 2729 5091 2729 5092 2728 5092 2721 5092 2721 5093 2728 5093 2735 5093 2721 5094 2735 5094 2674 5094 2674 5095 2735 5095 2675 5095 2726 5096 2096 5096 2095 5096 2697 5097 2696 5097 2722 5097 2722 5098 2696 5098 2734 5098 2722 5099 2734 5099 2095 5099 2095 5100 2734 5100 2724 5100 2095 5101 2724 5101 2726 5101 2687 5102 2709 5102 2685 5102 2685 5103 2709 5103 2711 5103 2685 5104 2711 5104 2683 5104 2683 5105 2711 5105 2713 5105 2683 5106 2713 5106 2681 5106 2681 5107 2713 5107 2715 5107 2681 5108 2715 5108 2679 5108 2679 5109 2715 5109 2699 5109 2679 5110 2699 5110 2677 5110 2677 5111 2699 5111 2700 5111 2677 5112 2700 5112 2672 5112 2672 5113 2700 5113 2701 5113 2672 5114 2701 5114 2673 5114 2673 5115 2701 5115 2702 5115 2673 5116 2702 5116 2690 5116 2690 5117 2702 5117 2703 5117 2690 5118 2703 5118 2691 5118 2691 5119 2703 5119 2704 5119 2691 5120 2704 5120 2693 5120 2693 5121 2704 5121 2705 5121 2693 5122 2705 5122 2694 5122 2694 5123 2705 5123 2707 5123 2694 5124 2707 5124 2687 5124 2687 5125 2707 5125 2709 5125 2682 5126 2714 5126 2712 5126 2682 5127 2712 5127 2684 5127 2684 5128 2712 5128 2710 5128 2684 5129 2710 5129 2686 5129 2686 5130 2710 5130 2708 5130 2686 5131 2708 5131 2688 5131 2688 5132 2708 5132 2706 5132 2688 5133 2706 5133 2689 5133 2689 5134 2706 5134 2698 5134 2689 5135 2698 5135 2692 5135 2716 5136 2714 5136 2680 5136 2680 5137 2714 5137 2682 5137 1742 5138 2097 5138 2098 5138 2120 5139 1727 5139 2090 5139 2090 5140 1727 5140 1719 5140 2090 5141 1719 5141 2098 5141 2098 5142 1719 5142 1740 5142 2098 5143 1740 5143 1742 5143 2716 5144 2680 5144 2678 5144 2716 5145 2678 5145 2717 5145 2717 5146 2678 5146 2676 5146 2717 5147 2676 5147 2695 5147 1745 5148 2101 5148 1746 5148 1746 5149 2101 5149 2100 5149 2736 5150 2737 5150 2738 5150 2737 5151 2739 5151 2738 5151 2738 5152 2739 5152 2740 5152 2738 5153 2740 5153 2741 5153 2741 5154 2740 5154 2742 5154 2741 5155 2742 5155 2743 5155 2743 5156 2742 5156 2744 5156 2743 5157 2744 5157 2745 5157 2745 5158 2744 5158 2746 5158 2745 5159 2746 5159 2747 5159 2747 5160 2746 5160 2748 5160 2747 5161 2748 5161 2749 5161 2749 5162 2748 5162 2750 5162 2749 5163 2750 5163 2751 5163 2751 5164 2750 5164 2752 5164 2751 5165 2752 5165 2753 5165 2753 5166 2752 5166 2754 5166 2753 5167 2754 5167 2755 5167 2755 5168 2754 5168 2756 5168 2755 5169 2756 5169 2757 5169 2757 5170 2756 5170 2736 5170 2757 5171 2736 5171 2758 5171 2758 5172 2736 5172 2738 5172 2757 5173 2758 5173 2759 5173 2759 5174 2758 5174 2760 5174 2761 5175 2738 5175 2762 5175 2762 5176 2738 5176 2741 5176 2763 5177 2761 5177 2764 5177 2764 5178 2761 5178 2762 5178 2764 5179 2762 5179 2765 5179 2765 5180 2762 5180 2766 5180 2765 5181 2766 5181 2767 5181 2767 5182 2766 5182 2768 5182 2767 5183 2768 5183 2769 5183 2769 5184 2768 5184 2770 5184 2769 5185 2770 5185 2771 5185 2771 5186 2770 5186 2772 5186 2771 5187 2772 5187 2773 5187 2773 5188 2772 5188 2774 5188 2773 5189 2774 5189 2775 5189 2775 5190 2774 5190 2776 5190 2775 5191 2776 5191 2777 5191 2763 5192 2778 5192 2761 5192 2761 5193 2778 5193 2779 5193 2761 5194 2779 5194 2760 5194 2760 5195 2779 5195 2780 5195 2760 5196 2780 5196 2759 5196 2759 5197 2780 5197 2777 5197 2759 5198 2777 5198 2781 5198 2781 5199 2777 5199 2776 5199 1745 5200 1750 5200 2101 5200 2101 5201 1750 5201 2102 5201 2102 5202 1750 5202 2103 5202 2103 5203 1750 5203 1749 5203 2103 5204 1749 5204 2104 5204 2104 5205 1749 5205 1755 5205 2104 5206 1755 5206 2086 5206 2086 5207 1755 5207 1754 5207 1751 5208 1753 5208 2085 5208 2085 5209 1753 5209 2084 5209 1763 5210 1762 5210 2082 5210 2079 5211 2080 5211 2782 5211 1761 5212 1760 5212 2783 5212 2783 5213 1760 5213 2784 5213 2082 5214 2081 5214 1763 5214 1763 5215 2081 5215 2077 5215 1763 5216 2077 5216 1764 5216 1764 5217 2077 5217 2076 5217 1764 5218 2076 5218 1756 5218 1756 5219 2076 5219 2075 5219 1756 5220 2075 5220 1757 5220 1757 5221 2075 5221 2074 5221 1757 5222 2074 5222 1759 5222 1759 5223 2074 5223 2079 5223 1759 5224 2079 5224 1760 5224 1760 5225 2079 5225 2782 5225 1760 5226 2782 5226 2784 5226 2738 5227 2761 5227 2785 5227 2785 5228 2761 5228 2786 5228 2785 5229 2786 5229 1753 5229 1753 5230 2786 5230 2084 5230 2787 5231 2784 5231 2782 5231 2784 5232 2787 5232 2783 5232 2788 5233 2789 5233 2790 5233 2790 5234 2789 5234 2791 5234 2789 5235 2792 5235 2791 5235 2791 5236 2792 5236 2793 5236 2791 5237 2793 5237 2794 5237 2794 5238 2793 5238 2795 5238 2794 5239 2795 5239 2796 5239 2796 5240 2795 5240 2797 5240 2796 5241 2797 5241 1761 5241 1761 5242 2783 5242 2796 5242 2796 5243 2783 5243 2787 5243 2796 5244 2787 5244 2794 5244 2794 5245 2787 5245 2782 5245 2794 5246 2782 5246 2791 5246 2791 5247 2782 5247 2080 5247 2791 5248 2080 5248 2790 5248 2789 5249 2788 5249 2798 5249 2792 5250 2789 5250 2799 5250 2799 5251 2789 5251 2798 5251 2799 5252 2798 5252 2758 5252 2758 5253 2798 5253 2760 5253 1761 5254 2797 5254 1747 5254 1747 5255 2797 5255 2795 5255 1747 5256 2795 5256 2793 5256 2793 5257 2792 5257 1747 5257 1747 5258 2792 5258 2799 5258 1747 5259 2799 5259 1748 5259 1753 5260 1748 5260 2785 5260 2785 5261 1748 5261 2799 5261 2785 5262 2799 5262 2738 5262 2738 5263 2799 5263 2758 5263 2761 5264 2760 5264 2786 5264 2786 5265 2760 5265 2798 5265 2786 5266 2798 5266 2084 5266 2084 5267 2798 5267 2788 5267 2084 5268 2788 5268 1974 5268 1974 5269 2788 5269 2790 5269 1974 5270 2790 5270 1975 5270 1975 5271 2790 5271 2080 5271 2746 5272 2769 5272 2748 5272 2748 5273 2769 5273 2771 5273 2748 5274 2771 5274 2750 5274 2750 5275 2771 5275 2773 5275 2750 5276 2773 5276 2752 5276 2752 5277 2773 5277 2775 5277 2752 5278 2775 5278 2754 5278 2754 5279 2775 5279 2777 5279 2754 5280 2777 5280 2756 5280 2756 5281 2777 5281 2780 5281 2756 5282 2780 5282 2736 5282 2736 5283 2780 5283 2779 5283 2736 5284 2779 5284 2737 5284 2737 5285 2779 5285 2778 5285 2737 5286 2778 5286 2739 5286 2739 5287 2778 5287 2763 5287 2739 5288 2763 5288 2740 5288 2740 5289 2763 5289 2764 5289 2740 5290 2764 5290 2742 5290 2742 5291 2764 5291 2765 5291 2742 5292 2765 5292 2744 5292 2744 5293 2765 5293 2767 5293 2744 5294 2767 5294 2746 5294 2746 5295 2767 5295 2769 5295 2751 5296 2774 5296 2772 5296 2751 5297 2772 5297 2749 5297 2749 5298 2772 5298 2770 5298 2749 5299 2770 5299 2747 5299 2747 5300 2770 5300 2768 5300 2747 5301 2768 5301 2745 5301 2745 5302 2768 5302 2766 5302 2745 5303 2766 5303 2743 5303 2743 5304 2766 5304 2762 5304 2743 5305 2762 5305 2741 5305 2776 5306 2774 5306 2753 5306 2753 5307 2774 5307 2751 5307 1751 5308 2085 5308 2087 5308 1751 5309 2087 5309 1752 5309 1752 5310 2087 5310 2086 5310 1752 5311 2086 5311 1754 5311 2776 5312 2753 5312 2755 5312 2776 5313 2755 5313 2781 5313 2781 5314 2755 5314 2757 5314 2781 5315 2757 5315 2759 5315 1595 5316 2073 5316 1596 5316 1596 5317 2073 5317 2083 5317 1596 5318 2083 5318 1762 5318 1762 5319 2083 5319 2082 5319 2800 5320 2801 5320 2802 5320 2802 5321 2803 5321 2800 5321 2800 5322 2803 5322 2804 5322 2800 5323 2804 5323 2805 5323 2805 5324 2804 5324 2806 5324 2805 5325 2806 5325 2807 5325 2807 5326 2806 5326 2808 5326 2807 5327 2808 5327 2809 5327 2809 5328 2808 5328 2810 5328 2809 5329 2810 5329 2811 5329 2811 5330 2810 5330 2812 5330 2811 5331 2812 5331 2813 5331 2813 5332 2812 5332 2814 5332 2813 5333 2814 5333 2815 5333 2815 5334 2814 5334 2816 5334 2815 5335 2816 5335 2817 5335 2817 5336 2816 5336 2818 5336 2817 5337 2818 5337 2819 5337 2819 5338 2818 5338 2820 5338 2819 5339 2820 5339 2821 5339 2821 5340 2820 5340 2802 5340 2821 5341 2802 5341 2822 5341 2822 5342 2802 5342 2801 5342 2804 5343 2803 5343 2823 5343 2823 5344 2803 5344 2824 5344 2825 5345 2802 5345 2826 5345 2826 5346 2802 5346 2820 5346 2827 5347 2823 5347 2828 5347 2828 5348 2823 5348 2824 5348 2828 5349 2824 5349 2829 5349 2829 5350 2824 5350 2825 5350 2829 5351 2825 5351 2830 5351 2830 5352 2825 5352 2831 5352 2831 5353 2825 5353 2832 5353 2832 5354 2825 5354 2826 5354 2832 5355 2826 5355 2833 5355 2833 5356 2826 5356 2834 5356 2833 5357 2834 5357 2835 5357 2835 5358 2834 5358 2836 5358 2835 5359 2836 5359 2837 5359 2837 5360 2836 5360 2838 5360 2837 5361 2838 5361 2839 5361 2839 5362 2838 5362 2840 5362 2839 5363 2840 5363 2841 5363 2841 5364 2840 5364 2842 5364 2841 5365 2842 5365 2843 5365 2843 5366 2842 5366 2844 5366 2843 5367 2844 5367 2827 5367 2827 5368 2844 5368 2845 5368 2827 5369 2845 5369 2823 5369 1595 5370 1767 5370 2073 5370 2073 5371 1767 5371 2072 5371 2072 5372 1767 5372 2069 5372 2069 5373 1767 5373 1766 5373 2069 5374 1766 5374 2068 5374 2068 5375 1766 5375 1773 5375 1771 5376 1777 5376 2061 5376 2061 5377 1777 5377 2062 5377 1776 5378 1775 5378 2071 5378 2070 5379 2063 5379 2846 5379 1778 5380 1779 5380 2847 5380 2847 5381 1779 5381 2848 5381 2071 5382 2066 5382 1776 5382 1776 5383 2066 5383 2065 5383 1776 5384 2065 5384 1769 5384 1769 5385 2065 5385 2064 5385 1769 5386 2064 5386 1770 5386 1770 5387 2064 5387 2059 5387 1770 5388 2059 5388 1765 5388 1765 5389 2059 5389 2058 5389 1765 5390 2058 5390 1780 5390 1780 5391 2058 5391 2070 5391 1780 5392 2070 5392 1779 5392 1779 5393 2070 5393 2846 5393 1779 5394 2846 5394 2848 5394 2802 5395 2825 5395 2849 5395 2849 5396 2825 5396 2850 5396 2849 5397 2850 5397 1777 5397 1777 5398 2850 5398 2062 5398 2851 5399 2848 5399 2846 5399 2848 5400 2851 5400 2847 5400 2852 5401 2853 5401 2854 5401 2854 5402 2853 5402 2855 5402 2853 5403 2856 5403 2855 5403 2855 5404 2856 5404 2857 5404 2855 5405 2857 5405 2858 5405 2858 5406 2857 5406 2859 5406 2858 5407 2859 5407 2860 5407 2860 5408 2859 5408 2861 5408 2860 5409 2861 5409 1778 5409 1778 5410 2847 5410 2860 5410 2860 5411 2847 5411 2851 5411 2860 5412 2851 5412 2858 5412 2858 5413 2851 5413 2846 5413 2858 5414 2846 5414 2855 5414 2855 5415 2846 5415 2063 5415 2855 5416 2063 5416 2854 5416 2853 5417 2852 5417 2862 5417 2856 5418 2853 5418 2863 5418 2863 5419 2853 5419 2862 5419 2863 5420 2862 5420 2803 5420 2803 5421 2862 5421 2824 5421 2859 5422 2857 5422 2849 5422 1777 5423 1778 5423 2849 5423 2849 5424 1778 5424 2861 5424 2849 5425 2861 5425 2859 5425 2857 5426 2856 5426 2849 5426 2849 5427 2856 5427 2863 5427 2849 5428 2863 5428 2802 5428 2802 5429 2863 5429 2803 5429 2854 5430 2063 5430 2062 5430 2825 5431 2824 5431 2850 5431 2850 5432 2824 5432 2862 5432 2850 5433 2862 5433 2062 5433 2062 5434 2862 5434 2852 5434 2062 5435 2852 5435 2854 5435 2815 5436 2837 5436 2813 5436 2813 5437 2837 5437 2839 5437 2813 5438 2839 5438 2811 5438 2811 5439 2839 5439 2841 5439 2811 5440 2841 5440 2809 5440 2809 5441 2841 5441 2843 5441 2809 5442 2843 5442 2807 5442 2807 5443 2843 5443 2827 5443 2807 5444 2827 5444 2805 5444 2805 5445 2827 5445 2828 5445 2805 5446 2828 5446 2800 5446 2800 5447 2828 5447 2829 5447 2800 5448 2829 5448 2801 5448 2801 5449 2829 5449 2830 5449 2801 5450 2830 5450 2822 5450 2822 5451 2830 5451 2831 5451 2822 5452 2831 5452 2821 5452 2821 5453 2831 5453 2832 5453 2821 5454 2832 5454 2819 5454 2819 5455 2832 5455 2833 5455 2819 5456 2833 5456 2817 5456 2817 5457 2833 5457 2835 5457 2817 5458 2835 5458 2815 5458 2815 5459 2835 5459 2837 5459 2810 5460 2842 5460 2840 5460 2810 5461 2840 5461 2812 5461 2812 5462 2840 5462 2838 5462 2812 5463 2838 5463 2814 5463 2814 5464 2838 5464 2836 5464 2814 5465 2836 5465 2816 5465 2816 5466 2836 5466 2834 5466 2816 5467 2834 5467 2818 5467 2818 5468 2834 5468 2826 5468 2818 5469 2826 5469 2820 5469 2844 5470 2842 5470 2808 5470 2808 5471 2842 5471 2810 5471 1771 5472 2061 5472 2067 5472 1771 5473 2067 5473 1772 5473 1772 5474 2067 5474 2068 5474 1772 5475 2068 5475 1773 5475 2844 5476 2808 5476 2806 5476 2844 5477 2806 5477 2845 5477 2845 5478 2806 5478 2804 5478 2845 5479 2804 5479 2823 5479 1785 5480 2042 5480 1774 5480 1774 5481 2042 5481 2041 5481 1774 5482 2041 5482 1775 5482 1775 5483 2041 5483 2071 5483 2864 5484 2865 5484 2866 5484 2866 5485 2867 5485 2864 5485 2864 5486 2867 5486 2868 5486 2864 5487 2868 5487 2869 5487 2869 5488 2868 5488 2870 5488 2869 5489 2870 5489 2871 5489 2871 5490 2870 5490 2872 5490 2871 5491 2872 5491 2873 5491 2873 5492 2872 5492 2874 5492 2873 5493 2874 5493 2875 5493 2875 5494 2874 5494 2876 5494 2875 5495 2876 5495 2877 5495 2877 5496 2876 5496 2878 5496 2877 5497 2878 5497 2879 5497 2879 5498 2878 5498 2880 5498 2879 5499 2880 5499 2881 5499 2881 5500 2880 5500 2882 5500 2881 5501 2882 5501 2883 5501 2883 5502 2882 5502 2884 5502 2883 5503 2884 5503 2885 5503 2885 5504 2884 5504 2866 5504 2885 5505 2866 5505 2886 5505 2886 5506 2866 5506 2865 5506 2868 5507 2867 5507 2887 5507 2887 5508 2867 5508 2888 5508 2889 5509 2866 5509 2890 5509 2890 5510 2866 5510 2884 5510 2891 5511 2887 5511 2892 5511 2892 5512 2887 5512 2888 5512 2892 5513 2888 5513 2893 5513 2893 5514 2888 5514 2889 5514 2893 5515 2889 5515 2894 5515 2894 5516 2889 5516 2895 5516 2895 5517 2889 5517 2896 5517 2896 5518 2889 5518 2890 5518 2896 5519 2890 5519 2897 5519 2897 5520 2890 5520 2898 5520 2897 5521 2898 5521 2899 5521 2899 5522 2898 5522 2900 5522 2899 5523 2900 5523 2901 5523 2901 5524 2900 5524 2902 5524 2901 5525 2902 5525 2903 5525 2903 5526 2902 5526 2904 5526 2903 5527 2904 5527 2905 5527 2905 5528 2904 5528 2906 5528 2905 5529 2906 5529 2907 5529 2907 5530 2906 5530 2908 5530 2907 5531 2908 5531 2891 5531 2891 5532 2908 5532 2909 5532 2891 5533 2909 5533 2887 5533 1785 5534 1787 5534 2042 5534 2042 5535 1787 5535 2057 5535 2056 5536 2057 5536 1791 5536 1791 5537 2057 5537 1787 5537 1807 5538 1808 5538 2033 5538 2033 5539 1808 5539 2031 5539 1802 5540 1801 5540 2036 5540 2028 5541 2032 5541 2910 5541 1806 5542 1804 5542 2911 5542 2911 5543 1804 5543 2912 5543 2036 5544 2035 5544 1802 5544 1802 5545 2035 5545 2027 5545 1802 5546 2027 5546 1797 5546 1797 5547 2027 5547 2025 5547 1797 5548 2025 5548 1798 5548 1798 5549 2025 5549 2024 5549 1798 5550 2024 5550 1799 5550 1799 5551 2024 5551 2029 5551 1799 5552 2029 5552 1803 5552 1803 5553 2029 5553 2028 5553 1803 5554 2028 5554 1804 5554 1804 5555 2028 5555 2910 5555 1804 5556 2910 5556 2912 5556 2866 5557 2889 5557 2913 5557 2913 5558 2889 5558 2914 5558 2913 5559 2914 5559 1808 5559 1808 5560 2914 5560 2031 5560 2915 5561 2912 5561 2910 5561 2912 5562 2915 5562 2911 5562 2916 5563 2917 5563 2918 5563 2918 5564 2917 5564 2919 5564 2917 5565 2920 5565 2919 5565 2919 5566 2920 5566 2921 5566 2919 5567 2921 5567 2922 5567 2922 5568 2921 5568 2923 5568 2922 5569 2923 5569 2924 5569 2924 5570 2923 5570 2925 5570 2924 5571 2925 5571 1806 5571 1806 5572 2911 5572 2924 5572 2924 5573 2911 5573 2915 5573 2924 5574 2915 5574 2922 5574 2922 5575 2915 5575 2910 5575 2922 5576 2910 5576 2919 5576 2919 5577 2910 5577 2032 5577 2919 5578 2032 5578 2918 5578 2917 5579 2916 5579 2926 5579 2920 5580 2917 5580 2927 5580 2927 5581 2917 5581 2926 5581 2927 5582 2926 5582 2867 5582 2867 5583 2926 5583 2888 5583 2923 5584 2921 5584 2913 5584 1808 5585 1806 5585 2913 5585 2913 5586 1806 5586 2925 5586 2913 5587 2925 5587 2923 5587 2921 5588 2920 5588 2913 5588 2913 5589 2920 5589 2927 5589 2913 5590 2927 5590 2866 5590 2866 5591 2927 5591 2867 5591 2918 5592 2032 5592 2031 5592 2889 5593 2888 5593 2914 5593 2914 5594 2888 5594 2926 5594 2914 5595 2926 5595 2031 5595 2031 5596 2926 5596 2916 5596 2031 5597 2916 5597 2918 5597 2879 5598 2901 5598 2877 5598 2877 5599 2901 5599 2903 5599 2877 5600 2903 5600 2875 5600 2875 5601 2903 5601 2905 5601 2875 5602 2905 5602 2873 5602 2873 5603 2905 5603 2907 5603 2873 5604 2907 5604 2871 5604 2871 5605 2907 5605 2891 5605 2871 5606 2891 5606 2869 5606 2869 5607 2891 5607 2892 5607 2869 5608 2892 5608 2864 5608 2864 5609 2892 5609 2893 5609 2864 5610 2893 5610 2865 5610 2865 5611 2893 5611 2894 5611 2865 5612 2894 5612 2886 5612 2886 5613 2894 5613 2895 5613 2886 5614 2895 5614 2885 5614 2885 5615 2895 5615 2896 5615 2885 5616 2896 5616 2883 5616 2883 5617 2896 5617 2897 5617 2883 5618 2897 5618 2881 5618 2881 5619 2897 5619 2899 5619 2881 5620 2899 5620 2879 5620 2879 5621 2899 5621 2901 5621 2874 5622 2906 5622 2904 5622 2874 5623 2904 5623 2876 5623 2876 5624 2904 5624 2902 5624 2876 5625 2902 5625 2878 5625 2878 5626 2902 5626 2900 5626 2878 5627 2900 5627 2880 5627 2880 5628 2900 5628 2898 5628 2880 5629 2898 5629 2882 5629 2882 5630 2898 5630 2890 5630 2882 5631 2890 5631 2884 5631 2908 5632 2906 5632 2872 5632 2872 5633 2906 5633 2874 5633 1807 5634 2033 5634 2034 5634 2056 5635 1791 5635 2030 5635 2030 5636 1791 5636 1790 5636 2030 5637 1790 5637 2034 5637 2034 5638 1790 5638 1805 5638 2034 5639 1805 5639 1807 5639 2908 5640 2872 5640 2870 5640 2908 5641 2870 5641 2909 5641 2909 5642 2870 5642 2868 5642 2909 5643 2868 5643 2887 5643 1800 5644 2037 5644 1801 5644 1801 5645 2037 5645 2036 5645 2928 5646 2929 5646 2930 5646 2929 5647 2931 5647 2930 5647 2930 5648 2931 5648 2932 5648 2930 5649 2932 5649 2933 5649 2933 5650 2932 5650 2934 5650 2933 5651 2934 5651 2935 5651 2935 5652 2934 5652 2936 5652 2935 5653 2936 5653 2937 5653 2937 5654 2936 5654 2938 5654 2937 5655 2938 5655 2939 5655 2939 5656 2938 5656 2940 5656 2939 5657 2940 5657 2941 5657 2941 5658 2940 5658 2942 5658 2941 5659 2942 5659 2943 5659 2943 5660 2942 5660 2944 5660 2943 5661 2944 5661 2945 5661 2945 5662 2944 5662 2946 5662 2945 5663 2946 5663 2947 5663 2947 5664 2946 5664 2948 5664 2947 5665 2948 5665 2949 5665 2949 5666 2948 5666 2928 5666 2949 5667 2928 5667 2950 5667 2950 5668 2928 5668 2930 5668 2949 5669 2950 5669 2951 5669 2951 5670 2950 5670 2952 5670 2953 5671 2930 5671 2954 5671 2954 5672 2930 5672 2933 5672 2955 5673 2956 5673 2953 5673 2953 5674 2956 5674 2957 5674 2953 5675 2957 5675 2952 5675 2952 5676 2957 5676 2958 5676 2952 5677 2958 5677 2951 5677 2951 5678 2958 5678 2959 5678 2955 5679 2953 5679 2960 5679 2960 5680 2953 5680 2954 5680 2960 5681 2954 5681 2961 5681 2961 5682 2954 5682 2962 5682 2961 5683 2962 5683 2963 5683 2963 5684 2962 5684 2964 5684 2963 5685 2964 5685 2965 5685 2965 5686 2964 5686 2966 5686 2965 5687 2966 5687 2967 5687 2967 5688 2966 5688 2968 5688 2967 5689 2968 5689 2969 5689 2969 5690 2968 5690 2970 5690 2969 5691 2970 5691 2971 5691 2971 5692 2970 5692 2972 5692 2971 5693 2972 5693 2959 5693 2959 5694 2972 5694 2973 5694 2959 5695 2973 5695 2951 5695 1800 5696 1813 5696 2037 5696 2037 5697 1813 5697 2038 5697 2038 5698 1813 5698 2039 5698 2039 5699 1813 5699 1812 5699 2039 5700 1812 5700 2040 5700 2040 5701 1812 5701 1818 5701 2040 5702 1818 5702 2022 5702 2022 5703 1818 5703 1817 5703 1814 5704 1816 5704 2021 5704 2021 5705 1816 5705 2020 5705 1828 5706 1827 5706 2018 5706 2015 5707 2016 5707 2974 5707 1826 5708 1825 5708 2975 5708 2975 5709 1825 5709 2976 5709 2018 5710 2017 5710 1828 5710 1828 5711 2017 5711 2013 5711 1828 5712 2013 5712 1829 5712 1829 5713 2013 5713 2012 5713 1829 5714 2012 5714 1819 5714 1819 5715 2012 5715 2011 5715 1819 5716 2011 5716 1820 5716 1820 5717 2011 5717 2010 5717 1820 5718 2010 5718 1824 5718 1824 5719 2010 5719 2015 5719 1824 5720 2015 5720 1825 5720 1825 5721 2015 5721 2974 5721 1825 5722 2974 5722 2976 5722 2930 5723 2953 5723 2977 5723 2977 5724 2953 5724 2978 5724 2977 5725 2978 5725 1816 5725 1816 5726 2978 5726 2020 5726 2979 5727 2976 5727 2974 5727 2976 5728 2979 5728 2975 5728 2980 5729 2981 5729 2982 5729 2982 5730 2981 5730 2983 5730 2981 5731 2984 5731 2983 5731 2983 5732 2984 5732 2985 5732 2983 5733 2985 5733 2986 5733 2986 5734 2985 5734 2987 5734 2986 5735 2987 5735 2988 5735 2988 5736 2987 5736 2989 5736 2988 5737 2989 5737 1826 5737 1826 5738 2975 5738 2988 5738 2988 5739 2975 5739 2979 5739 2988 5740 2979 5740 2986 5740 2986 5741 2979 5741 2974 5741 2986 5742 2974 5742 2983 5742 2983 5743 2974 5743 2016 5743 2983 5744 2016 5744 2982 5744 2981 5745 2980 5745 2990 5745 2984 5746 2981 5746 2991 5746 2991 5747 2981 5747 2990 5747 2991 5748 2990 5748 2950 5748 2950 5749 2990 5749 2952 5749 1826 5750 2989 5750 1809 5750 1809 5751 2989 5751 2987 5751 1809 5752 2987 5752 2985 5752 2985 5753 2984 5753 1809 5753 1809 5754 2984 5754 2991 5754 1809 5755 2991 5755 1810 5755 1816 5756 1810 5756 2977 5756 2977 5757 1810 5757 2991 5757 2977 5758 2991 5758 2930 5758 2930 5759 2991 5759 2950 5759 2953 5760 2952 5760 2978 5760 2978 5761 2952 5761 2990 5761 2978 5762 2990 5762 2020 5762 2020 5763 2990 5763 2980 5763 2020 5764 2980 5764 1977 5764 1977 5765 2980 5765 2982 5765 1977 5766 2982 5766 1978 5766 1978 5767 2982 5767 2016 5767 2938 5768 2965 5768 2940 5768 2940 5769 2965 5769 2967 5769 2940 5770 2967 5770 2942 5770 2942 5771 2967 5771 2969 5771 2942 5772 2969 5772 2944 5772 2944 5773 2969 5773 2971 5773 2944 5774 2971 5774 2946 5774 2946 5775 2971 5775 2959 5775 2946 5776 2959 5776 2948 5776 2948 5777 2959 5777 2958 5777 2948 5778 2958 5778 2928 5778 2928 5779 2958 5779 2957 5779 2928 5780 2957 5780 2929 5780 2929 5781 2957 5781 2956 5781 2929 5782 2956 5782 2931 5782 2931 5783 2956 5783 2955 5783 2931 5784 2955 5784 2932 5784 2932 5785 2955 5785 2960 5785 2932 5786 2960 5786 2934 5786 2934 5787 2960 5787 2961 5787 2934 5788 2961 5788 2936 5788 2936 5789 2961 5789 2963 5789 2936 5790 2963 5790 2938 5790 2938 5791 2963 5791 2965 5791 2943 5792 2970 5792 2968 5792 2943 5793 2968 5793 2941 5793 2941 5794 2968 5794 2966 5794 2941 5795 2966 5795 2939 5795 2939 5796 2966 5796 2964 5796 2939 5797 2964 5797 2937 5797 2937 5798 2964 5798 2962 5798 2937 5799 2962 5799 2935 5799 2935 5800 2962 5800 2954 5800 2935 5801 2954 5801 2933 5801 2972 5802 2970 5802 2945 5802 2945 5803 2970 5803 2943 5803 1814 5804 2021 5804 2023 5804 1814 5805 2023 5805 1815 5805 1815 5806 2023 5806 2022 5806 1815 5807 2022 5807 1817 5807 2972 5808 2945 5808 2947 5808 2972 5809 2947 5809 2973 5809 2973 5810 2947 5810 2949 5810 2973 5811 2949 5811 2951 5811 1832 5812 2009 5812 1823 5812 1823 5813 2009 5813 2019 5813 1823 5814 2019 5814 1827 5814 1827 5815 2019 5815 2018 5815 2992 5816 2993 5816 2994 5816 2994 5817 2995 5817 2992 5817 2992 5818 2995 5818 2996 5818 2992 5819 2996 5819 2997 5819 2997 5820 2996 5820 2998 5820 2997 5821 2998 5821 2999 5821 2999 5822 2998 5822 3000 5822 2999 5823 3000 5823 3001 5823 3001 5824 3000 5824 3002 5824 3001 5825 3002 5825 3003 5825 3003 5826 3002 5826 3004 5826 3003 5827 3004 5827 3005 5827 3005 5828 3004 5828 3006 5828 3005 5829 3006 5829 3007 5829 3007 5830 3006 5830 3008 5830 3007 5831 3008 5831 3009 5831 3009 5832 3008 5832 3010 5832 3009 5833 3010 5833 3011 5833 3011 5834 3010 5834 3012 5834 3011 5835 3012 5835 3013 5835 3013 5836 3012 5836 2994 5836 3013 5837 2994 5837 3014 5837 3014 5838 2994 5838 2993 5838 2996 5839 2995 5839 3015 5839 3015 5840 2995 5840 3016 5840 3017 5841 2994 5841 3018 5841 3018 5842 2994 5842 3012 5842 3019 5843 3017 5843 3020 5843 3020 5844 3017 5844 3018 5844 3020 5845 3018 5845 3021 5845 3021 5846 3018 5846 3022 5846 3021 5847 3022 5847 3023 5847 3023 5848 3022 5848 3024 5848 3023 5849 3024 5849 3025 5849 3025 5850 3024 5850 3026 5850 3025 5851 3026 5851 3027 5851 3027 5852 3026 5852 3028 5852 3027 5853 3028 5853 3029 5853 3029 5854 3028 5854 3030 5854 3029 5855 3030 5855 3031 5855 3031 5856 3030 5856 3032 5856 3031 5857 3032 5857 3033 5857 3032 5858 3034 5858 3033 5858 3033 5859 3034 5859 3015 5859 3033 5860 3015 5860 3035 5860 3035 5861 3015 5861 3016 5861 3035 5862 3016 5862 3036 5862 3036 5863 3016 5863 3017 5863 3036 5864 3017 5864 3037 5864 3037 5865 3017 5865 3019 5865 1832 5866 1831 5866 2009 5866 2009 5867 1831 5867 2008 5867 2008 5868 1831 5868 2000 5868 2000 5869 1831 5869 1830 5869 2000 5870 1830 5870 1999 5870 1999 5871 1830 5871 1835 5871 1833 5872 1841 5872 1995 5872 1995 5873 1841 5873 1996 5873 1840 5874 1586 5874 1587 5874 2001 5875 1997 5875 3038 5875 1842 5876 1843 5876 3039 5876 3039 5877 1843 5877 3040 5877 1587 5878 2007 5878 1840 5878 1840 5879 2007 5879 2006 5879 1840 5880 2006 5880 1837 5880 1837 5881 2006 5881 2005 5881 1837 5882 2005 5882 1838 5882 1838 5883 2005 5883 2003 5883 1838 5884 2003 5884 1839 5884 1839 5885 2003 5885 2002 5885 1839 5886 2002 5886 1844 5886 1844 5887 2002 5887 2001 5887 1844 5888 2001 5888 1843 5888 1843 5889 2001 5889 3038 5889 1843 5890 3038 5890 3040 5890 2994 5891 3017 5891 3041 5891 3041 5892 3017 5892 3042 5892 3041 5893 3042 5893 1841 5893 1841 5894 3042 5894 1996 5894 3043 5895 3040 5895 3038 5895 3040 5896 3043 5896 3039 5896 3044 5897 3045 5897 3046 5897 3046 5898 3045 5898 3047 5898 3045 5899 3048 5899 3047 5899 3047 5900 3048 5900 3049 5900 3047 5901 3049 5901 3050 5901 3050 5902 3049 5902 3051 5902 3050 5903 3051 5903 3052 5903 3052 5904 3051 5904 3053 5904 3052 5905 3053 5905 1842 5905 1842 5906 3039 5906 3052 5906 3052 5907 3039 5907 3043 5907 3052 5908 3043 5908 3050 5908 3050 5909 3043 5909 3038 5909 3050 5910 3038 5910 3047 5910 3047 5911 3038 5911 1997 5911 3047 5912 1997 5912 3046 5912 3045 5913 3044 5913 3054 5913 3048 5914 3045 5914 3055 5914 3055 5915 3045 5915 3054 5915 3055 5916 3054 5916 2995 5916 2995 5917 3054 5917 3016 5917 3051 5918 3049 5918 3041 5918 1841 5919 1842 5919 3041 5919 3041 5920 1842 5920 3053 5920 3041 5921 3053 5921 3051 5921 3049 5922 3048 5922 3041 5922 3041 5923 3048 5923 3055 5923 3041 5924 3055 5924 2994 5924 2994 5925 3055 5925 2995 5925 3046 5926 1997 5926 1996 5926 3017 5927 3016 5927 3042 5927 3042 5928 3016 5928 3054 5928 3042 5929 3054 5929 1996 5929 1996 5930 3054 5930 3044 5930 1996 5931 3044 5931 3046 5931 3007 5932 3025 5932 3005 5932 3005 5933 3025 5933 3027 5933 3005 5934 3027 5934 3003 5934 3003 5935 3027 5935 3029 5935 3003 5936 3029 5936 3001 5936 3001 5937 3029 5937 3031 5937 3001 5938 3031 5938 2999 5938 2999 5939 3031 5939 3033 5939 2999 5940 3033 5940 2997 5940 2997 5941 3033 5941 3035 5941 2997 5942 3035 5942 2992 5942 2992 5943 3035 5943 3036 5943 2992 5944 3036 5944 2993 5944 2993 5945 3036 5945 3037 5945 2993 5946 3037 5946 3014 5946 3014 5947 3037 5947 3019 5947 3014 5948 3019 5948 3013 5948 3013 5949 3019 5949 3020 5949 3013 5950 3020 5950 3011 5950 3011 5951 3020 5951 3021 5951 3011 5952 3021 5952 3009 5952 3009 5953 3021 5953 3023 5953 3009 5954 3023 5954 3007 5954 3007 5955 3023 5955 3025 5955 3002 5956 3030 5956 3028 5956 3002 5957 3028 5957 3004 5957 3004 5958 3028 5958 3026 5958 3004 5959 3026 5959 3006 5959 3006 5960 3026 5960 3024 5960 3006 5961 3024 5961 3008 5961 3008 5962 3024 5962 3022 5962 3008 5963 3022 5963 3010 5963 3010 5964 3022 5964 3018 5964 3010 5965 3018 5965 3012 5965 3032 5966 3030 5966 3000 5966 3000 5967 3030 5967 3002 5967 1833 5968 1995 5968 1998 5968 1833 5969 1998 5969 1834 5969 1834 5970 1998 5970 1999 5970 1834 5971 1999 5971 1835 5971 3032 5972 3000 5972 2998 5972 3032 5973 2998 5973 3034 5973 3034 5974 2998 5974 2996 5974 3034 5975 2996 5975 3015 5975 1882 5976 2325 5976 1870 5976 1870 5977 2325 5977 2324 5977 1870 5978 2324 5978 1871 5978 1871 5979 2324 5979 2323 5979 1871 5980 2323 5980 1878 5980 1878 5981 2323 5981 3056 5981 1878 5982 3056 5982 3057 5982 3057 5983 3056 5983 2330 5983 3057 5984 2330 5984 1872 5984 1872 5985 2330 5985 2329 5985 1872 5986 2329 5986 1873 5986 1873 5987 2329 5987 2333 5987 1873 5988 2333 5988 1874 5988 1874 5989 2333 5989 2332 5989 1874 5990 2332 5990 1875 5990 1875 5991 2332 5991 2331 5991 1875 5992 2331 5992 1876 5992 1876 5993 2331 5993 3058 5993 1876 5994 3058 5994 3059 5994 3059 5995 3058 5995 2327 5995 3059 5996 2327 5996 1881 5996 1881 5997 2327 5997 2326 5997 1881 5998 2326 5998 1882 5998 1882 5999 2326 5999 2325 5999 1855 6000 1993 6000 1856 6000 1856 6001 1993 6001 1992 6001 1856 6002 1992 6002 1845 6002 1845 6003 1992 6003 1982 6003 1845 6004 1982 6004 1846 6004 1846 6005 1982 6005 1981 6005 1846 6006 1981 6006 1847 6006 1847 6007 1981 6007 1991 6007 1847 6008 1991 6008 1848 6008 1848 6009 1991 6009 1990 6009 1848 6010 1990 6010 1849 6010 1849 6011 1990 6011 1988 6011 1849 6012 1988 6012 1850 6012 1850 6013 1988 6013 1987 6013 1850 6014 1987 6014 1851 6014 1851 6015 1987 6015 1980 6015 1851 6016 1980 6016 1852 6016 1852 6017 1980 6017 1986 6017 1852 6018 1986 6018 1853 6018 1853 6019 1986 6019 1985 6019 1853 6020 1985 6020 1854 6020 1854 6021 1985 6021 1994 6021 1854 6022 1994 6022 1855 6022 1855 6023 1994 6023 1993 6023 1868 6024 2320 6024 1869 6024 1869 6025 2320 6025 2319 6025 1869 6026 2319 6026 1866 6026 1866 6027 2319 6027 2316 6027 1866 6028 2316 6028 1861 6028 1861 6029 2316 6029 2317 6029 1861 6030 2317 6030 1862 6030 1862 6031 2317 6031 2318 6031 1862 6032 2318 6032 1864 6032 1864 6033 2318 6033 2311 6033 1864 6034 2311 6034 1865 6034 1865 6035 2311 6035 2310 6035 1865 6036 2310 6036 1859 6036 1859 6037 2310 6037 2315 6037 1859 6038 2315 6038 1860 6038 1860 6039 2315 6039 2314 6039 1860 6040 2314 6040 1857 6040 1857 6041 2314 6041 2313 6041 1857 6042 2313 6042 1858 6042 1858 6043 2313 6043 2312 6043 1858 6044 2312 6044 1867 6044 1867 6045 2312 6045 2321 6045 1867 6046 2321 6046 1868 6046 1868 6047 2321 6047 2320 6047 1895 6048 2286 6048 1883 6048 1883 6049 2286 6049 2295 6049 1883 6050 2295 6050 1884 6050 1884 6051 2295 6051 2294 6051 1884 6052 2294 6052 1888 6052 1888 6053 2294 6053 3060 6053 1888 6054 3060 6054 3061 6054 3061 6055 3060 6055 2292 6055 3061 6056 2292 6056 1885 6056 1885 6057 2292 6057 2291 6057 1885 6058 2291 6058 1889 6058 1889 6059 2291 6059 2290 6059 1889 6060 2290 6060 1890 6060 1890 6061 2290 6061 2289 6061 1890 6062 2289 6062 1891 6062 1891 6063 2289 6063 2288 6063 1891 6064 2288 6064 1892 6064 1892 6065 2288 6065 3062 6065 1892 6066 3062 6066 3063 6066 3063 6067 3062 6067 1965 6067 3063 6068 1965 6068 1894 6068 1894 6069 1965 6069 2287 6069 1894 6070 2287 6070 1895 6070 1895 6071 2287 6071 2286 6071 1656 6072 2180 6072 1657 6072 1657 6073 2180 6073 2179 6073 1657 6074 2179 6074 1658 6074 1658 6075 2179 6075 2178 6075 1658 6076 2178 6076 1659 6076 1659 6077 2178 6077 2177 6077 1659 6078 2177 6078 1651 6078 1651 6079 2177 6079 2176 6079 1651 6080 2176 6080 1650 6080 1650 6081 2176 6081 2175 6081 1650 6082 2175 6082 1660 6082 1660 6083 2175 6083 2173 6083 1660 6084 2173 6084 1661 6084 1661 6085 2173 6085 2172 6085 1661 6086 2172 6086 1662 6086 1662 6087 2172 6087 2171 6087 1662 6088 2171 6088 1664 6088 1664 6089 2171 6089 2181 6089 1664 6090 2181 6090 1653 6090 1653 6091 2181 6091 2183 6091 1653 6092 2183 6092 1654 6092 1654 6093 2183 6093 2182 6093 1654 6094 2182 6094 1656 6094 1656 6095 2182 6095 2180 6095 1908 6096 2265 6096 1909 6096 1909 6097 2265 6097 2264 6097 1909 6098 2264 6098 1910 6098 1910 6099 2264 6099 2263 6099 1910 6100 2263 6100 1911 6100 1911 6101 2263 6101 2262 6101 1911 6102 2262 6102 1913 6102 1913 6103 2262 6103 2260 6103 1913 6104 2260 6104 1914 6104 1914 6105 2260 6105 2259 6105 1914 6106 2259 6106 1915 6106 1915 6107 2259 6107 2258 6107 1915 6108 2258 6108 1916 6108 1916 6109 2258 6109 2257 6109 1916 6110 2257 6110 1917 6110 1917 6111 2257 6111 2256 6111 1917 6112 2256 6112 1918 6112 1918 6113 2256 6113 2255 6113 1918 6114 2255 6114 1919 6114 1919 6115 2255 6115 2254 6115 1919 6116 2254 6116 1907 6116 1907 6117 2254 6117 2266 6117 1907 6118 2266 6118 1908 6118 1908 6119 2266 6119 2265 6119 1947 6120 2237 6120 1933 6120 1933 6121 2237 6121 2236 6121 1933 6122 2236 6122 1934 6122 1934 6123 2236 6123 2235 6123 1934 6124 2235 6124 1940 6124 1940 6125 2235 6125 3064 6125 1940 6126 3064 6126 3065 6126 3065 6127 3064 6127 2230 6127 3065 6128 2230 6128 1939 6128 1939 6129 2230 6129 2229 6129 1939 6130 2229 6130 1941 6130 1941 6131 2229 6131 2228 6131 1941 6132 2228 6132 1942 6132 1942 6133 2228 6133 2231 6133 1942 6134 2231 6134 1943 6134 1943 6135 2231 6135 2232 6135 1943 6136 2232 6136 1944 6136 1944 6137 2232 6137 3066 6137 1944 6138 3066 6138 3067 6138 3067 6139 3066 6139 2239 6139 3067 6140 2239 6140 1946 6140 1946 6141 2239 6141 2238 6141 1946 6142 2238 6142 1947 6142 1947 6143 2238 6143 2237 6143 1722 6144 2117 6144 1723 6144 1723 6145 2117 6145 2106 6145 1723 6146 2106 6146 1725 6146 1725 6147 2106 6147 2105 6147 1725 6148 2105 6148 1726 6148 1726 6149 2105 6149 2116 6149 1726 6150 2116 6150 1720 6150 1720 6151 2116 6151 2115 6151 1720 6152 2115 6152 1721 6152 1721 6153 2115 6153 2114 6153 1721 6154 2114 6154 1733 6154 1733 6155 2114 6155 2108 6155 1733 6156 2108 6156 1732 6156 1732 6157 2108 6157 2107 6157 1732 6158 2107 6158 1731 6158 1731 6159 2107 6159 2111 6159 1731 6160 2111 6160 1729 6160 1729 6161 2111 6161 2110 6161 1729 6162 2110 6162 1717 6162 1717 6163 2110 6163 2119 6163 1717 6164 2119 6164 1718 6164 1718 6165 2119 6165 2118 6165 1718 6166 2118 6166 1722 6166 1722 6167 2118 6167 2117 6167 1952 6168 2248 6168 1955 6168 1955 6169 2248 6169 2247 6169 1955 6170 2247 6170 1953 6170 1953 6171 2247 6171 2242 6171 1953 6172 2242 6172 1954 6172 1954 6173 2242 6173 2241 6173 1954 6174 2241 6174 1956 6174 1956 6175 2241 6175 2244 6175 1956 6176 2244 6176 1957 6176 1957 6177 2244 6177 2245 6177 1957 6178 2245 6178 1958 6178 1958 6179 2245 6179 2246 6179 1958 6180 2246 6180 1959 6180 1959 6181 2246 6181 2253 6181 1959 6182 2253 6182 1960 6182 1960 6183 2253 6183 2252 6183 1960 6184 2252 6184 1961 6184 1961 6185 2252 6185 2251 6185 1961 6186 2251 6186 1962 6186 1962 6187 2251 6187 2250 6187 1962 6188 2250 6188 1951 6188 1951 6189 2250 6189 2249 6189 1951 6190 2249 6190 1952 6190 1952 6191 2249 6191 2248 6191 1926 6192 2275 6192 1920 6192 1920 6193 2275 6193 2274 6193 1920 6194 2274 6194 1921 6194 1921 6195 2274 6195 2271 6195 1921 6196 2271 6196 1930 6196 1930 6197 2271 6197 3068 6197 1930 6198 3068 6198 3069 6198 3069 6199 3068 6199 2272 6199 3069 6200 2272 6200 1932 6200 1932 6201 2272 6201 2273 6201 1932 6202 2273 6202 1929 6202 1929 6203 2273 6203 2281 6203 1929 6204 2281 6204 1928 6204 1928 6205 2281 6205 2280 6205 1928 6206 2280 6206 1922 6206 1922 6207 2280 6207 2279 6207 1922 6208 2279 6208 1923 6208 1923 6209 2279 6209 3070 6209 1923 6210 3070 6210 3071 6210 3071 6211 3070 6211 2277 6211 3071 6212 2277 6212 1925 6212 1925 6213 2277 6213 2276 6213 1925 6214 2276 6214 1926 6214 1926 6215 2276 6215 2275 6215 1794 6216 2053 6216 1795 6216 1795 6217 2053 6217 2051 6217 1795 6218 2051 6218 1796 6218 1796 6219 2051 6219 2050 6219 1796 6220 2050 6220 1793 6220 1793 6221 2050 6221 2049 6221 1793 6222 2049 6222 1792 6222 1792 6223 2049 6223 2048 6223 1792 6224 2048 6224 1781 6224 1781 6225 2048 6225 2047 6225 1781 6226 2047 6226 1782 6226 1782 6227 2047 6227 2045 6227 1782 6228 2045 6228 1783 6228 1783 6229 2045 6229 2044 6229 1783 6230 2044 6230 1784 6230 1784 6231 2044 6231 2043 6231 1784 6232 2043 6232 1786 6232 1786 6233 2043 6233 2052 6233 1786 6234 2052 6234 1788 6234 1788 6235 2052 6235 2055 6235 1788 6236 2055 6236 1789 6236 1789 6237 2055 6237 2054 6237 1789 6238 2054 6238 1794 6238 1794 6239 2054 6239 2053 6239 1905 6240 2302 6240 1906 6240 1906 6241 2302 6241 2301 6241 1906 6242 2301 6242 1899 6242 1899 6243 2301 6243 2297 6243 1899 6244 2297 6244 1900 6244 1900 6245 2297 6245 2298 6245 1900 6246 2298 6246 1902 6246 1902 6247 2298 6247 2300 6247 1902 6248 2300 6248 1903 6248 1903 6249 2300 6249 2306 6249 1903 6250 2306 6250 1896 6250 1896 6251 2306 6251 2305 6251 1896 6252 2305 6252 1592 6252 1592 6253 2305 6253 2309 6253 1592 6254 2309 6254 1593 6254 1593 6255 2309 6255 2308 6255 1593 6256 2308 6256 1897 6256 1897 6257 2308 6257 2307 6257 1897 6258 2307 6258 1898 6258 1898 6259 2307 6259 2304 6259 1898 6260 2304 6260 1904 6260 1904 6261 2304 6261 2303 6261 1904 6262 2303 6262 1905 6262 1905 6263 2303 6263 2302 6263 3072 6264 3073 6264 3074 6264 3074 6265 3073 6265 3075 6265 3074 6266 3075 6266 3076 6266 3077 6267 3078 6267 3079 6267 3079 6268 3078 6268 3080 6268 3079 6269 3080 6269 3081 6269 3081 6270 3080 6270 3082 6270 3081 6271 3082 6271 3083 6271 3083 6272 3082 6272 3072 6272 3083 6273 3072 6273 3084 6273 3084 6274 3072 6274 3074 6274 3084 6275 3074 6275 3085 6275 3086 6276 3087 6276 3088 6276 3087 6277 3089 6277 3088 6277 3088 6278 3089 6278 3090 6278 3088 6279 3090 6279 3091 6279 3076 6280 3092 6280 3074 6280 3074 6281 3092 6281 3088 6281 3074 6282 3088 6282 3093 6282 3093 6283 3088 6283 3091 6283 3094 6284 3095 6284 3083 6284 3083 6285 3095 6285 3096 6285 3083 6286 3096 6286 3081 6286 3094 6287 3097 6287 3095 6287 3095 6288 3097 6288 3098 6288 3095 6289 3098 6289 3099 6289 3088 6290 3100 6290 3101 6290 3101 6291 3102 6291 3088 6291 3088 6292 3102 6292 3103 6292 3088 6293 3103 6293 3086 6293 3104 6294 3074 6294 3105 6294 3105 6295 3074 6295 3093 6295 3105 6296 3093 6296 3106 6296 3106 6297 3093 6297 3091 6297 3106 6298 3091 6298 3107 6298 3107 6299 3091 6299 3090 6299 3107 6300 3090 6300 3108 6300 3108 6301 3090 6301 3089 6301 3108 6302 3089 6302 3109 6302 3109 6303 3089 6303 3087 6303 3109 6304 3087 6304 3110 6304 3110 6305 3087 6305 3086 6305 3110 6306 3086 6306 3111 6306 3111 6307 3086 6307 3103 6307 3111 6308 3103 6308 3112 6308 3112 6309 3103 6309 3102 6309 3112 6310 3102 6310 3113 6310 3113 6311 3102 6311 3101 6311 3113 6312 3101 6312 3114 6312 3114 6313 3101 6313 3100 6313 3114 6314 3100 6314 3115 6314 3115 6315 3100 6315 3088 6315 3115 6316 3088 6316 3116 6316 3116 6317 3088 6317 3092 6317 3116 6318 3092 6318 3117 6318 3117 6319 3092 6319 3076 6319 3117 6320 3076 6320 3118 6320 3118 6321 3076 6321 3075 6321 3118 6322 3075 6322 3119 6322 3119 6323 3075 6323 3073 6323 3119 6324 3073 6324 3120 6324 3120 6325 3073 6325 3072 6325 3120 6326 3072 6326 3121 6326 3121 6327 3072 6327 3082 6327 3121 6328 3082 6328 3122 6328 3122 6329 3082 6329 3080 6329 3122 6330 3080 6330 3123 6330 3123 6331 3080 6331 3078 6331 3123 6332 3078 6332 3124 6332 3124 6333 3078 6333 3077 6333 3124 6334 3077 6334 3125 6334 3125 6335 3077 6335 3079 6335 3125 6336 3079 6336 3126 6336 3126 6337 3079 6337 3081 6337 3126 6338 3081 6338 3127 6338 3127 6339 3081 6339 3096 6339 3127 6340 3096 6340 3128 6340 3128 6341 3096 6341 3095 6341 3128 6342 3095 6342 3129 6342 3129 6343 3095 6343 3099 6343 3129 6344 3099 6344 3130 6344 3130 6345 3099 6345 3098 6345 3130 6346 3098 6346 3131 6346 3131 6347 3098 6347 3097 6347 3131 6348 3097 6348 3132 6348 3132 6349 3097 6349 3094 6349 3132 6350 3094 6350 3133 6350 3133 6351 3094 6351 3083 6351 3133 6352 3083 6352 3134 6352 3134 6353 3083 6353 3084 6353 3134 6354 3084 6354 3135 6354 3135 6355 3084 6355 3085 6355 3135 6356 3085 6356 3104 6356 3104 6357 3085 6357 3074 6357 3136 6358 3104 6358 3137 6358 3137 6359 3104 6359 3105 6359 3137 6360 3105 6360 3138 6360 3138 6361 3105 6361 3106 6361 3138 6362 3106 6362 3139 6362 3139 6363 3106 6363 3107 6363 3139 6364 3107 6364 3140 6364 3140 6365 3107 6365 3108 6365 3140 6366 3108 6366 3141 6366 3141 6367 3108 6367 3109 6367 3141 6368 3109 6368 3142 6368 3142 6369 3109 6369 3110 6369 3142 6370 3110 6370 3143 6370 3143 6371 3110 6371 3111 6371 3143 6372 3111 6372 3144 6372 3144 6373 3111 6373 3112 6373 3144 6374 3112 6374 3145 6374 3145 6375 3112 6375 3113 6375 3145 6376 3113 6376 3146 6376 3146 6377 3113 6377 3114 6377 3146 6378 3114 6378 3147 6378 3147 6379 3114 6379 3115 6379 3147 6380 3115 6380 3148 6380 3148 6381 3115 6381 3116 6381 3148 6382 3116 6382 3149 6382 3149 6383 3116 6383 3117 6383 3149 6384 3117 6384 3150 6384 3150 6385 3117 6385 3118 6385 3150 6386 3118 6386 3151 6386 3151 6387 3118 6387 3119 6387 3151 6388 3119 6388 3152 6388 3152 6389 3119 6389 3120 6389 3152 6390 3120 6390 3153 6390 3153 6391 3120 6391 3121 6391 3153 6392 3121 6392 3154 6392 3154 6393 3121 6393 3122 6393 3154 6394 3122 6394 3155 6394 3155 6395 3122 6395 3123 6395 3155 6396 3123 6396 3156 6396 3156 6397 3123 6397 3124 6397 3156 6398 3124 6398 3157 6398 3157 6399 3124 6399 3125 6399 3157 6400 3125 6400 3158 6400 3158 6401 3125 6401 3126 6401 3158 6402 3126 6402 3159 6402 3159 6403 3126 6403 3127 6403 3159 6404 3127 6404 3160 6404 3160 6405 3127 6405 3128 6405 3160 6406 3128 6406 3161 6406 3161 6407 3128 6407 3129 6407 3161 6408 3129 6408 3162 6408 3162 6409 3129 6409 3130 6409 3162 6410 3130 6410 3163 6410 3163 6411 3130 6411 3131 6411 3163 6412 3131 6412 3164 6412 3164 6413 3131 6413 3132 6413 3164 6414 3132 6414 3165 6414 3165 6415 3132 6415 3133 6415 3165 6416 3133 6416 3166 6416 3166 6417 3133 6417 3134 6417 3166 6418 3134 6418 3167 6418 3167 6419 3134 6419 3135 6419 3167 6420 3135 6420 3136 6420 3136 6421 3135 6421 3104 6421 3168 6422 3136 6422 3169 6422 3169 6423 3136 6423 3137 6423 3169 6424 3137 6424 3170 6424 3170 6425 3137 6425 3138 6425 3170 6426 3138 6426 3171 6426 3171 6427 3138 6427 3139 6427 3171 6428 3139 6428 3172 6428 3172 6429 3139 6429 3140 6429 3172 6430 3140 6430 3173 6430 3173 6431 3140 6431 3141 6431 3173 6432 3141 6432 3174 6432 3174 6433 3141 6433 3142 6433 3174 6434 3142 6434 3175 6434 3175 6435 3142 6435 3143 6435 3175 6436 3143 6436 3176 6436 3176 6437 3143 6437 3144 6437 3176 6438 3144 6438 3177 6438 3177 6439 3144 6439 3145 6439 3177 6440 3145 6440 3178 6440 3178 6441 3145 6441 3146 6441 3178 6442 3146 6442 3179 6442 3179 6443 3146 6443 3147 6443 3179 6444 3147 6444 3180 6444 3180 6445 3147 6445 3148 6445 3180 6446 3148 6446 3181 6446 3181 6447 3148 6447 3149 6447 3181 6448 3149 6448 3182 6448 3182 6449 3149 6449 3150 6449 3182 6450 3150 6450 3183 6450 3183 6451 3150 6451 3151 6451 3183 6452 3151 6452 3184 6452 3184 6453 3151 6453 3152 6453 3184 6454 3152 6454 3185 6454 3185 6455 3152 6455 3153 6455 3185 6456 3153 6456 3186 6456 3186 6457 3153 6457 3154 6457 3186 6458 3154 6458 3187 6458 3187 6459 3154 6459 3155 6459 3187 6460 3155 6460 3188 6460 3188 6461 3155 6461 3156 6461 3188 6462 3156 6462 3189 6462 3189 6463 3156 6463 3157 6463 3189 6464 3157 6464 3190 6464 3190 6465 3157 6465 3158 6465 3190 6466 3158 6466 3191 6466 3191 6467 3158 6467 3159 6467 3191 6468 3159 6468 3192 6468 3192 6469 3159 6469 3160 6469 3192 6470 3160 6470 3193 6470 3193 6471 3160 6471 3161 6471 3193 6472 3161 6472 3194 6472 3194 6473 3161 6473 3162 6473 3194 6474 3162 6474 3195 6474 3195 6475 3162 6475 3163 6475 3195 6476 3163 6476 3196 6476 3196 6477 3163 6477 3164 6477 3196 6478 3164 6478 3197 6478 3197 6479 3164 6479 3165 6479 3197 6480 3165 6480 3198 6480 3198 6481 3165 6481 3166 6481 3198 6482 3166 6482 3199 6482 3199 6483 3166 6483 3167 6483 3199 6484 3167 6484 3168 6484 3168 6485 3167 6485 3136 6485 3200 6486 3168 6486 3201 6486 3201 6487 3168 6487 3169 6487 3201 6488 3169 6488 3202 6488 3202 6489 3169 6489 3170 6489 3202 6490 3170 6490 3203 6490 3203 6491 3170 6491 3171 6491 3203 6492 3171 6492 3204 6492 3204 6493 3171 6493 3172 6493 3204 6494 3172 6494 3205 6494 3205 6495 3172 6495 3173 6495 3205 6496 3173 6496 3206 6496 3206 6497 3173 6497 3174 6497 3206 6498 3174 6498 3207 6498 3207 6499 3174 6499 3175 6499 3207 6500 3175 6500 3208 6500 3208 6501 3175 6501 3176 6501 3208 6502 3176 6502 3209 6502 3209 6503 3176 6503 3177 6503 3209 6504 3177 6504 3210 6504 3210 6505 3177 6505 3178 6505 3210 6506 3178 6506 3211 6506 3211 6507 3178 6507 3179 6507 3211 6508 3179 6508 3212 6508 3212 6509 3179 6509 3180 6509 3212 6510 3180 6510 3213 6510 3213 6511 3180 6511 3181 6511 3213 6512 3181 6512 3214 6512 3214 6513 3181 6513 3182 6513 3214 6514 3182 6514 3215 6514 3215 6515 3182 6515 3183 6515 3215 6516 3183 6516 3216 6516 3216 6517 3183 6517 3184 6517 3216 6518 3184 6518 3217 6518 3217 6519 3184 6519 3185 6519 3217 6520 3185 6520 3218 6520 3218 6521 3185 6521 3186 6521 3218 6522 3186 6522 3219 6522 3219 6523 3186 6523 3187 6523 3219 6524 3187 6524 3220 6524 3220 6525 3187 6525 3188 6525 3220 6526 3188 6526 3221 6526 3221 6527 3188 6527 3189 6527 3221 6528 3189 6528 3222 6528 3222 6529 3189 6529 3190 6529 3222 6530 3190 6530 3223 6530 3223 6531 3190 6531 3191 6531 3223 6532 3191 6532 3224 6532 3224 6533 3191 6533 3192 6533 3224 6534 3192 6534 3225 6534 3225 6535 3192 6535 3193 6535 3225 6536 3193 6536 3226 6536 3226 6537 3193 6537 3194 6537 3226 6538 3194 6538 3227 6538 3227 6539 3194 6539 3195 6539 3227 6540 3195 6540 3228 6540 3228 6541 3195 6541 3196 6541 3228 6542 3196 6542 3229 6542 3229 6543 3196 6543 3197 6543 3229 6544 3197 6544 3230 6544 3230 6545 3197 6545 3198 6545 3230 6546 3198 6546 3231 6546 3231 6547 3198 6547 3199 6547 3231 6548 3199 6548 3200 6548 3200 6549 3199 6549 3168 6549 3232 6550 3200 6550 3233 6550 3233 6551 3200 6551 3201 6551 3233 6552 3201 6552 3234 6552 3234 6553 3201 6553 3202 6553 3234 6554 3202 6554 3235 6554 3235 6555 3202 6555 3203 6555 3235 6556 3203 6556 3236 6556 3236 6557 3203 6557 3204 6557 3236 6558 3204 6558 3237 6558 3237 6559 3204 6559 3205 6559 3237 6560 3205 6560 3238 6560 3238 6561 3205 6561 3206 6561 3238 6562 3206 6562 3239 6562 3239 6563 3206 6563 3207 6563 3239 6564 3207 6564 3240 6564 3240 6565 3207 6565 3208 6565 3240 6566 3208 6566 3241 6566 3241 6567 3208 6567 3209 6567 3241 6568 3209 6568 3242 6568 3242 6569 3209 6569 3210 6569 3242 6570 3210 6570 3243 6570 3243 6571 3210 6571 3211 6571 3243 6572 3211 6572 3244 6572 3244 6573 3211 6573 3212 6573 3244 6574 3212 6574 3245 6574 3245 6575 3212 6575 3213 6575 3245 6576 3213 6576 3246 6576 3246 6577 3213 6577 3214 6577 3246 6578 3214 6578 3247 6578 3247 6579 3214 6579 3215 6579 3247 6580 3215 6580 3248 6580 3248 6581 3215 6581 3216 6581 3248 6582 3216 6582 3249 6582 3249 6583 3216 6583 3217 6583 3249 6584 3217 6584 3250 6584 3250 6585 3217 6585 3218 6585 3250 6586 3218 6586 3251 6586 3251 6587 3218 6587 3219 6587 3251 6588 3219 6588 3252 6588 3252 6589 3219 6589 3220 6589 3252 6590 3220 6590 3253 6590 3253 6591 3220 6591 3221 6591 3253 6592 3221 6592 3254 6592 3254 6593 3221 6593 3222 6593 3254 6594 3222 6594 3255 6594 3255 6595 3222 6595 3223 6595 3255 6596 3223 6596 3256 6596 3256 6597 3223 6597 3224 6597 3256 6598 3224 6598 3257 6598 3257 6599 3224 6599 3225 6599 3257 6600 3225 6600 3258 6600 3258 6601 3225 6601 3226 6601 3258 6602 3226 6602 3259 6602 3259 6603 3226 6603 3227 6603 3259 6604 3227 6604 3260 6604 3260 6605 3227 6605 3228 6605 3260 6606 3228 6606 3261 6606 3261 6607 3228 6607 3229 6607 3261 6608 3229 6608 3262 6608 3262 6609 3229 6609 3230 6609 3262 6610 3230 6610 3263 6610 3263 6611 3230 6611 3231 6611 3263 6612 3231 6612 3232 6612 3232 6613 3231 6613 3200 6613 3264 6614 3232 6614 3265 6614 3265 6615 3232 6615 3233 6615 3265 6616 3233 6616 3266 6616 3266 6617 3233 6617 3234 6617 3266 6618 3234 6618 3267 6618 3267 6619 3234 6619 3235 6619 3267 6620 3235 6620 3268 6620 3268 6621 3235 6621 3236 6621 3268 6622 3236 6622 3269 6622 3269 6623 3236 6623 3237 6623 3269 6624 3237 6624 3270 6624 3270 6625 3237 6625 3238 6625 3270 6626 3238 6626 3271 6626 3271 6627 3238 6627 3239 6627 3271 6628 3239 6628 3272 6628 3272 6629 3239 6629 3240 6629 3272 6630 3240 6630 3273 6630 3273 6631 3240 6631 3241 6631 3273 6632 3241 6632 3274 6632 3274 6633 3241 6633 3242 6633 3274 6634 3242 6634 3275 6634 3275 6635 3242 6635 3243 6635 3275 6636 3243 6636 3276 6636 3276 6637 3243 6637 3244 6637 3276 6638 3244 6638 3277 6638 3277 6639 3244 6639 3245 6639 3277 6640 3245 6640 3278 6640 3278 6641 3245 6641 3246 6641 3278 6642 3246 6642 3279 6642 3279 6643 3246 6643 3247 6643 3279 6644 3247 6644 3280 6644 3280 6645 3247 6645 3248 6645 3280 6646 3248 6646 3281 6646 3281 6647 3248 6647 3249 6647 3281 6648 3249 6648 3282 6648 3282 6649 3249 6649 3250 6649 3282 6650 3250 6650 3283 6650 3283 6651 3250 6651 3251 6651 3283 6652 3251 6652 3284 6652 3284 6653 3251 6653 3252 6653 3284 6654 3252 6654 3285 6654 3285 6655 3252 6655 3253 6655 3285 6656 3253 6656 3286 6656 3286 6657 3253 6657 3254 6657 3286 6658 3254 6658 3287 6658 3287 6659 3254 6659 3255 6659 3287 6660 3255 6660 3288 6660 3288 6661 3255 6661 3256 6661 3288 6662 3256 6662 3289 6662 3289 6663 3256 6663 3257 6663 3289 6664 3257 6664 3290 6664 3290 6665 3257 6665 3258 6665 3290 6666 3258 6666 3291 6666 3291 6667 3258 6667 3259 6667 3291 6668 3259 6668 3292 6668 3292 6669 3259 6669 3260 6669 3292 6670 3260 6670 3293 6670 3293 6671 3260 6671 3261 6671 3293 6672 3261 6672 3294 6672 3294 6673 3261 6673 3262 6673 3294 6674 3262 6674 3295 6674 3295 6675 3262 6675 3263 6675 3295 6676 3263 6676 3264 6676 3264 6677 3263 6677 3232 6677 3296 6678 3264 6678 3297 6678 3297 6679 3264 6679 3265 6679 3297 6680 3265 6680 3298 6680 3298 6681 3265 6681 3266 6681 3298 6682 3266 6682 3299 6682 3299 6683 3266 6683 3267 6683 3299 6684 3267 6684 3300 6684 3300 6685 3267 6685 3268 6685 3300 6686 3268 6686 3301 6686 3301 6687 3268 6687 3269 6687 3301 6688 3269 6688 3302 6688 3302 6689 3269 6689 3270 6689 3302 6690 3270 6690 3303 6690 3303 6691 3270 6691 3271 6691 3303 6692 3271 6692 3304 6692 3304 6693 3271 6693 3272 6693 3304 6694 3272 6694 3305 6694 3305 6695 3272 6695 3273 6695 3305 6696 3273 6696 3306 6696 3306 6697 3273 6697 3274 6697 3306 6698 3274 6698 3307 6698 3307 6699 3274 6699 3275 6699 3307 6700 3275 6700 3308 6700 3308 6701 3275 6701 3276 6701 3308 6702 3276 6702 3309 6702 3309 6703 3276 6703 3277 6703 3309 6704 3277 6704 3310 6704 3310 6705 3277 6705 3278 6705 3310 6706 3278 6706 3311 6706 3311 6707 3278 6707 3279 6707 3311 6708 3279 6708 3312 6708 3312 6709 3279 6709 3280 6709 3312 6710 3280 6710 3313 6710 3313 6711 3280 6711 3281 6711 3313 6712 3281 6712 3314 6712 3314 6713 3281 6713 3282 6713 3314 6714 3282 6714 3315 6714 3315 6715 3282 6715 3283 6715 3315 6716 3283 6716 3316 6716 3316 6717 3283 6717 3284 6717 3316 6718 3284 6718 3317 6718 3317 6719 3284 6719 3285 6719 3317 6720 3285 6720 3318 6720 3318 6721 3285 6721 3286 6721 3318 6722 3286 6722 3319 6722 3319 6723 3286 6723 3287 6723 3319 6724 3287 6724 3320 6724 3320 6725 3287 6725 3288 6725 3320 6726 3288 6726 3321 6726 3321 6727 3288 6727 3289 6727 3321 6728 3289 6728 3322 6728 3322 6729 3289 6729 3290 6729 3322 6730 3290 6730 3323 6730 3323 6731 3290 6731 3291 6731 3323 6732 3291 6732 3324 6732 3324 6733 3291 6733 3292 6733 3324 6734 3292 6734 3325 6734 3325 6735 3292 6735 3293 6735 3325 6736 3293 6736 3326 6736 3326 6737 3293 6737 3294 6737 3326 6738 3294 6738 3327 6738 3327 6739 3294 6739 3295 6739 3327 6740 3295 6740 3296 6740 3296 6741 3295 6741 3264 6741 3328 6742 3296 6742 3329 6742 3329 6743 3296 6743 3297 6743 3329 6744 3297 6744 3330 6744 3330 6745 3297 6745 3298 6745 3330 6746 3298 6746 3331 6746 3331 6747 3298 6747 3299 6747 3331 6748 3299 6748 3332 6748 3332 6749 3299 6749 3300 6749 3332 6750 3300 6750 3333 6750 3333 6751 3300 6751 3301 6751 3333 6752 3301 6752 3334 6752 3334 6753 3301 6753 3302 6753 3334 6754 3302 6754 3335 6754 3335 6755 3302 6755 3303 6755 3335 6756 3303 6756 3336 6756 3336 6757 3303 6757 3304 6757 3336 6758 3304 6758 3337 6758 3337 6759 3304 6759 3305 6759 3337 6760 3305 6760 3338 6760 3338 6761 3305 6761 3306 6761 3338 6762 3306 6762 3339 6762 3339 6763 3306 6763 3307 6763 3339 6764 3307 6764 3340 6764 3340 6765 3307 6765 3308 6765 3340 6766 3308 6766 3341 6766 3341 6767 3308 6767 3309 6767 3341 6768 3309 6768 3342 6768 3342 6769 3309 6769 3310 6769 3342 6770 3310 6770 3343 6770 3343 6771 3310 6771 3311 6771 3343 6772 3311 6772 3344 6772 3344 6773 3311 6773 3312 6773 3344 6774 3312 6774 3345 6774 3345 6775 3312 6775 3313 6775 3345 6776 3313 6776 3346 6776 3346 6777 3313 6777 3314 6777 3346 6778 3314 6778 3347 6778 3347 6779 3314 6779 3315 6779 3347 6780 3315 6780 3348 6780 3348 6781 3315 6781 3316 6781 3348 6782 3316 6782 3349 6782 3349 6783 3316 6783 3317 6783 3349 6784 3317 6784 3350 6784 3350 6785 3317 6785 3318 6785 3350 6786 3318 6786 3351 6786 3351 6787 3318 6787 3319 6787 3351 6788 3319 6788 3352 6788 3352 6789 3319 6789 3320 6789 3352 6790 3320 6790 3353 6790 3353 6791 3320 6791 3321 6791 3353 6792 3321 6792 3354 6792 3354 6793 3321 6793 3322 6793 3354 6794 3322 6794 3355 6794 3355 6795 3322 6795 3323 6795 3355 6796 3323 6796 3356 6796 3356 6797 3323 6797 3324 6797 3356 6798 3324 6798 3357 6798 3357 6799 3324 6799 3325 6799 3357 6800 3325 6800 3358 6800 3358 6801 3325 6801 3326 6801 3358 6802 3326 6802 3359 6802 3359 6803 3326 6803 3327 6803 3359 6804 3327 6804 3328 6804 3328 6805 3327 6805 3296 6805 3360 6806 3328 6806 3361 6806 3361 6807 3328 6807 3329 6807 3361 6808 3329 6808 3362 6808 3362 6809 3329 6809 3330 6809 3362 6810 3330 6810 3363 6810 3363 6811 3330 6811 3331 6811 3363 6812 3331 6812 3364 6812 3364 6813 3331 6813 3332 6813 3364 6814 3332 6814 3365 6814 3365 6815 3332 6815 3333 6815 3365 6816 3333 6816 3366 6816 3366 6817 3333 6817 3334 6817 3366 6818 3334 6818 3367 6818 3367 6819 3334 6819 3335 6819 3367 6820 3335 6820 3368 6820 3368 6821 3335 6821 3336 6821 3368 6822 3336 6822 3369 6822 3369 6823 3336 6823 3337 6823 3369 6824 3337 6824 3370 6824 3370 6825 3337 6825 3338 6825 3370 6826 3338 6826 3371 6826 3371 6827 3338 6827 3339 6827 3371 6828 3339 6828 3372 6828 3372 6829 3339 6829 3340 6829 3372 6830 3340 6830 3373 6830 3373 6831 3340 6831 3341 6831 3373 6832 3341 6832 3374 6832 3374 6833 3341 6833 3342 6833 3374 6834 3342 6834 3375 6834 3375 6835 3342 6835 3343 6835 3375 6836 3343 6836 3376 6836 3376 6837 3343 6837 3344 6837 3376 6838 3344 6838 3377 6838 3377 6839 3344 6839 3345 6839 3377 6840 3345 6840 3378 6840 3378 6841 3345 6841 3346 6841 3378 6842 3346 6842 3379 6842 3379 6843 3346 6843 3347 6843 3379 6844 3347 6844 3380 6844 3380 6845 3347 6845 3348 6845 3380 6846 3348 6846 3381 6846 3381 6847 3348 6847 3349 6847 3381 6848 3349 6848 3382 6848 3382 6849 3349 6849 3350 6849 3382 6850 3350 6850 3383 6850 3383 6851 3350 6851 3351 6851 3383 6852 3351 6852 3384 6852 3384 6853 3351 6853 3352 6853 3384 6854 3352 6854 3385 6854 3385 6855 3352 6855 3353 6855 3385 6856 3353 6856 3386 6856 3386 6857 3353 6857 3354 6857 3386 6858 3354 6858 3387 6858 3387 6859 3354 6859 3355 6859 3387 6860 3355 6860 3388 6860 3388 6861 3355 6861 3356 6861 3388 6862 3356 6862 3389 6862 3389 6863 3356 6863 3357 6863 3389 6864 3357 6864 3390 6864 3390 6865 3357 6865 3358 6865 3390 6866 3358 6866 3391 6866 3391 6867 3358 6867 3359 6867 3391 6868 3359 6868 3360 6868 3360 6869 3359 6869 3328 6869 3385 6870 3366 6870 3384 6870 3384 6871 3366 6871 3367 6871 3384 6872 3367 6872 3368 6872 3368 6873 3369 6873 3384 6873 3384 6874 3369 6874 3370 6874 3384 6875 3370 6875 3371 6875 3376 6876 3377 6876 3384 6876 3375 6877 3376 6877 3374 6877 3374 6878 3376 6878 3384 6878 3374 6879 3384 6879 3373 6879 3373 6880 3384 6880 3371 6880 3373 6881 3371 6881 3372 6881 3389 6882 3390 6882 3366 6882 3388 6883 3389 6883 3387 6883 3387 6884 3389 6884 3366 6884 3387 6885 3366 6885 3386 6885 3386 6886 3366 6886 3385 6886 3363 6887 3360 6887 3362 6887 3362 6888 3360 6888 3361 6888 3390 6889 3391 6889 3366 6889 3366 6890 3391 6890 3360 6890 3366 6891 3360 6891 3365 6891 3365 6892 3360 6892 3363 6892 3365 6893 3363 6893 3364 6893 3377 6894 3378 6894 3384 6894 3384 6895 3378 6895 3379 6895 3384 6896 3379 6896 3380 6896 3380 6897 3381 6897 3384 6897 3384 6898 3381 6898 3382 6898 3384 6899 3382 6899 3383 6899 3392 6900 3393 6900 3394 6900 3392 6901 3394 6901 3395 6901 3395 6902 3394 6902 3396 6902 3395 6903 3396 6903 3397 6903 3397 6904 3396 6904 3398 6904 3397 6905 3398 6905 3399 6905 3399 6906 3398 6906 3400 6906 3399 6907 3400 6907 3401 6907 3401 6908 3400 6908 3402 6908 3401 6909 3402 6909 3403 6909 3403 6910 3402 6910 3404 6910 3403 6911 3404 6911 3405 6911 3405 6912 3404 6912 3406 6912 3405 6913 3406 6913 3407 6913 3407 6914 3406 6914 3408 6914 3407 6915 3408 6915 3409 6915 3409 6916 3410 6916 3407 6916 3407 6917 3410 6917 3411 6917 3407 6918 3411 6918 3412 6918 3413 6919 3414 6919 3407 6919 3407 6920 3414 6920 3415 6920 3412 6921 3416 6921 3407 6921 3407 6922 3416 6922 3417 6922 3407 6923 3417 6923 3413 6923 3418 6924 3419 6924 3420 6924 3420 6925 3419 6925 3421 6925 3420 6926 3421 6926 3422 6926 3422 6927 3421 6927 3407 6927 3422 6928 3407 6928 3423 6928 3423 6929 3407 6929 3415 6929 3410 6930 3409 6930 3424 6930 3424 6931 3409 6931 3408 6931 3424 6932 3408 6932 3425 6932 3425 6933 3408 6933 3406 6933 3425 6934 3406 6934 3426 6934 3426 6935 3406 6935 3404 6935 3426 6936 3404 6936 3427 6936 3427 6937 3404 6937 3402 6937 3427 6938 3402 6938 3428 6938 3428 6939 3402 6939 3400 6939 3428 6940 3400 6940 3429 6940 3429 6941 3400 6941 3398 6941 3429 6942 3398 6942 3430 6942 3430 6943 3398 6943 3396 6943 3430 6944 3396 6944 3431 6944 3431 6945 3396 6945 3394 6945 3431 6946 3394 6946 3432 6946 3432 6947 3394 6947 3393 6947 3432 6948 3393 6948 3433 6948 3433 6949 3393 6949 3392 6949 3433 6950 3392 6950 3434 6950 3434 6951 3392 6951 3395 6951 3434 6952 3395 6952 3435 6952 3435 6953 3395 6953 3397 6953 3435 6954 3397 6954 3436 6954 3436 6955 3397 6955 3399 6955 3436 6956 3399 6956 3437 6956 3437 6957 3399 6957 3401 6957 3437 6958 3401 6958 3438 6958 3438 6959 3401 6959 3403 6959 3438 6960 3403 6960 3439 6960 3439 6961 3403 6961 3405 6961 3439 6962 3405 6962 3440 6962 3440 6963 3405 6963 3407 6963 3440 6964 3407 6964 3441 6964 3441 6965 3407 6965 3421 6965 3441 6966 3421 6966 3442 6966 3442 6967 3421 6967 3419 6967 3442 6968 3419 6968 3443 6968 3443 6969 3419 6969 3418 6969 3443 6970 3418 6970 3444 6970 3444 6971 3418 6971 3420 6971 3444 6972 3420 6972 3445 6972 3445 6973 3420 6973 3422 6973 3445 6974 3422 6974 3446 6974 3446 6975 3422 6975 3423 6975 3446 6976 3423 6976 3447 6976 3447 6977 3423 6977 3415 6977 3447 6978 3415 6978 3448 6978 3448 6979 3415 6979 3414 6979 3448 6980 3414 6980 3449 6980 3449 6981 3414 6981 3413 6981 3449 6982 3413 6982 3450 6982 3450 6983 3413 6983 3417 6983 3450 6984 3417 6984 3451 6984 3451 6985 3417 6985 3416 6985 3451 6986 3416 6986 3452 6986 3452 6987 3416 6987 3412 6987 3452 6988 3412 6988 3453 6988 3453 6989 3412 6989 3411 6989 3453 6990 3411 6990 3454 6990 3454 6991 3411 6991 3410 6991 3454 6992 3410 6992 3424 6992 3455 6993 3433 6993 3456 6993 3456 6994 3433 6994 3434 6994 3456 6995 3434 6995 3457 6995 3457 6996 3434 6996 3435 6996 3457 6997 3435 6997 3458 6997 3458 6998 3435 6998 3436 6998 3458 6999 3436 6999 3459 6999 3459 7000 3436 7000 3437 7000 3459 7001 3437 7001 3460 7001 3460 7002 3437 7002 3438 7002 3460 7003 3438 7003 3461 7003 3461 7004 3438 7004 3439 7004 3461 7005 3439 7005 3462 7005 3462 7006 3439 7006 3440 7006 3462 7007 3440 7007 3463 7007 3463 7008 3440 7008 3441 7008 3463 7009 3441 7009 3464 7009 3464 7010 3441 7010 3442 7010 3464 7011 3442 7011 3465 7011 3465 7012 3442 7012 3443 7012 3465 7013 3443 7013 3466 7013 3466 7014 3443 7014 3444 7014 3466 7015 3444 7015 3467 7015 3467 7016 3444 7016 3445 7016 3467 7017 3445 7017 3468 7017 3468 7018 3445 7018 3446 7018 3468 7019 3446 7019 3469 7019 3469 7020 3446 7020 3447 7020 3469 7021 3447 7021 3470 7021 3470 7022 3447 7022 3448 7022 3470 7023 3448 7023 3471 7023 3471 7024 3448 7024 3449 7024 3471 7025 3449 7025 3472 7025 3472 7026 3449 7026 3450 7026 3472 7027 3450 7027 3473 7027 3473 7028 3450 7028 3451 7028 3473 7029 3451 7029 3474 7029 3474 7030 3451 7030 3452 7030 3474 7031 3452 7031 3475 7031 3475 7032 3452 7032 3453 7032 3475 7033 3453 7033 3476 7033 3476 7034 3453 7034 3454 7034 3476 7035 3454 7035 3477 7035 3477 7036 3454 7036 3424 7036 3477 7037 3424 7037 3478 7037 3478 7038 3424 7038 3425 7038 3478 7039 3425 7039 3479 7039 3479 7040 3425 7040 3426 7040 3479 7041 3426 7041 3480 7041 3480 7042 3426 7042 3427 7042 3480 7043 3427 7043 3481 7043 3481 7044 3427 7044 3428 7044 3481 7045 3428 7045 3482 7045 3482 7046 3428 7046 3429 7046 3482 7047 3429 7047 3483 7047 3483 7048 3429 7048 3430 7048 3483 7049 3430 7049 3484 7049 3484 7050 3430 7050 3431 7050 3484 7051 3431 7051 3485 7051 3485 7052 3431 7052 3432 7052 3485 7053 3432 7053 3455 7053 3455 7054 3432 7054 3433 7054 3486 7055 3455 7055 3487 7055 3487 7056 3455 7056 3456 7056 3487 7057 3456 7057 3488 7057 3488 7058 3456 7058 3457 7058 3488 7059 3457 7059 3489 7059 3489 7060 3457 7060 3458 7060 3489 7061 3458 7061 3490 7061 3490 7062 3458 7062 3459 7062 3490 7063 3459 7063 3491 7063 3491 7064 3459 7064 3460 7064 3491 7065 3460 7065 3492 7065 3492 7066 3460 7066 3461 7066 3492 7067 3461 7067 3493 7067 3493 7068 3461 7068 3462 7068 3493 7069 3462 7069 3494 7069 3494 7070 3462 7070 3463 7070 3494 7071 3463 7071 3495 7071 3495 7072 3463 7072 3464 7072 3495 7073 3464 7073 3496 7073 3496 7074 3464 7074 3465 7074 3496 7075 3465 7075 3497 7075 3497 7076 3465 7076 3466 7076 3497 7077 3466 7077 3498 7077 3498 7078 3466 7078 3467 7078 3498 7079 3467 7079 3499 7079 3499 7080 3467 7080 3468 7080 3499 7081 3468 7081 3500 7081 3500 7082 3468 7082 3469 7082 3500 7083 3469 7083 3501 7083 3501 7084 3469 7084 3470 7084 3501 7085 3470 7085 3502 7085 3502 7086 3470 7086 3471 7086 3502 7087 3471 7087 3503 7087 3503 7088 3471 7088 3472 7088 3503 7089 3472 7089 3504 7089 3504 7090 3472 7090 3473 7090 3504 7091 3473 7091 3505 7091 3505 7092 3473 7092 3474 7092 3505 7093 3474 7093 3506 7093 3506 7094 3474 7094 3475 7094 3506 7095 3475 7095 3507 7095 3507 7096 3475 7096 3476 7096 3507 7097 3476 7097 3508 7097 3508 7098 3476 7098 3477 7098 3508 7099 3477 7099 3509 7099 3509 7100 3477 7100 3478 7100 3509 7101 3478 7101 3510 7101 3510 7102 3478 7102 3479 7102 3510 7103 3479 7103 3511 7103 3511 7104 3479 7104 3480 7104 3511 7105 3480 7105 3512 7105 3512 7106 3480 7106 3481 7106 3512 7107 3481 7107 3513 7107 3513 7108 3481 7108 3482 7108 3513 7109 3482 7109 3514 7109 3514 7110 3482 7110 3483 7110 3514 7111 3483 7111 3515 7111 3515 7112 3483 7112 3484 7112 3515 7113 3484 7113 3516 7113 3516 7114 3484 7114 3485 7114 3516 7115 3485 7115 3486 7115 3486 7116 3485 7116 3455 7116 3517 7117 3486 7117 3518 7117 3518 7118 3486 7118 3487 7118 3518 7119 3487 7119 3519 7119 3519 7120 3487 7120 3488 7120 3519 7121 3488 7121 3520 7121 3520 7122 3488 7122 3489 7122 3520 7123 3489 7123 3521 7123 3521 7124 3489 7124 3490 7124 3521 7125 3490 7125 3522 7125 3522 7126 3490 7126 3491 7126 3522 7127 3491 7127 3523 7127 3523 7128 3491 7128 3492 7128 3523 7129 3492 7129 3524 7129 3524 7130 3492 7130 3493 7130 3524 7131 3493 7131 3525 7131 3525 7132 3493 7132 3494 7132 3525 7133 3494 7133 3526 7133 3526 7134 3494 7134 3495 7134 3526 7135 3495 7135 3527 7135 3527 7136 3495 7136 3496 7136 3527 7137 3496 7137 3528 7137 3528 7138 3496 7138 3497 7138 3528 7139 3497 7139 3529 7139 3529 7140 3497 7140 3498 7140 3529 7141 3498 7141 3530 7141 3530 7142 3498 7142 3499 7142 3530 7143 3499 7143 3531 7143 3531 7144 3499 7144 3500 7144 3531 7145 3500 7145 3532 7145 3532 7146 3500 7146 3501 7146 3532 7147 3501 7147 3533 7147 3533 7148 3501 7148 3502 7148 3533 7149 3502 7149 3534 7149 3534 7150 3502 7150 3503 7150 3534 7151 3503 7151 3535 7151 3535 7152 3503 7152 3504 7152 3535 7153 3504 7153 3536 7153 3536 7154 3504 7154 3505 7154 3536 7155 3505 7155 3537 7155 3537 7156 3505 7156 3506 7156 3537 7157 3506 7157 3538 7157 3538 7158 3506 7158 3507 7158 3538 7159 3507 7159 3539 7159 3539 7160 3507 7160 3508 7160 3539 7161 3508 7161 3540 7161 3540 7162 3508 7162 3509 7162 3540 7163 3509 7163 3541 7163 3541 7164 3509 7164 3510 7164 3541 7165 3510 7165 3542 7165 3542 7166 3510 7166 3511 7166 3542 7167 3511 7167 3543 7167 3543 7168 3511 7168 3512 7168 3543 7169 3512 7169 3544 7169 3544 7170 3512 7170 3513 7170 3544 7171 3513 7171 3545 7171 3545 7172 3513 7172 3514 7172 3545 7173 3514 7173 3546 7173 3546 7174 3514 7174 3515 7174 3546 7175 3515 7175 3547 7175 3547 7176 3515 7176 3516 7176 3547 7177 3516 7177 3517 7177 3517 7178 3516 7178 3486 7178 3548 7179 3517 7179 3549 7179 3549 7180 3517 7180 3518 7180 3549 7181 3518 7181 3550 7181 3550 7182 3518 7182 3519 7182 3550 7183 3519 7183 3551 7183 3551 7184 3519 7184 3520 7184 3551 7185 3520 7185 3552 7185 3552 7186 3520 7186 3521 7186 3552 7187 3521 7187 3553 7187 3553 7188 3521 7188 3522 7188 3553 7189 3522 7189 3554 7189 3554 7190 3522 7190 3523 7190 3554 7191 3523 7191 3555 7191 3555 7192 3523 7192 3524 7192 3555 7193 3524 7193 3556 7193 3556 7194 3524 7194 3525 7194 3556 7195 3525 7195 3557 7195 3557 7196 3525 7196 3526 7196 3557 7197 3526 7197 3558 7197 3558 7198 3526 7198 3527 7198 3558 7199 3527 7199 3559 7199 3559 7200 3527 7200 3528 7200 3559 7201 3528 7201 3560 7201 3560 7202 3528 7202 3529 7202 3560 7203 3529 7203 3561 7203 3561 7204 3529 7204 3530 7204 3561 7205 3530 7205 3562 7205 3562 7206 3530 7206 3531 7206 3562 7207 3531 7207 3563 7207 3563 7208 3531 7208 3532 7208 3563 7209 3532 7209 3564 7209 3564 7210 3532 7210 3533 7210 3564 7211 3533 7211 3565 7211 3565 7212 3533 7212 3534 7212 3565 7213 3534 7213 3566 7213 3566 7214 3534 7214 3535 7214 3566 7215 3535 7215 3567 7215 3567 7216 3535 7216 3536 7216 3567 7217 3536 7217 3568 7217 3568 7218 3536 7218 3537 7218 3568 7219 3537 7219 3569 7219 3569 7220 3537 7220 3538 7220 3569 7221 3538 7221 3570 7221 3570 7222 3538 7222 3539 7222 3570 7223 3539 7223 3571 7223 3571 7224 3539 7224 3540 7224 3571 7225 3540 7225 3572 7225 3572 7226 3540 7226 3541 7226 3572 7227 3541 7227 3573 7227 3573 7228 3541 7228 3542 7228 3573 7229 3542 7229 3574 7229 3574 7230 3542 7230 3543 7230 3574 7231 3543 7231 3575 7231 3575 7232 3543 7232 3544 7232 3575 7233 3544 7233 3576 7233 3576 7234 3544 7234 3545 7234 3576 7235 3545 7235 3577 7235 3577 7236 3545 7236 3546 7236 3577 7237 3546 7237 3578 7237 3578 7238 3546 7238 3547 7238 3578 7239 3547 7239 3548 7239 3548 7240 3547 7240 3517 7240 3579 7241 3548 7241 3580 7241 3580 7242 3548 7242 3549 7242 3580 7243 3549 7243 3581 7243 3581 7244 3549 7244 3550 7244 3581 7245 3550 7245 3582 7245 3582 7246 3550 7246 3551 7246 3582 7247 3551 7247 3583 7247 3583 7248 3551 7248 3552 7248 3583 7249 3552 7249 3584 7249 3584 7250 3552 7250 3553 7250 3584 7251 3553 7251 3585 7251 3585 7252 3553 7252 3554 7252 3585 7253 3554 7253 3586 7253 3586 7254 3554 7254 3555 7254 3586 7255 3555 7255 3587 7255 3587 7256 3555 7256 3556 7256 3587 7257 3556 7257 3588 7257 3588 7258 3556 7258 3557 7258 3588 7259 3557 7259 3589 7259 3589 7260 3557 7260 3558 7260 3589 7261 3558 7261 3590 7261 3590 7262 3558 7262 3559 7262 3590 7263 3559 7263 3591 7263 3591 7264 3559 7264 3560 7264 3591 7265 3560 7265 3592 7265 3592 7266 3560 7266 3561 7266 3592 7267 3561 7267 3593 7267 3593 7268 3561 7268 3562 7268 3593 7269 3562 7269 3594 7269 3594 7270 3562 7270 3563 7270 3594 7271 3563 7271 3595 7271 3595 7272 3563 7272 3564 7272 3595 7273 3564 7273 3596 7273 3596 7274 3564 7274 3565 7274 3596 7275 3565 7275 3597 7275 3597 7276 3565 7276 3566 7276 3597 7277 3566 7277 3598 7277 3598 7278 3566 7278 3567 7278 3598 7279 3567 7279 3599 7279 3599 7280 3567 7280 3568 7280 3599 7281 3568 7281 3600 7281 3600 7282 3568 7282 3569 7282 3600 7283 3569 7283 3601 7283 3601 7284 3569 7284 3570 7284 3601 7285 3570 7285 3602 7285 3602 7286 3570 7286 3571 7286 3602 7287 3571 7287 3603 7287 3603 7288 3571 7288 3572 7288 3603 7289 3572 7289 3604 7289 3604 7290 3572 7290 3573 7290 3604 7291 3573 7291 3605 7291 3605 7292 3573 7292 3574 7292 3605 7293 3574 7293 3606 7293 3606 7294 3574 7294 3575 7294 3606 7295 3575 7295 3607 7295 3607 7296 3575 7296 3576 7296 3607 7297 3576 7297 3608 7297 3608 7298 3576 7298 3577 7298 3608 7299 3577 7299 3609 7299 3609 7300 3577 7300 3578 7300 3609 7301 3578 7301 3579 7301 3579 7302 3578 7302 3548 7302 3610 7303 3579 7303 3611 7303 3611 7304 3579 7304 3580 7304 3611 7305 3580 7305 3612 7305 3612 7306 3580 7306 3581 7306 3612 7307 3581 7307 3613 7307 3613 7308 3581 7308 3582 7308 3613 7309 3582 7309 3614 7309 3614 7310 3582 7310 3583 7310 3614 7311 3583 7311 3615 7311 3615 7312 3583 7312 3584 7312 3615 7313 3584 7313 3616 7313 3616 7314 3584 7314 3585 7314 3616 7315 3585 7315 3617 7315 3617 7316 3585 7316 3586 7316 3617 7317 3586 7317 3618 7317 3618 7318 3586 7318 3587 7318 3618 7319 3587 7319 3619 7319 3619 7320 3587 7320 3588 7320 3619 7321 3588 7321 3620 7321 3620 7322 3588 7322 3589 7322 3620 7323 3589 7323 3621 7323 3621 7324 3589 7324 3590 7324 3621 7325 3590 7325 3622 7325 3622 7326 3590 7326 3591 7326 3622 7327 3591 7327 3623 7327 3623 7328 3591 7328 3592 7328 3623 7329 3592 7329 3624 7329 3624 7330 3592 7330 3593 7330 3624 7331 3593 7331 3625 7331 3625 7332 3593 7332 3594 7332 3625 7333 3594 7333 3626 7333 3626 7334 3594 7334 3595 7334 3626 7335 3595 7335 3627 7335 3627 7336 3595 7336 3596 7336 3627 7337 3596 7337 3628 7337 3628 7338 3596 7338 3597 7338 3628 7339 3597 7339 3629 7339 3629 7340 3597 7340 3598 7340 3629 7341 3598 7341 3630 7341 3630 7342 3598 7342 3599 7342 3630 7343 3599 7343 3631 7343 3631 7344 3599 7344 3600 7344 3631 7345 3600 7345 3632 7345 3632 7346 3600 7346 3601 7346 3632 7347 3601 7347 3633 7347 3633 7348 3601 7348 3602 7348 3633 7349 3602 7349 3634 7349 3634 7350 3602 7350 3603 7350 3634 7351 3603 7351 3635 7351 3635 7352 3603 7352 3604 7352 3635 7353 3604 7353 3636 7353 3636 7354 3604 7354 3605 7354 3636 7355 3605 7355 3637 7355 3637 7356 3605 7356 3606 7356 3637 7357 3606 7357 3638 7357 3638 7358 3606 7358 3607 7358 3638 7359 3607 7359 3639 7359 3639 7360 3607 7360 3608 7360 3639 7361 3608 7361 3640 7361 3640 7362 3608 7362 3609 7362 3640 7363 3609 7363 3610 7363 3610 7364 3609 7364 3579 7364 3641 7365 3642 7365 3632 7365 3632 7366 3642 7366 3643 7366 3632 7367 3643 7367 3631 7367 3631 7368 3643 7368 3644 7368 3631 7369 3644 7369 3630 7369 3630 7370 3644 7370 3645 7370 3630 7371 3645 7371 3629 7371 3629 7372 3645 7372 3646 7372 3629 7373 3646 7373 3628 7373 3628 7374 3646 7374 3647 7374 3628 7375 3647 7375 3627 7375 3627 7376 3647 7376 3648 7376 3627 7377 3648 7377 3626 7377 3626 7378 3648 7378 3649 7378 3626 7379 3649 7379 3625 7379 3625 7380 3649 7380 3650 7380 3625 7381 3650 7381 3624 7381 3624 7382 3650 7382 3651 7382 3624 7383 3651 7383 3623 7383 3623 7384 3651 7384 3652 7384 3623 7385 3652 7385 3622 7385 3622 7386 3652 7386 3653 7386 3622 7387 3653 7387 3621 7387 3621 7388 3653 7388 3654 7388 3621 7389 3654 7389 3620 7389 3620 7390 3654 7390 3655 7390 3620 7391 3655 7391 3619 7391 3619 7392 3655 7392 3656 7392 3619 7393 3656 7393 3618 7393 3618 7394 3656 7394 3657 7394 3618 7395 3657 7395 3617 7395 3617 7396 3657 7396 3658 7396 3617 7397 3658 7397 3616 7397 3616 7398 3658 7398 3659 7398 3616 7399 3659 7399 3615 7399 3615 7400 3659 7400 3660 7400 3615 7401 3660 7401 3614 7401 3614 7402 3660 7402 3661 7402 3614 7403 3661 7403 3613 7403 3613 7404 3661 7404 3662 7404 3613 7405 3662 7405 3612 7405 3612 7406 3662 7406 3663 7406 3612 7407 3663 7407 3611 7407 3611 7408 3663 7408 3664 7408 3611 7409 3664 7409 3610 7409 3610 7410 3664 7410 3665 7410 3610 7411 3665 7411 3640 7411 3640 7412 3665 7412 3666 7412 3640 7413 3666 7413 3639 7413 3639 7414 3666 7414 3667 7414 3639 7415 3667 7415 3638 7415 3638 7416 3667 7416 3668 7416 3638 7417 3668 7417 3637 7417 3637 7418 3668 7418 3669 7418 3637 7419 3669 7419 3636 7419 3636 7420 3669 7420 3670 7420 3636 7421 3670 7421 3635 7421 3635 7422 3670 7422 3671 7422 3635 7423 3671 7423 3634 7423 3634 7424 3671 7424 3672 7424 3634 7425 3672 7425 3633 7425 3633 7426 3672 7426 3641 7426 3633 7427 3641 7427 3632 7427 3659 7428 3658 7428 3641 7428 3651 7429 3650 7429 3649 7429 3651 7430 3649 7430 3652 7430 3652 7431 3649 7431 3648 7431 3652 7432 3648 7432 3653 7432 3653 7433 3648 7433 3647 7433 3653 7434 3647 7434 3654 7434 3654 7435 3647 7435 3646 7435 3654 7436 3646 7436 3655 7436 3655 7437 3646 7437 3645 7437 3655 7438 3645 7438 3656 7438 3656 7439 3645 7439 3644 7439 3656 7440 3644 7440 3657 7440 3657 7441 3644 7441 3643 7441 3657 7442 3643 7442 3658 7442 3658 7443 3643 7443 3642 7443 3658 7444 3642 7444 3641 7444 3671 7445 3670 7445 3662 7445 3662 7446 3661 7446 3660 7446 3672 7447 3671 7447 3641 7447 3641 7448 3671 7448 3662 7448 3641 7449 3662 7449 3659 7449 3659 7450 3662 7450 3660 7450 3669 7451 3664 7451 3670 7451 3670 7452 3664 7452 3663 7452 3670 7453 3663 7453 3662 7453 3669 7454 3668 7454 3664 7454 3664 7455 3668 7455 3667 7455 3664 7456 3667 7456 3665 7456 3665 7457 3667 7457 3666 7457 3673 7458 3674 7458 3675 7458 3673 7459 3675 7459 3676 7459 3676 7460 3675 7460 3677 7460 3676 7461 3677 7461 3678 7461 3678 7462 3677 7462 3679 7462 3678 7463 3679 7463 3680 7463 3680 7464 3679 7464 3681 7464 3680 7465 3681 7465 3682 7465 3682 7466 3681 7466 3683 7466 3682 7467 3683 7467 3684 7467 3684 7468 3683 7468 3685 7468 3684 7469 3685 7469 3686 7469 3686 7470 3685 7470 3687 7470 3686 7471 3687 7471 3688 7471 3688 7472 3687 7472 3689 7472 3688 7473 3689 7473 3690 7473 3690 7474 3691 7474 3688 7474 3688 7475 3691 7475 3692 7475 3688 7476 3692 7476 3693 7476 3694 7477 3695 7477 3696 7477 3693 7478 3697 7478 3688 7478 3688 7479 3697 7479 3694 7479 3688 7480 3694 7480 3698 7480 3698 7481 3694 7481 3696 7481 3699 7482 3700 7482 3701 7482 3701 7483 3700 7483 3702 7483 3694 7484 3703 7484 3695 7484 3695 7485 3703 7485 3702 7485 3695 7486 3702 7486 3704 7486 3704 7487 3702 7487 3700 7487 3691 7488 3690 7488 3705 7488 3705 7489 3690 7489 3689 7489 3705 7490 3689 7490 3706 7490 3706 7491 3689 7491 3687 7491 3706 7492 3687 7492 3707 7492 3707 7493 3687 7493 3685 7493 3707 7494 3685 7494 3708 7494 3708 7495 3685 7495 3683 7495 3708 7496 3683 7496 3709 7496 3709 7497 3683 7497 3681 7497 3709 7498 3681 7498 3710 7498 3710 7499 3681 7499 3679 7499 3710 7500 3679 7500 3711 7500 3711 7501 3679 7501 3677 7501 3711 7502 3677 7502 3712 7502 3712 7503 3677 7503 3675 7503 3712 7504 3675 7504 3713 7504 3713 7505 3675 7505 3674 7505 3713 7506 3674 7506 3714 7506 3714 7507 3674 7507 3673 7507 3714 7508 3673 7508 3715 7508 3715 7509 3673 7509 3676 7509 3715 7510 3676 7510 3716 7510 3716 7511 3676 7511 3678 7511 3716 7512 3678 7512 3717 7512 3717 7513 3678 7513 3680 7513 3717 7514 3680 7514 3718 7514 3718 7515 3680 7515 3682 7515 3718 7516 3682 7516 3719 7516 3719 7517 3682 7517 3684 7517 3719 7518 3684 7518 3720 7518 3720 7519 3684 7519 3686 7519 3720 7520 3686 7520 3721 7520 3721 7521 3686 7521 3688 7521 3721 7522 3688 7522 3722 7522 3722 7523 3688 7523 3698 7523 3722 7524 3698 7524 3723 7524 3723 7525 3698 7525 3696 7525 3723 7526 3696 7526 3724 7526 3724 7527 3696 7527 3695 7527 3724 7528 3695 7528 3725 7528 3725 7529 3695 7529 3704 7529 3725 7530 3704 7530 3726 7530 3726 7531 3704 7531 3700 7531 3726 7532 3700 7532 3727 7532 3727 7533 3700 7533 3699 7533 3727 7534 3699 7534 3728 7534 3728 7535 3699 7535 3701 7535 3728 7536 3701 7536 3729 7536 3729 7537 3701 7537 3702 7537 3729 7538 3702 7538 3730 7538 3730 7539 3702 7539 3703 7539 3730 7540 3703 7540 3731 7540 3731 7541 3703 7541 3694 7541 3731 7542 3694 7542 3732 7542 3732 7543 3694 7543 3697 7543 3732 7544 3697 7544 3733 7544 3733 7545 3697 7545 3693 7545 3733 7546 3693 7546 3734 7546 3734 7547 3693 7547 3692 7547 3734 7548 3692 7548 3735 7548 3735 7549 3692 7549 3691 7549 3735 7550 3691 7550 3705 7550 3736 7551 3714 7551 3737 7551 3737 7552 3714 7552 3715 7552 3737 7553 3715 7553 3738 7553 3738 7554 3715 7554 3716 7554 3738 7555 3716 7555 3739 7555 3739 7556 3716 7556 3717 7556 3739 7557 3717 7557 3740 7557 3740 7558 3717 7558 3718 7558 3740 7559 3718 7559 3741 7559 3741 7560 3718 7560 3719 7560 3741 7561 3719 7561 3742 7561 3742 7562 3719 7562 3720 7562 3742 7563 3720 7563 3743 7563 3743 7564 3720 7564 3721 7564 3743 7565 3721 7565 3744 7565 3744 7566 3721 7566 3722 7566 3744 7567 3722 7567 3745 7567 3745 7568 3722 7568 3723 7568 3745 7569 3723 7569 3746 7569 3746 7570 3723 7570 3724 7570 3746 7571 3724 7571 3747 7571 3747 7572 3724 7572 3725 7572 3747 7573 3725 7573 3748 7573 3748 7574 3725 7574 3726 7574 3748 7575 3726 7575 3749 7575 3749 7576 3726 7576 3727 7576 3749 7577 3727 7577 3750 7577 3750 7578 3727 7578 3728 7578 3750 7579 3728 7579 3751 7579 3751 7580 3728 7580 3729 7580 3751 7581 3729 7581 3752 7581 3752 7582 3729 7582 3730 7582 3752 7583 3730 7583 3753 7583 3753 7584 3730 7584 3731 7584 3753 7585 3731 7585 3754 7585 3754 7586 3731 7586 3732 7586 3754 7587 3732 7587 3755 7587 3755 7588 3732 7588 3733 7588 3755 7589 3733 7589 3756 7589 3756 7590 3733 7590 3734 7590 3756 7591 3734 7591 3757 7591 3757 7592 3734 7592 3735 7592 3757 7593 3735 7593 3758 7593 3758 7594 3735 7594 3705 7594 3758 7595 3705 7595 3759 7595 3759 7596 3705 7596 3706 7596 3759 7597 3706 7597 3760 7597 3760 7598 3706 7598 3707 7598 3760 7599 3707 7599 3761 7599 3761 7600 3707 7600 3708 7600 3761 7601 3708 7601 3762 7601 3762 7602 3708 7602 3709 7602 3762 7603 3709 7603 3763 7603 3763 7604 3709 7604 3710 7604 3763 7605 3710 7605 3764 7605 3764 7606 3710 7606 3711 7606 3764 7607 3711 7607 3765 7607 3765 7608 3711 7608 3712 7608 3765 7609 3712 7609 3766 7609 3766 7610 3712 7610 3713 7610 3766 7611 3713 7611 3736 7611 3736 7612 3713 7612 3714 7612 3767 7613 3736 7613 3768 7613 3768 7614 3736 7614 3737 7614 3768 7615 3737 7615 3769 7615 3769 7616 3737 7616 3738 7616 3769 7617 3738 7617 3770 7617 3770 7618 3738 7618 3739 7618 3770 7619 3739 7619 3771 7619 3771 7620 3739 7620 3740 7620 3771 7621 3740 7621 3772 7621 3772 7622 3740 7622 3741 7622 3772 7623 3741 7623 3773 7623 3773 7624 3741 7624 3742 7624 3773 7625 3742 7625 3774 7625 3774 7626 3742 7626 3743 7626 3774 7627 3743 7627 3775 7627 3775 7628 3743 7628 3744 7628 3775 7629 3744 7629 3776 7629 3776 7630 3744 7630 3745 7630 3776 7631 3745 7631 3777 7631 3777 7632 3745 7632 3746 7632 3777 7633 3746 7633 3778 7633 3778 7634 3746 7634 3747 7634 3778 7635 3747 7635 3779 7635 3779 7636 3747 7636 3748 7636 3779 7637 3748 7637 3780 7637 3780 7638 3748 7638 3749 7638 3780 7639 3749 7639 3781 7639 3781 7640 3749 7640 3750 7640 3781 7641 3750 7641 3782 7641 3782 7642 3750 7642 3751 7642 3782 7643 3751 7643 3783 7643 3783 7644 3751 7644 3752 7644 3783 7645 3752 7645 3784 7645 3784 7646 3752 7646 3753 7646 3784 7647 3753 7647 3785 7647 3785 7648 3753 7648 3754 7648 3785 7649 3754 7649 3786 7649 3786 7650 3754 7650 3755 7650 3786 7651 3755 7651 3787 7651 3787 7652 3755 7652 3756 7652 3787 7653 3756 7653 3788 7653 3788 7654 3756 7654 3757 7654 3788 7655 3757 7655 3789 7655 3789 7656 3757 7656 3758 7656 3789 7657 3758 7657 3790 7657 3790 7658 3758 7658 3759 7658 3790 7659 3759 7659 3791 7659 3791 7660 3759 7660 3760 7660 3791 7661 3760 7661 3792 7661 3792 7662 3760 7662 3761 7662 3792 7663 3761 7663 3793 7663 3793 7664 3761 7664 3762 7664 3793 7665 3762 7665 3794 7665 3794 7666 3762 7666 3763 7666 3794 7667 3763 7667 3795 7667 3795 7668 3763 7668 3764 7668 3795 7669 3764 7669 3796 7669 3796 7670 3764 7670 3765 7670 3796 7671 3765 7671 3797 7671 3797 7672 3765 7672 3766 7672 3797 7673 3766 7673 3767 7673 3767 7674 3766 7674 3736 7674 3798 7675 3767 7675 3799 7675 3799 7676 3767 7676 3768 7676 3799 7677 3768 7677 3800 7677 3800 7678 3768 7678 3769 7678 3800 7679 3769 7679 3801 7679 3801 7680 3769 7680 3770 7680 3801 7681 3770 7681 3802 7681 3802 7682 3770 7682 3771 7682 3802 7683 3771 7683 3803 7683 3803 7684 3771 7684 3772 7684 3803 7685 3772 7685 3804 7685 3804 7686 3772 7686 3773 7686 3804 7687 3773 7687 3805 7687 3805 7688 3773 7688 3774 7688 3805 7689 3774 7689 3806 7689 3806 7690 3774 7690 3775 7690 3806 7691 3775 7691 3807 7691 3807 7692 3775 7692 3776 7692 3807 7693 3776 7693 3808 7693 3808 7694 3776 7694 3777 7694 3808 7695 3777 7695 3809 7695 3809 7696 3777 7696 3778 7696 3809 7697 3778 7697 3810 7697 3810 7698 3778 7698 3779 7698 3810 7699 3779 7699 3811 7699 3811 7700 3779 7700 3780 7700 3811 7701 3780 7701 3812 7701 3812 7702 3780 7702 3781 7702 3812 7703 3781 7703 3813 7703 3813 7704 3781 7704 3782 7704 3813 7705 3782 7705 3814 7705 3814 7706 3782 7706 3783 7706 3814 7707 3783 7707 3815 7707 3815 7708 3783 7708 3784 7708 3815 7709 3784 7709 3816 7709 3816 7710 3784 7710 3785 7710 3816 7711 3785 7711 3817 7711 3817 7712 3785 7712 3786 7712 3817 7713 3786 7713 3818 7713 3818 7714 3786 7714 3787 7714 3818 7715 3787 7715 3819 7715 3819 7716 3787 7716 3788 7716 3819 7717 3788 7717 3820 7717 3820 7718 3788 7718 3789 7718 3820 7719 3789 7719 3821 7719 3821 7720 3789 7720 3790 7720 3821 7721 3790 7721 3822 7721 3822 7722 3790 7722 3791 7722 3822 7723 3791 7723 3823 7723 3823 7724 3791 7724 3792 7724 3823 7725 3792 7725 3824 7725 3824 7726 3792 7726 3793 7726 3824 7727 3793 7727 3825 7727 3825 7728 3793 7728 3794 7728 3825 7729 3794 7729 3826 7729 3826 7730 3794 7730 3795 7730 3826 7731 3795 7731 3827 7731 3827 7732 3795 7732 3796 7732 3827 7733 3796 7733 3828 7733 3828 7734 3796 7734 3797 7734 3828 7735 3797 7735 3798 7735 3798 7736 3797 7736 3767 7736 3829 7737 3798 7737 3830 7737 3830 7738 3798 7738 3799 7738 3830 7739 3799 7739 3831 7739 3831 7740 3799 7740 3800 7740 3831 7741 3800 7741 3832 7741 3832 7742 3800 7742 3801 7742 3832 7743 3801 7743 3833 7743 3833 7744 3801 7744 3802 7744 3833 7745 3802 7745 3834 7745 3834 7746 3802 7746 3803 7746 3834 7747 3803 7747 3835 7747 3835 7748 3803 7748 3804 7748 3835 7749 3804 7749 3836 7749 3836 7750 3804 7750 3805 7750 3836 7751 3805 7751 3837 7751 3837 7752 3805 7752 3806 7752 3837 7753 3806 7753 3838 7753 3838 7754 3806 7754 3807 7754 3838 7755 3807 7755 3839 7755 3839 7756 3807 7756 3808 7756 3839 7757 3808 7757 3840 7757 3840 7758 3808 7758 3809 7758 3840 7759 3809 7759 3841 7759 3841 7760 3809 7760 3810 7760 3841 7761 3810 7761 3842 7761 3842 7762 3810 7762 3811 7762 3842 7763 3811 7763 3843 7763 3843 7764 3811 7764 3812 7764 3843 7765 3812 7765 3844 7765 3844 7766 3812 7766 3813 7766 3844 7767 3813 7767 3845 7767 3845 7768 3813 7768 3814 7768 3845 7769 3814 7769 3846 7769 3846 7770 3814 7770 3815 7770 3846 7771 3815 7771 3847 7771 3847 7772 3815 7772 3816 7772 3847 7773 3816 7773 3848 7773 3848 7774 3816 7774 3817 7774 3848 7775 3817 7775 3849 7775 3849 7776 3817 7776 3818 7776 3849 7777 3818 7777 3850 7777 3850 7778 3818 7778 3819 7778 3850 7779 3819 7779 3851 7779 3851 7780 3819 7780 3820 7780 3851 7781 3820 7781 3852 7781 3852 7782 3820 7782 3821 7782 3852 7783 3821 7783 3853 7783 3853 7784 3821 7784 3822 7784 3853 7785 3822 7785 3854 7785 3854 7786 3822 7786 3823 7786 3854 7787 3823 7787 3855 7787 3855 7788 3823 7788 3824 7788 3855 7789 3824 7789 3856 7789 3856 7790 3824 7790 3825 7790 3856 7791 3825 7791 3857 7791 3857 7792 3825 7792 3826 7792 3857 7793 3826 7793 3858 7793 3858 7794 3826 7794 3827 7794 3858 7795 3827 7795 3859 7795 3859 7796 3827 7796 3828 7796 3859 7797 3828 7797 3829 7797 3829 7798 3828 7798 3798 7798 3860 7799 3829 7799 3861 7799 3861 7800 3829 7800 3830 7800 3861 7801 3830 7801 3862 7801 3862 7802 3830 7802 3831 7802 3862 7803 3831 7803 3863 7803 3863 7804 3831 7804 3832 7804 3863 7805 3832 7805 3864 7805 3864 7806 3832 7806 3833 7806 3864 7807 3833 7807 3865 7807 3865 7808 3833 7808 3834 7808 3865 7809 3834 7809 3866 7809 3866 7810 3834 7810 3835 7810 3866 7811 3835 7811 3867 7811 3867 7812 3835 7812 3836 7812 3867 7813 3836 7813 3868 7813 3868 7814 3836 7814 3837 7814 3868 7815 3837 7815 3869 7815 3869 7816 3837 7816 3838 7816 3869 7817 3838 7817 3870 7817 3870 7818 3838 7818 3839 7818 3870 7819 3839 7819 3871 7819 3871 7820 3839 7820 3840 7820 3871 7821 3840 7821 3872 7821 3872 7822 3840 7822 3841 7822 3872 7823 3841 7823 3873 7823 3873 7824 3841 7824 3842 7824 3873 7825 3842 7825 3874 7825 3874 7826 3842 7826 3843 7826 3874 7827 3843 7827 3875 7827 3875 7828 3843 7828 3844 7828 3875 7829 3844 7829 3876 7829 3876 7830 3844 7830 3845 7830 3876 7831 3845 7831 3877 7831 3877 7832 3845 7832 3846 7832 3877 7833 3846 7833 3878 7833 3878 7834 3846 7834 3847 7834 3878 7835 3847 7835 3879 7835 3879 7836 3847 7836 3848 7836 3879 7837 3848 7837 3880 7837 3880 7838 3848 7838 3849 7838 3880 7839 3849 7839 3881 7839 3881 7840 3849 7840 3850 7840 3881 7841 3850 7841 3882 7841 3882 7842 3850 7842 3851 7842 3882 7843 3851 7843 3883 7843 3883 7844 3851 7844 3852 7844 3883 7845 3852 7845 3884 7845 3884 7846 3852 7846 3853 7846 3884 7847 3853 7847 3885 7847 3885 7848 3853 7848 3854 7848 3885 7849 3854 7849 3886 7849 3886 7850 3854 7850 3855 7850 3886 7851 3855 7851 3887 7851 3887 7852 3855 7852 3856 7852 3887 7853 3856 7853 3888 7853 3888 7854 3856 7854 3857 7854 3888 7855 3857 7855 3889 7855 3889 7856 3857 7856 3858 7856 3889 7857 3858 7857 3890 7857 3890 7858 3858 7858 3859 7858 3890 7859 3859 7859 3860 7859 3860 7860 3859 7860 3829 7860 3891 7861 3860 7861 3892 7861 3892 7862 3860 7862 3861 7862 3892 7863 3861 7863 3893 7863 3893 7864 3861 7864 3862 7864 3893 7865 3862 7865 3894 7865 3894 7866 3862 7866 3863 7866 3894 7867 3863 7867 3895 7867 3895 7868 3863 7868 3864 7868 3895 7869 3864 7869 3896 7869 3896 7870 3864 7870 3865 7870 3896 7871 3865 7871 3897 7871 3897 7872 3865 7872 3866 7872 3897 7873 3866 7873 3898 7873 3898 7874 3866 7874 3867 7874 3898 7875 3867 7875 3899 7875 3899 7876 3867 7876 3868 7876 3899 7877 3868 7877 3900 7877 3900 7878 3868 7878 3869 7878 3900 7879 3869 7879 3901 7879 3901 7880 3869 7880 3870 7880 3901 7881 3870 7881 3902 7881 3902 7882 3870 7882 3871 7882 3902 7883 3871 7883 3903 7883 3903 7884 3871 7884 3872 7884 3903 7885 3872 7885 3904 7885 3904 7886 3872 7886 3873 7886 3904 7887 3873 7887 3905 7887 3905 7888 3873 7888 3874 7888 3905 7889 3874 7889 3906 7889 3906 7890 3874 7890 3875 7890 3906 7891 3875 7891 3907 7891 3907 7892 3875 7892 3876 7892 3907 7893 3876 7893 3908 7893 3908 7894 3876 7894 3877 7894 3908 7895 3877 7895 3909 7895 3909 7896 3877 7896 3878 7896 3909 7897 3878 7897 3910 7897 3910 7898 3878 7898 3879 7898 3910 7899 3879 7899 3911 7899 3911 7900 3879 7900 3880 7900 3911 7901 3880 7901 3912 7901 3912 7902 3880 7902 3881 7902 3912 7903 3881 7903 3913 7903 3913 7904 3881 7904 3882 7904 3913 7905 3882 7905 3914 7905 3914 7906 3882 7906 3883 7906 3914 7907 3883 7907 3915 7907 3915 7908 3883 7908 3884 7908 3915 7909 3884 7909 3916 7909 3916 7910 3884 7910 3885 7910 3916 7911 3885 7911 3917 7911 3917 7912 3885 7912 3886 7912 3917 7913 3886 7913 3918 7913 3918 7914 3886 7914 3887 7914 3918 7915 3887 7915 3919 7915 3919 7916 3887 7916 3888 7916 3919 7917 3888 7917 3920 7917 3920 7918 3888 7918 3889 7918 3920 7919 3889 7919 3921 7919 3921 7920 3889 7920 3890 7920 3921 7921 3890 7921 3891 7921 3891 7922 3890 7922 3860 7922 3922 7923 3923 7923 3913 7923 3913 7924 3923 7924 3924 7924 3913 7925 3924 7925 3912 7925 3912 7926 3924 7926 3925 7926 3912 7927 3925 7927 3911 7927 3911 7928 3925 7928 3926 7928 3911 7929 3926 7929 3910 7929 3910 7930 3926 7930 3927 7930 3910 7931 3927 7931 3909 7931 3909 7932 3927 7932 3928 7932 3909 7933 3928 7933 3908 7933 3908 7934 3928 7934 3929 7934 3908 7935 3929 7935 3907 7935 3907 7936 3929 7936 3930 7936 3907 7937 3930 7937 3906 7937 3906 7938 3930 7938 3931 7938 3906 7939 3931 7939 3905 7939 3905 7940 3931 7940 3932 7940 3905 7941 3932 7941 3904 7941 3904 7942 3932 7942 3933 7942 3904 7943 3933 7943 3903 7943 3903 7944 3933 7944 3934 7944 3903 7945 3934 7945 3902 7945 3902 7946 3934 7946 3935 7946 3902 7947 3935 7947 3901 7947 3901 7948 3935 7948 3936 7948 3901 7949 3936 7949 3900 7949 3900 7950 3936 7950 3937 7950 3900 7951 3937 7951 3899 7951 3899 7952 3937 7952 3938 7952 3899 7953 3938 7953 3898 7953 3898 7954 3938 7954 3939 7954 3898 7955 3939 7955 3897 7955 3897 7956 3939 7956 3940 7956 3897 7957 3940 7957 3896 7957 3896 7958 3940 7958 3941 7958 3896 7959 3941 7959 3895 7959 3895 7960 3941 7960 3942 7960 3895 7961 3942 7961 3894 7961 3894 7962 3942 7962 3943 7962 3894 7963 3943 7963 3893 7963 3893 7964 3943 7964 3944 7964 3893 7965 3944 7965 3892 7965 3892 7966 3944 7966 3945 7966 3892 7967 3945 7967 3891 7967 3891 7968 3945 7968 3946 7968 3891 7969 3946 7969 3921 7969 3921 7970 3946 7970 3947 7970 3921 7971 3947 7971 3920 7971 3920 7972 3947 7972 3948 7972 3920 7973 3948 7973 3919 7973 3919 7974 3948 7974 3949 7974 3919 7975 3949 7975 3918 7975 3918 7976 3949 7976 3950 7976 3918 7977 3950 7977 3917 7977 3917 7978 3950 7978 3951 7978 3917 7979 3951 7979 3916 7979 3916 7980 3951 7980 3952 7980 3916 7981 3952 7981 3915 7981 3915 7982 3952 7982 3953 7982 3915 7983 3953 7983 3914 7983 3914 7984 3953 7984 3922 7984 3914 7985 3922 7985 3913 7985 3924 7986 3939 7986 3938 7986 3924 7987 3938 7987 3925 7987 3925 7988 3938 7988 3937 7988 3925 7989 3937 7989 3926 7989 3926 7990 3937 7990 3936 7990 3926 7991 3936 7991 3927 7991 3927 7992 3936 7992 3935 7992 3927 7993 3935 7993 3928 7993 3928 7994 3935 7994 3934 7994 3928 7995 3934 7995 3929 7995 3929 7996 3934 7996 3933 7996 3929 7997 3933 7997 3930 7997 3930 7998 3933 7998 3932 7998 3930 7999 3932 7999 3931 7999 3941 8000 3922 8000 3942 8000 3942 8001 3922 8001 3953 8001 3924 8002 3923 8002 3939 8002 3939 8003 3923 8003 3922 8003 3939 8004 3922 8004 3940 8004 3940 8005 3922 8005 3941 8005 3944 8006 3948 8006 3945 8006 3945 8007 3948 8007 3947 8007 3945 8008 3947 8008 3946 8008 3953 8009 3952 8009 3942 8009 3942 8010 3952 8010 3951 8010 3942 8011 3951 8011 3950 8011 3944 8012 3943 8012 3948 8012 3948 8013 3943 8013 3942 8013 3948 8014 3942 8014 3949 8014 3949 8015 3942 8015 3950 8015 3954 8016 3955 8016 3956 8016 3954 8017 3957 8017 3955 8017 3955 8018 3957 8018 3958 8018 3955 8019 3958 8019 3959 8019 3960 8020 3961 8020 3962 8020 3962 8021 3961 8021 3963 8021 3962 8022 3963 8022 3964 8022 3959 8023 3965 8023 3955 8023 3955 8024 3965 8024 3966 8024 3955 8025 3966 8025 3967 8025 3968 8026 3969 8026 3970 8026 3970 8027 3969 8027 3971 8027 3970 8028 3971 8028 3972 8028 3956 8029 3973 8029 3954 8029 3954 8030 3973 8030 3962 8030 3954 8031 3962 8031 3974 8031 3974 8032 3962 8032 3964 8032 3967 8033 3975 8033 3955 8033 3955 8034 3975 8034 3976 8034 3955 8035 3976 8035 3977 8035 3978 8036 3979 8036 3980 8036 3978 8037 3980 8037 3981 8037 3981 8038 3980 8038 3982 8038 3981 8039 3982 8039 3976 8039 3976 8040 3982 8040 3983 8040 3976 8041 3983 8041 3977 8041 3962 8042 3984 8042 3960 8042 3960 8043 3984 8043 3969 8043 3960 8044 3969 8044 3985 8044 3985 8045 3969 8045 3968 8045 3986 8046 3956 8046 3987 8046 3987 8047 3956 8047 3955 8047 3987 8048 3955 8048 3988 8048 3988 8049 3955 8049 3977 8049 3988 8050 3977 8050 3989 8050 3989 8051 3977 8051 3983 8051 3989 8052 3983 8052 3990 8052 3990 8053 3983 8053 3982 8053 3990 8054 3982 8054 3991 8054 3991 8055 3982 8055 3980 8055 3991 8056 3980 8056 3992 8056 3992 8057 3980 8057 3979 8057 3992 8058 3979 8058 3993 8058 3993 8059 3979 8059 3978 8059 3993 8060 3978 8060 3994 8060 3994 8061 3978 8061 3981 8061 3994 8062 3981 8062 3995 8062 3995 8063 3981 8063 3976 8063 3995 8064 3976 8064 3996 8064 3996 8065 3976 8065 3975 8065 3996 8066 3975 8066 3997 8066 3997 8067 3975 8067 3967 8067 3997 8068 3967 8068 3998 8068 3998 8069 3967 8069 3966 8069 3998 8070 3966 8070 3999 8070 3999 8071 3966 8071 3965 8071 3999 8072 3965 8072 4000 8072 4000 8073 3965 8073 3959 8073 4000 8074 3959 8074 4001 8074 4001 8075 3959 8075 3958 8075 4001 8076 3958 8076 4002 8076 4002 8077 3958 8077 3957 8077 4002 8078 3957 8078 4003 8078 4003 8079 3957 8079 3954 8079 4003 8080 3954 8080 4004 8080 4004 8081 3954 8081 3974 8081 4004 8082 3974 8082 4005 8082 4005 8083 3974 8083 3964 8083 4005 8084 3964 8084 4006 8084 4006 8085 3964 8085 3963 8085 4006 8086 3963 8086 4007 8086 4007 8087 3963 8087 3961 8087 4007 8088 3961 8088 4008 8088 4008 8089 3961 8089 3960 8089 4008 8090 3960 8090 4009 8090 4009 8091 3960 8091 3985 8091 4009 8092 3985 8092 4010 8092 4010 8093 3985 8093 3968 8093 4010 8094 3968 8094 4011 8094 4011 8095 3968 8095 3970 8095 4011 8096 3970 8096 4012 8096 4012 8097 3970 8097 3972 8097 4012 8098 3972 8098 4013 8098 4013 8099 3972 8099 3971 8099 4013 8100 3971 8100 4014 8100 4014 8101 3971 8101 3969 8101 4014 8102 3969 8102 4015 8102 4015 8103 3969 8103 3984 8103 4015 8104 3984 8104 4016 8104 4016 8105 3984 8105 3962 8105 4016 8106 3962 8106 4017 8106 4017 8107 3962 8107 3973 8107 4017 8108 3973 8108 3986 8108 3986 8109 3973 8109 3956 8109 4018 8110 3986 8110 4019 8110 4019 8111 3986 8111 3987 8111 4019 8112 3987 8112 4020 8112 4020 8113 3987 8113 3988 8113 4020 8114 3988 8114 4021 8114 4021 8115 3988 8115 3989 8115 4021 8116 3989 8116 4022 8116 4022 8117 3989 8117 3990 8117 4022 8118 3990 8118 4023 8118 4023 8119 3990 8119 3991 8119 4023 8120 3991 8120 4024 8120 4024 8121 3991 8121 3992 8121 4024 8122 3992 8122 4025 8122 4025 8123 3992 8123 3993 8123 4025 8124 3993 8124 4026 8124 4026 8125 3993 8125 3994 8125 4026 8126 3994 8126 4027 8126 4027 8127 3994 8127 3995 8127 4027 8128 3995 8128 4028 8128 4028 8129 3995 8129 3996 8129 4028 8130 3996 8130 4029 8130 4029 8131 3996 8131 3997 8131 4029 8132 3997 8132 4030 8132 4030 8133 3997 8133 3998 8133 4030 8134 3998 8134 4031 8134 4031 8135 3998 8135 3999 8135 4031 8136 3999 8136 4032 8136 4032 8137 3999 8137 4000 8137 4032 8138 4000 8138 4033 8138 4033 8139 4000 8139 4001 8139 4033 8140 4001 8140 4034 8140 4034 8141 4001 8141 4002 8141 4034 8142 4002 8142 4035 8142 4035 8143 4002 8143 4003 8143 4035 8144 4003 8144 4036 8144 4036 8145 4003 8145 4004 8145 4036 8146 4004 8146 4037 8146 4037 8147 4004 8147 4005 8147 4037 8148 4005 8148 4038 8148 4038 8149 4005 8149 4006 8149 4038 8150 4006 8150 4039 8150 4039 8151 4006 8151 4007 8151 4039 8152 4007 8152 4040 8152 4040 8153 4007 8153 4008 8153 4040 8154 4008 8154 4041 8154 4041 8155 4008 8155 4009 8155 4041 8156 4009 8156 4042 8156 4042 8157 4009 8157 4010 8157 4042 8158 4010 8158 4043 8158 4043 8159 4010 8159 4011 8159 4043 8160 4011 8160 4044 8160 4044 8161 4011 8161 4012 8161 4044 8162 4012 8162 4045 8162 4045 8163 4012 8163 4013 8163 4045 8164 4013 8164 4046 8164 4046 8165 4013 8165 4014 8165 4046 8166 4014 8166 4047 8166 4047 8167 4014 8167 4015 8167 4047 8168 4015 8168 4048 8168 4048 8169 4015 8169 4016 8169 4048 8170 4016 8170 4049 8170 4049 8171 4016 8171 4017 8171 4049 8172 4017 8172 4018 8172 4018 8173 4017 8173 3986 8173 4050 8174 4018 8174 4051 8174 4051 8175 4018 8175 4019 8175 4051 8176 4019 8176 4052 8176 4052 8177 4019 8177 4020 8177 4052 8178 4020 8178 4053 8178 4053 8179 4020 8179 4021 8179 4053 8180 4021 8180 4054 8180 4054 8181 4021 8181 4022 8181 4054 8182 4022 8182 4055 8182 4055 8183 4022 8183 4023 8183 4055 8184 4023 8184 4056 8184 4056 8185 4023 8185 4024 8185 4056 8186 4024 8186 4057 8186 4057 8187 4024 8187 4025 8187 4057 8188 4025 8188 4058 8188 4058 8189 4025 8189 4026 8189 4058 8190 4026 8190 4059 8190 4059 8191 4026 8191 4027 8191 4059 8192 4027 8192 4060 8192 4060 8193 4027 8193 4028 8193 4060 8194 4028 8194 4061 8194 4061 8195 4028 8195 4029 8195 4061 8196 4029 8196 4062 8196 4062 8197 4029 8197 4030 8197 4062 8198 4030 8198 4063 8198 4063 8199 4030 8199 4031 8199 4063 8200 4031 8200 4064 8200 4064 8201 4031 8201 4032 8201 4064 8202 4032 8202 4065 8202 4065 8203 4032 8203 4033 8203 4065 8204 4033 8204 4066 8204 4066 8205 4033 8205 4034 8205 4066 8206 4034 8206 4067 8206 4067 8207 4034 8207 4035 8207 4067 8208 4035 8208 4068 8208 4068 8209 4035 8209 4036 8209 4068 8210 4036 8210 4069 8210 4069 8211 4036 8211 4037 8211 4069 8212 4037 8212 4070 8212 4070 8213 4037 8213 4038 8213 4070 8214 4038 8214 4071 8214 4071 8215 4038 8215 4039 8215 4071 8216 4039 8216 4072 8216 4072 8217 4039 8217 4040 8217 4072 8218 4040 8218 4073 8218 4073 8219 4040 8219 4041 8219 4073 8220 4041 8220 4074 8220 4074 8221 4041 8221 4042 8221 4074 8222 4042 8222 4075 8222 4075 8223 4042 8223 4043 8223 4075 8224 4043 8224 4076 8224 4076 8225 4043 8225 4044 8225 4076 8226 4044 8226 4077 8226 4077 8227 4044 8227 4045 8227 4077 8228 4045 8228 4078 8228 4078 8229 4045 8229 4046 8229 4078 8230 4046 8230 4079 8230 4079 8231 4046 8231 4047 8231 4079 8232 4047 8232 4080 8232 4080 8233 4047 8233 4048 8233 4080 8234 4048 8234 4081 8234 4081 8235 4048 8235 4049 8235 4081 8236 4049 8236 4050 8236 4050 8237 4049 8237 4018 8237 4082 8238 4050 8238 4083 8238 4083 8239 4050 8239 4051 8239 4083 8240 4051 8240 4084 8240 4084 8241 4051 8241 4052 8241 4084 8242 4052 8242 4085 8242 4085 8243 4052 8243 4053 8243 4085 8244 4053 8244 4086 8244 4086 8245 4053 8245 4054 8245 4086 8246 4054 8246 4087 8246 4087 8247 4054 8247 4055 8247 4087 8248 4055 8248 4088 8248 4088 8249 4055 8249 4056 8249 4088 8250 4056 8250 4089 8250 4089 8251 4056 8251 4057 8251 4089 8252 4057 8252 4090 8252 4090 8253 4057 8253 4058 8253 4090 8254 4058 8254 4091 8254 4091 8255 4058 8255 4059 8255 4091 8256 4059 8256 4092 8256 4092 8257 4059 8257 4060 8257 4092 8258 4060 8258 4093 8258 4093 8259 4060 8259 4061 8259 4093 8260 4061 8260 4094 8260 4094 8261 4061 8261 4062 8261 4094 8262 4062 8262 4095 8262 4095 8263 4062 8263 4063 8263 4095 8264 4063 8264 4096 8264 4096 8265 4063 8265 4064 8265 4096 8266 4064 8266 4097 8266 4097 8267 4064 8267 4065 8267 4097 8268 4065 8268 4098 8268 4098 8269 4065 8269 4066 8269 4098 8270 4066 8270 4099 8270 4099 8271 4066 8271 4067 8271 4099 8272 4067 8272 4100 8272 4100 8273 4067 8273 4068 8273 4100 8274 4068 8274 4101 8274 4101 8275 4068 8275 4069 8275 4101 8276 4069 8276 4102 8276 4102 8277 4069 8277 4070 8277 4102 8278 4070 8278 4103 8278 4103 8279 4070 8279 4071 8279 4103 8280 4071 8280 4104 8280 4104 8281 4071 8281 4072 8281 4104 8282 4072 8282 4105 8282 4105 8283 4072 8283 4073 8283 4105 8284 4073 8284 4106 8284 4106 8285 4073 8285 4074 8285 4106 8286 4074 8286 4107 8286 4107 8287 4074 8287 4075 8287 4107 8288 4075 8288 4108 8288 4108 8289 4075 8289 4076 8289 4108 8290 4076 8290 4109 8290 4109 8291 4076 8291 4077 8291 4109 8292 4077 8292 4110 8292 4110 8293 4077 8293 4078 8293 4110 8294 4078 8294 4111 8294 4111 8295 4078 8295 4079 8295 4111 8296 4079 8296 4112 8296 4112 8297 4079 8297 4080 8297 4112 8298 4080 8298 4113 8298 4113 8299 4080 8299 4081 8299 4113 8300 4081 8300 4082 8300 4082 8301 4081 8301 4050 8301 4114 8302 4082 8302 4115 8302 4115 8303 4082 8303 4083 8303 4115 8304 4083 8304 4116 8304 4116 8305 4083 8305 4084 8305 4116 8306 4084 8306 4117 8306 4117 8307 4084 8307 4085 8307 4117 8308 4085 8308 4118 8308 4118 8309 4085 8309 4086 8309 4118 8310 4086 8310 4119 8310 4119 8311 4086 8311 4087 8311 4119 8312 4087 8312 4120 8312 4120 8313 4087 8313 4088 8313 4120 8314 4088 8314 4121 8314 4121 8315 4088 8315 4089 8315 4121 8316 4089 8316 4122 8316 4122 8317 4089 8317 4090 8317 4122 8318 4090 8318 4123 8318 4123 8319 4090 8319 4091 8319 4123 8320 4091 8320 4124 8320 4124 8321 4091 8321 4092 8321 4124 8322 4092 8322 4125 8322 4125 8323 4092 8323 4093 8323 4125 8324 4093 8324 4126 8324 4126 8325 4093 8325 4094 8325 4126 8326 4094 8326 4127 8326 4127 8327 4094 8327 4095 8327 4127 8328 4095 8328 4128 8328 4128 8329 4095 8329 4096 8329 4128 8330 4096 8330 4129 8330 4129 8331 4096 8331 4097 8331 4129 8332 4097 8332 4130 8332 4130 8333 4097 8333 4098 8333 4130 8334 4098 8334 4131 8334 4131 8335 4098 8335 4099 8335 4131 8336 4099 8336 4132 8336 4132 8337 4099 8337 4100 8337 4132 8338 4100 8338 4133 8338 4133 8339 4100 8339 4101 8339 4133 8340 4101 8340 4134 8340 4134 8341 4101 8341 4102 8341 4134 8342 4102 8342 4135 8342 4135 8343 4102 8343 4103 8343 4135 8344 4103 8344 4136 8344 4136 8345 4103 8345 4104 8345 4136 8346 4104 8346 4137 8346 4137 8347 4104 8347 4105 8347 4137 8348 4105 8348 4138 8348 4138 8349 4105 8349 4106 8349 4138 8350 4106 8350 4139 8350 4139 8351 4106 8351 4107 8351 4139 8352 4107 8352 4140 8352 4140 8353 4107 8353 4108 8353 4140 8354 4108 8354 4141 8354 4141 8355 4108 8355 4109 8355 4141 8356 4109 8356 4142 8356 4142 8357 4109 8357 4110 8357 4142 8358 4110 8358 4143 8358 4143 8359 4110 8359 4111 8359 4143 8360 4111 8360 4144 8360 4144 8361 4111 8361 4112 8361 4144 8362 4112 8362 4145 8362 4145 8363 4112 8363 4113 8363 4145 8364 4113 8364 4114 8364 4114 8365 4113 8365 4082 8365 4146 8366 4114 8366 4147 8366 4147 8367 4114 8367 4115 8367 4147 8368 4115 8368 4148 8368 4148 8369 4115 8369 4116 8369 4148 8370 4116 8370 4149 8370 4149 8371 4116 8371 4117 8371 4149 8372 4117 8372 4150 8372 4150 8373 4117 8373 4118 8373 4150 8374 4118 8374 4151 8374 4151 8375 4118 8375 4119 8375 4151 8376 4119 8376 4152 8376 4152 8377 4119 8377 4120 8377 4152 8378 4120 8378 4153 8378 4153 8379 4120 8379 4121 8379 4153 8380 4121 8380 4154 8380 4154 8381 4121 8381 4122 8381 4154 8382 4122 8382 4155 8382 4155 8383 4122 8383 4123 8383 4155 8384 4123 8384 4156 8384 4156 8385 4123 8385 4124 8385 4156 8386 4124 8386 4157 8386 4157 8387 4124 8387 4125 8387 4157 8388 4125 8388 4158 8388 4158 8389 4125 8389 4126 8389 4158 8390 4126 8390 4159 8390 4159 8391 4126 8391 4127 8391 4159 8392 4127 8392 4160 8392 4160 8393 4127 8393 4128 8393 4160 8394 4128 8394 4161 8394 4161 8395 4128 8395 4129 8395 4161 8396 4129 8396 4162 8396 4162 8397 4129 8397 4130 8397 4162 8398 4130 8398 4163 8398 4163 8399 4130 8399 4131 8399 4163 8400 4131 8400 4164 8400 4164 8401 4131 8401 4132 8401 4164 8402 4132 8402 4165 8402 4165 8403 4132 8403 4133 8403 4165 8404 4133 8404 4166 8404 4166 8405 4133 8405 4134 8405 4166 8406 4134 8406 4167 8406 4167 8407 4134 8407 4135 8407 4167 8408 4135 8408 4168 8408 4168 8409 4135 8409 4136 8409 4168 8410 4136 8410 4169 8410 4169 8411 4136 8411 4137 8411 4169 8412 4137 8412 4170 8412 4170 8413 4137 8413 4138 8413 4170 8414 4138 8414 4171 8414 4171 8415 4138 8415 4139 8415 4171 8416 4139 8416 4172 8416 4172 8417 4139 8417 4140 8417 4172 8418 4140 8418 4173 8418 4173 8419 4140 8419 4141 8419 4173 8420 4141 8420 4174 8420 4174 8421 4141 8421 4142 8421 4174 8422 4142 8422 4175 8422 4175 8423 4142 8423 4143 8423 4175 8424 4143 8424 4176 8424 4176 8425 4143 8425 4144 8425 4176 8426 4144 8426 4177 8426 4177 8427 4144 8427 4145 8427 4177 8428 4145 8428 4146 8428 4146 8429 4145 8429 4114 8429 4178 8430 4146 8430 4179 8430 4179 8431 4146 8431 4147 8431 4179 8432 4147 8432 4180 8432 4180 8433 4147 8433 4148 8433 4180 8434 4148 8434 4181 8434 4181 8435 4148 8435 4149 8435 4181 8436 4149 8436 4182 8436 4182 8437 4149 8437 4150 8437 4182 8438 4150 8438 4183 8438 4183 8439 4150 8439 4151 8439 4183 8440 4151 8440 4184 8440 4184 8441 4151 8441 4152 8441 4184 8442 4152 8442 4185 8442 4185 8443 4152 8443 4153 8443 4185 8444 4153 8444 4186 8444 4186 8445 4153 8445 4154 8445 4186 8446 4154 8446 4187 8446 4187 8447 4154 8447 4155 8447 4187 8448 4155 8448 4188 8448 4188 8449 4155 8449 4156 8449 4188 8450 4156 8450 4189 8450 4189 8451 4156 8451 4157 8451 4189 8452 4157 8452 4190 8452 4190 8453 4157 8453 4158 8453 4190 8454 4158 8454 4191 8454 4191 8455 4158 8455 4159 8455 4191 8456 4159 8456 4192 8456 4192 8457 4159 8457 4160 8457 4192 8458 4160 8458 4193 8458 4193 8459 4160 8459 4161 8459 4193 8460 4161 8460 4194 8460 4194 8461 4161 8461 4162 8461 4194 8462 4162 8462 4195 8462 4195 8463 4162 8463 4163 8463 4195 8464 4163 8464 4196 8464 4196 8465 4163 8465 4164 8465 4196 8466 4164 8466 4197 8466 4197 8467 4164 8467 4165 8467 4197 8468 4165 8468 4198 8468 4198 8469 4165 8469 4166 8469 4198 8470 4166 8470 4199 8470 4199 8471 4166 8471 4167 8471 4199 8472 4167 8472 4200 8472 4200 8473 4167 8473 4168 8473 4200 8474 4168 8474 4201 8474 4201 8475 4168 8475 4169 8475 4201 8476 4169 8476 4202 8476 4202 8477 4169 8477 4170 8477 4202 8478 4170 8478 4203 8478 4203 8479 4170 8479 4171 8479 4203 8480 4171 8480 4204 8480 4204 8481 4171 8481 4172 8481 4204 8482 4172 8482 4205 8482 4205 8483 4172 8483 4173 8483 4205 8484 4173 8484 4206 8484 4206 8485 4173 8485 4174 8485 4206 8486 4174 8486 4207 8486 4207 8487 4174 8487 4175 8487 4207 8488 4175 8488 4208 8488 4208 8489 4175 8489 4176 8489 4208 8490 4176 8490 4209 8490 4209 8491 4176 8491 4177 8491 4209 8492 4177 8492 4178 8492 4178 8493 4177 8493 4146 8493 4210 8494 4178 8494 4211 8494 4211 8495 4178 8495 4179 8495 4211 8496 4179 8496 4212 8496 4212 8497 4179 8497 4180 8497 4212 8498 4180 8498 4213 8498 4213 8499 4180 8499 4181 8499 4213 8500 4181 8500 4214 8500 4214 8501 4181 8501 4182 8501 4214 8502 4182 8502 4215 8502 4215 8503 4182 8503 4183 8503 4215 8504 4183 8504 4216 8504 4216 8505 4183 8505 4184 8505 4216 8506 4184 8506 4217 8506 4217 8507 4184 8507 4185 8507 4217 8508 4185 8508 4218 8508 4218 8509 4185 8509 4186 8509 4218 8510 4186 8510 4219 8510 4219 8511 4186 8511 4187 8511 4219 8512 4187 8512 4220 8512 4220 8513 4187 8513 4188 8513 4220 8514 4188 8514 4221 8514 4221 8515 4188 8515 4189 8515 4221 8516 4189 8516 4222 8516 4222 8517 4189 8517 4190 8517 4222 8518 4190 8518 4223 8518 4223 8519 4190 8519 4191 8519 4223 8520 4191 8520 4224 8520 4224 8521 4191 8521 4192 8521 4224 8522 4192 8522 4225 8522 4225 8523 4192 8523 4193 8523 4225 8524 4193 8524 4226 8524 4226 8525 4193 8525 4194 8525 4226 8526 4194 8526 4227 8526 4227 8527 4194 8527 4195 8527 4227 8528 4195 8528 4228 8528 4228 8529 4195 8529 4196 8529 4228 8530 4196 8530 4229 8530 4229 8531 4196 8531 4197 8531 4229 8532 4197 8532 4230 8532 4230 8533 4197 8533 4198 8533 4230 8534 4198 8534 4231 8534 4231 8535 4198 8535 4199 8535 4231 8536 4199 8536 4232 8536 4232 8537 4199 8537 4200 8537 4232 8538 4200 8538 4233 8538 4233 8539 4200 8539 4201 8539 4233 8540 4201 8540 4234 8540 4234 8541 4201 8541 4202 8541 4234 8542 4202 8542 4235 8542 4235 8543 4202 8543 4203 8543 4235 8544 4203 8544 4236 8544 4236 8545 4203 8545 4204 8545 4236 8546 4204 8546 4237 8546 4237 8547 4204 8547 4205 8547 4237 8548 4205 8548 4238 8548 4238 8549 4205 8549 4206 8549 4238 8550 4206 8550 4239 8550 4239 8551 4206 8551 4207 8551 4239 8552 4207 8552 4240 8552 4240 8553 4207 8553 4208 8553 4240 8554 4208 8554 4241 8554 4241 8555 4208 8555 4209 8555 4241 8556 4209 8556 4210 8556 4210 8557 4209 8557 4178 8557 4242 8558 4210 8558 4243 8558 4243 8559 4210 8559 4211 8559 4243 8560 4211 8560 4244 8560 4244 8561 4211 8561 4212 8561 4244 8562 4212 8562 4245 8562 4245 8563 4212 8563 4213 8563 4245 8564 4213 8564 4246 8564 4246 8565 4213 8565 4214 8565 4246 8566 4214 8566 4247 8566 4247 8567 4214 8567 4215 8567 4247 8568 4215 8568 4248 8568 4248 8569 4215 8569 4216 8569 4248 8570 4216 8570 4249 8570 4249 8571 4216 8571 4217 8571 4249 8572 4217 8572 4250 8572 4250 8573 4217 8573 4218 8573 4250 8574 4218 8574 4251 8574 4251 8575 4218 8575 4219 8575 4251 8576 4219 8576 4252 8576 4252 8577 4219 8577 4220 8577 4252 8578 4220 8578 4253 8578 4253 8579 4220 8579 4221 8579 4253 8580 4221 8580 4254 8580 4254 8581 4221 8581 4222 8581 4254 8582 4222 8582 4255 8582 4255 8583 4222 8583 4223 8583 4255 8584 4223 8584 4256 8584 4256 8585 4223 8585 4224 8585 4256 8586 4224 8586 4257 8586 4257 8587 4224 8587 4225 8587 4257 8588 4225 8588 4258 8588 4258 8589 4225 8589 4226 8589 4258 8590 4226 8590 4259 8590 4259 8591 4226 8591 4227 8591 4259 8592 4227 8592 4260 8592 4260 8593 4227 8593 4228 8593 4260 8594 4228 8594 4261 8594 4261 8595 4228 8595 4229 8595 4261 8596 4229 8596 4262 8596 4262 8597 4229 8597 4230 8597 4262 8598 4230 8598 4263 8598 4263 8599 4230 8599 4231 8599 4263 8600 4231 8600 4264 8600 4264 8601 4231 8601 4232 8601 4264 8602 4232 8602 4265 8602 4265 8603 4232 8603 4233 8603 4265 8604 4233 8604 4266 8604 4266 8605 4233 8605 4234 8605 4266 8606 4234 8606 4267 8606 4267 8607 4234 8607 4235 8607 4267 8608 4235 8608 4268 8608 4268 8609 4235 8609 4236 8609 4268 8610 4236 8610 4269 8610 4269 8611 4236 8611 4237 8611 4269 8612 4237 8612 4270 8612 4270 8613 4237 8613 4238 8613 4270 8614 4238 8614 4271 8614 4271 8615 4238 8615 4239 8615 4271 8616 4239 8616 4272 8616 4272 8617 4239 8617 4240 8617 4272 8618 4240 8618 4273 8618 4273 8619 4240 8619 4241 8619 4273 8620 4241 8620 4242 8620 4242 8621 4241 8621 4210 8621 4247 8622 4248 8622 4256 8622 4256 8623 4257 8623 4243 8623 4243 8624 4257 8624 4258 8624 4243 8625 4258 8625 4259 8625 4263 8626 4264 8626 4243 8626 4269 8627 4270 8627 4243 8627 4243 8628 4244 8628 4245 8628 4243 8629 4245 8629 4256 8629 4256 8630 4245 8630 4246 8630 4256 8631 4246 8631 4247 8631 4248 8632 4249 8632 4250 8632 4262 8633 4263 8633 4261 8633 4261 8634 4263 8634 4243 8634 4261 8635 4243 8635 4260 8635 4260 8636 4243 8636 4259 8636 4268 8637 4269 8637 4267 8637 4267 8638 4269 8638 4243 8638 4267 8639 4243 8639 4266 8639 4266 8640 4243 8640 4264 8640 4266 8641 4264 8641 4265 8641 4248 8642 4250 8642 4256 8642 4256 8643 4250 8643 4251 8643 4256 8644 4251 8644 4252 8644 4252 8645 4253 8645 4256 8645 4256 8646 4253 8646 4254 8646 4256 8647 4254 8647 4255 8647 4270 8648 4271 8648 4243 8648 4243 8649 4271 8649 4272 8649 4243 8650 4272 8650 4242 8650 4242 8651 4272 8651 4273 8651 4274 8652 4275 8652 4276 8652 4276 8653 4275 8653 4277 8653 4276 8654 4277 8654 4278 8654 4278 8655 4277 8655 4279 8655 4278 8656 4279 8656 4280 8656 4280 8657 4279 8657 4281 8657 4280 8658 4281 8658 4282 8658 4282 8659 4281 8659 4283 8659 4282 8660 4283 8660 4284 8660 4284 8661 4283 8661 4285 8661 4284 8662 4285 8662 4286 8662 4286 8663 4285 8663 4287 8663 4286 8664 4287 8664 4288 8664 4288 8665 4287 8665 4289 8665 4288 8666 4289 8666 4290 8666 4274 8667 4291 8667 4275 8667 4275 8668 4291 8668 4292 8668 4275 8669 4292 8669 4293 8669 4293 8670 4294 8670 4275 8670 4275 8671 4294 8671 4295 8671 4275 8672 4295 8672 4296 8672 4296 8673 4297 8673 4275 8673 4275 8674 4297 8674 4298 8674 4275 8675 4298 8675 4299 8675 4299 8676 4300 8676 4275 8676 4275 8677 4300 8677 4301 8677 4275 8678 4301 8678 4302 8678 4302 8679 4303 8679 4275 8679 4275 8680 4303 8680 4304 8680 4275 8681 4304 8681 4305 8681 4292 8682 4291 8682 4306 8682 4306 8683 4291 8683 4274 8683 4306 8684 4274 8684 4307 8684 4307 8685 4274 8685 4276 8685 4307 8686 4276 8686 4308 8686 4308 8687 4276 8687 4278 8687 4308 8688 4278 8688 4309 8688 4309 8689 4278 8689 4280 8689 4309 8690 4280 8690 4310 8690 4310 8691 4280 8691 4282 8691 4310 8692 4282 8692 4311 8692 4311 8693 4282 8693 4284 8693 4311 8694 4284 8694 4312 8694 4312 8695 4284 8695 4286 8695 4312 8696 4286 8696 4313 8696 4313 8697 4286 8697 4288 8697 4313 8698 4288 8698 4314 8698 4314 8699 4288 8699 4290 8699 4314 8700 4290 8700 4315 8700 4315 8701 4290 8701 4289 8701 4315 8702 4289 8702 4316 8702 4316 8703 4289 8703 4287 8703 4316 8704 4287 8704 4317 8704 4317 8705 4287 8705 4285 8705 4317 8706 4285 8706 4318 8706 4318 8707 4285 8707 4283 8707 4318 8708 4283 8708 4319 8708 4319 8709 4283 8709 4281 8709 4319 8710 4281 8710 4320 8710 4320 8711 4281 8711 4279 8711 4320 8712 4279 8712 4321 8712 4321 8713 4279 8713 4277 8713 4321 8714 4277 8714 4322 8714 4322 8715 4277 8715 4275 8715 4322 8716 4275 8716 4323 8716 4323 8717 4275 8717 4305 8717 4323 8718 4305 8718 4324 8718 4324 8719 4305 8719 4304 8719 4324 8720 4304 8720 4325 8720 4325 8721 4304 8721 4303 8721 4325 8722 4303 8722 4326 8722 4326 8723 4303 8723 4302 8723 4326 8724 4302 8724 4327 8724 4327 8725 4302 8725 4301 8725 4327 8726 4301 8726 4328 8726 4328 8727 4301 8727 4300 8727 4328 8728 4300 8728 4329 8728 4329 8729 4300 8729 4299 8729 4329 8730 4299 8730 4330 8730 4330 8731 4299 8731 4298 8731 4330 8732 4298 8732 4331 8732 4331 8733 4298 8733 4297 8733 4331 8734 4297 8734 4332 8734 4332 8735 4297 8735 4296 8735 4332 8736 4296 8736 4333 8736 4333 8737 4296 8737 4295 8737 4333 8738 4295 8738 4334 8738 4334 8739 4295 8739 4294 8739 4334 8740 4294 8740 4335 8740 4335 8741 4294 8741 4293 8741 4335 8742 4293 8742 4336 8742 4336 8743 4293 8743 4292 8743 4336 8744 4292 8744 4306 8744 4337 8745 4315 8745 4338 8745 4338 8746 4315 8746 4316 8746 4338 8747 4316 8747 4339 8747 4339 8748 4316 8748 4317 8748 4339 8749 4317 8749 4340 8749 4340 8750 4317 8750 4318 8750 4340 8751 4318 8751 4341 8751 4341 8752 4318 8752 4319 8752 4341 8753 4319 8753 4342 8753 4342 8754 4319 8754 4320 8754 4342 8755 4320 8755 4343 8755 4343 8756 4320 8756 4321 8756 4343 8757 4321 8757 4344 8757 4344 8758 4321 8758 4322 8758 4344 8759 4322 8759 4345 8759 4345 8760 4322 8760 4323 8760 4345 8761 4323 8761 4346 8761 4346 8762 4323 8762 4324 8762 4346 8763 4324 8763 4347 8763 4347 8764 4324 8764 4325 8764 4347 8765 4325 8765 4348 8765 4348 8766 4325 8766 4326 8766 4348 8767 4326 8767 4349 8767 4349 8768 4326 8768 4327 8768 4349 8769 4327 8769 4350 8769 4350 8770 4327 8770 4328 8770 4350 8771 4328 8771 4351 8771 4351 8772 4328 8772 4329 8772 4351 8773 4329 8773 4352 8773 4352 8774 4329 8774 4330 8774 4352 8775 4330 8775 4353 8775 4353 8776 4330 8776 4331 8776 4353 8777 4331 8777 4354 8777 4354 8778 4331 8778 4332 8778 4354 8779 4332 8779 4355 8779 4355 8780 4332 8780 4333 8780 4355 8781 4333 8781 4356 8781 4356 8782 4333 8782 4334 8782 4356 8783 4334 8783 4357 8783 4357 8784 4334 8784 4335 8784 4357 8785 4335 8785 4358 8785 4358 8786 4335 8786 4336 8786 4358 8787 4336 8787 4359 8787 4359 8788 4336 8788 4306 8788 4359 8789 4306 8789 4360 8789 4360 8790 4306 8790 4307 8790 4360 8791 4307 8791 4361 8791 4361 8792 4307 8792 4308 8792 4361 8793 4308 8793 4362 8793 4362 8794 4308 8794 4309 8794 4362 8795 4309 8795 4363 8795 4363 8796 4309 8796 4310 8796 4363 8797 4310 8797 4364 8797 4364 8798 4310 8798 4311 8798 4364 8799 4311 8799 4365 8799 4365 8800 4311 8800 4312 8800 4365 8801 4312 8801 4366 8801 4366 8802 4312 8802 4313 8802 4366 8803 4313 8803 4367 8803 4367 8804 4313 8804 4314 8804 4367 8805 4314 8805 4337 8805 4337 8806 4314 8806 4315 8806 4368 8807 4337 8807 4369 8807 4369 8808 4337 8808 4338 8808 4369 8809 4338 8809 4370 8809 4370 8810 4338 8810 4339 8810 4370 8811 4339 8811 4371 8811 4371 8812 4339 8812 4340 8812 4371 8813 4340 8813 4372 8813 4372 8814 4340 8814 4341 8814 4372 8815 4341 8815 4373 8815 4373 8816 4341 8816 4342 8816 4373 8817 4342 8817 4374 8817 4374 8818 4342 8818 4343 8818 4374 8819 4343 8819 4375 8819 4375 8820 4343 8820 4344 8820 4375 8821 4344 8821 4376 8821 4376 8822 4344 8822 4345 8822 4376 8823 4345 8823 4377 8823 4377 8824 4345 8824 4346 8824 4377 8825 4346 8825 4378 8825 4378 8826 4346 8826 4347 8826 4378 8827 4347 8827 4379 8827 4379 8828 4347 8828 4348 8828 4379 8829 4348 8829 4380 8829 4380 8830 4348 8830 4349 8830 4380 8831 4349 8831 4381 8831 4381 8832 4349 8832 4350 8832 4381 8833 4350 8833 4382 8833 4382 8834 4350 8834 4351 8834 4382 8835 4351 8835 4383 8835 4383 8836 4351 8836 4352 8836 4383 8837 4352 8837 4384 8837 4384 8838 4352 8838 4353 8838 4384 8839 4353 8839 4385 8839 4385 8840 4353 8840 4354 8840 4385 8841 4354 8841 4386 8841 4386 8842 4354 8842 4355 8842 4386 8843 4355 8843 4387 8843 4387 8844 4355 8844 4356 8844 4387 8845 4356 8845 4388 8845 4388 8846 4356 8846 4357 8846 4388 8847 4357 8847 4389 8847 4389 8848 4357 8848 4358 8848 4389 8849 4358 8849 4390 8849 4390 8850 4358 8850 4359 8850 4390 8851 4359 8851 4391 8851 4391 8852 4359 8852 4360 8852 4391 8853 4360 8853 4392 8853 4392 8854 4360 8854 4361 8854 4392 8855 4361 8855 4393 8855 4393 8856 4361 8856 4362 8856 4393 8857 4362 8857 4394 8857 4394 8858 4362 8858 4363 8858 4394 8859 4363 8859 4395 8859 4395 8860 4363 8860 4364 8860 4395 8861 4364 8861 4396 8861 4396 8862 4364 8862 4365 8862 4396 8863 4365 8863 4397 8863 4397 8864 4365 8864 4366 8864 4397 8865 4366 8865 4398 8865 4398 8866 4366 8866 4367 8866 4398 8867 4367 8867 4368 8867 4368 8868 4367 8868 4337 8868 4399 8869 4368 8869 4400 8869 4400 8870 4368 8870 4369 8870 4400 8871 4369 8871 4401 8871 4401 8872 4369 8872 4370 8872 4401 8873 4370 8873 4402 8873 4402 8874 4370 8874 4371 8874 4402 8875 4371 8875 4403 8875 4403 8876 4371 8876 4372 8876 4403 8877 4372 8877 4404 8877 4404 8878 4372 8878 4373 8878 4404 8879 4373 8879 4405 8879 4405 8880 4373 8880 4374 8880 4405 8881 4374 8881 4406 8881 4406 8882 4374 8882 4375 8882 4406 8883 4375 8883 4407 8883 4407 8884 4375 8884 4376 8884 4407 8885 4376 8885 4408 8885 4408 8886 4376 8886 4377 8886 4408 8887 4377 8887 4409 8887 4409 8888 4377 8888 4378 8888 4409 8889 4378 8889 4410 8889 4410 8890 4378 8890 4379 8890 4410 8891 4379 8891 4411 8891 4411 8892 4379 8892 4380 8892 4411 8893 4380 8893 4412 8893 4412 8894 4380 8894 4381 8894 4412 8895 4381 8895 4413 8895 4413 8896 4381 8896 4382 8896 4413 8897 4382 8897 4414 8897 4414 8898 4382 8898 4383 8898 4414 8899 4383 8899 4415 8899 4415 8900 4383 8900 4384 8900 4415 8901 4384 8901 4416 8901 4416 8902 4384 8902 4385 8902 4416 8903 4385 8903 4417 8903 4417 8904 4385 8904 4386 8904 4417 8905 4386 8905 4418 8905 4418 8906 4386 8906 4387 8906 4418 8907 4387 8907 4419 8907 4419 8908 4387 8908 4388 8908 4419 8909 4388 8909 4420 8909 4420 8910 4388 8910 4389 8910 4420 8911 4389 8911 4421 8911 4421 8912 4389 8912 4390 8912 4421 8913 4390 8913 4422 8913 4422 8914 4390 8914 4391 8914 4422 8915 4391 8915 4423 8915 4423 8916 4391 8916 4392 8916 4423 8917 4392 8917 4424 8917 4424 8918 4392 8918 4393 8918 4424 8919 4393 8919 4425 8919 4425 8920 4393 8920 4394 8920 4425 8921 4394 8921 4426 8921 4426 8922 4394 8922 4395 8922 4426 8923 4395 8923 4427 8923 4427 8924 4395 8924 4396 8924 4427 8925 4396 8925 4428 8925 4428 8926 4396 8926 4397 8926 4428 8927 4397 8927 4429 8927 4429 8928 4397 8928 4398 8928 4429 8929 4398 8929 4399 8929 4399 8930 4398 8930 4368 8930 4430 8931 4399 8931 4431 8931 4431 8932 4399 8932 4400 8932 4431 8933 4400 8933 4432 8933 4432 8934 4400 8934 4401 8934 4432 8935 4401 8935 4433 8935 4433 8936 4401 8936 4402 8936 4433 8937 4402 8937 4434 8937 4434 8938 4402 8938 4403 8938 4434 8939 4403 8939 4435 8939 4435 8940 4403 8940 4404 8940 4435 8941 4404 8941 4436 8941 4436 8942 4404 8942 4405 8942 4436 8943 4405 8943 4437 8943 4437 8944 4405 8944 4406 8944 4437 8945 4406 8945 4438 8945 4438 8946 4406 8946 4407 8946 4438 8947 4407 8947 4439 8947 4439 8948 4407 8948 4408 8948 4439 8949 4408 8949 4440 8949 4440 8950 4408 8950 4409 8950 4440 8951 4409 8951 4441 8951 4441 8952 4409 8952 4410 8952 4441 8953 4410 8953 4442 8953 4442 8954 4410 8954 4411 8954 4442 8955 4411 8955 4443 8955 4443 8956 4411 8956 4412 8956 4443 8957 4412 8957 4444 8957 4444 8958 4412 8958 4413 8958 4444 8959 4413 8959 4445 8959 4445 8960 4413 8960 4414 8960 4445 8961 4414 8961 4446 8961 4446 8962 4414 8962 4415 8962 4446 8963 4415 8963 4447 8963 4447 8964 4415 8964 4416 8964 4447 8965 4416 8965 4448 8965 4448 8966 4416 8966 4417 8966 4448 8967 4417 8967 4449 8967 4449 8968 4417 8968 4418 8968 4449 8969 4418 8969 4450 8969 4450 8970 4418 8970 4419 8970 4450 8971 4419 8971 4451 8971 4451 8972 4419 8972 4420 8972 4451 8973 4420 8973 4452 8973 4452 8974 4420 8974 4421 8974 4452 8975 4421 8975 4453 8975 4453 8976 4421 8976 4422 8976 4453 8977 4422 8977 4454 8977 4454 8978 4422 8978 4423 8978 4454 8979 4423 8979 4455 8979 4455 8980 4423 8980 4424 8980 4455 8981 4424 8981 4456 8981 4456 8982 4424 8982 4425 8982 4456 8983 4425 8983 4457 8983 4457 8984 4425 8984 4426 8984 4457 8985 4426 8985 4458 8985 4458 8986 4426 8986 4427 8986 4458 8987 4427 8987 4459 8987 4459 8988 4427 8988 4428 8988 4459 8989 4428 8989 4460 8989 4460 8990 4428 8990 4429 8990 4460 8991 4429 8991 4430 8991 4430 8992 4429 8992 4399 8992 4461 8993 4430 8993 4462 8993 4462 8994 4430 8994 4431 8994 4462 8995 4431 8995 4463 8995 4463 8996 4431 8996 4432 8996 4463 8997 4432 8997 4464 8997 4464 8998 4432 8998 4433 8998 4464 8999 4433 8999 4465 8999 4465 9000 4433 9000 4434 9000 4465 9001 4434 9001 4466 9001 4466 9002 4434 9002 4435 9002 4466 9003 4435 9003 4467 9003 4467 9004 4435 9004 4436 9004 4467 9005 4436 9005 4468 9005 4468 9006 4436 9006 4437 9006 4468 9007 4437 9007 4469 9007 4469 9008 4437 9008 4438 9008 4469 9009 4438 9009 4470 9009 4470 9010 4438 9010 4439 9010 4470 9011 4439 9011 4471 9011 4471 9012 4439 9012 4440 9012 4471 9013 4440 9013 4472 9013 4472 9014 4440 9014 4441 9014 4472 9015 4441 9015 4473 9015 4473 9016 4441 9016 4442 9016 4473 9017 4442 9017 4474 9017 4474 9018 4442 9018 4443 9018 4474 9019 4443 9019 4475 9019 4475 9020 4443 9020 4444 9020 4475 9021 4444 9021 4476 9021 4476 9022 4444 9022 4445 9022 4476 9023 4445 9023 4477 9023 4477 9024 4445 9024 4446 9024 4477 9025 4446 9025 4478 9025 4478 9026 4446 9026 4447 9026 4478 9027 4447 9027 4479 9027 4479 9028 4447 9028 4448 9028 4479 9029 4448 9029 4480 9029 4480 9030 4448 9030 4449 9030 4480 9031 4449 9031 4481 9031 4481 9032 4449 9032 4450 9032 4481 9033 4450 9033 4482 9033 4482 9034 4450 9034 4451 9034 4482 9035 4451 9035 4483 9035 4483 9036 4451 9036 4452 9036 4483 9037 4452 9037 4484 9037 4484 9038 4452 9038 4453 9038 4484 9039 4453 9039 4485 9039 4485 9040 4453 9040 4454 9040 4485 9041 4454 9041 4486 9041 4486 9042 4454 9042 4455 9042 4486 9043 4455 9043 4487 9043 4487 9044 4455 9044 4456 9044 4487 9045 4456 9045 4488 9045 4488 9046 4456 9046 4457 9046 4488 9047 4457 9047 4489 9047 4489 9048 4457 9048 4458 9048 4489 9049 4458 9049 4490 9049 4490 9050 4458 9050 4459 9050 4490 9051 4459 9051 4491 9051 4491 9052 4459 9052 4460 9052 4491 9053 4460 9053 4461 9053 4461 9054 4460 9054 4430 9054 4492 9055 4461 9055 4493 9055 4493 9056 4461 9056 4462 9056 4493 9057 4462 9057 4494 9057 4494 9058 4462 9058 4463 9058 4494 9059 4463 9059 4495 9059 4495 9060 4463 9060 4464 9060 4495 9061 4464 9061 4496 9061 4496 9062 4464 9062 4465 9062 4496 9063 4465 9063 4497 9063 4497 9064 4465 9064 4466 9064 4497 9065 4466 9065 4498 9065 4498 9066 4466 9066 4467 9066 4498 9067 4467 9067 4499 9067 4499 9068 4467 9068 4468 9068 4499 9069 4468 9069 4500 9069 4500 9070 4468 9070 4469 9070 4500 9071 4469 9071 4501 9071 4501 9072 4469 9072 4470 9072 4501 9073 4470 9073 4502 9073 4502 9074 4470 9074 4471 9074 4502 9075 4471 9075 4503 9075 4503 9076 4471 9076 4472 9076 4503 9077 4472 9077 4504 9077 4504 9078 4472 9078 4473 9078 4504 9079 4473 9079 4505 9079 4505 9080 4473 9080 4474 9080 4505 9081 4474 9081 4506 9081 4506 9082 4474 9082 4475 9082 4506 9083 4475 9083 4507 9083 4507 9084 4475 9084 4476 9084 4507 9085 4476 9085 4508 9085 4508 9086 4476 9086 4477 9086 4508 9087 4477 9087 4509 9087 4509 9088 4477 9088 4478 9088 4509 9089 4478 9089 4510 9089 4510 9090 4478 9090 4479 9090 4510 9091 4479 9091 4511 9091 4511 9092 4479 9092 4480 9092 4511 9093 4480 9093 4512 9093 4512 9094 4480 9094 4481 9094 4512 9095 4481 9095 4513 9095 4513 9096 4481 9096 4482 9096 4513 9097 4482 9097 4514 9097 4514 9098 4482 9098 4483 9098 4514 9099 4483 9099 4515 9099 4515 9100 4483 9100 4484 9100 4515 9101 4484 9101 4516 9101 4516 9102 4484 9102 4485 9102 4516 9103 4485 9103 4517 9103 4517 9104 4485 9104 4486 9104 4517 9105 4486 9105 4518 9105 4518 9106 4486 9106 4487 9106 4518 9107 4487 9107 4519 9107 4519 9108 4487 9108 4488 9108 4519 9109 4488 9109 4520 9109 4520 9110 4488 9110 4489 9110 4520 9111 4489 9111 4521 9111 4521 9112 4489 9112 4490 9112 4521 9113 4490 9113 4522 9113 4522 9114 4490 9114 4491 9114 4522 9115 4491 9115 4492 9115 4492 9116 4491 9116 4461 9116 4523 9117 4524 9117 4514 9117 4514 9118 4524 9118 4525 9118 4514 9119 4525 9119 4513 9119 4513 9120 4525 9120 4526 9120 4513 9121 4526 9121 4512 9121 4512 9122 4526 9122 4527 9122 4512 9123 4527 9123 4511 9123 4511 9124 4527 9124 4528 9124 4511 9125 4528 9125 4510 9125 4510 9126 4528 9126 4529 9126 4510 9127 4529 9127 4509 9127 4509 9128 4529 9128 4530 9128 4509 9129 4530 9129 4508 9129 4508 9130 4530 9130 4531 9130 4508 9131 4531 9131 4507 9131 4507 9132 4531 9132 4532 9132 4507 9133 4532 9133 4506 9133 4506 9134 4532 9134 4533 9134 4506 9135 4533 9135 4505 9135 4505 9136 4533 9136 4534 9136 4505 9137 4534 9137 4504 9137 4504 9138 4534 9138 4535 9138 4504 9139 4535 9139 4503 9139 4503 9140 4535 9140 4536 9140 4503 9141 4536 9141 4502 9141 4502 9142 4536 9142 4537 9142 4502 9143 4537 9143 4501 9143 4501 9144 4537 9144 4538 9144 4501 9145 4538 9145 4500 9145 4500 9146 4538 9146 4539 9146 4500 9147 4539 9147 4499 9147 4499 9148 4539 9148 4540 9148 4499 9149 4540 9149 4498 9149 4498 9150 4540 9150 4541 9150 4498 9151 4541 9151 4497 9151 4497 9152 4541 9152 4542 9152 4497 9153 4542 9153 4496 9153 4496 9154 4542 9154 4543 9154 4496 9155 4543 9155 4495 9155 4495 9156 4543 9156 4544 9156 4495 9157 4544 9157 4494 9157 4494 9158 4544 9158 4545 9158 4494 9159 4545 9159 4493 9159 4493 9160 4545 9160 4546 9160 4493 9161 4546 9161 4492 9161 4492 9162 4546 9162 4547 9162 4492 9163 4547 9163 4522 9163 4522 9164 4547 9164 4548 9164 4522 9165 4548 9165 4521 9165 4521 9166 4548 9166 4549 9166 4521 9167 4549 9167 4520 9167 4520 9168 4549 9168 4550 9168 4520 9169 4550 9169 4519 9169 4519 9170 4550 9170 4551 9170 4519 9171 4551 9171 4518 9171 4518 9172 4551 9172 4552 9172 4518 9173 4552 9173 4517 9173 4517 9174 4552 9174 4553 9174 4517 9175 4553 9175 4516 9175 4516 9176 4553 9176 4554 9176 4516 9177 4554 9177 4515 9177 4515 9178 4554 9178 4523 9178 4515 9179 4523 9179 4514 9179 4525 9180 4540 9180 4539 9180 4525 9181 4539 9181 4526 9181 4526 9182 4539 9182 4538 9182 4526 9183 4538 9183 4527 9183 4527 9184 4538 9184 4537 9184 4527 9185 4537 9185 4528 9185 4528 9186 4537 9186 4536 9186 4528 9187 4536 9187 4529 9187 4529 9188 4536 9188 4535 9188 4529 9189 4535 9189 4530 9189 4530 9190 4535 9190 4534 9190 4530 9191 4534 9191 4531 9191 4531 9192 4534 9192 4533 9192 4531 9193 4533 9193 4532 9193 4544 9194 4543 9194 4523 9194 4525 9195 4524 9195 4540 9195 4540 9196 4524 9196 4523 9196 4540 9197 4523 9197 4541 9197 4541 9198 4523 9198 4543 9198 4541 9199 4543 9199 4542 9199 4550 9200 4549 9200 4548 9200 4548 9201 4523 9201 4554 9201 4545 9202 4544 9202 4546 9202 4546 9203 4544 9203 4523 9203 4546 9204 4523 9204 4547 9204 4547 9205 4523 9205 4548 9205 4551 9206 4550 9206 4552 9206 4552 9207 4550 9207 4548 9207 4552 9208 4548 9208 4553 9208 4553 9209 4548 9209 4554 9209 4555 9210 4556 9210 4557 9210 4555 9211 4557 9211 4558 9211 4558 9212 4557 9212 4559 9212 4558 9213 4559 9213 4560 9213 4560 9214 4559 9214 4561 9214 4560 9215 4561 9215 4562 9215 4562 9216 4561 9216 4563 9216 4562 9217 4563 9217 4564 9217 4564 9218 4563 9218 4565 9218 4564 9219 4565 9219 4566 9219 4566 9220 4565 9220 4567 9220 4566 9221 4567 9221 4568 9221 4568 9222 4567 9222 4569 9222 4568 9223 4569 9223 4570 9223 4555 9224 4571 9224 4556 9224 4556 9225 4571 9225 4572 9225 4556 9226 4572 9226 4573 9226 4574 9227 4575 9227 4576 9227 4577 9228 4578 9228 4579 9228 4575 9229 4580 9229 4576 9229 4576 9230 4580 9230 4556 9230 4576 9231 4556 9231 4581 9231 4582 9232 4581 9232 4583 9232 4583 9233 4581 9233 4556 9233 4583 9234 4556 9234 4584 9234 4584 9235 4556 9235 4573 9235 4584 9236 4573 9236 4585 9236 4574 9237 4576 9237 4579 9237 4579 9238 4576 9238 4586 9238 4579 9239 4586 9239 4577 9239 4573 9240 4572 9240 4587 9240 4587 9241 4572 9241 4571 9241 4587 9242 4571 9242 4588 9242 4588 9243 4571 9243 4555 9243 4588 9244 4555 9244 4589 9244 4589 9245 4555 9245 4558 9245 4589 9246 4558 9246 4590 9246 4590 9247 4558 9247 4560 9247 4590 9248 4560 9248 4591 9248 4591 9249 4560 9249 4562 9249 4591 9250 4562 9250 4592 9250 4592 9251 4562 9251 4564 9251 4592 9252 4564 9252 4593 9252 4593 9253 4564 9253 4566 9253 4593 9254 4566 9254 4594 9254 4594 9255 4566 9255 4568 9255 4594 9256 4568 9256 4595 9256 4595 9257 4568 9257 4570 9257 4595 9258 4570 9258 4596 9258 4596 9259 4570 9259 4569 9259 4596 9260 4569 9260 4597 9260 4597 9261 4569 9261 4567 9261 4597 9262 4567 9262 4598 9262 4598 9263 4567 9263 4565 9263 4598 9264 4565 9264 4599 9264 4599 9265 4565 9265 4563 9265 4599 9266 4563 9266 4600 9266 4600 9267 4563 9267 4561 9267 4600 9268 4561 9268 4601 9268 4601 9269 4561 9269 4559 9269 4601 9270 4559 9270 4602 9270 4602 9271 4559 9271 4557 9271 4602 9272 4557 9272 4603 9272 4603 9273 4557 9273 4556 9273 4603 9274 4556 9274 4604 9274 4604 9275 4556 9275 4580 9275 4604 9276 4580 9276 4605 9276 4605 9277 4580 9277 4575 9277 4605 9278 4575 9278 4606 9278 4606 9279 4575 9279 4574 9279 4606 9280 4574 9280 4607 9280 4607 9281 4574 9281 4579 9281 4607 9282 4579 9282 4608 9282 4608 9283 4579 9283 4578 9283 4608 9284 4578 9284 4609 9284 4609 9285 4578 9285 4577 9285 4609 9286 4577 9286 4610 9286 4610 9287 4577 9287 4586 9287 4610 9288 4586 9288 4611 9288 4611 9289 4586 9289 4576 9289 4611 9290 4576 9290 4612 9290 4612 9291 4576 9291 4581 9291 4612 9292 4581 9292 4613 9292 4613 9293 4581 9293 4582 9293 4613 9294 4582 9294 4614 9294 4614 9295 4582 9295 4583 9295 4614 9296 4583 9296 4615 9296 4615 9297 4583 9297 4584 9297 4615 9298 4584 9298 4616 9298 4616 9299 4584 9299 4585 9299 4616 9300 4585 9300 4617 9300 4617 9301 4585 9301 4573 9301 4617 9302 4573 9302 4587 9302 4618 9303 4596 9303 4619 9303 4619 9304 4596 9304 4597 9304 4619 9305 4597 9305 4620 9305 4620 9306 4597 9306 4598 9306 4620 9307 4598 9307 4621 9307 4621 9308 4598 9308 4599 9308 4621 9309 4599 9309 4622 9309 4622 9310 4599 9310 4600 9310 4622 9311 4600 9311 4623 9311 4623 9312 4600 9312 4601 9312 4623 9313 4601 9313 4624 9313 4624 9314 4601 9314 4602 9314 4624 9315 4602 9315 4625 9315 4625 9316 4602 9316 4603 9316 4625 9317 4603 9317 4626 9317 4626 9318 4603 9318 4604 9318 4626 9319 4604 9319 4627 9319 4627 9320 4604 9320 4605 9320 4627 9321 4605 9321 4628 9321 4628 9322 4605 9322 4606 9322 4628 9323 4606 9323 4629 9323 4629 9324 4606 9324 4607 9324 4629 9325 4607 9325 4630 9325 4630 9326 4607 9326 4608 9326 4630 9327 4608 9327 4631 9327 4631 9328 4608 9328 4609 9328 4631 9329 4609 9329 4632 9329 4632 9330 4609 9330 4610 9330 4632 9331 4610 9331 4633 9331 4633 9332 4610 9332 4611 9332 4633 9333 4611 9333 4634 9333 4634 9334 4611 9334 4612 9334 4634 9335 4612 9335 4635 9335 4635 9336 4612 9336 4613 9336 4635 9337 4613 9337 4636 9337 4636 9338 4613 9338 4614 9338 4636 9339 4614 9339 4637 9339 4637 9340 4614 9340 4615 9340 4637 9341 4615 9341 4638 9341 4638 9342 4615 9342 4616 9342 4638 9343 4616 9343 4639 9343 4639 9344 4616 9344 4617 9344 4639 9345 4617 9345 4640 9345 4640 9346 4617 9346 4587 9346 4640 9347 4587 9347 4641 9347 4641 9348 4587 9348 4588 9348 4641 9349 4588 9349 4642 9349 4642 9350 4588 9350 4589 9350 4642 9351 4589 9351 4643 9351 4643 9352 4589 9352 4590 9352 4643 9353 4590 9353 4644 9353 4644 9354 4590 9354 4591 9354 4644 9355 4591 9355 4645 9355 4645 9356 4591 9356 4592 9356 4645 9357 4592 9357 4646 9357 4646 9358 4592 9358 4593 9358 4646 9359 4593 9359 4647 9359 4647 9360 4593 9360 4594 9360 4647 9361 4594 9361 4648 9361 4648 9362 4594 9362 4595 9362 4648 9363 4595 9363 4618 9363 4618 9364 4595 9364 4596 9364 4649 9365 4618 9365 4650 9365 4650 9366 4618 9366 4619 9366 4650 9367 4619 9367 4651 9367 4651 9368 4619 9368 4620 9368 4651 9369 4620 9369 4652 9369 4652 9370 4620 9370 4621 9370 4652 9371 4621 9371 4653 9371 4653 9372 4621 9372 4622 9372 4653 9373 4622 9373 4654 9373 4654 9374 4622 9374 4623 9374 4654 9375 4623 9375 4655 9375 4655 9376 4623 9376 4624 9376 4655 9377 4624 9377 4656 9377 4656 9378 4624 9378 4625 9378 4656 9379 4625 9379 4657 9379 4657 9380 4625 9380 4626 9380 4657 9381 4626 9381 4658 9381 4658 9382 4626 9382 4627 9382 4658 9383 4627 9383 4659 9383 4659 9384 4627 9384 4628 9384 4659 9385 4628 9385 4660 9385 4660 9386 4628 9386 4629 9386 4660 9387 4629 9387 4661 9387 4661 9388 4629 9388 4630 9388 4661 9389 4630 9389 4662 9389 4662 9390 4630 9390 4631 9390 4662 9391 4631 9391 4663 9391 4663 9392 4631 9392 4632 9392 4663 9393 4632 9393 4664 9393 4664 9394 4632 9394 4633 9394 4664 9395 4633 9395 4665 9395 4665 9396 4633 9396 4634 9396 4665 9397 4634 9397 4666 9397 4666 9398 4634 9398 4635 9398 4666 9399 4635 9399 4667 9399 4667 9400 4635 9400 4636 9400 4667 9401 4636 9401 4668 9401 4668 9402 4636 9402 4637 9402 4668 9403 4637 9403 4669 9403 4669 9404 4637 9404 4638 9404 4669 9405 4638 9405 4670 9405 4670 9406 4638 9406 4639 9406 4670 9407 4639 9407 4671 9407 4671 9408 4639 9408 4640 9408 4671 9409 4640 9409 4672 9409 4672 9410 4640 9410 4641 9410 4672 9411 4641 9411 4673 9411 4673 9412 4641 9412 4642 9412 4673 9413 4642 9413 4674 9413 4674 9414 4642 9414 4643 9414 4674 9415 4643 9415 4675 9415 4675 9416 4643 9416 4644 9416 4675 9417 4644 9417 4676 9417 4676 9418 4644 9418 4645 9418 4676 9419 4645 9419 4677 9419 4677 9420 4645 9420 4646 9420 4677 9421 4646 9421 4678 9421 4678 9422 4646 9422 4647 9422 4678 9423 4647 9423 4679 9423 4679 9424 4647 9424 4648 9424 4679 9425 4648 9425 4649 9425 4649 9426 4648 9426 4618 9426 4680 9427 4649 9427 4681 9427 4681 9428 4649 9428 4650 9428 4681 9429 4650 9429 4682 9429 4682 9430 4650 9430 4651 9430 4682 9431 4651 9431 4683 9431 4683 9432 4651 9432 4652 9432 4683 9433 4652 9433 4684 9433 4684 9434 4652 9434 4653 9434 4684 9435 4653 9435 4685 9435 4685 9436 4653 9436 4654 9436 4685 9437 4654 9437 4686 9437 4686 9438 4654 9438 4655 9438 4686 9439 4655 9439 4687 9439 4687 9440 4655 9440 4656 9440 4687 9441 4656 9441 4688 9441 4688 9442 4656 9442 4657 9442 4688 9443 4657 9443 4689 9443 4689 9444 4657 9444 4658 9444 4689 9445 4658 9445 4690 9445 4690 9446 4658 9446 4659 9446 4690 9447 4659 9447 4691 9447 4691 9448 4659 9448 4660 9448 4691 9449 4660 9449 4692 9449 4692 9450 4660 9450 4661 9450 4692 9451 4661 9451 4693 9451 4693 9452 4661 9452 4662 9452 4693 9453 4662 9453 4694 9453 4694 9454 4662 9454 4663 9454 4694 9455 4663 9455 4695 9455 4695 9456 4663 9456 4664 9456 4695 9457 4664 9457 4696 9457 4696 9458 4664 9458 4665 9458 4696 9459 4665 9459 4697 9459 4697 9460 4665 9460 4666 9460 4697 9461 4666 9461 4698 9461 4698 9462 4666 9462 4667 9462 4698 9463 4667 9463 4699 9463 4699 9464 4667 9464 4668 9464 4699 9465 4668 9465 4700 9465 4700 9466 4668 9466 4669 9466 4700 9467 4669 9467 4701 9467 4701 9468 4669 9468 4670 9468 4701 9469 4670 9469 4702 9469 4702 9470 4670 9470 4671 9470 4702 9471 4671 9471 4703 9471 4703 9472 4671 9472 4672 9472 4703 9473 4672 9473 4704 9473 4704 9474 4672 9474 4673 9474 4704 9475 4673 9475 4705 9475 4705 9476 4673 9476 4674 9476 4705 9477 4674 9477 4706 9477 4706 9478 4674 9478 4675 9478 4706 9479 4675 9479 4707 9479 4707 9480 4675 9480 4676 9480 4707 9481 4676 9481 4708 9481 4708 9482 4676 9482 4677 9482 4708 9483 4677 9483 4709 9483 4709 9484 4677 9484 4678 9484 4709 9485 4678 9485 4710 9485 4710 9486 4678 9486 4679 9486 4710 9487 4679 9487 4680 9487 4680 9488 4679 9488 4649 9488 4711 9489 4680 9489 4712 9489 4712 9490 4680 9490 4681 9490 4712 9491 4681 9491 4713 9491 4713 9492 4681 9492 4682 9492 4713 9493 4682 9493 4714 9493 4714 9494 4682 9494 4683 9494 4714 9495 4683 9495 4715 9495 4715 9496 4683 9496 4684 9496 4715 9497 4684 9497 4716 9497 4716 9498 4684 9498 4685 9498 4716 9499 4685 9499 4717 9499 4717 9500 4685 9500 4686 9500 4717 9501 4686 9501 4718 9501 4718 9502 4686 9502 4687 9502 4718 9503 4687 9503 4719 9503 4719 9504 4687 9504 4688 9504 4719 9505 4688 9505 4720 9505 4720 9506 4688 9506 4689 9506 4720 9507 4689 9507 4721 9507 4721 9508 4689 9508 4690 9508 4721 9509 4690 9509 4722 9509 4722 9510 4690 9510 4691 9510 4722 9511 4691 9511 4723 9511 4723 9512 4691 9512 4692 9512 4723 9513 4692 9513 4724 9513 4724 9514 4692 9514 4693 9514 4724 9515 4693 9515 4725 9515 4725 9516 4693 9516 4694 9516 4725 9517 4694 9517 4726 9517 4726 9518 4694 9518 4695 9518 4726 9519 4695 9519 4727 9519 4727 9520 4695 9520 4696 9520 4727 9521 4696 9521 4728 9521 4728 9522 4696 9522 4697 9522 4728 9523 4697 9523 4729 9523 4729 9524 4697 9524 4698 9524 4729 9525 4698 9525 4730 9525 4730 9526 4698 9526 4699 9526 4730 9527 4699 9527 4731 9527 4731 9528 4699 9528 4700 9528 4731 9529 4700 9529 4732 9529 4732 9530 4700 9530 4701 9530 4732 9531 4701 9531 4733 9531 4733 9532 4701 9532 4702 9532 4733 9533 4702 9533 4734 9533 4734 9534 4702 9534 4703 9534 4734 9535 4703 9535 4735 9535 4735 9536 4703 9536 4704 9536 4735 9537 4704 9537 4736 9537 4736 9538 4704 9538 4705 9538 4736 9539 4705 9539 4737 9539 4737 9540 4705 9540 4706 9540 4737 9541 4706 9541 4738 9541 4738 9542 4706 9542 4707 9542 4738 9543 4707 9543 4739 9543 4739 9544 4707 9544 4708 9544 4739 9545 4708 9545 4740 9545 4740 9546 4708 9546 4709 9546 4740 9547 4709 9547 4741 9547 4741 9548 4709 9548 4710 9548 4741 9549 4710 9549 4711 9549 4711 9550 4710 9550 4680 9550 4742 9551 4711 9551 4743 9551 4743 9552 4711 9552 4712 9552 4743 9553 4712 9553 4744 9553 4744 9554 4712 9554 4713 9554 4744 9555 4713 9555 4745 9555 4745 9556 4713 9556 4714 9556 4745 9557 4714 9557 4746 9557 4746 9558 4714 9558 4715 9558 4746 9559 4715 9559 4747 9559 4747 9560 4715 9560 4716 9560 4747 9561 4716 9561 4748 9561 4748 9562 4716 9562 4717 9562 4748 9563 4717 9563 4749 9563 4749 9564 4717 9564 4718 9564 4749 9565 4718 9565 4750 9565 4750 9566 4718 9566 4719 9566 4750 9567 4719 9567 4751 9567 4751 9568 4719 9568 4720 9568 4751 9569 4720 9569 4752 9569 4752 9570 4720 9570 4721 9570 4752 9571 4721 9571 4753 9571 4753 9572 4721 9572 4722 9572 4753 9573 4722 9573 4754 9573 4754 9574 4722 9574 4723 9574 4754 9575 4723 9575 4755 9575 4755 9576 4723 9576 4724 9576 4755 9577 4724 9577 4756 9577 4756 9578 4724 9578 4725 9578 4756 9579 4725 9579 4757 9579 4757 9580 4725 9580 4726 9580 4757 9581 4726 9581 4758 9581 4758 9582 4726 9582 4727 9582 4758 9583 4727 9583 4759 9583 4759 9584 4727 9584 4728 9584 4759 9585 4728 9585 4760 9585 4760 9586 4728 9586 4729 9586 4760 9587 4729 9587 4761 9587 4761 9588 4729 9588 4730 9588 4761 9589 4730 9589 4762 9589 4762 9590 4730 9590 4731 9590 4762 9591 4731 9591 4763 9591 4763 9592 4731 9592 4732 9592 4763 9593 4732 9593 4764 9593 4764 9594 4732 9594 4733 9594 4764 9595 4733 9595 4765 9595 4765 9596 4733 9596 4734 9596 4765 9597 4734 9597 4766 9597 4766 9598 4734 9598 4735 9598 4766 9599 4735 9599 4767 9599 4767 9600 4735 9600 4736 9600 4767 9601 4736 9601 4768 9601 4768 9602 4736 9602 4737 9602 4768 9603 4737 9603 4769 9603 4769 9604 4737 9604 4738 9604 4769 9605 4738 9605 4770 9605 4770 9606 4738 9606 4739 9606 4770 9607 4739 9607 4771 9607 4771 9608 4739 9608 4740 9608 4771 9609 4740 9609 4772 9609 4772 9610 4740 9610 4741 9610 4772 9611 4741 9611 4742 9611 4742 9612 4741 9612 4711 9612 4773 9613 4742 9613 4774 9613 4774 9614 4742 9614 4743 9614 4774 9615 4743 9615 4775 9615 4775 9616 4743 9616 4744 9616 4775 9617 4744 9617 4776 9617 4776 9618 4744 9618 4745 9618 4776 9619 4745 9619 4777 9619 4777 9620 4745 9620 4746 9620 4777 9621 4746 9621 4778 9621 4778 9622 4746 9622 4747 9622 4778 9623 4747 9623 4779 9623 4779 9624 4747 9624 4748 9624 4779 9625 4748 9625 4780 9625 4780 9626 4748 9626 4749 9626 4780 9627 4749 9627 4781 9627 4781 9628 4749 9628 4750 9628 4781 9629 4750 9629 4782 9629 4782 9630 4750 9630 4751 9630 4782 9631 4751 9631 4783 9631 4783 9632 4751 9632 4752 9632 4783 9633 4752 9633 4784 9633 4784 9634 4752 9634 4753 9634 4784 9635 4753 9635 4785 9635 4785 9636 4753 9636 4754 9636 4785 9637 4754 9637 4786 9637 4786 9638 4754 9638 4755 9638 4786 9639 4755 9639 4787 9639 4787 9640 4755 9640 4756 9640 4787 9641 4756 9641 4788 9641 4788 9642 4756 9642 4757 9642 4788 9643 4757 9643 4789 9643 4789 9644 4757 9644 4758 9644 4789 9645 4758 9645 4790 9645 4790 9646 4758 9646 4759 9646 4790 9647 4759 9647 4791 9647 4791 9648 4759 9648 4760 9648 4791 9649 4760 9649 4792 9649 4792 9650 4760 9650 4761 9650 4792 9651 4761 9651 4793 9651 4793 9652 4761 9652 4762 9652 4793 9653 4762 9653 4794 9653 4794 9654 4762 9654 4763 9654 4794 9655 4763 9655 4795 9655 4795 9656 4763 9656 4764 9656 4795 9657 4764 9657 4796 9657 4796 9658 4764 9658 4765 9658 4796 9659 4765 9659 4797 9659 4797 9660 4765 9660 4766 9660 4797 9661 4766 9661 4798 9661 4798 9662 4766 9662 4767 9662 4798 9663 4767 9663 4799 9663 4799 9664 4767 9664 4768 9664 4799 9665 4768 9665 4800 9665 4800 9666 4768 9666 4769 9666 4800 9667 4769 9667 4801 9667 4801 9668 4769 9668 4770 9668 4801 9669 4770 9669 4802 9669 4802 9670 4770 9670 4771 9670 4802 9671 4771 9671 4803 9671 4803 9672 4771 9672 4772 9672 4803 9673 4772 9673 4773 9673 4773 9674 4772 9674 4742 9674 4804 9675 4805 9675 4795 9675 4795 9676 4805 9676 4806 9676 4795 9677 4806 9677 4794 9677 4794 9678 4806 9678 4807 9678 4794 9679 4807 9679 4793 9679 4793 9680 4807 9680 4808 9680 4793 9681 4808 9681 4792 9681 4792 9682 4808 9682 4809 9682 4792 9683 4809 9683 4791 9683 4791 9684 4809 9684 4810 9684 4791 9685 4810 9685 4790 9685 4790 9686 4810 9686 4811 9686 4790 9687 4811 9687 4789 9687 4789 9688 4811 9688 4812 9688 4789 9689 4812 9689 4788 9689 4788 9690 4812 9690 4813 9690 4788 9691 4813 9691 4787 9691 4787 9692 4813 9692 4814 9692 4787 9693 4814 9693 4786 9693 4786 9694 4814 9694 4815 9694 4786 9695 4815 9695 4785 9695 4785 9696 4815 9696 4816 9696 4785 9697 4816 9697 4784 9697 4784 9698 4816 9698 4817 9698 4784 9699 4817 9699 4783 9699 4783 9700 4817 9700 4818 9700 4783 9701 4818 9701 4782 9701 4782 9702 4818 9702 4819 9702 4782 9703 4819 9703 4781 9703 4781 9704 4819 9704 4820 9704 4781 9705 4820 9705 4780 9705 4780 9706 4820 9706 4821 9706 4780 9707 4821 9707 4779 9707 4779 9708 4821 9708 4822 9708 4779 9709 4822 9709 4778 9709 4778 9710 4822 9710 4823 9710 4778 9711 4823 9711 4777 9711 4777 9712 4823 9712 4824 9712 4777 9713 4824 9713 4776 9713 4776 9714 4824 9714 4825 9714 4776 9715 4825 9715 4775 9715 4775 9716 4825 9716 4826 9716 4775 9717 4826 9717 4774 9717 4774 9718 4826 9718 4827 9718 4774 9719 4827 9719 4773 9719 4773 9720 4827 9720 4828 9720 4773 9721 4828 9721 4803 9721 4803 9722 4828 9722 4829 9722 4803 9723 4829 9723 4802 9723 4802 9724 4829 9724 4830 9724 4802 9725 4830 9725 4801 9725 4801 9726 4830 9726 4831 9726 4801 9727 4831 9727 4800 9727 4800 9728 4831 9728 4832 9728 4800 9729 4832 9729 4799 9729 4799 9730 4832 9730 4833 9730 4799 9731 4833 9731 4798 9731 4798 9732 4833 9732 4834 9732 4798 9733 4834 9733 4797 9733 4797 9734 4834 9734 4835 9734 4797 9735 4835 9735 4796 9735 4796 9736 4835 9736 4804 9736 4796 9737 4804 9737 4795 9737 4814 9738 4813 9738 4812 9738 4814 9739 4812 9739 4815 9739 4815 9740 4812 9740 4811 9740 4815 9741 4811 9741 4816 9741 4816 9742 4811 9742 4810 9742 4816 9743 4810 9743 4817 9743 4817 9744 4810 9744 4809 9744 4817 9745 4809 9745 4818 9745 4818 9746 4809 9746 4808 9746 4818 9747 4808 9747 4819 9747 4819 9748 4808 9748 4807 9748 4819 9749 4807 9749 4820 9749 4820 9750 4807 9750 4806 9750 4820 9751 4806 9751 4821 9751 4821 9752 4806 9752 4805 9752 4821 9753 4805 9753 4804 9753 4804 9754 4835 9754 4834 9754 4824 9755 4833 9755 4825 9755 4825 9756 4833 9756 4826 9756 4804 9757 4834 9757 4821 9757 4821 9758 4834 9758 4833 9758 4821 9759 4833 9759 4822 9759 4822 9760 4833 9760 4824 9760 4822 9761 4824 9761 4823 9761 4832 9762 4828 9762 4833 9762 4833 9763 4828 9763 4827 9763 4833 9764 4827 9764 4826 9764 4832 9765 4831 9765 4828 9765 4828 9766 4831 9766 4830 9766 4828 9767 4830 9767 4829 9767 4836 9768 4837 9768 4838 9768 4839 9769 4840 9769 4841 9769 4841 9770 4840 9770 4842 9770 4843 9771 4844 9771 4845 9771 4837 9772 4846 9772 4838 9772 4838 9773 4846 9773 4847 9773 4838 9774 4847 9774 4848 9774 4849 9775 4850 9775 4851 9775 4849 9776 4851 9776 4852 9776 4852 9777 4851 9777 4853 9777 4852 9778 4853 9778 4841 9778 4841 9779 4853 9779 4854 9779 4841 9780 4854 9780 4839 9780 4848 9781 4855 9781 4838 9781 4838 9782 4855 9782 4841 9782 4838 9783 4841 9783 4856 9783 4856 9784 4841 9784 4842 9784 4857 9785 4843 9785 4838 9785 4838 9786 4843 9786 4845 9786 4838 9787 4845 9787 4836 9787 4836 9788 4845 9788 4858 9788 4859 9789 4860 9789 4861 9789 4861 9790 4862 9790 4859 9790 4859 9791 4862 9791 4863 9791 4859 9792 4863 9792 4864 9792 4844 9793 4865 9793 4845 9793 4845 9794 4865 9794 4859 9794 4845 9795 4859 9795 4866 9795 4866 9796 4859 9796 4864 9796 4866 9797 4864 9797 4867 9797 4868 9798 4842 9798 4869 9798 4869 9799 4842 9799 4840 9799 4869 9800 4840 9800 4870 9800 4870 9801 4840 9801 4839 9801 4870 9802 4839 9802 4871 9802 4871 9803 4839 9803 4854 9803 4871 9804 4854 9804 4872 9804 4872 9805 4854 9805 4853 9805 4872 9806 4853 9806 4873 9806 4873 9807 4853 9807 4851 9807 4873 9808 4851 9808 4874 9808 4874 9809 4851 9809 4850 9809 4874 9810 4850 9810 4875 9810 4875 9811 4850 9811 4849 9811 4875 9812 4849 9812 4876 9812 4876 9813 4849 9813 4852 9813 4876 9814 4852 9814 4877 9814 4877 9815 4852 9815 4841 9815 4877 9816 4841 9816 4878 9816 4878 9817 4841 9817 4855 9817 4878 9818 4855 9818 4879 9818 4879 9819 4855 9819 4848 9819 4879 9820 4848 9820 4880 9820 4880 9821 4848 9821 4847 9821 4880 9822 4847 9822 4881 9822 4881 9823 4847 9823 4846 9823 4881 9824 4846 9824 4882 9824 4882 9825 4846 9825 4837 9825 4882 9826 4837 9826 4883 9826 4883 9827 4837 9827 4836 9827 4883 9828 4836 9828 4884 9828 4884 9829 4836 9829 4858 9829 4884 9830 4858 9830 4885 9830 4885 9831 4858 9831 4845 9831 4885 9832 4845 9832 4886 9832 4886 9833 4845 9833 4866 9833 4886 9834 4866 9834 4887 9834 4887 9835 4866 9835 4867 9835 4887 9836 4867 9836 4888 9836 4888 9837 4867 9837 4864 9837 4888 9838 4864 9838 4889 9838 4889 9839 4864 9839 4863 9839 4889 9840 4863 9840 4890 9840 4890 9841 4863 9841 4862 9841 4890 9842 4862 9842 4891 9842 4891 9843 4862 9843 4861 9843 4891 9844 4861 9844 4892 9844 4892 9845 4861 9845 4860 9845 4892 9846 4860 9846 4893 9846 4893 9847 4860 9847 4859 9847 4893 9848 4859 9848 4894 9848 4894 9849 4859 9849 4865 9849 4894 9850 4865 9850 4895 9850 4895 9851 4865 9851 4844 9851 4895 9852 4844 9852 4896 9852 4896 9853 4844 9853 4843 9853 4896 9854 4843 9854 4897 9854 4897 9855 4843 9855 4857 9855 4897 9856 4857 9856 4898 9856 4898 9857 4857 9857 4838 9857 4898 9858 4838 9858 4899 9858 4899 9859 4838 9859 4856 9859 4899 9860 4856 9860 4868 9860 4868 9861 4856 9861 4842 9861 4900 9862 4868 9862 4901 9862 4901 9863 4868 9863 4869 9863 4901 9864 4869 9864 4902 9864 4902 9865 4869 9865 4870 9865 4902 9866 4870 9866 4903 9866 4903 9867 4870 9867 4871 9867 4903 9868 4871 9868 4904 9868 4904 9869 4871 9869 4872 9869 4904 9870 4872 9870 4905 9870 4905 9871 4872 9871 4873 9871 4905 9872 4873 9872 4906 9872 4906 9873 4873 9873 4874 9873 4906 9874 4874 9874 4907 9874 4907 9875 4874 9875 4875 9875 4907 9876 4875 9876 4908 9876 4908 9877 4875 9877 4876 9877 4908 9878 4876 9878 4909 9878 4909 9879 4876 9879 4877 9879 4909 9880 4877 9880 4910 9880 4910 9881 4877 9881 4878 9881 4910 9882 4878 9882 4911 9882 4911 9883 4878 9883 4879 9883 4911 9884 4879 9884 4912 9884 4912 9885 4879 9885 4880 9885 4912 9886 4880 9886 4913 9886 4913 9887 4880 9887 4881 9887 4913 9888 4881 9888 4914 9888 4914 9889 4881 9889 4882 9889 4914 9890 4882 9890 4915 9890 4915 9891 4882 9891 4883 9891 4915 9892 4883 9892 4916 9892 4916 9893 4883 9893 4884 9893 4916 9894 4884 9894 4917 9894 4917 9895 4884 9895 4885 9895 4917 9896 4885 9896 4918 9896 4918 9897 4885 9897 4886 9897 4918 9898 4886 9898 4919 9898 4919 9899 4886 9899 4887 9899 4919 9900 4887 9900 4920 9900 4920 9901 4887 9901 4888 9901 4920 9902 4888 9902 4921 9902 4921 9903 4888 9903 4889 9903 4921 9904 4889 9904 4922 9904 4922 9905 4889 9905 4890 9905 4922 9906 4890 9906 4923 9906 4923 9907 4890 9907 4891 9907 4923 9908 4891 9908 4924 9908 4924 9909 4891 9909 4892 9909 4924 9910 4892 9910 4925 9910 4925 9911 4892 9911 4893 9911 4925 9912 4893 9912 4926 9912 4926 9913 4893 9913 4894 9913 4926 9914 4894 9914 4927 9914 4927 9915 4894 9915 4895 9915 4927 9916 4895 9916 4928 9916 4928 9917 4895 9917 4896 9917 4928 9918 4896 9918 4929 9918 4929 9919 4896 9919 4897 9919 4929 9920 4897 9920 4930 9920 4930 9921 4897 9921 4898 9921 4930 9922 4898 9922 4931 9922 4931 9923 4898 9923 4899 9923 4931 9924 4899 9924 4900 9924 4900 9925 4899 9925 4868 9925 4932 9926 4900 9926 4933 9926 4933 9927 4900 9927 4901 9927 4933 9928 4901 9928 4934 9928 4934 9929 4901 9929 4902 9929 4934 9930 4902 9930 4935 9930 4935 9931 4902 9931 4903 9931 4935 9932 4903 9932 4936 9932 4936 9933 4903 9933 4904 9933 4936 9934 4904 9934 4937 9934 4937 9935 4904 9935 4905 9935 4937 9936 4905 9936 4938 9936 4938 9937 4905 9937 4906 9937 4938 9938 4906 9938 4939 9938 4939 9939 4906 9939 4907 9939 4939 9940 4907 9940 4940 9940 4940 9941 4907 9941 4908 9941 4940 9942 4908 9942 4941 9942 4941 9943 4908 9943 4909 9943 4941 9944 4909 9944 4942 9944 4942 9945 4909 9945 4910 9945 4942 9946 4910 9946 4943 9946 4943 9947 4910 9947 4911 9947 4943 9948 4911 9948 4944 9948 4944 9949 4911 9949 4912 9949 4944 9950 4912 9950 4945 9950 4945 9951 4912 9951 4913 9951 4945 9952 4913 9952 4946 9952 4946 9953 4913 9953 4914 9953 4946 9954 4914 9954 4947 9954 4947 9955 4914 9955 4915 9955 4947 9956 4915 9956 4948 9956 4948 9957 4915 9957 4916 9957 4948 9958 4916 9958 4949 9958 4949 9959 4916 9959 4917 9959 4949 9960 4917 9960 4950 9960 4950 9961 4917 9961 4918 9961 4950 9962 4918 9962 4951 9962 4951 9963 4918 9963 4919 9963 4951 9964 4919 9964 4952 9964 4952 9965 4919 9965 4920 9965 4952 9966 4920 9966 4953 9966 4953 9967 4920 9967 4921 9967 4953 9968 4921 9968 4954 9968 4954 9969 4921 9969 4922 9969 4954 9970 4922 9970 4955 9970 4955 9971 4922 9971 4923 9971 4955 9972 4923 9972 4956 9972 4956 9973 4923 9973 4924 9973 4956 9974 4924 9974 4957 9974 4957 9975 4924 9975 4925 9975 4957 9976 4925 9976 4958 9976 4958 9977 4925 9977 4926 9977 4958 9978 4926 9978 4959 9978 4959 9979 4926 9979 4927 9979 4959 9980 4927 9980 4960 9980 4960 9981 4927 9981 4928 9981 4960 9982 4928 9982 4961 9982 4961 9983 4928 9983 4929 9983 4961 9984 4929 9984 4962 9984 4962 9985 4929 9985 4930 9985 4962 9986 4930 9986 4963 9986 4963 9987 4930 9987 4931 9987 4963 9988 4931 9988 4932 9988 4932 9989 4931 9989 4900 9989 4964 9990 4932 9990 4965 9990 4965 9991 4932 9991 4933 9991 4965 9992 4933 9992 4966 9992 4966 9993 4933 9993 4934 9993 4966 9994 4934 9994 4967 9994 4967 9995 4934 9995 4935 9995 4967 9996 4935 9996 4968 9996 4968 9997 4935 9997 4936 9997 4968 9998 4936 9998 4969 9998 4969 9999 4936 9999 4937 9999 4969 10000 4937 10000 4970 10000 4970 10001 4937 10001 4938 10001 4970 10002 4938 10002 4971 10002 4971 10003 4938 10003 4939 10003 4971 10004 4939 10004 4972 10004 4972 10005 4939 10005 4940 10005 4972 10006 4940 10006 4973 10006 4973 10007 4940 10007 4941 10007 4973 10008 4941 10008 4974 10008 4974 10009 4941 10009 4942 10009 4974 10010 4942 10010 4975 10010 4975 10011 4942 10011 4943 10011 4975 10012 4943 10012 4976 10012 4976 10013 4943 10013 4944 10013 4976 10014 4944 10014 4977 10014 4977 10015 4944 10015 4945 10015 4977 10016 4945 10016 4978 10016 4978 10017 4945 10017 4946 10017 4978 10018 4946 10018 4979 10018 4979 10019 4946 10019 4947 10019 4979 10020 4947 10020 4980 10020 4980 10021 4947 10021 4948 10021 4980 10022 4948 10022 4981 10022 4981 10023 4948 10023 4949 10023 4981 10024 4949 10024 4982 10024 4982 10025 4949 10025 4950 10025 4982 10026 4950 10026 4983 10026 4983 10027 4950 10027 4951 10027 4983 10028 4951 10028 4984 10028 4984 10029 4951 10029 4952 10029 4984 10030 4952 10030 4985 10030 4985 10031 4952 10031 4953 10031 4985 10032 4953 10032 4986 10032 4986 10033 4953 10033 4954 10033 4986 10034 4954 10034 4987 10034 4987 10035 4954 10035 4955 10035 4987 10036 4955 10036 4988 10036 4988 10037 4955 10037 4956 10037 4988 10038 4956 10038 4989 10038 4989 10039 4956 10039 4957 10039 4989 10040 4957 10040 4990 10040 4990 10041 4957 10041 4958 10041 4990 10042 4958 10042 4991 10042 4991 10043 4958 10043 4959 10043 4991 10044 4959 10044 4992 10044 4992 10045 4959 10045 4960 10045 4992 10046 4960 10046 4993 10046 4993 10047 4960 10047 4961 10047 4993 10048 4961 10048 4994 10048 4994 10049 4961 10049 4962 10049 4994 10050 4962 10050 4995 10050 4995 10051 4962 10051 4963 10051 4995 10052 4963 10052 4964 10052 4964 10053 4963 10053 4932 10053 4996 10054 4964 10054 4997 10054 4997 10055 4964 10055 4965 10055 4997 10056 4965 10056 4998 10056 4998 10057 4965 10057 4966 10057 4998 10058 4966 10058 4999 10058 4999 10059 4966 10059 4967 10059 4999 10060 4967 10060 5000 10060 5000 10061 4967 10061 4968 10061 5000 10062 4968 10062 5001 10062 5001 10063 4968 10063 4969 10063 5001 10064 4969 10064 5002 10064 5002 10065 4969 10065 4970 10065 5002 10066 4970 10066 5003 10066 5003 10067 4970 10067 4971 10067 5003 10068 4971 10068 5004 10068 5004 10069 4971 10069 4972 10069 5004 10070 4972 10070 5005 10070 5005 10071 4972 10071 4973 10071 5005 10072 4973 10072 5006 10072 5006 10073 4973 10073 4974 10073 5006 10074 4974 10074 5007 10074 5007 10075 4974 10075 4975 10075 5007 10076 4975 10076 5008 10076 5008 10077 4975 10077 4976 10077 5008 10078 4976 10078 5009 10078 5009 10079 4976 10079 4977 10079 5009 10080 4977 10080 5010 10080 5010 10081 4977 10081 4978 10081 5010 10082 4978 10082 5011 10082 5011 10083 4978 10083 4979 10083 5011 10084 4979 10084 5012 10084 5012 10085 4979 10085 4980 10085 5012 10086 4980 10086 5013 10086 5013 10087 4980 10087 4981 10087 5013 10088 4981 10088 5014 10088 5014 10089 4981 10089 4982 10089 5014 10090 4982 10090 5015 10090 5015 10091 4982 10091 4983 10091 5015 10092 4983 10092 5016 10092 5016 10093 4983 10093 4984 10093 5016 10094 4984 10094 5017 10094 5017 10095 4984 10095 4985 10095 5017 10096 4985 10096 5018 10096 5018 10097 4985 10097 4986 10097 5018 10098 4986 10098 5019 10098 5019 10099 4986 10099 4987 10099 5019 10100 4987 10100 5020 10100 5020 10101 4987 10101 4988 10101 5020 10102 4988 10102 5021 10102 5021 10103 4988 10103 4989 10103 5021 10104 4989 10104 5022 10104 5022 10105 4989 10105 4990 10105 5022 10106 4990 10106 5023 10106 5023 10107 4990 10107 4991 10107 5023 10108 4991 10108 5024 10108 5024 10109 4991 10109 4992 10109 5024 10110 4992 10110 5025 10110 5025 10111 4992 10111 4993 10111 5025 10112 4993 10112 5026 10112 5026 10113 4993 10113 4994 10113 5026 10114 4994 10114 5027 10114 5027 10115 4994 10115 4995 10115 5027 10116 4995 10116 4996 10116 4996 10117 4995 10117 4964 10117 5028 10118 4996 10118 5029 10118 5029 10119 4996 10119 4997 10119 5029 10120 4997 10120 5030 10120 5030 10121 4997 10121 4998 10121 5030 10122 4998 10122 5031 10122 5031 10123 4998 10123 4999 10123 5031 10124 4999 10124 5032 10124 5032 10125 4999 10125 5000 10125 5032 10126 5000 10126 5033 10126 5033 10127 5000 10127 5001 10127 5033 10128 5001 10128 5034 10128 5034 10129 5001 10129 5002 10129 5034 10130 5002 10130 5035 10130 5035 10131 5002 10131 5003 10131 5035 10132 5003 10132 5036 10132 5036 10133 5003 10133 5004 10133 5036 10134 5004 10134 5037 10134 5037 10135 5004 10135 5005 10135 5037 10136 5005 10136 5038 10136 5038 10137 5005 10137 5006 10137 5038 10138 5006 10138 5039 10138 5039 10139 5006 10139 5007 10139 5039 10140 5007 10140 5040 10140 5040 10141 5007 10141 5008 10141 5040 10142 5008 10142 5041 10142 5041 10143 5008 10143 5009 10143 5041 10144 5009 10144 5042 10144 5042 10145 5009 10145 5010 10145 5042 10146 5010 10146 5043 10146 5043 10147 5010 10147 5011 10147 5043 10148 5011 10148 5044 10148 5044 10149 5011 10149 5012 10149 5044 10150 5012 10150 5045 10150 5045 10151 5012 10151 5013 10151 5045 10152 5013 10152 5046 10152 5046 10153 5013 10153 5014 10153 5046 10154 5014 10154 5047 10154 5047 10155 5014 10155 5015 10155 5047 10156 5015 10156 5048 10156 5048 10157 5015 10157 5016 10157 5048 10158 5016 10158 5049 10158 5049 10159 5016 10159 5017 10159 5049 10160 5017 10160 5050 10160 5050 10161 5017 10161 5018 10161 5050 10162 5018 10162 5051 10162 5051 10163 5018 10163 5019 10163 5051 10164 5019 10164 5052 10164 5052 10165 5019 10165 5020 10165 5052 10166 5020 10166 5053 10166 5053 10167 5020 10167 5021 10167 5053 10168 5021 10168 5054 10168 5054 10169 5021 10169 5022 10169 5054 10170 5022 10170 5055 10170 5055 10171 5022 10171 5023 10171 5055 10172 5023 10172 5056 10172 5056 10173 5023 10173 5024 10173 5056 10174 5024 10174 5057 10174 5057 10175 5024 10175 5025 10175 5057 10176 5025 10176 5058 10176 5058 10177 5025 10177 5026 10177 5058 10178 5026 10178 5059 10178 5059 10179 5026 10179 5027 10179 5059 10180 5027 10180 5028 10180 5028 10181 5027 10181 4996 10181 5060 10182 5028 10182 5061 10182 5061 10183 5028 10183 5029 10183 5061 10184 5029 10184 5062 10184 5062 10185 5029 10185 5030 10185 5062 10186 5030 10186 5063 10186 5063 10187 5030 10187 5031 10187 5063 10188 5031 10188 5064 10188 5064 10189 5031 10189 5032 10189 5064 10190 5032 10190 5065 10190 5065 10191 5032 10191 5033 10191 5065 10192 5033 10192 5066 10192 5066 10193 5033 10193 5034 10193 5066 10194 5034 10194 5067 10194 5067 10195 5034 10195 5035 10195 5067 10196 5035 10196 5068 10196 5068 10197 5035 10197 5036 10197 5068 10198 5036 10198 5069 10198 5069 10199 5036 10199 5037 10199 5069 10200 5037 10200 5070 10200 5070 10201 5037 10201 5038 10201 5070 10202 5038 10202 5071 10202 5071 10203 5038 10203 5039 10203 5071 10204 5039 10204 5072 10204 5072 10205 5039 10205 5040 10205 5072 10206 5040 10206 5073 10206 5073 10207 5040 10207 5041 10207 5073 10208 5041 10208 5074 10208 5074 10209 5041 10209 5042 10209 5074 10210 5042 10210 5075 10210 5075 10211 5042 10211 5043 10211 5075 10212 5043 10212 5076 10212 5076 10213 5043 10213 5044 10213 5076 10214 5044 10214 5077 10214 5077 10215 5044 10215 5045 10215 5077 10216 5045 10216 5078 10216 5078 10217 5045 10217 5046 10217 5078 10218 5046 10218 5079 10218 5079 10219 5046 10219 5047 10219 5079 10220 5047 10220 5080 10220 5080 10221 5047 10221 5048 10221 5080 10222 5048 10222 5081 10222 5081 10223 5048 10223 5049 10223 5081 10224 5049 10224 5082 10224 5082 10225 5049 10225 5050 10225 5082 10226 5050 10226 5083 10226 5083 10227 5050 10227 5051 10227 5083 10228 5051 10228 5084 10228 5084 10229 5051 10229 5052 10229 5084 10230 5052 10230 5085 10230 5085 10231 5052 10231 5053 10231 5085 10232 5053 10232 5086 10232 5086 10233 5053 10233 5054 10233 5086 10234 5054 10234 5087 10234 5087 10235 5054 10235 5055 10235 5087 10236 5055 10236 5088 10236 5088 10237 5055 10237 5056 10237 5088 10238 5056 10238 5089 10238 5089 10239 5056 10239 5057 10239 5089 10240 5057 10240 5090 10240 5090 10241 5057 10241 5058 10241 5090 10242 5058 10242 5091 10242 5091 10243 5058 10243 5059 10243 5091 10244 5059 10244 5060 10244 5060 10245 5059 10245 5028 10245 5092 10246 5060 10246 5093 10246 5093 10247 5060 10247 5061 10247 5093 10248 5061 10248 5094 10248 5094 10249 5061 10249 5062 10249 5094 10250 5062 10250 5095 10250 5095 10251 5062 10251 5063 10251 5095 10252 5063 10252 5096 10252 5096 10253 5063 10253 5064 10253 5096 10254 5064 10254 5097 10254 5097 10255 5064 10255 5065 10255 5097 10256 5065 10256 5098 10256 5098 10257 5065 10257 5066 10257 5098 10258 5066 10258 5099 10258 5099 10259 5066 10259 5067 10259 5099 10260 5067 10260 5100 10260 5100 10261 5067 10261 5068 10261 5100 10262 5068 10262 5101 10262 5101 10263 5068 10263 5069 10263 5101 10264 5069 10264 5102 10264 5102 10265 5069 10265 5070 10265 5102 10266 5070 10266 5103 10266 5103 10267 5070 10267 5071 10267 5103 10268 5071 10268 5104 10268 5104 10269 5071 10269 5072 10269 5104 10270 5072 10270 5105 10270 5105 10271 5072 10271 5073 10271 5105 10272 5073 10272 5106 10272 5106 10273 5073 10273 5074 10273 5106 10274 5074 10274 5107 10274 5107 10275 5074 10275 5075 10275 5107 10276 5075 10276 5108 10276 5108 10277 5075 10277 5076 10277 5108 10278 5076 10278 5109 10278 5109 10279 5076 10279 5077 10279 5109 10280 5077 10280 5110 10280 5110 10281 5077 10281 5078 10281 5110 10282 5078 10282 5111 10282 5111 10283 5078 10283 5079 10283 5111 10284 5079 10284 5112 10284 5112 10285 5079 10285 5080 10285 5112 10286 5080 10286 5113 10286 5113 10287 5080 10287 5081 10287 5113 10288 5081 10288 5114 10288 5114 10289 5081 10289 5082 10289 5114 10290 5082 10290 5115 10290 5115 10291 5082 10291 5083 10291 5115 10292 5083 10292 5116 10292 5116 10293 5083 10293 5084 10293 5116 10294 5084 10294 5117 10294 5117 10295 5084 10295 5085 10295 5117 10296 5085 10296 5118 10296 5118 10297 5085 10297 5086 10297 5118 10298 5086 10298 5119 10298 5119 10299 5086 10299 5087 10299 5119 10300 5087 10300 5120 10300 5120 10301 5087 10301 5088 10301 5120 10302 5088 10302 5121 10302 5121 10303 5088 10303 5089 10303 5121 10304 5089 10304 5122 10304 5122 10305 5089 10305 5090 10305 5122 10306 5090 10306 5123 10306 5123 10307 5090 10307 5091 10307 5123 10308 5091 10308 5092 10308 5092 10309 5091 10309 5060 10309 5124 10310 5092 10310 5125 10310 5125 10311 5092 10311 5093 10311 5125 10312 5093 10312 5126 10312 5126 10313 5093 10313 5094 10313 5126 10314 5094 10314 5127 10314 5127 10315 5094 10315 5095 10315 5127 10316 5095 10316 5128 10316 5128 10317 5095 10317 5096 10317 5128 10318 5096 10318 5129 10318 5129 10319 5096 10319 5097 10319 5129 10320 5097 10320 5130 10320 5130 10321 5097 10321 5098 10321 5130 10322 5098 10322 5131 10322 5131 10323 5098 10323 5099 10323 5131 10324 5099 10324 5132 10324 5132 10325 5099 10325 5100 10325 5132 10326 5100 10326 5133 10326 5133 10327 5100 10327 5101 10327 5133 10328 5101 10328 5134 10328 5134 10329 5101 10329 5102 10329 5134 10330 5102 10330 5135 10330 5135 10331 5102 10331 5103 10331 5135 10332 5103 10332 5136 10332 5136 10333 5103 10333 5104 10333 5136 10334 5104 10334 5137 10334 5137 10335 5104 10335 5105 10335 5137 10336 5105 10336 5138 10336 5138 10337 5105 10337 5106 10337 5138 10338 5106 10338 5139 10338 5139 10339 5106 10339 5107 10339 5139 10340 5107 10340 5140 10340 5140 10341 5107 10341 5108 10341 5140 10342 5108 10342 5141 10342 5141 10343 5108 10343 5109 10343 5141 10344 5109 10344 5142 10344 5142 10345 5109 10345 5110 10345 5142 10346 5110 10346 5143 10346 5143 10347 5110 10347 5111 10347 5143 10348 5111 10348 5144 10348 5144 10349 5111 10349 5112 10349 5144 10350 5112 10350 5145 10350 5145 10351 5112 10351 5113 10351 5145 10352 5113 10352 5146 10352 5146 10353 5113 10353 5114 10353 5146 10354 5114 10354 5147 10354 5147 10355 5114 10355 5115 10355 5147 10356 5115 10356 5148 10356 5148 10357 5115 10357 5116 10357 5148 10358 5116 10358 5149 10358 5149 10359 5116 10359 5117 10359 5149 10360 5117 10360 5150 10360 5150 10361 5117 10361 5118 10361 5150 10362 5118 10362 5151 10362 5151 10363 5118 10363 5119 10363 5151 10364 5119 10364 5152 10364 5152 10365 5119 10365 5120 10365 5152 10366 5120 10366 5153 10366 5153 10367 5120 10367 5121 10367 5153 10368 5121 10368 5154 10368 5154 10369 5121 10369 5122 10369 5154 10370 5122 10370 5155 10370 5155 10371 5122 10371 5123 10371 5155 10372 5123 10372 5124 10372 5124 10373 5123 10373 5092 10373 5129 10374 5130 10374 5148 10374 5132 10375 5145 10375 5146 10375 5130 10376 5131 10376 5148 10376 5148 10377 5131 10377 5132 10377 5148 10378 5132 10378 5147 10378 5147 10379 5132 10379 5146 10379 5152 10380 5153 10380 5151 10380 5151 10381 5153 10381 5154 10381 5151 10382 5154 10382 5150 10382 5150 10383 5154 10383 5148 10383 5150 10384 5148 10384 5149 10384 5154 10385 5155 10385 5148 10385 5148 10386 5155 10386 5124 10386 5148 10387 5124 10387 5125 10387 5142 10388 5143 10388 5135 10388 5128 10389 5129 10389 5127 10389 5127 10390 5129 10390 5148 10390 5127 10391 5148 10391 5126 10391 5126 10392 5148 10392 5125 10392 5138 10393 5135 10393 5137 10393 5137 10394 5135 10394 5136 10394 5138 10395 5139 10395 5140 10395 5138 10396 5140 10396 5135 10396 5135 10397 5140 10397 5141 10397 5135 10398 5141 10398 5142 10398 5143 10399 5144 10399 5135 10399 5135 10400 5144 10400 5145 10400 5135 10401 5145 10401 5134 10401 5134 10402 5145 10402 5132 10402 5134 10403 5132 10403 5133 10403 5156 10404 5157 10404 5158 10404 5156 10405 5158 10405 5159 10405 5159 10406 5158 10406 5160 10406 5159 10407 5160 10407 5161 10407 5161 10408 5160 10408 5162 10408 5161 10409 5162 10409 5163 10409 5163 10410 5162 10410 5164 10410 5163 10411 5164 10411 5165 10411 5165 10412 5164 10412 5166 10412 5165 10413 5166 10413 5167 10413 5167 10414 5166 10414 5168 10414 5167 10415 5168 10415 5169 10415 5169 10416 5168 10416 5170 10416 5169 10417 5170 10417 5171 10417 5171 10418 5170 10418 5172 10418 5171 10419 5172 10419 5173 10419 5174 10420 5175 10420 5171 10420 5176 10421 5174 10421 5177 10421 5177 10422 5174 10422 5171 10422 5177 10423 5171 10423 5178 10423 5178 10424 5171 10424 5173 10424 5175 10425 5179 10425 5180 10425 5181 10426 5182 10426 5183 10426 5183 10427 5182 10427 5184 10427 5183 10428 5184 10428 5185 10428 5175 10429 5180 10429 5171 10429 5171 10430 5180 10430 5182 10430 5171 10431 5182 10431 5186 10431 5186 10432 5182 10432 5181 10432 5186 10433 5181 10433 5187 10433 5178 10434 5173 10434 5188 10434 5188 10435 5173 10435 5172 10435 5188 10436 5172 10436 5189 10436 5189 10437 5172 10437 5170 10437 5189 10438 5170 10438 5190 10438 5190 10439 5170 10439 5168 10439 5190 10440 5168 10440 5191 10440 5191 10441 5168 10441 5166 10441 5191 10442 5166 10442 5192 10442 5192 10443 5166 10443 5164 10443 5192 10444 5164 10444 5193 10444 5193 10445 5164 10445 5162 10445 5193 10446 5162 10446 5194 10446 5194 10447 5162 10447 5160 10447 5194 10448 5160 10448 5195 10448 5195 10449 5160 10449 5158 10449 5195 10450 5158 10450 5196 10450 5196 10451 5158 10451 5157 10451 5196 10452 5157 10452 5197 10452 5197 10453 5157 10453 5156 10453 5197 10454 5156 10454 5198 10454 5198 10455 5156 10455 5159 10455 5198 10456 5159 10456 5199 10456 5199 10457 5159 10457 5161 10457 5199 10458 5161 10458 5200 10458 5200 10459 5161 10459 5163 10459 5200 10460 5163 10460 5201 10460 5201 10461 5163 10461 5165 10461 5201 10462 5165 10462 5202 10462 5202 10463 5165 10463 5167 10463 5202 10464 5167 10464 5203 10464 5203 10465 5167 10465 5169 10465 5203 10466 5169 10466 5204 10466 5204 10467 5169 10467 5171 10467 5204 10468 5171 10468 5205 10468 5205 10469 5171 10469 5186 10469 5205 10470 5186 10470 5206 10470 5206 10471 5186 10471 5187 10471 5206 10472 5187 10472 5207 10472 5207 10473 5187 10473 5181 10473 5207 10474 5181 10474 5208 10474 5208 10475 5181 10475 5183 10475 5208 10476 5183 10476 5209 10476 5209 10477 5183 10477 5185 10477 5209 10478 5185 10478 5210 10478 5210 10479 5185 10479 5184 10479 5210 10480 5184 10480 5211 10480 5211 10481 5184 10481 5182 10481 5211 10482 5182 10482 5212 10482 5212 10483 5182 10483 5180 10483 5212 10484 5180 10484 5213 10484 5213 10485 5180 10485 5179 10485 5213 10486 5179 10486 5214 10486 5214 10487 5179 10487 5175 10487 5214 10488 5175 10488 5215 10488 5215 10489 5175 10489 5174 10489 5215 10490 5174 10490 5216 10490 5216 10491 5174 10491 5176 10491 5216 10492 5176 10492 5217 10492 5217 10493 5176 10493 5177 10493 5217 10494 5177 10494 5218 10494 5218 10495 5177 10495 5178 10495 5218 10496 5178 10496 5188 10496 5219 10497 5197 10497 5220 10497 5220 10498 5197 10498 5198 10498 5220 10499 5198 10499 5221 10499 5221 10500 5198 10500 5199 10500 5221 10501 5199 10501 5222 10501 5222 10502 5199 10502 5200 10502 5222 10503 5200 10503 5223 10503 5223 10504 5200 10504 5201 10504 5223 10505 5201 10505 5224 10505 5224 10506 5201 10506 5202 10506 5224 10507 5202 10507 5225 10507 5225 10508 5202 10508 5203 10508 5225 10509 5203 10509 5226 10509 5226 10510 5203 10510 5204 10510 5226 10511 5204 10511 5227 10511 5227 10512 5204 10512 5205 10512 5227 10513 5205 10513 5228 10513 5228 10514 5205 10514 5206 10514 5228 10515 5206 10515 5229 10515 5229 10516 5206 10516 5207 10516 5229 10517 5207 10517 5230 10517 5230 10518 5207 10518 5208 10518 5230 10519 5208 10519 5231 10519 5231 10520 5208 10520 5209 10520 5231 10521 5209 10521 5232 10521 5232 10522 5209 10522 5210 10522 5232 10523 5210 10523 5233 10523 5233 10524 5210 10524 5211 10524 5233 10525 5211 10525 5234 10525 5234 10526 5211 10526 5212 10526 5234 10527 5212 10527 5235 10527 5235 10528 5212 10528 5213 10528 5235 10529 5213 10529 5236 10529 5236 10530 5213 10530 5214 10530 5236 10531 5214 10531 5237 10531 5237 10532 5214 10532 5215 10532 5237 10533 5215 10533 5238 10533 5238 10534 5215 10534 5216 10534 5238 10535 5216 10535 5239 10535 5239 10536 5216 10536 5217 10536 5239 10537 5217 10537 5240 10537 5240 10538 5217 10538 5218 10538 5240 10539 5218 10539 5241 10539 5241 10540 5218 10540 5188 10540 5241 10541 5188 10541 5242 10541 5242 10542 5188 10542 5189 10542 5242 10543 5189 10543 5243 10543 5243 10544 5189 10544 5190 10544 5243 10545 5190 10545 5244 10545 5244 10546 5190 10546 5191 10546 5244 10547 5191 10547 5245 10547 5245 10548 5191 10548 5192 10548 5245 10549 5192 10549 5246 10549 5246 10550 5192 10550 5193 10550 5246 10551 5193 10551 5247 10551 5247 10552 5193 10552 5194 10552 5247 10553 5194 10553 5248 10553 5248 10554 5194 10554 5195 10554 5248 10555 5195 10555 5249 10555 5249 10556 5195 10556 5196 10556 5249 10557 5196 10557 5219 10557 5219 10558 5196 10558 5197 10558 5250 10559 5219 10559 5251 10559 5251 10560 5219 10560 5220 10560 5251 10561 5220 10561 5252 10561 5252 10562 5220 10562 5221 10562 5252 10563 5221 10563 5253 10563 5253 10564 5221 10564 5222 10564 5253 10565 5222 10565 5254 10565 5254 10566 5222 10566 5223 10566 5254 10567 5223 10567 5255 10567 5255 10568 5223 10568 5224 10568 5255 10569 5224 10569 5256 10569 5256 10570 5224 10570 5225 10570 5256 10571 5225 10571 5257 10571 5257 10572 5225 10572 5226 10572 5257 10573 5226 10573 5258 10573 5258 10574 5226 10574 5227 10574 5258 10575 5227 10575 5259 10575 5259 10576 5227 10576 5228 10576 5259 10577 5228 10577 5260 10577 5260 10578 5228 10578 5229 10578 5260 10579 5229 10579 5261 10579 5261 10580 5229 10580 5230 10580 5261 10581 5230 10581 5262 10581 5262 10582 5230 10582 5231 10582 5262 10583 5231 10583 5263 10583 5263 10584 5231 10584 5232 10584 5263 10585 5232 10585 5264 10585 5264 10586 5232 10586 5233 10586 5264 10587 5233 10587 5265 10587 5265 10588 5233 10588 5234 10588 5265 10589 5234 10589 5266 10589 5266 10590 5234 10590 5235 10590 5266 10591 5235 10591 5267 10591 5267 10592 5235 10592 5236 10592 5267 10593 5236 10593 5268 10593 5268 10594 5236 10594 5237 10594 5268 10595 5237 10595 5269 10595 5269 10596 5237 10596 5238 10596 5269 10597 5238 10597 5270 10597 5270 10598 5238 10598 5239 10598 5270 10599 5239 10599 5271 10599 5271 10600 5239 10600 5240 10600 5271 10601 5240 10601 5272 10601 5272 10602 5240 10602 5241 10602 5272 10603 5241 10603 5273 10603 5273 10604 5241 10604 5242 10604 5273 10605 5242 10605 5274 10605 5274 10606 5242 10606 5243 10606 5274 10607 5243 10607 5275 10607 5275 10608 5243 10608 5244 10608 5275 10609 5244 10609 5276 10609 5276 10610 5244 10610 5245 10610 5276 10611 5245 10611 5277 10611 5277 10612 5245 10612 5246 10612 5277 10613 5246 10613 5278 10613 5278 10614 5246 10614 5247 10614 5278 10615 5247 10615 5279 10615 5279 10616 5247 10616 5248 10616 5279 10617 5248 10617 5280 10617 5280 10618 5248 10618 5249 10618 5280 10619 5249 10619 5250 10619 5250 10620 5249 10620 5219 10620 5281 10621 5250 10621 5282 10621 5282 10622 5250 10622 5251 10622 5282 10623 5251 10623 5283 10623 5283 10624 5251 10624 5252 10624 5283 10625 5252 10625 5284 10625 5284 10626 5252 10626 5253 10626 5284 10627 5253 10627 5285 10627 5285 10628 5253 10628 5254 10628 5285 10629 5254 10629 5286 10629 5286 10630 5254 10630 5255 10630 5286 10631 5255 10631 5287 10631 5287 10632 5255 10632 5256 10632 5287 10633 5256 10633 5288 10633 5288 10634 5256 10634 5257 10634 5288 10635 5257 10635 5289 10635 5289 10636 5257 10636 5258 10636 5289 10637 5258 10637 5290 10637 5290 10638 5258 10638 5259 10638 5290 10639 5259 10639 5291 10639 5291 10640 5259 10640 5260 10640 5291 10641 5260 10641 5292 10641 5292 10642 5260 10642 5261 10642 5292 10643 5261 10643 5293 10643 5293 10644 5261 10644 5262 10644 5293 10645 5262 10645 5294 10645 5294 10646 5262 10646 5263 10646 5294 10647 5263 10647 5295 10647 5295 10648 5263 10648 5264 10648 5295 10649 5264 10649 5296 10649 5296 10650 5264 10650 5265 10650 5296 10651 5265 10651 5297 10651 5297 10652 5265 10652 5266 10652 5297 10653 5266 10653 5298 10653 5298 10654 5266 10654 5267 10654 5298 10655 5267 10655 5299 10655 5299 10656 5267 10656 5268 10656 5299 10657 5268 10657 5300 10657 5300 10658 5268 10658 5269 10658 5300 10659 5269 10659 5301 10659 5301 10660 5269 10660 5270 10660 5301 10661 5270 10661 5302 10661 5302 10662 5270 10662 5271 10662 5302 10663 5271 10663 5303 10663 5303 10664 5271 10664 5272 10664 5303 10665 5272 10665 5304 10665 5304 10666 5272 10666 5273 10666 5304 10667 5273 10667 5305 10667 5305 10668 5273 10668 5274 10668 5305 10669 5274 10669 5306 10669 5306 10670 5274 10670 5275 10670 5306 10671 5275 10671 5307 10671 5307 10672 5275 10672 5276 10672 5307 10673 5276 10673 5308 10673 5308 10674 5276 10674 5277 10674 5308 10675 5277 10675 5309 10675 5309 10676 5277 10676 5278 10676 5309 10677 5278 10677 5310 10677 5310 10678 5278 10678 5279 10678 5310 10679 5279 10679 5311 10679 5311 10680 5279 10680 5280 10680 5311 10681 5280 10681 5281 10681 5281 10682 5280 10682 5250 10682 5312 10683 5281 10683 5313 10683 5313 10684 5281 10684 5282 10684 5313 10685 5282 10685 5314 10685 5314 10686 5282 10686 5283 10686 5314 10687 5283 10687 5315 10687 5315 10688 5283 10688 5284 10688 5315 10689 5284 10689 5316 10689 5316 10690 5284 10690 5285 10690 5316 10691 5285 10691 5317 10691 5317 10692 5285 10692 5286 10692 5317 10693 5286 10693 5318 10693 5318 10694 5286 10694 5287 10694 5318 10695 5287 10695 5319 10695 5319 10696 5287 10696 5288 10696 5319 10697 5288 10697 5320 10697 5320 10698 5288 10698 5289 10698 5320 10699 5289 10699 5321 10699 5321 10700 5289 10700 5290 10700 5321 10701 5290 10701 5322 10701 5322 10702 5290 10702 5291 10702 5322 10703 5291 10703 5323 10703 5323 10704 5291 10704 5292 10704 5323 10705 5292 10705 5324 10705 5324 10706 5292 10706 5293 10706 5324 10707 5293 10707 5325 10707 5325 10708 5293 10708 5294 10708 5325 10709 5294 10709 5326 10709 5326 10710 5294 10710 5295 10710 5326 10711 5295 10711 5327 10711 5327 10712 5295 10712 5296 10712 5327 10713 5296 10713 5328 10713 5328 10714 5296 10714 5297 10714 5328 10715 5297 10715 5329 10715 5329 10716 5297 10716 5298 10716 5329 10717 5298 10717 5330 10717 5330 10718 5298 10718 5299 10718 5330 10719 5299 10719 5331 10719 5331 10720 5299 10720 5300 10720 5331 10721 5300 10721 5332 10721 5332 10722 5300 10722 5301 10722 5332 10723 5301 10723 5333 10723 5333 10724 5301 10724 5302 10724 5333 10725 5302 10725 5334 10725 5334 10726 5302 10726 5303 10726 5334 10727 5303 10727 5335 10727 5335 10728 5303 10728 5304 10728 5335 10729 5304 10729 5336 10729 5336 10730 5304 10730 5305 10730 5336 10731 5305 10731 5337 10731 5337 10732 5305 10732 5306 10732 5337 10733 5306 10733 5338 10733 5338 10734 5306 10734 5307 10734 5338 10735 5307 10735 5339 10735 5339 10736 5307 10736 5308 10736 5339 10737 5308 10737 5340 10737 5340 10738 5308 10738 5309 10738 5340 10739 5309 10739 5341 10739 5341 10740 5309 10740 5310 10740 5341 10741 5310 10741 5342 10741 5342 10742 5310 10742 5311 10742 5342 10743 5311 10743 5312 10743 5312 10744 5311 10744 5281 10744 5343 10745 5312 10745 5344 10745 5344 10746 5312 10746 5313 10746 5344 10747 5313 10747 5345 10747 5345 10748 5313 10748 5314 10748 5345 10749 5314 10749 5346 10749 5346 10750 5314 10750 5315 10750 5346 10751 5315 10751 5347 10751 5347 10752 5315 10752 5316 10752 5347 10753 5316 10753 5348 10753 5348 10754 5316 10754 5317 10754 5348 10755 5317 10755 5349 10755 5349 10756 5317 10756 5318 10756 5349 10757 5318 10757 5350 10757 5350 10758 5318 10758 5319 10758 5350 10759 5319 10759 5351 10759 5351 10760 5319 10760 5320 10760 5351 10761 5320 10761 5352 10761 5352 10762 5320 10762 5321 10762 5352 10763 5321 10763 5353 10763 5353 10764 5321 10764 5322 10764 5353 10765 5322 10765 5354 10765 5354 10766 5322 10766 5323 10766 5354 10767 5323 10767 5355 10767 5355 10768 5323 10768 5324 10768 5355 10769 5324 10769 5356 10769 5356 10770 5324 10770 5325 10770 5356 10771 5325 10771 5357 10771 5357 10772 5325 10772 5326 10772 5357 10773 5326 10773 5358 10773 5358 10774 5326 10774 5327 10774 5358 10775 5327 10775 5359 10775 5359 10776 5327 10776 5328 10776 5359 10777 5328 10777 5360 10777 5360 10778 5328 10778 5329 10778 5360 10779 5329 10779 5361 10779 5361 10780 5329 10780 5330 10780 5361 10781 5330 10781 5362 10781 5362 10782 5330 10782 5331 10782 5362 10783 5331 10783 5363 10783 5363 10784 5331 10784 5332 10784 5363 10785 5332 10785 5364 10785 5364 10786 5332 10786 5333 10786 5364 10787 5333 10787 5365 10787 5365 10788 5333 10788 5334 10788 5365 10789 5334 10789 5366 10789 5366 10790 5334 10790 5335 10790 5366 10791 5335 10791 5367 10791 5367 10792 5335 10792 5336 10792 5367 10793 5336 10793 5368 10793 5368 10794 5336 10794 5337 10794 5368 10795 5337 10795 5369 10795 5369 10796 5337 10796 5338 10796 5369 10797 5338 10797 5370 10797 5370 10798 5338 10798 5339 10798 5370 10799 5339 10799 5371 10799 5371 10800 5339 10800 5340 10800 5371 10801 5340 10801 5372 10801 5372 10802 5340 10802 5341 10802 5372 10803 5341 10803 5373 10803 5373 10804 5341 10804 5342 10804 5373 10805 5342 10805 5343 10805 5343 10806 5342 10806 5312 10806 5374 10807 5343 10807 5375 10807 5375 10808 5343 10808 5344 10808 5375 10809 5344 10809 5376 10809 5376 10810 5344 10810 5345 10810 5376 10811 5345 10811 5377 10811 5377 10812 5345 10812 5346 10812 5377 10813 5346 10813 5378 10813 5378 10814 5346 10814 5347 10814 5378 10815 5347 10815 5379 10815 5379 10816 5347 10816 5348 10816 5379 10817 5348 10817 5380 10817 5380 10818 5348 10818 5349 10818 5380 10819 5349 10819 5381 10819 5381 10820 5349 10820 5350 10820 5381 10821 5350 10821 5382 10821 5382 10822 5350 10822 5351 10822 5382 10823 5351 10823 5383 10823 5383 10824 5351 10824 5352 10824 5383 10825 5352 10825 5384 10825 5384 10826 5352 10826 5353 10826 5384 10827 5353 10827 5385 10827 5385 10828 5353 10828 5354 10828 5385 10829 5354 10829 5386 10829 5386 10830 5354 10830 5355 10830 5386 10831 5355 10831 5387 10831 5387 10832 5355 10832 5356 10832 5387 10833 5356 10833 5388 10833 5388 10834 5356 10834 5357 10834 5388 10835 5357 10835 5389 10835 5389 10836 5357 10836 5358 10836 5389 10837 5358 10837 5390 10837 5390 10838 5358 10838 5359 10838 5390 10839 5359 10839 5391 10839 5391 10840 5359 10840 5360 10840 5391 10841 5360 10841 5392 10841 5392 10842 5360 10842 5361 10842 5392 10843 5361 10843 5393 10843 5393 10844 5361 10844 5362 10844 5393 10845 5362 10845 5394 10845 5394 10846 5362 10846 5363 10846 5394 10847 5363 10847 5395 10847 5395 10848 5363 10848 5364 10848 5395 10849 5364 10849 5396 10849 5396 10850 5364 10850 5365 10850 5396 10851 5365 10851 5397 10851 5397 10852 5365 10852 5366 10852 5397 10853 5366 10853 5398 10853 5398 10854 5366 10854 5367 10854 5398 10855 5367 10855 5399 10855 5399 10856 5367 10856 5368 10856 5399 10857 5368 10857 5400 10857 5400 10858 5368 10858 5369 10858 5400 10859 5369 10859 5401 10859 5401 10860 5369 10860 5370 10860 5401 10861 5370 10861 5402 10861 5402 10862 5370 10862 5371 10862 5402 10863 5371 10863 5403 10863 5403 10864 5371 10864 5372 10864 5403 10865 5372 10865 5404 10865 5404 10866 5372 10866 5373 10866 5404 10867 5373 10867 5374 10867 5374 10868 5373 10868 5343 10868 5405 10869 5406 10869 5396 10869 5396 10870 5406 10870 5407 10870 5396 10871 5407 10871 5395 10871 5395 10872 5407 10872 5408 10872 5395 10873 5408 10873 5394 10873 5394 10874 5408 10874 5409 10874 5394 10875 5409 10875 5393 10875 5393 10876 5409 10876 5410 10876 5393 10877 5410 10877 5392 10877 5392 10878 5410 10878 5411 10878 5392 10879 5411 10879 5391 10879 5391 10880 5411 10880 5412 10880 5391 10881 5412 10881 5390 10881 5390 10882 5412 10882 5413 10882 5390 10883 5413 10883 5389 10883 5389 10884 5413 10884 5414 10884 5389 10885 5414 10885 5388 10885 5388 10886 5414 10886 5415 10886 5388 10887 5415 10887 5387 10887 5387 10888 5415 10888 5416 10888 5387 10889 5416 10889 5386 10889 5386 10890 5416 10890 5417 10890 5386 10891 5417 10891 5385 10891 5385 10892 5417 10892 5418 10892 5385 10893 5418 10893 5384 10893 5384 10894 5418 10894 5419 10894 5384 10895 5419 10895 5383 10895 5383 10896 5419 10896 5420 10896 5383 10897 5420 10897 5382 10897 5382 10898 5420 10898 5421 10898 5382 10899 5421 10899 5381 10899 5381 10900 5421 10900 5422 10900 5381 10901 5422 10901 5380 10901 5380 10902 5422 10902 5423 10902 5380 10903 5423 10903 5379 10903 5379 10904 5423 10904 5424 10904 5379 10905 5424 10905 5378 10905 5378 10906 5424 10906 5425 10906 5378 10907 5425 10907 5377 10907 5377 10908 5425 10908 5426 10908 5377 10909 5426 10909 5376 10909 5376 10910 5426 10910 5427 10910 5376 10911 5427 10911 5375 10911 5375 10912 5427 10912 5428 10912 5375 10913 5428 10913 5374 10913 5374 10914 5428 10914 5429 10914 5374 10915 5429 10915 5404 10915 5404 10916 5429 10916 5430 10916 5404 10917 5430 10917 5403 10917 5403 10918 5430 10918 5431 10918 5403 10919 5431 10919 5402 10919 5402 10920 5431 10920 5432 10920 5402 10921 5432 10921 5401 10921 5401 10922 5432 10922 5433 10922 5401 10923 5433 10923 5400 10923 5400 10924 5433 10924 5434 10924 5400 10925 5434 10925 5399 10925 5399 10926 5434 10926 5435 10926 5399 10927 5435 10927 5398 10927 5398 10928 5435 10928 5436 10928 5398 10929 5436 10929 5397 10929 5397 10930 5436 10930 5405 10930 5397 10931 5405 10931 5396 10931 5423 10932 5422 10932 5405 10932 5415 10933 5414 10933 5413 10933 5415 10934 5413 10934 5416 10934 5416 10935 5413 10935 5412 10935 5416 10936 5412 10936 5417 10936 5417 10937 5412 10937 5411 10937 5417 10938 5411 10938 5418 10938 5418 10939 5411 10939 5410 10939 5418 10940 5410 10940 5419 10940 5419 10941 5410 10941 5409 10941 5419 10942 5409 10942 5420 10942 5420 10943 5409 10943 5408 10943 5420 10944 5408 10944 5421 10944 5421 10945 5408 10945 5407 10945 5421 10946 5407 10946 5422 10946 5422 10947 5407 10947 5406 10947 5422 10948 5406 10948 5405 10948 5424 10949 5423 10949 5425 10949 5425 10950 5423 10950 5405 10950 5425 10951 5405 10951 5426 10951 5426 10952 5405 10952 5427 10952 5436 10953 5435 10953 5432 10953 5432 10954 5435 10954 5434 10954 5432 10955 5434 10955 5433 10955 5436 10956 5432 10956 5405 10956 5405 10957 5432 10957 5431 10957 5405 10958 5431 10958 5430 10958 5430 10959 5429 10959 5405 10959 5405 10960 5429 10960 5428 10960 5405 10961 5428 10961 5427 10961 5437 10962 5438 10962 5439 10962 5440 10963 5441 10963 5442 10963 5440 10964 5442 10964 5443 10964 5443 10965 5442 10965 5444 10965 5443 10966 5444 10966 5445 10966 5445 10967 5444 10967 5446 10967 5445 10968 5446 10968 5447 10968 5447 10969 5446 10969 5448 10969 5447 10970 5448 10970 5449 10970 5449 10971 5448 10971 5450 10971 5449 10972 5450 10972 5451 10972 5451 10973 5450 10973 5452 10973 5451 10974 5452 10974 5453 10974 5453 10975 5452 10975 5454 10975 5453 10976 5454 10976 5438 10976 5438 10977 5454 10977 5455 10977 5438 10978 5455 10978 5439 10978 5456 10979 5457 10979 5458 10979 5458 10980 5457 10980 5459 10980 5458 10981 5459 10981 5460 10981 5461 10982 5439 10982 5462 10982 5462 10983 5439 10983 5463 10983 5462 10984 5463 10984 5464 10984 5459 10985 5437 10985 5460 10985 5460 10986 5437 10986 5439 10986 5460 10987 5439 10987 5465 10987 5465 10988 5439 10988 5461 10988 5464 10989 5466 10989 5462 10989 5462 10990 5466 10990 5467 10990 5462 10991 5467 10991 5468 10991 5463 10992 5439 10992 5469 10992 5469 10993 5439 10993 5455 10993 5469 10994 5455 10994 5470 10994 5470 10995 5455 10995 5454 10995 5470 10996 5454 10996 5471 10996 5471 10997 5454 10997 5452 10997 5471 10998 5452 10998 5472 10998 5472 10999 5452 10999 5450 10999 5472 11000 5450 11000 5473 11000 5473 11001 5450 11001 5448 11001 5473 11002 5448 11002 5474 11002 5474 11003 5448 11003 5446 11003 5474 11004 5446 11004 5475 11004 5475 11005 5446 11005 5444 11005 5475 11006 5444 11006 5476 11006 5476 11007 5444 11007 5442 11007 5476 11008 5442 11008 5477 11008 5477 11009 5442 11009 5441 11009 5477 11010 5441 11010 5478 11010 5478 11011 5441 11011 5440 11011 5478 11012 5440 11012 5479 11012 5479 11013 5440 11013 5443 11013 5479 11014 5443 11014 5480 11014 5480 11015 5443 11015 5445 11015 5480 11016 5445 11016 5481 11016 5481 11017 5445 11017 5447 11017 5481 11018 5447 11018 5482 11018 5482 11019 5447 11019 5449 11019 5482 11020 5449 11020 5483 11020 5483 11021 5449 11021 5451 11021 5483 11022 5451 11022 5484 11022 5484 11023 5451 11023 5453 11023 5484 11024 5453 11024 5485 11024 5485 11025 5453 11025 5438 11025 5485 11026 5438 11026 5486 11026 5486 11027 5438 11027 5437 11027 5486 11028 5437 11028 5487 11028 5487 11029 5437 11029 5459 11029 5487 11030 5459 11030 5488 11030 5488 11031 5459 11031 5457 11031 5488 11032 5457 11032 5489 11032 5489 11033 5457 11033 5456 11033 5489 11034 5456 11034 5490 11034 5490 11035 5456 11035 5458 11035 5490 11036 5458 11036 5491 11036 5491 11037 5458 11037 5460 11037 5491 11038 5460 11038 5492 11038 5492 11039 5460 11039 5465 11039 5492 11040 5465 11040 5493 11040 5493 11041 5465 11041 5461 11041 5493 11042 5461 11042 5494 11042 5494 11043 5461 11043 5462 11043 5494 11044 5462 11044 5495 11044 5495 11045 5462 11045 5468 11045 5495 11046 5468 11046 5496 11046 5496 11047 5468 11047 5467 11047 5496 11048 5467 11048 5497 11048 5497 11049 5467 11049 5466 11049 5497 11050 5466 11050 5498 11050 5498 11051 5466 11051 5464 11051 5498 11052 5464 11052 5499 11052 5499 11053 5464 11053 5463 11053 5499 11054 5463 11054 5469 11054 5500 11055 5478 11055 5501 11055 5501 11056 5478 11056 5479 11056 5501 11057 5479 11057 5502 11057 5502 11058 5479 11058 5480 11058 5502 11059 5480 11059 5503 11059 5503 11060 5480 11060 5481 11060 5503 11061 5481 11061 5504 11061 5504 11062 5481 11062 5482 11062 5504 11063 5482 11063 5505 11063 5505 11064 5482 11064 5483 11064 5505 11065 5483 11065 5506 11065 5506 11066 5483 11066 5484 11066 5506 11067 5484 11067 5507 11067 5507 11068 5484 11068 5485 11068 5507 11069 5485 11069 5508 11069 5508 11070 5485 11070 5486 11070 5508 11071 5486 11071 5509 11071 5509 11072 5486 11072 5487 11072 5509 11073 5487 11073 5510 11073 5510 11074 5487 11074 5488 11074 5510 11075 5488 11075 5511 11075 5511 11076 5488 11076 5489 11076 5511 11077 5489 11077 5512 11077 5512 11078 5489 11078 5490 11078 5512 11079 5490 11079 5513 11079 5513 11080 5490 11080 5491 11080 5513 11081 5491 11081 5514 11081 5514 11082 5491 11082 5492 11082 5514 11083 5492 11083 5515 11083 5515 11084 5492 11084 5493 11084 5515 11085 5493 11085 5516 11085 5516 11086 5493 11086 5494 11086 5516 11087 5494 11087 5517 11087 5517 11088 5494 11088 5495 11088 5517 11089 5495 11089 5518 11089 5518 11090 5495 11090 5496 11090 5518 11091 5496 11091 5519 11091 5519 11092 5496 11092 5497 11092 5519 11093 5497 11093 5520 11093 5520 11094 5497 11094 5498 11094 5520 11095 5498 11095 5521 11095 5521 11096 5498 11096 5499 11096 5521 11097 5499 11097 5522 11097 5522 11098 5499 11098 5469 11098 5522 11099 5469 11099 5523 11099 5523 11100 5469 11100 5470 11100 5523 11101 5470 11101 5524 11101 5524 11102 5470 11102 5471 11102 5524 11103 5471 11103 5525 11103 5525 11104 5471 11104 5472 11104 5525 11105 5472 11105 5526 11105 5526 11106 5472 11106 5473 11106 5526 11107 5473 11107 5527 11107 5527 11108 5473 11108 5474 11108 5527 11109 5474 11109 5528 11109 5528 11110 5474 11110 5475 11110 5528 11111 5475 11111 5529 11111 5529 11112 5475 11112 5476 11112 5529 11113 5476 11113 5530 11113 5530 11114 5476 11114 5477 11114 5530 11115 5477 11115 5500 11115 5500 11116 5477 11116 5478 11116 5531 11117 5500 11117 5532 11117 5532 11118 5500 11118 5501 11118 5532 11119 5501 11119 5533 11119 5533 11120 5501 11120 5502 11120 5533 11121 5502 11121 5534 11121 5534 11122 5502 11122 5503 11122 5534 11123 5503 11123 5535 11123 5535 11124 5503 11124 5504 11124 5535 11125 5504 11125 5536 11125 5536 11126 5504 11126 5505 11126 5536 11127 5505 11127 5537 11127 5537 11128 5505 11128 5506 11128 5537 11129 5506 11129 5538 11129 5538 11130 5506 11130 5507 11130 5538 11131 5507 11131 5539 11131 5539 11132 5507 11132 5508 11132 5539 11133 5508 11133 5540 11133 5540 11134 5508 11134 5509 11134 5540 11135 5509 11135 5541 11135 5541 11136 5509 11136 5510 11136 5541 11137 5510 11137 5542 11137 5542 11138 5510 11138 5511 11138 5542 11139 5511 11139 5543 11139 5543 11140 5511 11140 5512 11140 5543 11141 5512 11141 5544 11141 5544 11142 5512 11142 5513 11142 5544 11143 5513 11143 5545 11143 5545 11144 5513 11144 5514 11144 5545 11145 5514 11145 5546 11145 5546 11146 5514 11146 5515 11146 5546 11147 5515 11147 5547 11147 5547 11148 5515 11148 5516 11148 5547 11149 5516 11149 5548 11149 5548 11150 5516 11150 5517 11150 5548 11151 5517 11151 5549 11151 5549 11152 5517 11152 5518 11152 5549 11153 5518 11153 5550 11153 5550 11154 5518 11154 5519 11154 5550 11155 5519 11155 5551 11155 5551 11156 5519 11156 5520 11156 5551 11157 5520 11157 5552 11157 5552 11158 5520 11158 5521 11158 5552 11159 5521 11159 5553 11159 5553 11160 5521 11160 5522 11160 5553 11161 5522 11161 5554 11161 5554 11162 5522 11162 5523 11162 5554 11163 5523 11163 5555 11163 5555 11164 5523 11164 5524 11164 5555 11165 5524 11165 5556 11165 5556 11166 5524 11166 5525 11166 5556 11167 5525 11167 5557 11167 5557 11168 5525 11168 5526 11168 5557 11169 5526 11169 5558 11169 5558 11170 5526 11170 5527 11170 5558 11171 5527 11171 5559 11171 5559 11172 5527 11172 5528 11172 5559 11173 5528 11173 5560 11173 5560 11174 5528 11174 5529 11174 5560 11175 5529 11175 5561 11175 5561 11176 5529 11176 5530 11176 5561 11177 5530 11177 5531 11177 5531 11178 5530 11178 5500 11178 5562 11179 5531 11179 5563 11179 5563 11180 5531 11180 5532 11180 5563 11181 5532 11181 5564 11181 5564 11182 5532 11182 5533 11182 5564 11183 5533 11183 5565 11183 5565 11184 5533 11184 5534 11184 5565 11185 5534 11185 5566 11185 5566 11186 5534 11186 5535 11186 5566 11187 5535 11187 5567 11187 5567 11188 5535 11188 5536 11188 5567 11189 5536 11189 5568 11189 5568 11190 5536 11190 5537 11190 5568 11191 5537 11191 5569 11191 5569 11192 5537 11192 5538 11192 5569 11193 5538 11193 5570 11193 5570 11194 5538 11194 5539 11194 5570 11195 5539 11195 5571 11195 5571 11196 5539 11196 5540 11196 5571 11197 5540 11197 5572 11197 5572 11198 5540 11198 5541 11198 5572 11199 5541 11199 5573 11199 5573 11200 5541 11200 5542 11200 5573 11201 5542 11201 5574 11201 5574 11202 5542 11202 5543 11202 5574 11203 5543 11203 5575 11203 5575 11204 5543 11204 5544 11204 5575 11205 5544 11205 5576 11205 5576 11206 5544 11206 5545 11206 5576 11207 5545 11207 5577 11207 5577 11208 5545 11208 5546 11208 5577 11209 5546 11209 5578 11209 5578 11210 5546 11210 5547 11210 5578 11211 5547 11211 5579 11211 5579 11212 5547 11212 5548 11212 5579 11213 5548 11213 5580 11213 5580 11214 5548 11214 5549 11214 5580 11215 5549 11215 5581 11215 5581 11216 5549 11216 5550 11216 5581 11217 5550 11217 5582 11217 5582 11218 5550 11218 5551 11218 5582 11219 5551 11219 5583 11219 5583 11220 5551 11220 5552 11220 5583 11221 5552 11221 5584 11221 5584 11222 5552 11222 5553 11222 5584 11223 5553 11223 5585 11223 5585 11224 5553 11224 5554 11224 5585 11225 5554 11225 5586 11225 5586 11226 5554 11226 5555 11226 5586 11227 5555 11227 5587 11227 5587 11228 5555 11228 5556 11228 5587 11229 5556 11229 5588 11229 5588 11230 5556 11230 5557 11230 5588 11231 5557 11231 5589 11231 5589 11232 5557 11232 5558 11232 5589 11233 5558 11233 5590 11233 5590 11234 5558 11234 5559 11234 5590 11235 5559 11235 5591 11235 5591 11236 5559 11236 5560 11236 5591 11237 5560 11237 5592 11237 5592 11238 5560 11238 5561 11238 5592 11239 5561 11239 5562 11239 5562 11240 5561 11240 5531 11240 5593 11241 5562 11241 5594 11241 5594 11242 5562 11242 5563 11242 5594 11243 5563 11243 5595 11243 5595 11244 5563 11244 5564 11244 5595 11245 5564 11245 5596 11245 5596 11246 5564 11246 5565 11246 5596 11247 5565 11247 5597 11247 5597 11248 5565 11248 5566 11248 5597 11249 5566 11249 5598 11249 5598 11250 5566 11250 5567 11250 5598 11251 5567 11251 5599 11251 5599 11252 5567 11252 5568 11252 5599 11253 5568 11253 5600 11253 5600 11254 5568 11254 5569 11254 5600 11255 5569 11255 5601 11255 5601 11256 5569 11256 5570 11256 5601 11257 5570 11257 5602 11257 5602 11258 5570 11258 5571 11258 5602 11259 5571 11259 5603 11259 5603 11260 5571 11260 5572 11260 5603 11261 5572 11261 5604 11261 5604 11262 5572 11262 5573 11262 5604 11263 5573 11263 5605 11263 5605 11264 5573 11264 5574 11264 5605 11265 5574 11265 5606 11265 5606 11266 5574 11266 5575 11266 5606 11267 5575 11267 5607 11267 5607 11268 5575 11268 5576 11268 5607 11269 5576 11269 5608 11269 5608 11270 5576 11270 5577 11270 5608 11271 5577 11271 5609 11271 5609 11272 5577 11272 5578 11272 5609 11273 5578 11273 5610 11273 5610 11274 5578 11274 5579 11274 5610 11275 5579 11275 5611 11275 5611 11276 5579 11276 5580 11276 5611 11277 5580 11277 5612 11277 5612 11278 5580 11278 5581 11278 5612 11279 5581 11279 5613 11279 5613 11280 5581 11280 5582 11280 5613 11281 5582 11281 5614 11281 5614 11282 5582 11282 5583 11282 5614 11283 5583 11283 5615 11283 5615 11284 5583 11284 5584 11284 5615 11285 5584 11285 5616 11285 5616 11286 5584 11286 5585 11286 5616 11287 5585 11287 5617 11287 5617 11288 5585 11288 5586 11288 5617 11289 5586 11289 5618 11289 5618 11290 5586 11290 5587 11290 5618 11291 5587 11291 5619 11291 5619 11292 5587 11292 5588 11292 5619 11293 5588 11293 5620 11293 5620 11294 5588 11294 5589 11294 5620 11295 5589 11295 5621 11295 5621 11296 5589 11296 5590 11296 5621 11297 5590 11297 5622 11297 5622 11298 5590 11298 5591 11298 5622 11299 5591 11299 5623 11299 5623 11300 5591 11300 5592 11300 5623 11301 5592 11301 5593 11301 5593 11302 5592 11302 5562 11302 5624 11303 5593 11303 5625 11303 5625 11304 5593 11304 5594 11304 5625 11305 5594 11305 5626 11305 5626 11306 5594 11306 5595 11306 5626 11307 5595 11307 5627 11307 5627 11308 5595 11308 5596 11308 5627 11309 5596 11309 5628 11309 5628 11310 5596 11310 5597 11310 5628 11311 5597 11311 5629 11311 5629 11312 5597 11312 5598 11312 5629 11313 5598 11313 5630 11313 5630 11314 5598 11314 5599 11314 5630 11315 5599 11315 5631 11315 5631 11316 5599 11316 5600 11316 5631 11317 5600 11317 5632 11317 5632 11318 5600 11318 5601 11318 5632 11319 5601 11319 5633 11319 5633 11320 5601 11320 5602 11320 5633 11321 5602 11321 5634 11321 5634 11322 5602 11322 5603 11322 5634 11323 5603 11323 5635 11323 5635 11324 5603 11324 5604 11324 5635 11325 5604 11325 5636 11325 5636 11326 5604 11326 5605 11326 5636 11327 5605 11327 5637 11327 5637 11328 5605 11328 5606 11328 5637 11329 5606 11329 5638 11329 5638 11330 5606 11330 5607 11330 5638 11331 5607 11331 5639 11331 5639 11332 5607 11332 5608 11332 5639 11333 5608 11333 5640 11333 5640 11334 5608 11334 5609 11334 5640 11335 5609 11335 5641 11335 5641 11336 5609 11336 5610 11336 5641 11337 5610 11337 5642 11337 5642 11338 5610 11338 5611 11338 5642 11339 5611 11339 5643 11339 5643 11340 5611 11340 5612 11340 5643 11341 5612 11341 5644 11341 5644 11342 5612 11342 5613 11342 5644 11343 5613 11343 5645 11343 5645 11344 5613 11344 5614 11344 5645 11345 5614 11345 5646 11345 5646 11346 5614 11346 5615 11346 5646 11347 5615 11347 5647 11347 5647 11348 5615 11348 5616 11348 5647 11349 5616 11349 5648 11349 5648 11350 5616 11350 5617 11350 5648 11351 5617 11351 5649 11351 5649 11352 5617 11352 5618 11352 5649 11353 5618 11353 5650 11353 5650 11354 5618 11354 5619 11354 5650 11355 5619 11355 5651 11355 5651 11356 5619 11356 5620 11356 5651 11357 5620 11357 5652 11357 5652 11358 5620 11358 5621 11358 5652 11359 5621 11359 5653 11359 5653 11360 5621 11360 5622 11360 5653 11361 5622 11361 5654 11361 5654 11362 5622 11362 5623 11362 5654 11363 5623 11363 5624 11363 5624 11364 5623 11364 5593 11364 5655 11365 5624 11365 5656 11365 5656 11366 5624 11366 5625 11366 5656 11367 5625 11367 5657 11367 5657 11368 5625 11368 5626 11368 5657 11369 5626 11369 5658 11369 5658 11370 5626 11370 5627 11370 5658 11371 5627 11371 5659 11371 5659 11372 5627 11372 5628 11372 5659 11373 5628 11373 5660 11373 5660 11374 5628 11374 5629 11374 5660 11375 5629 11375 5661 11375 5661 11376 5629 11376 5630 11376 5661 11377 5630 11377 5662 11377 5662 11378 5630 11378 5631 11378 5662 11379 5631 11379 5663 11379 5663 11380 5631 11380 5632 11380 5663 11381 5632 11381 5664 11381 5664 11382 5632 11382 5633 11382 5664 11383 5633 11383 5665 11383 5665 11384 5633 11384 5634 11384 5665 11385 5634 11385 5666 11385 5666 11386 5634 11386 5635 11386 5666 11387 5635 11387 5667 11387 5667 11388 5635 11388 5636 11388 5667 11389 5636 11389 5668 11389 5668 11390 5636 11390 5637 11390 5668 11391 5637 11391 5669 11391 5669 11392 5637 11392 5638 11392 5669 11393 5638 11393 5670 11393 5670 11394 5638 11394 5639 11394 5670 11395 5639 11395 5671 11395 5671 11396 5639 11396 5640 11396 5671 11397 5640 11397 5672 11397 5672 11398 5640 11398 5641 11398 5672 11399 5641 11399 5673 11399 5673 11400 5641 11400 5642 11400 5673 11401 5642 11401 5674 11401 5674 11402 5642 11402 5643 11402 5674 11403 5643 11403 5675 11403 5675 11404 5643 11404 5644 11404 5675 11405 5644 11405 5676 11405 5676 11406 5644 11406 5645 11406 5676 11407 5645 11407 5677 11407 5677 11408 5645 11408 5646 11408 5677 11409 5646 11409 5678 11409 5678 11410 5646 11410 5647 11410 5678 11411 5647 11411 5679 11411 5679 11412 5647 11412 5648 11412 5679 11413 5648 11413 5680 11413 5680 11414 5648 11414 5649 11414 5680 11415 5649 11415 5681 11415 5681 11416 5649 11416 5650 11416 5681 11417 5650 11417 5682 11417 5682 11418 5650 11418 5651 11418 5682 11419 5651 11419 5683 11419 5683 11420 5651 11420 5652 11420 5683 11421 5652 11421 5684 11421 5684 11422 5652 11422 5653 11422 5684 11423 5653 11423 5685 11423 5685 11424 5653 11424 5654 11424 5685 11425 5654 11425 5655 11425 5655 11426 5654 11426 5624 11426 5686 11427 5687 11427 5677 11427 5677 11428 5687 11428 5688 11428 5677 11429 5688 11429 5676 11429 5676 11430 5688 11430 5689 11430 5676 11431 5689 11431 5675 11431 5675 11432 5689 11432 5690 11432 5675 11433 5690 11433 5674 11433 5674 11434 5690 11434 5691 11434 5674 11435 5691 11435 5673 11435 5673 11436 5691 11436 5692 11436 5673 11437 5692 11437 5672 11437 5672 11438 5692 11438 5693 11438 5672 11439 5693 11439 5671 11439 5671 11440 5693 11440 5694 11440 5671 11441 5694 11441 5670 11441 5670 11442 5694 11442 5695 11442 5670 11443 5695 11443 5669 11443 5669 11444 5695 11444 5696 11444 5669 11445 5696 11445 5668 11445 5668 11446 5696 11446 5697 11446 5668 11447 5697 11447 5667 11447 5667 11448 5697 11448 5698 11448 5667 11449 5698 11449 5666 11449 5666 11450 5698 11450 5699 11450 5666 11451 5699 11451 5665 11451 5665 11452 5699 11452 5700 11452 5665 11453 5700 11453 5664 11453 5664 11454 5700 11454 5701 11454 5664 11455 5701 11455 5663 11455 5663 11456 5701 11456 5702 11456 5663 11457 5702 11457 5662 11457 5662 11458 5702 11458 5703 11458 5662 11459 5703 11459 5661 11459 5661 11460 5703 11460 5704 11460 5661 11461 5704 11461 5660 11461 5660 11462 5704 11462 5705 11462 5660 11463 5705 11463 5659 11463 5659 11464 5705 11464 5706 11464 5659 11465 5706 11465 5658 11465 5658 11466 5706 11466 5707 11466 5658 11467 5707 11467 5657 11467 5657 11468 5707 11468 5708 11468 5657 11469 5708 11469 5656 11469 5656 11470 5708 11470 5709 11470 5656 11471 5709 11471 5655 11471 5655 11472 5709 11472 5710 11472 5655 11473 5710 11473 5685 11473 5685 11474 5710 11474 5711 11474 5685 11475 5711 11475 5684 11475 5684 11476 5711 11476 5712 11476 5684 11477 5712 11477 5683 11477 5683 11478 5712 11478 5713 11478 5683 11479 5713 11479 5682 11479 5682 11480 5713 11480 5714 11480 5682 11481 5714 11481 5681 11481 5681 11482 5714 11482 5715 11482 5681 11483 5715 11483 5680 11483 5680 11484 5715 11484 5716 11484 5680 11485 5716 11485 5679 11485 5679 11486 5716 11486 5717 11486 5679 11487 5717 11487 5678 11487 5678 11488 5717 11488 5686 11488 5678 11489 5686 11489 5677 11489 5687 11490 5703 11490 5688 11490 5688 11491 5703 11491 5702 11491 5688 11492 5702 11492 5689 11492 5689 11493 5702 11493 5701 11493 5689 11494 5701 11494 5690 11494 5690 11495 5701 11495 5700 11495 5690 11496 5700 11496 5691 11496 5691 11497 5700 11497 5699 11497 5691 11498 5699 11498 5692 11498 5692 11499 5699 11499 5698 11499 5692 11500 5698 11500 5693 11500 5693 11501 5698 11501 5697 11501 5693 11502 5697 11502 5694 11502 5694 11503 5697 11503 5696 11503 5694 11504 5696 11504 5695 11504 5706 11505 5705 11505 5712 11505 5712 11506 5705 11506 5713 11506 5687 11507 5686 11507 5703 11507 5703 11508 5686 11508 5717 11508 5703 11509 5717 11509 5704 11509 5704 11510 5717 11510 5705 11510 5717 11511 5716 11511 5715 11511 5717 11512 5715 11512 5705 11512 5705 11513 5715 11513 5714 11513 5705 11514 5714 11514 5713 11514 5712 11515 5711 11515 5710 11515 5707 11516 5706 11516 5708 11516 5708 11517 5706 11517 5712 11517 5708 11518 5712 11518 5709 11518 5709 11519 5712 11519 5710 11519 5718 11520 5719 11520 5720 11520 5721 11521 5722 11521 5723 11521 5723 11522 5722 11522 5724 11522 5718 11523 5720 11523 5725 11523 5725 11524 5720 11524 5722 11524 5725 11525 5722 11525 5726 11525 5726 11526 5722 11526 5721 11526 5726 11527 5721 11527 5727 11527 5725 11528 5728 11528 5718 11528 5718 11529 5728 11529 5729 11529 5718 11530 5729 11530 5730 11530 5730 11531 5729 11531 5731 11531 5722 11532 5732 11532 5724 11532 5724 11533 5732 11533 5733 11533 5724 11534 5733 11534 5734 11534 5731 11535 5729 11535 5735 11535 5735 11536 5729 11536 5736 11536 5735 11537 5736 11537 5737 11537 5738 11538 5739 11538 5740 11538 5740 11539 5739 11539 5741 11539 5740 11540 5741 11540 5742 11540 5734 11541 5743 11541 5724 11541 5724 11542 5743 11542 5739 11542 5724 11543 5739 11543 5744 11543 5744 11544 5739 11544 5738 11544 5745 11545 5746 11545 5747 11545 5729 11546 5748 11546 5736 11546 5736 11547 5748 11547 5745 11547 5736 11548 5745 11548 5749 11548 5749 11549 5745 11549 5747 11549 5750 11550 5727 11550 5751 11550 5751 11551 5727 11551 5721 11551 5751 11552 5721 11552 5752 11552 5752 11553 5721 11553 5723 11553 5752 11554 5723 11554 5753 11554 5753 11555 5723 11555 5724 11555 5753 11556 5724 11556 5754 11556 5754 11557 5724 11557 5744 11557 5754 11558 5744 11558 5755 11558 5755 11559 5744 11559 5738 11559 5755 11560 5738 11560 5756 11560 5756 11561 5738 11561 5740 11561 5756 11562 5740 11562 5757 11562 5757 11563 5740 11563 5742 11563 5757 11564 5742 11564 5758 11564 5758 11565 5742 11565 5741 11565 5758 11566 5741 11566 5759 11566 5759 11567 5741 11567 5739 11567 5759 11568 5739 11568 5760 11568 5760 11569 5739 11569 5743 11569 5760 11570 5743 11570 5761 11570 5761 11571 5743 11571 5734 11571 5761 11572 5734 11572 5762 11572 5762 11573 5734 11573 5733 11573 5762 11574 5733 11574 5763 11574 5763 11575 5733 11575 5732 11575 5763 11576 5732 11576 5764 11576 5764 11577 5732 11577 5722 11577 5764 11578 5722 11578 5765 11578 5765 11579 5722 11579 5720 11579 5765 11580 5720 11580 5766 11580 5766 11581 5720 11581 5719 11581 5766 11582 5719 11582 5767 11582 5767 11583 5719 11583 5718 11583 5767 11584 5718 11584 5768 11584 5768 11585 5718 11585 5730 11585 5768 11586 5730 11586 5769 11586 5769 11587 5730 11587 5731 11587 5769 11588 5731 11588 5770 11588 5770 11589 5731 11589 5735 11589 5770 11590 5735 11590 5771 11590 5771 11591 5735 11591 5737 11591 5771 11592 5737 11592 5772 11592 5772 11593 5737 11593 5736 11593 5772 11594 5736 11594 5773 11594 5773 11595 5736 11595 5749 11595 5773 11596 5749 11596 5774 11596 5774 11597 5749 11597 5747 11597 5774 11598 5747 11598 5775 11598 5775 11599 5747 11599 5746 11599 5775 11600 5746 11600 5776 11600 5776 11601 5746 11601 5745 11601 5776 11602 5745 11602 5777 11602 5777 11603 5745 11603 5748 11603 5777 11604 5748 11604 5778 11604 5778 11605 5748 11605 5729 11605 5778 11606 5729 11606 5779 11606 5779 11607 5729 11607 5728 11607 5779 11608 5728 11608 5780 11608 5780 11609 5728 11609 5725 11609 5780 11610 5725 11610 5781 11610 5781 11611 5725 11611 5726 11611 5781 11612 5726 11612 5750 11612 5750 11613 5726 11613 5727 11613 5782 11614 5750 11614 5783 11614 5783 11615 5750 11615 5751 11615 5783 11616 5751 11616 5784 11616 5784 11617 5751 11617 5752 11617 5784 11618 5752 11618 5785 11618 5785 11619 5752 11619 5753 11619 5785 11620 5753 11620 5786 11620 5786 11621 5753 11621 5754 11621 5786 11622 5754 11622 5787 11622 5787 11623 5754 11623 5755 11623 5787 11624 5755 11624 5788 11624 5788 11625 5755 11625 5756 11625 5788 11626 5756 11626 5789 11626 5789 11627 5756 11627 5757 11627 5789 11628 5757 11628 5790 11628 5790 11629 5757 11629 5758 11629 5790 11630 5758 11630 5791 11630 5791 11631 5758 11631 5759 11631 5791 11632 5759 11632 5792 11632 5792 11633 5759 11633 5760 11633 5792 11634 5760 11634 5793 11634 5793 11635 5760 11635 5761 11635 5793 11636 5761 11636 5794 11636 5794 11637 5761 11637 5762 11637 5794 11638 5762 11638 5795 11638 5795 11639 5762 11639 5763 11639 5795 11640 5763 11640 5796 11640 5796 11641 5763 11641 5764 11641 5796 11642 5764 11642 5797 11642 5797 11643 5764 11643 5765 11643 5797 11644 5765 11644 5798 11644 5798 11645 5765 11645 5766 11645 5798 11646 5766 11646 5799 11646 5799 11647 5766 11647 5767 11647 5799 11648 5767 11648 5800 11648 5800 11649 5767 11649 5768 11649 5800 11650 5768 11650 5801 11650 5801 11651 5768 11651 5769 11651 5801 11652 5769 11652 5802 11652 5802 11653 5769 11653 5770 11653 5802 11654 5770 11654 5803 11654 5803 11655 5770 11655 5771 11655 5803 11656 5771 11656 5804 11656 5804 11657 5771 11657 5772 11657 5804 11658 5772 11658 5805 11658 5805 11659 5772 11659 5773 11659 5805 11660 5773 11660 5806 11660 5806 11661 5773 11661 5774 11661 5806 11662 5774 11662 5807 11662 5807 11663 5774 11663 5775 11663 5807 11664 5775 11664 5808 11664 5808 11665 5775 11665 5776 11665 5808 11666 5776 11666 5809 11666 5809 11667 5776 11667 5777 11667 5809 11668 5777 11668 5810 11668 5810 11669 5777 11669 5778 11669 5810 11670 5778 11670 5811 11670 5811 11671 5778 11671 5779 11671 5811 11672 5779 11672 5812 11672 5812 11673 5779 11673 5780 11673 5812 11674 5780 11674 5813 11674 5813 11675 5780 11675 5781 11675 5813 11676 5781 11676 5782 11676 5782 11677 5781 11677 5750 11677 5814 11678 5782 11678 5815 11678 5815 11679 5782 11679 5783 11679 5815 11680 5783 11680 5816 11680 5816 11681 5783 11681 5784 11681 5816 11682 5784 11682 5817 11682 5817 11683 5784 11683 5785 11683 5817 11684 5785 11684 5818 11684 5818 11685 5785 11685 5786 11685 5818 11686 5786 11686 5819 11686 5819 11687 5786 11687 5787 11687 5819 11688 5787 11688 5820 11688 5820 11689 5787 11689 5788 11689 5820 11690 5788 11690 5821 11690 5821 11691 5788 11691 5789 11691 5821 11692 5789 11692 5822 11692 5822 11693 5789 11693 5790 11693 5822 11694 5790 11694 5823 11694 5823 11695 5790 11695 5791 11695 5823 11696 5791 11696 5824 11696 5824 11697 5791 11697 5792 11697 5824 11698 5792 11698 5825 11698 5825 11699 5792 11699 5793 11699 5825 11700 5793 11700 5826 11700 5826 11701 5793 11701 5794 11701 5826 11702 5794 11702 5827 11702 5827 11703 5794 11703 5795 11703 5827 11704 5795 11704 5828 11704 5828 11705 5795 11705 5796 11705 5828 11706 5796 11706 5829 11706 5829 11707 5796 11707 5797 11707 5829 11708 5797 11708 5830 11708 5830 11709 5797 11709 5798 11709 5830 11710 5798 11710 5831 11710 5831 11711 5798 11711 5799 11711 5831 11712 5799 11712 5832 11712 5832 11713 5799 11713 5800 11713 5832 11714 5800 11714 5833 11714 5833 11715 5800 11715 5801 11715 5833 11716 5801 11716 5834 11716 5834 11717 5801 11717 5802 11717 5834 11718 5802 11718 5835 11718 5835 11719 5802 11719 5803 11719 5835 11720 5803 11720 5836 11720 5836 11721 5803 11721 5804 11721 5836 11722 5804 11722 5837 11722 5837 11723 5804 11723 5805 11723 5837 11724 5805 11724 5838 11724 5838 11725 5805 11725 5806 11725 5838 11726 5806 11726 5839 11726 5839 11727 5806 11727 5807 11727 5839 11728 5807 11728 5840 11728 5840 11729 5807 11729 5808 11729 5840 11730 5808 11730 5841 11730 5841 11731 5808 11731 5809 11731 5841 11732 5809 11732 5842 11732 5842 11733 5809 11733 5810 11733 5842 11734 5810 11734 5843 11734 5843 11735 5810 11735 5811 11735 5843 11736 5811 11736 5844 11736 5844 11737 5811 11737 5812 11737 5844 11738 5812 11738 5845 11738 5845 11739 5812 11739 5813 11739 5845 11740 5813 11740 5814 11740 5814 11741 5813 11741 5782 11741 5846 11742 5814 11742 5847 11742 5847 11743 5814 11743 5815 11743 5847 11744 5815 11744 5848 11744 5848 11745 5815 11745 5816 11745 5848 11746 5816 11746 5849 11746 5849 11747 5816 11747 5817 11747 5849 11748 5817 11748 5850 11748 5850 11749 5817 11749 5818 11749 5850 11750 5818 11750 5851 11750 5851 11751 5818 11751 5819 11751 5851 11752 5819 11752 5852 11752 5852 11753 5819 11753 5820 11753 5852 11754 5820 11754 5853 11754 5853 11755 5820 11755 5821 11755 5853 11756 5821 11756 5854 11756 5854 11757 5821 11757 5822 11757 5854 11758 5822 11758 5855 11758 5855 11759 5822 11759 5823 11759 5855 11760 5823 11760 5856 11760 5856 11761 5823 11761 5824 11761 5856 11762 5824 11762 5857 11762 5857 11763 5824 11763 5825 11763 5857 11764 5825 11764 5858 11764 5858 11765 5825 11765 5826 11765 5858 11766 5826 11766 5859 11766 5859 11767 5826 11767 5827 11767 5859 11768 5827 11768 5860 11768 5860 11769 5827 11769 5828 11769 5860 11770 5828 11770 5861 11770 5861 11771 5828 11771 5829 11771 5861 11772 5829 11772 5862 11772 5862 11773 5829 11773 5830 11773 5862 11774 5830 11774 5863 11774 5863 11775 5830 11775 5831 11775 5863 11776 5831 11776 5864 11776 5864 11777 5831 11777 5832 11777 5864 11778 5832 11778 5865 11778 5865 11779 5832 11779 5833 11779 5865 11780 5833 11780 5866 11780 5866 11781 5833 11781 5834 11781 5866 11782 5834 11782 5867 11782 5867 11783 5834 11783 5835 11783 5867 11784 5835 11784 5868 11784 5868 11785 5835 11785 5836 11785 5868 11786 5836 11786 5869 11786 5869 11787 5836 11787 5837 11787 5869 11788 5837 11788 5870 11788 5870 11789 5837 11789 5838 11789 5870 11790 5838 11790 5871 11790 5871 11791 5838 11791 5839 11791 5871 11792 5839 11792 5872 11792 5872 11793 5839 11793 5840 11793 5872 11794 5840 11794 5873 11794 5873 11795 5840 11795 5841 11795 5873 11796 5841 11796 5874 11796 5874 11797 5841 11797 5842 11797 5874 11798 5842 11798 5875 11798 5875 11799 5842 11799 5843 11799 5875 11800 5843 11800 5876 11800 5876 11801 5843 11801 5844 11801 5876 11802 5844 11802 5877 11802 5877 11803 5844 11803 5845 11803 5877 11804 5845 11804 5846 11804 5846 11805 5845 11805 5814 11805 5878 11806 5846 11806 5879 11806 5879 11807 5846 11807 5847 11807 5879 11808 5847 11808 5880 11808 5880 11809 5847 11809 5848 11809 5880 11810 5848 11810 5881 11810 5881 11811 5848 11811 5849 11811 5881 11812 5849 11812 5882 11812 5882 11813 5849 11813 5850 11813 5882 11814 5850 11814 5883 11814 5883 11815 5850 11815 5851 11815 5883 11816 5851 11816 5884 11816 5884 11817 5851 11817 5852 11817 5884 11818 5852 11818 5885 11818 5885 11819 5852 11819 5853 11819 5885 11820 5853 11820 5886 11820 5886 11821 5853 11821 5854 11821 5886 11822 5854 11822 5887 11822 5887 11823 5854 11823 5855 11823 5887 11824 5855 11824 5888 11824 5888 11825 5855 11825 5856 11825 5888 11826 5856 11826 5889 11826 5889 11827 5856 11827 5857 11827 5889 11828 5857 11828 5890 11828 5890 11829 5857 11829 5858 11829 5890 11830 5858 11830 5891 11830 5891 11831 5858 11831 5859 11831 5891 11832 5859 11832 5892 11832 5892 11833 5859 11833 5860 11833 5892 11834 5860 11834 5893 11834 5893 11835 5860 11835 5861 11835 5893 11836 5861 11836 5894 11836 5894 11837 5861 11837 5862 11837 5894 11838 5862 11838 5895 11838 5895 11839 5862 11839 5863 11839 5895 11840 5863 11840 5896 11840 5896 11841 5863 11841 5864 11841 5896 11842 5864 11842 5897 11842 5897 11843 5864 11843 5865 11843 5897 11844 5865 11844 5898 11844 5898 11845 5865 11845 5866 11845 5898 11846 5866 11846 5899 11846 5899 11847 5866 11847 5867 11847 5899 11848 5867 11848 5900 11848 5900 11849 5867 11849 5868 11849 5900 11850 5868 11850 5901 11850 5901 11851 5868 11851 5869 11851 5901 11852 5869 11852 5902 11852 5902 11853 5869 11853 5870 11853 5902 11854 5870 11854 5903 11854 5903 11855 5870 11855 5871 11855 5903 11856 5871 11856 5904 11856 5904 11857 5871 11857 5872 11857 5904 11858 5872 11858 5905 11858 5905 11859 5872 11859 5873 11859 5905 11860 5873 11860 5906 11860 5906 11861 5873 11861 5874 11861 5906 11862 5874 11862 5907 11862 5907 11863 5874 11863 5875 11863 5907 11864 5875 11864 5908 11864 5908 11865 5875 11865 5876 11865 5908 11866 5876 11866 5909 11866 5909 11867 5876 11867 5877 11867 5909 11868 5877 11868 5878 11868 5878 11869 5877 11869 5846 11869 5910 11870 5878 11870 5911 11870 5911 11871 5878 11871 5879 11871 5911 11872 5879 11872 5912 11872 5912 11873 5879 11873 5880 11873 5912 11874 5880 11874 5913 11874 5913 11875 5880 11875 5881 11875 5913 11876 5881 11876 5914 11876 5914 11877 5881 11877 5882 11877 5914 11878 5882 11878 5915 11878 5915 11879 5882 11879 5883 11879 5915 11880 5883 11880 5916 11880 5916 11881 5883 11881 5884 11881 5916 11882 5884 11882 5917 11882 5917 11883 5884 11883 5885 11883 5917 11884 5885 11884 5918 11884 5918 11885 5885 11885 5886 11885 5918 11886 5886 11886 5919 11886 5919 11887 5886 11887 5887 11887 5919 11888 5887 11888 5920 11888 5920 11889 5887 11889 5888 11889 5920 11890 5888 11890 5921 11890 5921 11891 5888 11891 5889 11891 5921 11892 5889 11892 5922 11892 5922 11893 5889 11893 5890 11893 5922 11894 5890 11894 5923 11894 5923 11895 5890 11895 5891 11895 5923 11896 5891 11896 5924 11896 5924 11897 5891 11897 5892 11897 5924 11898 5892 11898 5925 11898 5925 11899 5892 11899 5893 11899 5925 11900 5893 11900 5926 11900 5926 11901 5893 11901 5894 11901 5926 11902 5894 11902 5927 11902 5927 11903 5894 11903 5895 11903 5927 11904 5895 11904 5928 11904 5928 11905 5895 11905 5896 11905 5928 11906 5896 11906 5929 11906 5929 11907 5896 11907 5897 11907 5929 11908 5897 11908 5930 11908 5930 11909 5897 11909 5898 11909 5930 11910 5898 11910 5931 11910 5931 11911 5898 11911 5899 11911 5931 11912 5899 11912 5932 11912 5932 11913 5899 11913 5900 11913 5932 11914 5900 11914 5933 11914 5933 11915 5900 11915 5901 11915 5933 11916 5901 11916 5934 11916 5934 11917 5901 11917 5902 11917 5934 11918 5902 11918 5935 11918 5935 11919 5902 11919 5903 11919 5935 11920 5903 11920 5936 11920 5936 11921 5903 11921 5904 11921 5936 11922 5904 11922 5937 11922 5937 11923 5904 11923 5905 11923 5937 11924 5905 11924 5938 11924 5938 11925 5905 11925 5906 11925 5938 11926 5906 11926 5939 11926 5939 11927 5906 11927 5907 11927 5939 11928 5907 11928 5940 11928 5940 11929 5907 11929 5908 11929 5940 11930 5908 11930 5941 11930 5941 11931 5908 11931 5909 11931 5941 11932 5909 11932 5910 11932 5910 11933 5909 11933 5878 11933 5942 11934 5910 11934 5943 11934 5943 11935 5910 11935 5911 11935 5943 11936 5911 11936 5944 11936 5944 11937 5911 11937 5912 11937 5944 11938 5912 11938 5945 11938 5945 11939 5912 11939 5913 11939 5945 11940 5913 11940 5946 11940 5946 11941 5913 11941 5914 11941 5946 11942 5914 11942 5947 11942 5947 11943 5914 11943 5915 11943 5947 11944 5915 11944 5948 11944 5948 11945 5915 11945 5916 11945 5948 11946 5916 11946 5949 11946 5949 11947 5916 11947 5917 11947 5949 11948 5917 11948 5950 11948 5950 11949 5917 11949 5918 11949 5950 11950 5918 11950 5951 11950 5951 11951 5918 11951 5919 11951 5951 11952 5919 11952 5952 11952 5952 11953 5919 11953 5920 11953 5952 11954 5920 11954 5953 11954 5953 11955 5920 11955 5921 11955 5953 11956 5921 11956 5954 11956 5954 11957 5921 11957 5922 11957 5954 11958 5922 11958 5955 11958 5955 11959 5922 11959 5923 11959 5955 11960 5923 11960 5956 11960 5956 11961 5923 11961 5924 11961 5956 11962 5924 11962 5957 11962 5957 11963 5924 11963 5925 11963 5957 11964 5925 11964 5958 11964 5958 11965 5925 11965 5926 11965 5958 11966 5926 11966 5959 11966 5959 11967 5926 11967 5927 11967 5959 11968 5927 11968 5960 11968 5960 11969 5927 11969 5928 11969 5960 11970 5928 11970 5961 11970 5961 11971 5928 11971 5929 11971 5961 11972 5929 11972 5962 11972 5962 11973 5929 11973 5930 11973 5962 11974 5930 11974 5963 11974 5963 11975 5930 11975 5931 11975 5963 11976 5931 11976 5964 11976 5964 11977 5931 11977 5932 11977 5964 11978 5932 11978 5965 11978 5965 11979 5932 11979 5933 11979 5965 11980 5933 11980 5966 11980 5966 11981 5933 11981 5934 11981 5966 11982 5934 11982 5967 11982 5967 11983 5934 11983 5935 11983 5967 11984 5935 11984 5968 11984 5968 11985 5935 11985 5936 11985 5968 11986 5936 11986 5969 11986 5969 11987 5936 11987 5937 11987 5969 11988 5937 11988 5970 11988 5970 11989 5937 11989 5938 11989 5970 11990 5938 11990 5971 11990 5971 11991 5938 11991 5939 11991 5971 11992 5939 11992 5972 11992 5972 11993 5939 11993 5940 11993 5972 11994 5940 11994 5973 11994 5973 11995 5940 11995 5941 11995 5973 11996 5941 11996 5942 11996 5942 11997 5941 11997 5910 11997 5974 11998 5942 11998 5975 11998 5975 11999 5942 11999 5943 11999 5975 12000 5943 12000 5976 12000 5976 12001 5943 12001 5944 12001 5976 12002 5944 12002 5977 12002 5977 12003 5944 12003 5945 12003 5977 12004 5945 12004 5978 12004 5978 12005 5945 12005 5946 12005 5978 12006 5946 12006 5979 12006 5979 12007 5946 12007 5947 12007 5979 12008 5947 12008 5980 12008 5980 12009 5947 12009 5948 12009 5980 12010 5948 12010 5981 12010 5981 12011 5948 12011 5949 12011 5981 12012 5949 12012 5982 12012 5982 12013 5949 12013 5950 12013 5982 12014 5950 12014 5983 12014 5983 12015 5950 12015 5951 12015 5983 12016 5951 12016 5984 12016 5984 12017 5951 12017 5952 12017 5984 12018 5952 12018 5985 12018 5985 12019 5952 12019 5953 12019 5985 12020 5953 12020 5986 12020 5986 12021 5953 12021 5954 12021 5986 12022 5954 12022 5987 12022 5987 12023 5954 12023 5955 12023 5987 12024 5955 12024 5988 12024 5988 12025 5955 12025 5956 12025 5988 12026 5956 12026 5989 12026 5989 12027 5956 12027 5957 12027 5989 12028 5957 12028 5990 12028 5990 12029 5957 12029 5958 12029 5990 12030 5958 12030 5991 12030 5991 12031 5958 12031 5959 12031 5991 12032 5959 12032 5992 12032 5992 12033 5959 12033 5960 12033 5992 12034 5960 12034 5993 12034 5993 12035 5960 12035 5961 12035 5993 12036 5961 12036 5994 12036 5994 12037 5961 12037 5962 12037 5994 12038 5962 12038 5995 12038 5995 12039 5962 12039 5963 12039 5995 12040 5963 12040 5996 12040 5996 12041 5963 12041 5964 12041 5996 12042 5964 12042 5997 12042 5997 12043 5964 12043 5965 12043 5997 12044 5965 12044 5998 12044 5998 12045 5965 12045 5966 12045 5998 12046 5966 12046 5999 12046 5999 12047 5966 12047 5967 12047 5999 12048 5967 12048 6000 12048 6000 12049 5967 12049 5968 12049 6000 12050 5968 12050 6001 12050 6001 12051 5968 12051 5969 12051 6001 12052 5969 12052 6002 12052 6002 12053 5969 12053 5970 12053 6002 12054 5970 12054 6003 12054 6003 12055 5970 12055 5971 12055 6003 12056 5971 12056 6004 12056 6004 12057 5971 12057 5972 12057 6004 12058 5972 12058 6005 12058 6005 12059 5972 12059 5973 12059 6005 12060 5973 12060 5974 12060 5974 12061 5973 12061 5942 12061 6006 12062 5974 12062 6007 12062 6007 12063 5974 12063 5975 12063 6007 12064 5975 12064 6008 12064 6008 12065 5975 12065 5976 12065 6008 12066 5976 12066 6009 12066 6009 12067 5976 12067 5977 12067 6009 12068 5977 12068 6010 12068 6010 12069 5977 12069 5978 12069 6010 12070 5978 12070 6011 12070 6011 12071 5978 12071 5979 12071 6011 12072 5979 12072 6012 12072 6012 12073 5979 12073 5980 12073 6012 12074 5980 12074 6013 12074 6013 12075 5980 12075 5981 12075 6013 12076 5981 12076 6014 12076 6014 12077 5981 12077 5982 12077 6014 12078 5982 12078 6015 12078 6015 12079 5982 12079 5983 12079 6015 12080 5983 12080 6016 12080 6016 12081 5983 12081 5984 12081 6016 12082 5984 12082 6017 12082 6017 12083 5984 12083 5985 12083 6017 12084 5985 12084 6018 12084 6018 12085 5985 12085 5986 12085 6018 12086 5986 12086 6019 12086 6019 12087 5986 12087 5987 12087 6019 12088 5987 12088 6020 12088 6020 12089 5987 12089 5988 12089 6020 12090 5988 12090 6021 12090 6021 12091 5988 12091 5989 12091 6021 12092 5989 12092 6022 12092 6022 12093 5989 12093 5990 12093 6022 12094 5990 12094 6023 12094 6023 12095 5990 12095 5991 12095 6023 12096 5991 12096 6024 12096 6024 12097 5991 12097 5992 12097 6024 12098 5992 12098 6025 12098 6025 12099 5992 12099 5993 12099 6025 12100 5993 12100 6026 12100 6026 12101 5993 12101 5994 12101 6026 12102 5994 12102 6027 12102 6027 12103 5994 12103 5995 12103 6027 12104 5995 12104 6028 12104 6028 12105 5995 12105 5996 12105 6028 12106 5996 12106 6029 12106 6029 12107 5996 12107 5997 12107 6029 12108 5997 12108 6030 12108 6030 12109 5997 12109 5998 12109 6030 12110 5998 12110 6031 12110 6031 12111 5998 12111 5999 12111 6031 12112 5999 12112 6032 12112 6032 12113 5999 12113 6000 12113 6032 12114 6000 12114 6033 12114 6033 12115 6000 12115 6001 12115 6033 12116 6001 12116 6034 12116 6034 12117 6001 12117 6002 12117 6034 12118 6002 12118 6035 12118 6035 12119 6002 12119 6003 12119 6035 12120 6003 12120 6036 12120 6036 12121 6003 12121 6004 12121 6036 12122 6004 12122 6037 12122 6037 12123 6004 12123 6005 12123 6037 12124 6005 12124 6006 12124 6006 12125 6005 12125 5974 12125 6030 12126 6031 12126 6012 12126 6012 12127 6020 12127 6021 12127 6024 12128 6025 12128 6012 12128 6012 12129 6025 12129 6026 12129 6031 12130 6032 12130 6012 12130 6012 12131 6032 12131 6033 12131 6012 12132 6033 12132 6034 12132 6007 12133 6036 12133 6006 12133 6006 12134 6036 12134 6037 12134 6007 12135 6008 12135 6036 12135 6036 12136 6008 12136 6009 12136 6036 12137 6009 12137 6010 12137 6012 12138 6013 12138 6014 12138 6021 12139 6022 12139 6012 12139 6012 12140 6022 12140 6023 12140 6012 12141 6023 12141 6024 12141 6029 12142 6030 12142 6028 12142 6028 12143 6030 12143 6012 12143 6028 12144 6012 12144 6027 12144 6027 12145 6012 12145 6026 12145 6010 12146 6011 12146 6036 12146 6036 12147 6011 12147 6012 12147 6036 12148 6012 12148 6035 12148 6035 12149 6012 12149 6034 12149 6012 12150 6014 12150 6020 12150 6020 12151 6014 12151 6015 12151 6020 12152 6015 12152 6016 12152 6016 12153 6017 12153 6020 12153 6020 12154 6017 12154 6018 12154 6020 12155 6018 12155 6019 12155 6038 12156 6039 12156 6040 12156 6038 12157 6040 12157 6041 12157 6041 12158 6040 12158 6042 12158 6041 12159 6042 12159 6043 12159 6043 12160 6042 12160 6044 12160 6043 12161 6044 12161 6045 12161 6045 12162 6044 12162 6046 12162 6045 12163 6046 12163 6047 12163 6047 12164 6046 12164 6048 12164 6047 12165 6048 12165 6049 12165 6049 12166 6048 12166 6050 12166 6049 12167 6050 12167 6051 12167 6051 12168 6050 12168 6052 12168 6051 12169 6052 12169 6053 12169 6053 12170 6052 12170 6054 12170 6053 12171 6054 12171 6055 12171 6055 12172 6056 12172 6053 12172 6053 12173 6056 12173 6057 12173 6053 12174 6057 12174 6058 12174 6059 12175 6060 12175 6061 12175 6061 12176 6060 12176 6062 12176 6061 12177 6062 12177 6063 12177 6063 12178 6062 12178 6064 12178 6063 12179 6064 12179 6065 12179 6065 12180 6064 12180 6053 12180 6065 12181 6053 12181 6066 12181 6066 12182 6053 12182 6067 12182 6058 12183 6068 12183 6053 12183 6053 12184 6068 12184 6069 12184 6053 12185 6069 12185 6067 12185 6056 12186 6055 12186 6070 12186 6070 12187 6055 12187 6054 12187 6070 12188 6054 12188 6071 12188 6071 12189 6054 12189 6052 12189 6071 12190 6052 12190 6072 12190 6072 12191 6052 12191 6050 12191 6072 12192 6050 12192 6073 12192 6073 12193 6050 12193 6048 12193 6073 12194 6048 12194 6074 12194 6074 12195 6048 12195 6046 12195 6074 12196 6046 12196 6075 12196 6075 12197 6046 12197 6044 12197 6075 12198 6044 12198 6076 12198 6076 12199 6044 12199 6042 12199 6076 12200 6042 12200 6077 12200 6077 12201 6042 12201 6040 12201 6077 12202 6040 12202 6078 12202 6078 12203 6040 12203 6039 12203 6078 12204 6039 12204 6079 12204 6079 12205 6039 12205 6038 12205 6079 12206 6038 12206 6080 12206 6080 12207 6038 12207 6041 12207 6080 12208 6041 12208 6081 12208 6081 12209 6041 12209 6043 12209 6081 12210 6043 12210 6082 12210 6082 12211 6043 12211 6045 12211 6082 12212 6045 12212 6083 12212 6083 12213 6045 12213 6047 12213 6083 12214 6047 12214 6084 12214 6084 12215 6047 12215 6049 12215 6084 12216 6049 12216 6085 12216 6085 12217 6049 12217 6051 12217 6085 12218 6051 12218 6086 12218 6086 12219 6051 12219 6053 12219 6086 12220 6053 12220 6087 12220 6087 12221 6053 12221 6064 12221 6087 12222 6064 12222 6088 12222 6088 12223 6064 12223 6062 12223 6088 12224 6062 12224 6089 12224 6089 12225 6062 12225 6060 12225 6089 12226 6060 12226 6090 12226 6090 12227 6060 12227 6059 12227 6090 12228 6059 12228 6091 12228 6091 12229 6059 12229 6061 12229 6091 12230 6061 12230 6092 12230 6092 12231 6061 12231 6063 12231 6092 12232 6063 12232 6093 12232 6093 12233 6063 12233 6065 12233 6093 12234 6065 12234 6094 12234 6094 12235 6065 12235 6066 12235 6094 12236 6066 12236 6095 12236 6095 12237 6066 12237 6067 12237 6095 12238 6067 12238 6096 12238 6096 12239 6067 12239 6069 12239 6096 12240 6069 12240 6097 12240 6097 12241 6069 12241 6068 12241 6097 12242 6068 12242 6098 12242 6098 12243 6068 12243 6058 12243 6098 12244 6058 12244 6099 12244 6099 12245 6058 12245 6057 12245 6099 12246 6057 12246 6100 12246 6100 12247 6057 12247 6056 12247 6100 12248 6056 12248 6070 12248 6101 12249 6079 12249 6102 12249 6102 12250 6079 12250 6080 12250 6102 12251 6080 12251 6103 12251 6103 12252 6080 12252 6081 12252 6103 12253 6081 12253 6104 12253 6104 12254 6081 12254 6082 12254 6104 12255 6082 12255 6105 12255 6105 12256 6082 12256 6083 12256 6105 12257 6083 12257 6106 12257 6106 12258 6083 12258 6084 12258 6106 12259 6084 12259 6107 12259 6107 12260 6084 12260 6085 12260 6107 12261 6085 12261 6108 12261 6108 12262 6085 12262 6086 12262 6108 12263 6086 12263 6109 12263 6109 12264 6086 12264 6087 12264 6109 12265 6087 12265 6110 12265 6110 12266 6087 12266 6088 12266 6110 12267 6088 12267 6111 12267 6111 12268 6088 12268 6089 12268 6111 12269 6089 12269 6112 12269 6112 12270 6089 12270 6090 12270 6112 12271 6090 12271 6113 12271 6113 12272 6090 12272 6091 12272 6113 12273 6091 12273 6114 12273 6114 12274 6091 12274 6092 12274 6114 12275 6092 12275 6115 12275 6115 12276 6092 12276 6093 12276 6115 12277 6093 12277 6116 12277 6116 12278 6093 12278 6094 12278 6116 12279 6094 12279 6117 12279 6117 12280 6094 12280 6095 12280 6117 12281 6095 12281 6118 12281 6118 12282 6095 12282 6096 12282 6118 12283 6096 12283 6119 12283 6119 12284 6096 12284 6097 12284 6119 12285 6097 12285 6120 12285 6120 12286 6097 12286 6098 12286 6120 12287 6098 12287 6121 12287 6121 12288 6098 12288 6099 12288 6121 12289 6099 12289 6122 12289 6122 12290 6099 12290 6100 12290 6122 12291 6100 12291 6123 12291 6123 12292 6100 12292 6070 12292 6123 12293 6070 12293 6124 12293 6124 12294 6070 12294 6071 12294 6124 12295 6071 12295 6125 12295 6125 12296 6071 12296 6072 12296 6125 12297 6072 12297 6126 12297 6126 12298 6072 12298 6073 12298 6126 12299 6073 12299 6127 12299 6127 12300 6073 12300 6074 12300 6127 12301 6074 12301 6128 12301 6128 12302 6074 12302 6075 12302 6128 12303 6075 12303 6129 12303 6129 12304 6075 12304 6076 12304 6129 12305 6076 12305 6130 12305 6130 12306 6076 12306 6077 12306 6130 12307 6077 12307 6131 12307 6131 12308 6077 12308 6078 12308 6131 12309 6078 12309 6101 12309 6101 12310 6078 12310 6079 12310 6132 12311 6101 12311 6133 12311 6133 12312 6101 12312 6102 12312 6133 12313 6102 12313 6134 12313 6134 12314 6102 12314 6103 12314 6134 12315 6103 12315 6135 12315 6135 12316 6103 12316 6104 12316 6135 12317 6104 12317 6136 12317 6136 12318 6104 12318 6105 12318 6136 12319 6105 12319 6137 12319 6137 12320 6105 12320 6106 12320 6137 12321 6106 12321 6138 12321 6138 12322 6106 12322 6107 12322 6138 12323 6107 12323 6139 12323 6139 12324 6107 12324 6108 12324 6139 12325 6108 12325 6140 12325 6140 12326 6108 12326 6109 12326 6140 12327 6109 12327 6141 12327 6141 12328 6109 12328 6110 12328 6141 12329 6110 12329 6142 12329 6142 12330 6110 12330 6111 12330 6142 12331 6111 12331 6143 12331 6143 12332 6111 12332 6112 12332 6143 12333 6112 12333 6144 12333 6144 12334 6112 12334 6113 12334 6144 12335 6113 12335 6145 12335 6145 12336 6113 12336 6114 12336 6145 12337 6114 12337 6146 12337 6146 12338 6114 12338 6115 12338 6146 12339 6115 12339 6147 12339 6147 12340 6115 12340 6116 12340 6147 12341 6116 12341 6148 12341 6148 12342 6116 12342 6117 12342 6148 12343 6117 12343 6149 12343 6149 12344 6117 12344 6118 12344 6149 12345 6118 12345 6150 12345 6150 12346 6118 12346 6119 12346 6150 12347 6119 12347 6151 12347 6151 12348 6119 12348 6120 12348 6151 12349 6120 12349 6152 12349 6152 12350 6120 12350 6121 12350 6152 12351 6121 12351 6153 12351 6153 12352 6121 12352 6122 12352 6153 12353 6122 12353 6154 12353 6154 12354 6122 12354 6123 12354 6154 12355 6123 12355 6155 12355 6155 12356 6123 12356 6124 12356 6155 12357 6124 12357 6156 12357 6156 12358 6124 12358 6125 12358 6156 12359 6125 12359 6157 12359 6157 12360 6125 12360 6126 12360 6157 12361 6126 12361 6158 12361 6158 12362 6126 12362 6127 12362 6158 12363 6127 12363 6159 12363 6159 12364 6127 12364 6128 12364 6159 12365 6128 12365 6160 12365 6160 12366 6128 12366 6129 12366 6160 12367 6129 12367 6161 12367 6161 12368 6129 12368 6130 12368 6161 12369 6130 12369 6162 12369 6162 12370 6130 12370 6131 12370 6162 12371 6131 12371 6132 12371 6132 12372 6131 12372 6101 12372 6163 12373 6132 12373 6164 12373 6164 12374 6132 12374 6133 12374 6164 12375 6133 12375 6165 12375 6165 12376 6133 12376 6134 12376 6165 12377 6134 12377 6166 12377 6166 12378 6134 12378 6135 12378 6166 12379 6135 12379 6167 12379 6167 12380 6135 12380 6136 12380 6167 12381 6136 12381 6168 12381 6168 12382 6136 12382 6137 12382 6168 12383 6137 12383 6169 12383 6169 12384 6137 12384 6138 12384 6169 12385 6138 12385 6170 12385 6170 12386 6138 12386 6139 12386 6170 12387 6139 12387 6171 12387 6171 12388 6139 12388 6140 12388 6171 12389 6140 12389 6172 12389 6172 12390 6140 12390 6141 12390 6172 12391 6141 12391 6173 12391 6173 12392 6141 12392 6142 12392 6173 12393 6142 12393 6174 12393 6174 12394 6142 12394 6143 12394 6174 12395 6143 12395 6175 12395 6175 12396 6143 12396 6144 12396 6175 12397 6144 12397 6176 12397 6176 12398 6144 12398 6145 12398 6176 12399 6145 12399 6177 12399 6177 12400 6145 12400 6146 12400 6177 12401 6146 12401 6178 12401 6178 12402 6146 12402 6147 12402 6178 12403 6147 12403 6179 12403 6179 12404 6147 12404 6148 12404 6179 12405 6148 12405 6180 12405 6180 12406 6148 12406 6149 12406 6180 12407 6149 12407 6181 12407 6181 12408 6149 12408 6150 12408 6181 12409 6150 12409 6182 12409 6182 12410 6150 12410 6151 12410 6182 12411 6151 12411 6183 12411 6183 12412 6151 12412 6152 12412 6183 12413 6152 12413 6184 12413 6184 12414 6152 12414 6153 12414 6184 12415 6153 12415 6185 12415 6185 12416 6153 12416 6154 12416 6185 12417 6154 12417 6186 12417 6186 12418 6154 12418 6155 12418 6186 12419 6155 12419 6187 12419 6187 12420 6155 12420 6156 12420 6187 12421 6156 12421 6188 12421 6188 12422 6156 12422 6157 12422 6188 12423 6157 12423 6189 12423 6189 12424 6157 12424 6158 12424 6189 12425 6158 12425 6190 12425 6190 12426 6158 12426 6159 12426 6190 12427 6159 12427 6191 12427 6191 12428 6159 12428 6160 12428 6191 12429 6160 12429 6192 12429 6192 12430 6160 12430 6161 12430 6192 12431 6161 12431 6193 12431 6193 12432 6161 12432 6162 12432 6193 12433 6162 12433 6163 12433 6163 12434 6162 12434 6132 12434 6194 12435 6163 12435 6195 12435 6195 12436 6163 12436 6164 12436 6195 12437 6164 12437 6196 12437 6196 12438 6164 12438 6165 12438 6196 12439 6165 12439 6197 12439 6197 12440 6165 12440 6166 12440 6197 12441 6166 12441 6198 12441 6198 12442 6166 12442 6167 12442 6198 12443 6167 12443 6199 12443 6199 12444 6167 12444 6168 12444 6199 12445 6168 12445 6200 12445 6200 12446 6168 12446 6169 12446 6200 12447 6169 12447 6201 12447 6201 12448 6169 12448 6170 12448 6201 12449 6170 12449 6202 12449 6202 12450 6170 12450 6171 12450 6202 12451 6171 12451 6203 12451 6203 12452 6171 12452 6172 12452 6203 12453 6172 12453 6204 12453 6204 12454 6172 12454 6173 12454 6204 12455 6173 12455 6205 12455 6205 12456 6173 12456 6174 12456 6205 12457 6174 12457 6206 12457 6206 12458 6174 12458 6175 12458 6206 12459 6175 12459 6207 12459 6207 12460 6175 12460 6176 12460 6207 12461 6176 12461 6208 12461 6208 12462 6176 12462 6177 12462 6208 12463 6177 12463 6209 12463 6209 12464 6177 12464 6178 12464 6209 12465 6178 12465 6210 12465 6210 12466 6178 12466 6179 12466 6210 12467 6179 12467 6211 12467 6211 12468 6179 12468 6180 12468 6211 12469 6180 12469 6212 12469 6212 12470 6180 12470 6181 12470 6212 12471 6181 12471 6213 12471 6213 12472 6181 12472 6182 12472 6213 12473 6182 12473 6214 12473 6214 12474 6182 12474 6183 12474 6214 12475 6183 12475 6215 12475 6215 12476 6183 12476 6184 12476 6215 12477 6184 12477 6216 12477 6216 12478 6184 12478 6185 12478 6216 12479 6185 12479 6217 12479 6217 12480 6185 12480 6186 12480 6217 12481 6186 12481 6218 12481 6218 12482 6186 12482 6187 12482 6218 12483 6187 12483 6219 12483 6219 12484 6187 12484 6188 12484 6219 12485 6188 12485 6220 12485 6220 12486 6188 12486 6189 12486 6220 12487 6189 12487 6221 12487 6221 12488 6189 12488 6190 12488 6221 12489 6190 12489 6222 12489 6222 12490 6190 12490 6191 12490 6222 12491 6191 12491 6223 12491 6223 12492 6191 12492 6192 12492 6223 12493 6192 12493 6224 12493 6224 12494 6192 12494 6193 12494 6224 12495 6193 12495 6194 12495 6194 12496 6193 12496 6163 12496 6225 12497 6194 12497 6226 12497 6226 12498 6194 12498 6195 12498 6226 12499 6195 12499 6227 12499 6227 12500 6195 12500 6196 12500 6227 12501 6196 12501 6228 12501 6228 12502 6196 12502 6197 12502 6228 12503 6197 12503 6229 12503 6229 12504 6197 12504 6198 12504 6229 12505 6198 12505 6230 12505 6230 12506 6198 12506 6199 12506 6230 12507 6199 12507 6231 12507 6231 12508 6199 12508 6200 12508 6231 12509 6200 12509 6232 12509 6232 12510 6200 12510 6201 12510 6232 12511 6201 12511 6233 12511 6233 12512 6201 12512 6202 12512 6233 12513 6202 12513 6234 12513 6234 12514 6202 12514 6203 12514 6234 12515 6203 12515 6235 12515 6235 12516 6203 12516 6204 12516 6235 12517 6204 12517 6236 12517 6236 12518 6204 12518 6205 12518 6236 12519 6205 12519 6237 12519 6237 12520 6205 12520 6206 12520 6237 12521 6206 12521 6238 12521 6238 12522 6206 12522 6207 12522 6238 12523 6207 12523 6239 12523 6239 12524 6207 12524 6208 12524 6239 12525 6208 12525 6240 12525 6240 12526 6208 12526 6209 12526 6240 12527 6209 12527 6241 12527 6241 12528 6209 12528 6210 12528 6241 12529 6210 12529 6242 12529 6242 12530 6210 12530 6211 12530 6242 12531 6211 12531 6243 12531 6243 12532 6211 12532 6212 12532 6243 12533 6212 12533 6244 12533 6244 12534 6212 12534 6213 12534 6244 12535 6213 12535 6245 12535 6245 12536 6213 12536 6214 12536 6245 12537 6214 12537 6246 12537 6246 12538 6214 12538 6215 12538 6246 12539 6215 12539 6247 12539 6247 12540 6215 12540 6216 12540 6247 12541 6216 12541 6248 12541 6248 12542 6216 12542 6217 12542 6248 12543 6217 12543 6249 12543 6249 12544 6217 12544 6218 12544 6249 12545 6218 12545 6250 12545 6250 12546 6218 12546 6219 12546 6250 12547 6219 12547 6251 12547 6251 12548 6219 12548 6220 12548 6251 12549 6220 12549 6252 12549 6252 12550 6220 12550 6221 12550 6252 12551 6221 12551 6253 12551 6253 12552 6221 12552 6222 12552 6253 12553 6222 12553 6254 12553 6254 12554 6222 12554 6223 12554 6254 12555 6223 12555 6255 12555 6255 12556 6223 12556 6224 12556 6255 12557 6224 12557 6225 12557 6225 12558 6224 12558 6194 12558 6256 12559 6225 12559 6257 12559 6257 12560 6225 12560 6226 12560 6257 12561 6226 12561 6258 12561 6258 12562 6226 12562 6227 12562 6258 12563 6227 12563 6259 12563 6259 12564 6227 12564 6228 12564 6259 12565 6228 12565 6260 12565 6260 12566 6228 12566 6229 12566 6260 12567 6229 12567 6261 12567 6261 12568 6229 12568 6230 12568 6261 12569 6230 12569 6262 12569 6262 12570 6230 12570 6231 12570 6262 12571 6231 12571 6263 12571 6263 12572 6231 12572 6232 12572 6263 12573 6232 12573 6264 12573 6264 12574 6232 12574 6233 12574 6264 12575 6233 12575 6265 12575 6265 12576 6233 12576 6234 12576 6265 12577 6234 12577 6266 12577 6266 12578 6234 12578 6235 12578 6266 12579 6235 12579 6267 12579 6267 12580 6235 12580 6236 12580 6267 12581 6236 12581 6268 12581 6268 12582 6236 12582 6237 12582 6268 12583 6237 12583 6269 12583 6269 12584 6237 12584 6238 12584 6269 12585 6238 12585 6270 12585 6270 12586 6238 12586 6239 12586 6270 12587 6239 12587 6271 12587 6271 12588 6239 12588 6240 12588 6271 12589 6240 12589 6272 12589 6272 12590 6240 12590 6241 12590 6272 12591 6241 12591 6273 12591 6273 12592 6241 12592 6242 12592 6273 12593 6242 12593 6274 12593 6274 12594 6242 12594 6243 12594 6274 12595 6243 12595 6275 12595 6275 12596 6243 12596 6244 12596 6275 12597 6244 12597 6276 12597 6276 12598 6244 12598 6245 12598 6276 12599 6245 12599 6277 12599 6277 12600 6245 12600 6246 12600 6277 12601 6246 12601 6278 12601 6278 12602 6246 12602 6247 12602 6278 12603 6247 12603 6279 12603 6279 12604 6247 12604 6248 12604 6279 12605 6248 12605 6280 12605 6280 12606 6248 12606 6249 12606 6280 12607 6249 12607 6281 12607 6281 12608 6249 12608 6250 12608 6281 12609 6250 12609 6282 12609 6282 12610 6250 12610 6251 12610 6282 12611 6251 12611 6283 12611 6283 12612 6251 12612 6252 12612 6283 12613 6252 12613 6284 12613 6284 12614 6252 12614 6253 12614 6284 12615 6253 12615 6285 12615 6285 12616 6253 12616 6254 12616 6285 12617 6254 12617 6286 12617 6286 12618 6254 12618 6255 12618 6286 12619 6255 12619 6256 12619 6256 12620 6255 12620 6225 12620 6287 12621 6288 12621 6278 12621 6278 12622 6288 12622 6289 12622 6278 12623 6289 12623 6277 12623 6277 12624 6289 12624 6290 12624 6277 12625 6290 12625 6276 12625 6276 12626 6290 12626 6291 12626 6276 12627 6291 12627 6275 12627 6275 12628 6291 12628 6292 12628 6275 12629 6292 12629 6274 12629 6274 12630 6292 12630 6293 12630 6274 12631 6293 12631 6273 12631 6273 12632 6293 12632 6294 12632 6273 12633 6294 12633 6272 12633 6272 12634 6294 12634 6295 12634 6272 12635 6295 12635 6271 12635 6271 12636 6295 12636 6296 12636 6271 12637 6296 12637 6270 12637 6270 12638 6296 12638 6297 12638 6270 12639 6297 12639 6269 12639 6269 12640 6297 12640 6298 12640 6269 12641 6298 12641 6268 12641 6268 12642 6298 12642 6299 12642 6268 12643 6299 12643 6267 12643 6267 12644 6299 12644 6300 12644 6267 12645 6300 12645 6266 12645 6266 12646 6300 12646 6301 12646 6266 12647 6301 12647 6265 12647 6265 12648 6301 12648 6302 12648 6265 12649 6302 12649 6264 12649 6264 12650 6302 12650 6303 12650 6264 12651 6303 12651 6263 12651 6263 12652 6303 12652 6304 12652 6263 12653 6304 12653 6262 12653 6262 12654 6304 12654 6305 12654 6262 12655 6305 12655 6261 12655 6261 12656 6305 12656 6306 12656 6261 12657 6306 12657 6260 12657 6260 12658 6306 12658 6307 12658 6260 12659 6307 12659 6259 12659 6259 12660 6307 12660 6308 12660 6259 12661 6308 12661 6258 12661 6258 12662 6308 12662 6309 12662 6258 12663 6309 12663 6257 12663 6257 12664 6309 12664 6310 12664 6257 12665 6310 12665 6256 12665 6256 12666 6310 12666 6311 12666 6256 12667 6311 12667 6286 12667 6286 12668 6311 12668 6312 12668 6286 12669 6312 12669 6285 12669 6285 12670 6312 12670 6313 12670 6285 12671 6313 12671 6284 12671 6284 12672 6313 12672 6314 12672 6284 12673 6314 12673 6283 12673 6283 12674 6314 12674 6315 12674 6283 12675 6315 12675 6282 12675 6282 12676 6315 12676 6316 12676 6282 12677 6316 12677 6281 12677 6281 12678 6316 12678 6317 12678 6281 12679 6317 12679 6280 12679 6280 12680 6317 12680 6318 12680 6280 12681 6318 12681 6279 12681 6279 12682 6318 12682 6287 12682 6279 12683 6287 12683 6278 12683 6289 12684 6304 12684 6303 12684 6289 12685 6303 12685 6290 12685 6290 12686 6303 12686 6302 12686 6290 12687 6302 12687 6291 12687 6291 12688 6302 12688 6301 12688 6291 12689 6301 12689 6292 12689 6292 12690 6301 12690 6300 12690 6292 12691 6300 12691 6293 12691 6293 12692 6300 12692 6299 12692 6293 12693 6299 12693 6294 12693 6294 12694 6299 12694 6298 12694 6294 12695 6298 12695 6295 12695 6295 12696 6298 12696 6297 12696 6295 12697 6297 12697 6296 12697 6289 12698 6288 12698 6304 12698 6304 12699 6288 12699 6287 12699 6304 12700 6287 12700 6318 12700 6306 12701 6316 12701 6307 12701 6307 12702 6316 12702 6308 12702 6318 12703 6317 12703 6304 12703 6304 12704 6317 12704 6316 12704 6304 12705 6316 12705 6305 12705 6305 12706 6316 12706 6306 12706 6316 12707 6315 12707 6308 12707 6308 12708 6315 12708 6314 12708 6308 12709 6314 12709 6313 12709 6313 12710 6312 12710 6308 12710 6308 12711 6312 12711 6311 12711 6308 12712 6311 12712 6309 12712 6309 12713 6311 12713 6310 12713 6319 12714 6320 12714 6321 12714 6319 12715 6321 12715 6322 12715 6322 12716 6321 12716 6323 12716 6322 12717 6323 12717 6324 12717 6324 12718 6323 12718 6325 12718 6324 12719 6325 12719 6326 12719 6326 12720 6325 12720 6327 12720 6326 12721 6327 12721 6328 12721 6328 12722 6327 12722 6329 12722 6328 12723 6329 12723 6330 12723 6330 12724 6329 12724 6331 12724 6330 12725 6331 12725 6332 12725 6332 12726 6331 12726 6333 12726 6332 12727 6333 12727 6334 12727 6334 12728 6333 12728 6335 12728 6334 12729 6335 12729 6336 12729 6337 12730 6338 12730 6339 12730 6339 12731 6338 12731 6340 12731 6339 12732 6340 12732 6341 12732 6342 12733 6338 12733 6336 12733 6336 12734 6338 12734 6337 12734 6336 12735 6337 12735 6334 12735 6342 12736 6343 12736 6338 12736 6338 12737 6343 12737 6344 12737 6338 12738 6344 12738 6345 12738 6346 12739 6347 12739 6348 12739 6345 12740 6349 12740 6338 12740 6338 12741 6349 12741 6346 12741 6338 12742 6346 12742 6350 12742 6350 12743 6346 12743 6348 12743 6342 12744 6336 12744 6351 12744 6351 12745 6336 12745 6335 12745 6351 12746 6335 12746 6352 12746 6352 12747 6335 12747 6333 12747 6352 12748 6333 12748 6353 12748 6353 12749 6333 12749 6331 12749 6353 12750 6331 12750 6354 12750 6354 12751 6331 12751 6329 12751 6354 12752 6329 12752 6355 12752 6355 12753 6329 12753 6327 12753 6355 12754 6327 12754 6356 12754 6356 12755 6327 12755 6325 12755 6356 12756 6325 12756 6357 12756 6357 12757 6325 12757 6323 12757 6357 12758 6323 12758 6358 12758 6358 12759 6323 12759 6321 12759 6358 12760 6321 12760 6359 12760 6359 12761 6321 12761 6320 12761 6359 12762 6320 12762 6360 12762 6360 12763 6320 12763 6319 12763 6360 12764 6319 12764 6361 12764 6361 12765 6319 12765 6322 12765 6361 12766 6322 12766 6362 12766 6362 12767 6322 12767 6324 12767 6362 12768 6324 12768 6363 12768 6363 12769 6324 12769 6326 12769 6363 12770 6326 12770 6364 12770 6364 12771 6326 12771 6328 12771 6364 12772 6328 12772 6365 12772 6365 12773 6328 12773 6330 12773 6365 12774 6330 12774 6366 12774 6366 12775 6330 12775 6332 12775 6366 12776 6332 12776 6367 12776 6367 12777 6332 12777 6334 12777 6367 12778 6334 12778 6368 12778 6368 12779 6334 12779 6337 12779 6368 12780 6337 12780 6369 12780 6369 12781 6337 12781 6339 12781 6369 12782 6339 12782 6370 12782 6370 12783 6339 12783 6341 12783 6370 12784 6341 12784 6371 12784 6371 12785 6341 12785 6340 12785 6371 12786 6340 12786 6372 12786 6372 12787 6340 12787 6338 12787 6372 12788 6338 12788 6373 12788 6373 12789 6338 12789 6350 12789 6373 12790 6350 12790 6374 12790 6374 12791 6350 12791 6348 12791 6374 12792 6348 12792 6375 12792 6375 12793 6348 12793 6347 12793 6375 12794 6347 12794 6376 12794 6376 12795 6347 12795 6346 12795 6376 12796 6346 12796 6377 12796 6377 12797 6346 12797 6349 12797 6377 12798 6349 12798 6378 12798 6378 12799 6349 12799 6345 12799 6378 12800 6345 12800 6379 12800 6379 12801 6345 12801 6344 12801 6379 12802 6344 12802 6380 12802 6380 12803 6344 12803 6343 12803 6380 12804 6343 12804 6381 12804 6381 12805 6343 12805 6342 12805 6381 12806 6342 12806 6351 12806 6382 12807 6360 12807 6383 12807 6383 12808 6360 12808 6361 12808 6383 12809 6361 12809 6384 12809 6384 12810 6361 12810 6362 12810 6384 12811 6362 12811 6385 12811 6385 12812 6362 12812 6363 12812 6385 12813 6363 12813 6386 12813 6386 12814 6363 12814 6364 12814 6386 12815 6364 12815 6387 12815 6387 12816 6364 12816 6365 12816 6387 12817 6365 12817 6388 12817 6388 12818 6365 12818 6366 12818 6388 12819 6366 12819 6389 12819 6389 12820 6366 12820 6367 12820 6389 12821 6367 12821 6390 12821 6390 12822 6367 12822 6368 12822 6390 12823 6368 12823 6391 12823 6391 12824 6368 12824 6369 12824 6391 12825 6369 12825 6392 12825 6392 12826 6369 12826 6370 12826 6392 12827 6370 12827 6393 12827 6393 12828 6370 12828 6371 12828 6393 12829 6371 12829 6394 12829 6394 12830 6371 12830 6372 12830 6394 12831 6372 12831 6395 12831 6395 12832 6372 12832 6373 12832 6395 12833 6373 12833 6396 12833 6396 12834 6373 12834 6374 12834 6396 12835 6374 12835 6397 12835 6397 12836 6374 12836 6375 12836 6397 12837 6375 12837 6398 12837 6398 12838 6375 12838 6376 12838 6398 12839 6376 12839 6399 12839 6399 12840 6376 12840 6377 12840 6399 12841 6377 12841 6400 12841 6400 12842 6377 12842 6378 12842 6400 12843 6378 12843 6401 12843 6401 12844 6378 12844 6379 12844 6401 12845 6379 12845 6402 12845 6402 12846 6379 12846 6380 12846 6402 12847 6380 12847 6403 12847 6403 12848 6380 12848 6381 12848 6403 12849 6381 12849 6404 12849 6404 12850 6381 12850 6351 12850 6404 12851 6351 12851 6405 12851 6405 12852 6351 12852 6352 12852 6405 12853 6352 12853 6406 12853 6406 12854 6352 12854 6353 12854 6406 12855 6353 12855 6407 12855 6407 12856 6353 12856 6354 12856 6407 12857 6354 12857 6408 12857 6408 12858 6354 12858 6355 12858 6408 12859 6355 12859 6409 12859 6409 12860 6355 12860 6356 12860 6409 12861 6356 12861 6410 12861 6410 12862 6356 12862 6357 12862 6410 12863 6357 12863 6411 12863 6411 12864 6357 12864 6358 12864 6411 12865 6358 12865 6412 12865 6412 12866 6358 12866 6359 12866 6412 12867 6359 12867 6382 12867 6382 12868 6359 12868 6360 12868 6413 12869 6382 12869 6414 12869 6414 12870 6382 12870 6383 12870 6414 12871 6383 12871 6415 12871 6415 12872 6383 12872 6384 12872 6415 12873 6384 12873 6416 12873 6416 12874 6384 12874 6385 12874 6416 12875 6385 12875 6417 12875 6417 12876 6385 12876 6386 12876 6417 12877 6386 12877 6418 12877 6418 12878 6386 12878 6387 12878 6418 12879 6387 12879 6419 12879 6419 12880 6387 12880 6388 12880 6419 12881 6388 12881 6420 12881 6420 12882 6388 12882 6389 12882 6420 12883 6389 12883 6421 12883 6421 12884 6389 12884 6390 12884 6421 12885 6390 12885 6422 12885 6422 12886 6390 12886 6391 12886 6422 12887 6391 12887 6423 12887 6423 12888 6391 12888 6392 12888 6423 12889 6392 12889 6424 12889 6424 12890 6392 12890 6393 12890 6424 12891 6393 12891 6425 12891 6425 12892 6393 12892 6394 12892 6425 12893 6394 12893 6426 12893 6426 12894 6394 12894 6395 12894 6426 12895 6395 12895 6427 12895 6427 12896 6395 12896 6396 12896 6427 12897 6396 12897 6428 12897 6428 12898 6396 12898 6397 12898 6428 12899 6397 12899 6429 12899 6429 12900 6397 12900 6398 12900 6429 12901 6398 12901 6430 12901 6430 12902 6398 12902 6399 12902 6430 12903 6399 12903 6431 12903 6431 12904 6399 12904 6400 12904 6431 12905 6400 12905 6432 12905 6432 12906 6400 12906 6401 12906 6432 12907 6401 12907 6433 12907 6433 12908 6401 12908 6402 12908 6433 12909 6402 12909 6434 12909 6434 12910 6402 12910 6403 12910 6434 12911 6403 12911 6435 12911 6435 12912 6403 12912 6404 12912 6435 12913 6404 12913 6436 12913 6436 12914 6404 12914 6405 12914 6436 12915 6405 12915 6437 12915 6437 12916 6405 12916 6406 12916 6437 12917 6406 12917 6438 12917 6438 12918 6406 12918 6407 12918 6438 12919 6407 12919 6439 12919 6439 12920 6407 12920 6408 12920 6439 12921 6408 12921 6440 12921 6440 12922 6408 12922 6409 12922 6440 12923 6409 12923 6441 12923 6441 12924 6409 12924 6410 12924 6441 12925 6410 12925 6442 12925 6442 12926 6410 12926 6411 12926 6442 12927 6411 12927 6443 12927 6443 12928 6411 12928 6412 12928 6443 12929 6412 12929 6413 12929 6413 12930 6412 12930 6382 12930 6444 12931 6413 12931 6445 12931 6445 12932 6413 12932 6414 12932 6445 12933 6414 12933 6446 12933 6446 12934 6414 12934 6415 12934 6446 12935 6415 12935 6447 12935 6447 12936 6415 12936 6416 12936 6447 12937 6416 12937 6448 12937 6448 12938 6416 12938 6417 12938 6448 12939 6417 12939 6449 12939 6449 12940 6417 12940 6418 12940 6449 12941 6418 12941 6450 12941 6450 12942 6418 12942 6419 12942 6450 12943 6419 12943 6451 12943 6451 12944 6419 12944 6420 12944 6451 12945 6420 12945 6452 12945 6452 12946 6420 12946 6421 12946 6452 12947 6421 12947 6453 12947 6453 12948 6421 12948 6422 12948 6453 12949 6422 12949 6454 12949 6454 12950 6422 12950 6423 12950 6454 12951 6423 12951 6455 12951 6455 12952 6423 12952 6424 12952 6455 12953 6424 12953 6456 12953 6456 12954 6424 12954 6425 12954 6456 12955 6425 12955 6457 12955 6457 12956 6425 12956 6426 12956 6457 12957 6426 12957 6458 12957 6458 12958 6426 12958 6427 12958 6458 12959 6427 12959 6459 12959 6459 12960 6427 12960 6428 12960 6459 12961 6428 12961 6460 12961 6460 12962 6428 12962 6429 12962 6460 12963 6429 12963 6461 12963 6461 12964 6429 12964 6430 12964 6461 12965 6430 12965 6462 12965 6462 12966 6430 12966 6431 12966 6462 12967 6431 12967 6463 12967 6463 12968 6431 12968 6432 12968 6463 12969 6432 12969 6464 12969 6464 12970 6432 12970 6433 12970 6464 12971 6433 12971 6465 12971 6465 12972 6433 12972 6434 12972 6465 12973 6434 12973 6466 12973 6466 12974 6434 12974 6435 12974 6466 12975 6435 12975 6467 12975 6467 12976 6435 12976 6436 12976 6467 12977 6436 12977 6468 12977 6468 12978 6436 12978 6437 12978 6468 12979 6437 12979 6469 12979 6469 12980 6437 12980 6438 12980 6469 12981 6438 12981 6470 12981 6470 12982 6438 12982 6439 12982 6470 12983 6439 12983 6471 12983 6471 12984 6439 12984 6440 12984 6471 12985 6440 12985 6472 12985 6472 12986 6440 12986 6441 12986 6472 12987 6441 12987 6473 12987 6473 12988 6441 12988 6442 12988 6473 12989 6442 12989 6474 12989 6474 12990 6442 12990 6443 12990 6474 12991 6443 12991 6444 12991 6444 12992 6443 12992 6413 12992 6475 12993 6444 12993 6476 12993 6476 12994 6444 12994 6445 12994 6476 12995 6445 12995 6477 12995 6477 12996 6445 12996 6446 12996 6477 12997 6446 12997 6478 12997 6478 12998 6446 12998 6447 12998 6478 12999 6447 12999 6479 12999 6479 13000 6447 13000 6448 13000 6479 13001 6448 13001 6480 13001 6480 13002 6448 13002 6449 13002 6480 13003 6449 13003 6481 13003 6481 13004 6449 13004 6450 13004 6481 13005 6450 13005 6482 13005 6482 13006 6450 13006 6451 13006 6482 13007 6451 13007 6483 13007 6483 13008 6451 13008 6452 13008 6483 13009 6452 13009 6484 13009 6484 13010 6452 13010 6453 13010 6484 13011 6453 13011 6485 13011 6485 13012 6453 13012 6454 13012 6485 13013 6454 13013 6486 13013 6486 13014 6454 13014 6455 13014 6486 13015 6455 13015 6487 13015 6487 13016 6455 13016 6456 13016 6487 13017 6456 13017 6488 13017 6488 13018 6456 13018 6457 13018 6488 13019 6457 13019 6489 13019 6489 13020 6457 13020 6458 13020 6489 13021 6458 13021 6490 13021 6490 13022 6458 13022 6459 13022 6490 13023 6459 13023 6491 13023 6491 13024 6459 13024 6460 13024 6491 13025 6460 13025 6492 13025 6492 13026 6460 13026 6461 13026 6492 13027 6461 13027 6493 13027 6493 13028 6461 13028 6462 13028 6493 13029 6462 13029 6494 13029 6494 13030 6462 13030 6463 13030 6494 13031 6463 13031 6495 13031 6495 13032 6463 13032 6464 13032 6495 13033 6464 13033 6496 13033 6496 13034 6464 13034 6465 13034 6496 13035 6465 13035 6497 13035 6497 13036 6465 13036 6466 13036 6497 13037 6466 13037 6498 13037 6498 13038 6466 13038 6467 13038 6498 13039 6467 13039 6499 13039 6499 13040 6467 13040 6468 13040 6499 13041 6468 13041 6500 13041 6500 13042 6468 13042 6469 13042 6500 13043 6469 13043 6501 13043 6501 13044 6469 13044 6470 13044 6501 13045 6470 13045 6502 13045 6502 13046 6470 13046 6471 13046 6502 13047 6471 13047 6503 13047 6503 13048 6471 13048 6472 13048 6503 13049 6472 13049 6504 13049 6504 13050 6472 13050 6473 13050 6504 13051 6473 13051 6505 13051 6505 13052 6473 13052 6474 13052 6505 13053 6474 13053 6475 13053 6475 13054 6474 13054 6444 13054 6506 13055 6475 13055 6507 13055 6507 13056 6475 13056 6476 13056 6507 13057 6476 13057 6508 13057 6508 13058 6476 13058 6477 13058 6508 13059 6477 13059 6509 13059 6509 13060 6477 13060 6478 13060 6509 13061 6478 13061 6510 13061 6510 13062 6478 13062 6479 13062 6510 13063 6479 13063 6511 13063 6511 13064 6479 13064 6480 13064 6511 13065 6480 13065 6512 13065 6512 13066 6480 13066 6481 13066 6512 13067 6481 13067 6513 13067 6513 13068 6481 13068 6482 13068 6513 13069 6482 13069 6514 13069 6514 13070 6482 13070 6483 13070 6514 13071 6483 13071 6515 13071 6515 13072 6483 13072 6484 13072 6515 13073 6484 13073 6516 13073 6516 13074 6484 13074 6485 13074 6516 13075 6485 13075 6517 13075 6517 13076 6485 13076 6486 13076 6517 13077 6486 13077 6518 13077 6518 13078 6486 13078 6487 13078 6518 13079 6487 13079 6519 13079 6519 13080 6487 13080 6488 13080 6519 13081 6488 13081 6520 13081 6520 13082 6488 13082 6489 13082 6520 13083 6489 13083 6521 13083 6521 13084 6489 13084 6490 13084 6521 13085 6490 13085 6522 13085 6522 13086 6490 13086 6491 13086 6522 13087 6491 13087 6523 13087 6523 13088 6491 13088 6492 13088 6523 13089 6492 13089 6524 13089 6524 13090 6492 13090 6493 13090 6524 13091 6493 13091 6525 13091 6525 13092 6493 13092 6494 13092 6525 13093 6494 13093 6526 13093 6526 13094 6494 13094 6495 13094 6526 13095 6495 13095 6527 13095 6527 13096 6495 13096 6496 13096 6527 13097 6496 13097 6528 13097 6528 13098 6496 13098 6497 13098 6528 13099 6497 13099 6529 13099 6529 13100 6497 13100 6498 13100 6529 13101 6498 13101 6530 13101 6530 13102 6498 13102 6499 13102 6530 13103 6499 13103 6531 13103 6531 13104 6499 13104 6500 13104 6531 13105 6500 13105 6532 13105 6532 13106 6500 13106 6501 13106 6532 13107 6501 13107 6533 13107 6533 13108 6501 13108 6502 13108 6533 13109 6502 13109 6534 13109 6534 13110 6502 13110 6503 13110 6534 13111 6503 13111 6535 13111 6535 13112 6503 13112 6504 13112 6535 13113 6504 13113 6536 13113 6536 13114 6504 13114 6505 13114 6536 13115 6505 13115 6506 13115 6506 13116 6505 13116 6475 13116 6537 13117 6506 13117 6538 13117 6538 13118 6506 13118 6507 13118 6538 13119 6507 13119 6539 13119 6539 13120 6507 13120 6508 13120 6539 13121 6508 13121 6540 13121 6540 13122 6508 13122 6509 13122 6540 13123 6509 13123 6541 13123 6541 13124 6509 13124 6510 13124 6541 13125 6510 13125 6542 13125 6542 13126 6510 13126 6511 13126 6542 13127 6511 13127 6543 13127 6543 13128 6511 13128 6512 13128 6543 13129 6512 13129 6544 13129 6544 13130 6512 13130 6513 13130 6544 13131 6513 13131 6545 13131 6545 13132 6513 13132 6514 13132 6545 13133 6514 13133 6546 13133 6546 13134 6514 13134 6515 13134 6546 13135 6515 13135 6547 13135 6547 13136 6515 13136 6516 13136 6547 13137 6516 13137 6548 13137 6548 13138 6516 13138 6517 13138 6548 13139 6517 13139 6549 13139 6549 13140 6517 13140 6518 13140 6549 13141 6518 13141 6550 13141 6550 13142 6518 13142 6519 13142 6550 13143 6519 13143 6551 13143 6551 13144 6519 13144 6520 13144 6551 13145 6520 13145 6552 13145 6552 13146 6520 13146 6521 13146 6552 13147 6521 13147 6553 13147 6553 13148 6521 13148 6522 13148 6553 13149 6522 13149 6554 13149 6554 13150 6522 13150 6523 13150 6554 13151 6523 13151 6555 13151 6555 13152 6523 13152 6524 13152 6555 13153 6524 13153 6556 13153 6556 13154 6524 13154 6525 13154 6556 13155 6525 13155 6557 13155 6557 13156 6525 13156 6526 13156 6557 13157 6526 13157 6558 13157 6558 13158 6526 13158 6527 13158 6558 13159 6527 13159 6559 13159 6559 13160 6527 13160 6528 13160 6559 13161 6528 13161 6560 13161 6560 13162 6528 13162 6529 13162 6560 13163 6529 13163 6561 13163 6561 13164 6529 13164 6530 13164 6561 13165 6530 13165 6562 13165 6562 13166 6530 13166 6531 13166 6562 13167 6531 13167 6563 13167 6563 13168 6531 13168 6532 13168 6563 13169 6532 13169 6564 13169 6564 13170 6532 13170 6533 13170 6564 13171 6533 13171 6565 13171 6565 13172 6533 13172 6534 13172 6565 13173 6534 13173 6566 13173 6566 13174 6534 13174 6535 13174 6566 13175 6535 13175 6567 13175 6567 13176 6535 13176 6536 13176 6567 13177 6536 13177 6537 13177 6537 13178 6536 13178 6506 13178 6568 13179 6569 13179 6559 13179 6559 13180 6569 13180 6570 13180 6559 13181 6570 13181 6558 13181 6558 13182 6570 13182 6571 13182 6558 13183 6571 13183 6557 13183 6557 13184 6571 13184 6572 13184 6557 13185 6572 13185 6556 13185 6556 13186 6572 13186 6573 13186 6556 13187 6573 13187 6555 13187 6555 13188 6573 13188 6574 13188 6555 13189 6574 13189 6554 13189 6554 13190 6574 13190 6575 13190 6554 13191 6575 13191 6553 13191 6553 13192 6575 13192 6576 13192 6553 13193 6576 13193 6552 13193 6552 13194 6576 13194 6577 13194 6552 13195 6577 13195 6551 13195 6551 13196 6577 13196 6578 13196 6551 13197 6578 13197 6550 13197 6550 13198 6578 13198 6579 13198 6550 13199 6579 13199 6549 13199 6549 13200 6579 13200 6580 13200 6549 13201 6580 13201 6548 13201 6548 13202 6580 13202 6581 13202 6548 13203 6581 13203 6547 13203 6547 13204 6581 13204 6582 13204 6547 13205 6582 13205 6546 13205 6546 13206 6582 13206 6583 13206 6546 13207 6583 13207 6545 13207 6545 13208 6583 13208 6584 13208 6545 13209 6584 13209 6544 13209 6544 13210 6584 13210 6585 13210 6544 13211 6585 13211 6543 13211 6543 13212 6585 13212 6586 13212 6543 13213 6586 13213 6542 13213 6542 13214 6586 13214 6587 13214 6542 13215 6587 13215 6541 13215 6541 13216 6587 13216 6588 13216 6541 13217 6588 13217 6540 13217 6540 13218 6588 13218 6589 13218 6540 13219 6589 13219 6539 13219 6539 13220 6589 13220 6590 13220 6539 13221 6590 13221 6538 13221 6538 13222 6590 13222 6591 13222 6538 13223 6591 13223 6537 13223 6537 13224 6591 13224 6592 13224 6537 13225 6592 13225 6567 13225 6567 13226 6592 13226 6593 13226 6567 13227 6593 13227 6566 13227 6566 13228 6593 13228 6594 13228 6566 13229 6594 13229 6565 13229 6565 13230 6594 13230 6595 13230 6565 13231 6595 13231 6564 13231 6564 13232 6595 13232 6596 13232 6564 13233 6596 13233 6563 13233 6563 13234 6596 13234 6597 13234 6563 13235 6597 13235 6562 13235 6562 13236 6597 13236 6598 13236 6562 13237 6598 13237 6561 13237 6561 13238 6598 13238 6599 13238 6561 13239 6599 13239 6560 13239 6560 13240 6599 13240 6568 13240 6560 13241 6568 13241 6559 13241 6578 13242 6577 13242 6576 13242 6578 13243 6576 13243 6579 13243 6579 13244 6576 13244 6575 13244 6579 13245 6575 13245 6580 13245 6580 13246 6575 13246 6574 13246 6580 13247 6574 13247 6581 13247 6581 13248 6574 13248 6573 13248 6581 13249 6573 13249 6582 13249 6582 13250 6573 13250 6572 13250 6582 13251 6572 13251 6583 13251 6583 13252 6572 13252 6571 13252 6583 13253 6571 13253 6584 13253 6584 13254 6571 13254 6570 13254 6584 13255 6570 13255 6585 13255 6585 13256 6570 13256 6569 13256 6585 13257 6569 13257 6568 13257 6568 13258 6599 13258 6585 13258 6585 13259 6599 13259 6598 13259 6585 13260 6598 13260 6597 13260 6597 13261 6596 13261 6595 13261 6593 13262 6592 13262 6585 13262 6597 13263 6595 13263 6585 13263 6585 13264 6595 13264 6594 13264 6585 13265 6594 13265 6593 13265 6592 13266 6591 13266 6585 13266 6585 13267 6591 13267 6590 13267 6585 13268 6590 13268 6589 13268 6589 13269 6588 13269 6585 13269 6585 13270 6588 13270 6587 13270 6585 13271 6587 13271 6586 13271</p>
                </triangles>
            </mesh>
        </geometry>
    </library_geometries>
    <library_visual_scenes>
        <visual_scene id="VisualSceneNode" name="VisualScene">
            <node id="node" name="node">
                <instance_geometry url="#shape0-lib"/>
            </node>
        </visual_scene>
    </library_visual_scenes>
    <scene>
        <instance_visual_scene url="#VisualSceneNode"/>
    </scene>
</COLLADA>
