<?xml version="1.0" encoding="UTF-8"?>
<COLLADA xmlns="http://www.collada.org/2005/11/COLLADASchema" version="1.4.1">
    <asset>
        <contributor>
            <author>VCGLab</author>
            <authoring_tool>VCGLib | MeshLab</authoring_tool>
        </contributor>
        <created>mar. jul. 22 08:43:53 2025 GMT</created>
        <modified>mar. jul. 22 08:43:53 2025 GMT</modified>
        <up_axis>Y_UP</up_axis>
    </asset>
    <library_geometries>
        <geometry id="shape0-lib" name="shape0">
            <mesh>
                <source id="shape0-lib-positions" name="position">
                    <float_array id="shape0-lib-positions-array" count="18624">-0.0831964 -0.0387181 -0.0735389 -0.0836165 -0.0389573 -0.0747403 -0.0790425 -0.0483727 -0.0854666 -0.0650378 -0.0483727 -0.0612099 -0.0665758 -0.0465794 -0.0603219 -0.0832993 -0.0380645 -0.0724225 -0.0679383 -0.0452127 -0.059975 -0.0838975 -0.0371716 -0.0716903 -0.0694741 -0.0440542 -0.0603402 -0.0848307 -0.0362788 -0.0715384 -0.0857043 -0.0336363 -0.0678175 -0.0858489 -0.0356252 -0.0720075 -0.0881441 -0.0324166 -0.0696277 -0.0866793 -0.035386 -0.0729719 -0.0899308 -0.0322334 -0.0723595 -0.0870994 -0.0356252 -0.0741732 -0.0906749 -0.0331268 -0.0754177 -0.0869965 -0.0362788 -0.0752897 -0.0902142 -0.0349018 -0.0781354 -0.0863983 -0.0371716 -0.0760219 -0.0886491 -0.0371716 -0.0799202 -0.0854651 -0.0380645 -0.0761738 -0.0844469 -0.0387181 -0.0757047 -0.063513 -0.0430081 -0.0620903 -0.061975 -0.0448014 -0.0629782 -0.0759796 -0.0448014 -0.087235 -0.0855862 -0.0336004 -0.0816887 -0.0824022 -0.0344932 -0.0779421 -0.0833354 -0.0336004 -0.0777902 -0.0839336 -0.0327076 -0.077058 -0.0871513 -0.0313306 -0.0799037 -0.0840365 -0.032054 -0.0759416 -0.087612 -0.0295555 -0.077186 -0.0836165 -0.0318148 -0.0747403 -0.086868 -0.0286622 -0.0741279 -0.0827861 -0.032054 -0.0737758 -0.0850813 -0.0288454 -0.071396 -0.0817678 -0.0327076 -0.0733067 -0.0826414 -0.030065 -0.0695859 -0.0808346 -0.0336004 -0.0734586 -0.0664112 -0.0404829 -0.0621085 -0.0802364 -0.0344932 -0.0741909 -0.0648755 -0.0416415 -0.0617433 -0.0801335 -0.0351468 -0.0753073 -0.0805536 -0.035386 -0.0765086 -0.081384 -0.0351468 -0.077473 -0.0321164 -0.0499999 -0.0825273 -0.0321164 -0.0449494 -0.0825273 -0.0280107 -0.0499999 -0.0825273 -0.0280107 -0.0449494 -0.0825273 -0.0221131 -0.0499999 -0.0825273 -0.0221131 -0.0449494 -0.0825273 -0.0373276 -0.0499999 -0.0829832 -0.0373276 -0.0449494 -0.0829832 -0.0707854 -0.0449494 -0.0888827 -0.0707854 -0.0499999 -0.0888827 0.036177 -0.0499999 -0.0576588 0.036512 -0.0499999 -0.0589092 0.0464602 -0.0499999 -0.0464602 0.0875289 -0.0499999 0.01345 0.0842892 -0.0499999 0.0190614 0.0781931 -0.0499999 0.00850279 -0.0690773 -0.0499999 -0.0554125 -0.0604141 -0.0499999 -0.0604141 -0.0464602 -0.0499999 -0.0464602 -0.0600473 -0.0499999 -0.0607118 -0.0597171 -0.0499999 -0.0613174 -0.0596928 -0.0499999 -0.0620066 -0.0599792 -0.0499999 -0.0626339 -0.0709529 -0.0499999 -0.0888827 -0.0605161 -0.0499999 -0.0630668 -0.0611899 -0.0499999 -0.0632139 -0.0725224 -0.0499999 -0.0888827 -0.0616551 -0.0499999 -0.0631316 -0.0741547 -0.0499999 -0.0882886 -0.0756733 -0.0499999 -0.0874118 -0.085295 -0.0499999 -0.0240389 -0.088097 -0.0499999 -0.0256567 -0.0719686 -0.0499999 -0.0317329 -0.0825325 -0.0499999 -0.05003 -0.0738182 -0.0499999 -0.0532017 -0.108364 -0.0499999 -0.0393828 -0.107248 -0.0499999 -0.0407134 -0.109241 -0.0499999 -0.0378642 -0.105743 -0.0499999 -0.041582 -0.098759 -0.0499999 -0.044124 -0.0634658 -0.0499999 -0.0170056 -0.0823584 -0.0499999 -0.0225543 -0.0781931 -0.0499999 -0.00850279 -0.0842892 -0.0499999 -0.0190614 -0.0825273 -0.0499999 -0.0221131 -0.0823753 -0.0499999 -0.0232438 -0.0826987 -0.0499999 -0.0238528 -0.0832605 -0.0499999 -0.0242529 -0.0839419 -0.0499999 -0.0243594 -0.0845989 -0.0499999 -0.0241499 -0.0849607 -0.0499999 -0.023846 -0.103199 -0.0499999 0.00593447 -0.0905293 -0.0499999 -0.00916492 -0.0875289 -0.0499999 -0.01345 -0.0634658 -0.0499999 0.0170056 -0.082961 -0.0499999 0.0210579 -0.0825273 -0.0499999 0.0280107 -0.0825273 -0.0499999 0.0221131 -0.0826017 -0.0499999 0.0216465 -0.0835456 -0.0499999 0.0206922 -0.0842322 -0.0499999 0.0206266 -0.0855012 -0.0499999 0.0218291 -0.113537 -0.0499999 0.0218291 -0.113537 -0.0499999 0.0200756 -0.0848755 -0.0499999 0.020875 -0.0853398 -0.0499999 0.0213851 -0.112367 -0.0499999 0.0168606 -0.113236 -0.0499999 0.0183649 -0.0576588 -0.0499999 0.0318454 -0.0567434 -0.0499999 0.0327608 -0.0464602 -0.0499999 0.0464602 -0.061075 -0.0499999 0.0352616 -0.0601596 -0.0499999 0.036177 -0.0888827 -0.0499999 0.0709529 -0.0589092 -0.0499999 0.036512 -0.0576588 -0.0499999 0.036177 -0.0567434 -0.0499999 0.0352616 -0.0564083 -0.0499999 0.0340112 -0.0589092 -0.0499999 0.0315104 -0.0601596 -0.0499999 0.0318454 -0.061075 -0.0499999 0.0327608 -0.0825273 -0.0499999 0.0321164 -0.06141 -0.0499999 0.0340112 -0.0829832 -0.0499999 0.0373276 -0.0888827 -0.0499999 0.0707854 -0.0607118 -0.0499999 0.0600473 -0.0613174 -0.0499999 0.0597171 -0.0620066 -0.0499999 0.0596928 -0.0626339 -0.0499999 0.0599792 -0.0317329 -0.0499999 0.0719686 -0.0554125 -0.0499999 0.0690773 -0.0604141 -0.0499999 0.0604141 -0.0630668 -0.0499999 0.0605161 -0.0632139 -0.0499999 0.0611899 -0.0888827 -0.0499999 0.0725224 -0.0631316 -0.0499999 0.0616551 -0.0882886 -0.0499999 0.0741547 -0.0874118 -0.0499999 0.0756733 -0.0240389 -0.0499999 0.085295 -0.0256567 -0.0499999 0.088097 -0.05003 -0.0499999 0.0825325 -0.0532017 -0.0499999 0.0738182 -0.0393828 -0.0499999 0.108364 -0.0407134 -0.0499999 0.107248 -0.0378642 -0.0499999 0.109241 -0.041582 -0.0499999 0.105743 -0.044124 -0.0499999 0.098759 -0.0225543 -0.0499999 0.0823584 -0.0232438 -0.0499999 0.0823753 -0.0238528 -0.0499999 0.0826987 -0.0242529 -0.0499999 0.0832605 -0.00850279 -0.0499999 0.0781931 -0.0190614 -0.0499999 0.0842892 -0.0170056 -0.0499999 0.0634658 -0.0221131 -0.0499999 0.0825273 -0.0243594 -0.0499999 0.0839419 -0.0241499 -0.0499999 0.0845989 -0.023846 -0.0499999 0.0849607 0.00593447 -0.0499999 0.103199 -0.00916492 -0.0499999 0.0905293 -0.01345 -0.0499999 0.0875289 0.0170056 -0.0499999 0.0634658 0.0210579 -0.0499999 0.082961 0.0280107 -0.0499999 0.0825273 0.0221131 -0.0499999 0.0825273 0.0216465 -0.0499999 0.0826017 0.0206922 -0.0499999 0.0835456 0.0206266 -0.0499999 0.0842322 0.0200756 -0.0499999 0.113537 0.0183649 -0.0499999 0.113236 0.0168606 -0.0499999 0.112367 0.0218291 -0.0499999 0.113537 0.0218291 -0.0499999 0.0855012 0.0213851 -0.0499999 0.0853398 0.020875 -0.0499999 0.0848755 0.0352616 -0.0499999 0.061075 0.036177 -0.0499999 0.0601596 0.0709529 -0.0499999 0.0888827 0.0327608 -0.0499999 0.0567434 0.0318454 -0.0499999 0.0576588 0.036512 -0.0499999 0.0589092 0.036177 -0.0499999 0.0576588 0.0464602 -0.0499999 0.0464602 0.0352616 -0.0499999 0.0567434 0.0340112 -0.0499999 0.0564083 0.0707854 -0.0499999 0.0888827 0.0373276 -0.0499999 0.0829832 0.0340112 -0.0499999 0.06141 0.0321164 -0.0499999 0.0825273 0.0327608 -0.0499999 0.061075 0.0318454 -0.0499999 0.0601596 0.0315104 -0.0499999 0.0589092 0.0600473 -0.0499999 0.0607118 0.0597171 -0.0499999 0.0613174 0.0596928 -0.0499999 0.0620066 0.0599792 -0.0499999 0.0626339 0.0605161 -0.0499999 0.0630668 0.0611899 -0.0499999 0.0632139 0.0725224 -0.0499999 0.0888827 0.0616551 -0.0499999 0.0631316 0.0741547 -0.0499999 0.0882886 0.0756733 -0.0499999 0.0874118 0.0719686 -0.0499999 0.0317329 0.0690773 -0.0499999 0.0554125 0.0604141 -0.0499999 0.0604141 0.085295 -0.0499999 0.0240389 0.088097 -0.0499999 0.0256567 0.0825325 -0.0499999 0.05003 0.0738182 -0.0499999 0.0532017 0.108364 -0.0499999 0.0393828 0.107248 -0.0499999 0.0407134 0.109241 -0.0499999 0.0378642 0.105743 -0.0499999 0.041582 0.098759 -0.0499999 0.044124 0.0826987 -0.0499999 0.0238528 0.0832605 -0.0499999 0.0242529 0.0634658 -0.0499999 0.0170056 0.0839419 -0.0499999 0.0243594 0.0845989 -0.0499999 0.0241499 0.0849607 -0.0499999 0.023846 0.0825273 -0.0499999 0.0221131 0.0823584 -0.0499999 0.0225543 0.0823753 -0.0499999 0.0232438 0.0842322 -0.0499999 -0.0206266 0.103199 -0.0499999 -0.00593447 0.0905293 -0.0499999 0.00916492 0.0634658 -0.0499999 -0.0170056 0.082961 -0.0499999 -0.0210579 0.0835456 -0.0499999 -0.0206922 0.113537 -0.0499999 -0.0200756 0.113236 -0.0499999 -0.0183649 0.112367 -0.0499999 -0.0168606 0.0825273 -0.0499999 -0.0280107 0.0825273 -0.0499999 -0.0221131 0.0826017 -0.0499999 -0.0216465 0.113537 -0.0499999 -0.0218291 0.0855012 -0.0499999 -0.0218291 0.0853398 -0.0499999 -0.0213851 0.0848755 -0.0499999 -0.020875 0.0576588 -0.0499999 -0.0318454 0.0589092 -0.0499999 -0.0315104 0.0601596 -0.0499999 -0.0318454 0.061075 -0.0499999 -0.0327608 0.0825273 -0.0499999 -0.0321164 0.06141 -0.0499999 -0.0340112 0.0829832 -0.0499999 -0.0373276 0.061075 -0.0499999 -0.0352616 0.0601596 -0.0499999 -0.036177 0.0888827 -0.0499999 -0.0709529 0.0888827 -0.0499999 -0.0707854 0.0567434 -0.0499999 -0.0327608 0.0564083 -0.0499999 -0.0340112 0.0589092 -0.0499999 -0.036512 0.0576588 -0.0499999 -0.036177 0.0567434 -0.0499999 -0.0352616 0.0613174 -0.0499999 -0.0597171 0.0620066 -0.0499999 -0.0596928 0.0626339 -0.0499999 -0.0599792 0.0554125 -0.0499999 -0.0690773 0.0604141 -0.0499999 -0.0604141 0.0607118 -0.0499999 -0.0600473 0.0630668 -0.0499999 -0.0605161 0.0632139 -0.0499999 -0.0611899 0.0888827 -0.0499999 -0.0725224 0.0631316 -0.0499999 -0.0616551 0.0882886 -0.0499999 -0.0741547 0.0874118 -0.0499999 -0.0756733 0.0240389 -0.0499999 -0.085295 0.0256567 -0.0499999 -0.088097 0.0317329 -0.0499999 -0.0719686 0.05003 -0.0499999 -0.0825325 0.0532017 -0.0499999 -0.0738182 0.0393828 -0.0499999 -0.108364 0.0407134 -0.0499999 -0.107248 0.0378642 -0.0499999 -0.109241 0.041582 -0.0499999 -0.105743 0.044124 -0.0499999 -0.098759 0.0238528 -0.0499999 -0.0826987 0.0242529 -0.0499999 -0.0832605 0.0170056 -0.0499999 -0.0634658 0.00850279 -0.0499999 -0.0781931 0.0190614 -0.0499999 -0.0842892 0.0243594 -0.0499999 -0.0839419 0.0241499 -0.0499999 -0.0845989 0.023846 -0.0499999 -0.0849607 0.0221131 -0.0499999 -0.0825273 0.0225543 -0.0499999 -0.0823584 0.0232438 -0.0499999 -0.0823753 -0.00593447 -0.0499999 -0.103199 0.00916492 -0.0499999 -0.0905293 0.01345 -0.0499999 -0.0875289 -0.0200756 -0.0499999 -0.113537 -0.0183649 -0.0499999 -0.113236 -0.0168606 -0.0499999 -0.112367 -0.0170056 -0.0499999 -0.0634658 -0.0210579 -0.0499999 -0.082961 -0.0206922 -0.0499999 -0.0835456 -0.0206266 -0.0499999 -0.0842322 -0.0216465 -0.0499999 -0.0826017 -0.0218291 -0.0499999 -0.113537 -0.0218291 -0.0499999 -0.0855012 -0.0213851 -0.0499999 -0.0853398 -0.020875 -0.0499999 -0.0848755 -0.0352616 -0.0499999 -0.0567434 -0.0340112 -0.0499999 -0.0564083 -0.0327608 -0.0499999 -0.0567434 -0.0318454 -0.0499999 -0.0576588 -0.0315104 -0.0499999 -0.0589092 -0.0318454 -0.0499999 -0.0601596 -0.0327608 -0.0499999 -0.061075 -0.0340112 -0.0499999 -0.06141 -0.0352616 -0.0499999 -0.061075 -0.036177 -0.0499999 -0.0601596 -0.036512 -0.0499999 -0.0589092 -0.036177 -0.0499999 -0.0576588 -0.0601596 -0.0499999 -0.036177 -0.061075 -0.0499999 -0.0352616 -0.0576588 -0.0499999 -0.036177 -0.0589092 -0.0499999 -0.036512 -0.0576588 -0.0499999 -0.0318454 -0.0567434 -0.0499999 -0.0327608 -0.0379574 -0.0499999 -0.0317329 -0.0564083 -0.0499999 -0.0340112 -0.0567434 -0.0499999 -0.0352616 -0.0589092 -0.0499999 -0.0315104 -0.06141 -0.0499999 -0.0340112 -0.061075 -0.0499999 -0.0327608 -0.0601596 -0.0499999 -0.0318454 -0.00250082 -0.0499999 -0.0680224 -0.00216574 -0.0499999 -0.0667721 0.00125038 -0.0499999 -0.0658567 0.00216574 -0.0499999 -0.0667721 0.00250082 -0.0499999 -0.0680224 0.00216574 -0.0499999 -0.0692729 0.00125038 -0.0499999 -0.0701882 -0.00850279 -0.0499999 -0.0487385 -0.00125038 -0.0499999 -0.0658567 0 -0.0499999 -0.0655216 0 -0.0499999 -0.0705233 -0.00125038 -0.0499999 -0.0701882 -0.00216574 -0.0499999 -0.0692729 -0.0680224 -0.0499999 0.00250082 -0.0667721 -0.0499999 0.00216574 -0.0658567 -0.0499999 -0.00125038 -0.0655216 -0.0499999 0 -0.0487385 -0.0499999 0.00850279 -0.0658567 -0.0499999 0.00125038 -0.0667721 -0.0499999 -0.00216574 -0.0680224 -0.0499999 -0.00250082 -0.0692729 -0.0499999 -0.00216574 -0.0701882 -0.0499999 -0.00125038 -0.0705233 -0.0499999 0 -0.0701882 -0.0499999 0.00125038 -0.0692729 -0.0499999 0.00216574 0.0352616 -0.0499999 -0.0567434 0.036177 -0.0499999 -0.0601596 0.0352616 -0.0499999 -0.061075 0.0315104 -0.0499999 -0.0589092 0.0318454 -0.0499999 -0.0576588 0.0317329 -0.0499999 -0.0379574 0.0327608 -0.0499999 -0.0567434 0.0340112 -0.0499999 -0.0564083 0.0340112 -0.0499999 -0.06141 0.0327608 -0.0499999 -0.061075 0.0318454 -0.0499999 -0.0601596 -0.0340112 -0.0499999 0.06141 -0.0327608 -0.0499999 0.061075 -0.0318454 -0.0499999 0.0601596 -0.0315104 -0.0499999 0.0589092 -0.0318454 -0.0499999 0.0576588 -0.0317329 -0.0499999 0.0379574 -0.0327608 -0.0499999 0.0567434 -0.0340112 -0.0499999 0.0564083 -0.0352616 -0.0499999 0.0567434 -0.036177 -0.0499999 0.0576588 -0.036512 -0.0499999 0.0589092 -0.036177 -0.0499999 0.0601596 -0.0352616 -0.0499999 0.061075 0.0680224 -0.0499999 -0.00250082 0.0667721 -0.0499999 -0.00216574 0.0692729 -0.0499999 0.00216574 0.0701882 -0.0499999 0.00125038 0.0705233 -0.0499999 0 0.0701882 -0.0499999 -0.00125038 0.0692729 -0.0499999 -0.00216574 0.0487385 -0.0499999 -0.00850279 0.0680224 -0.0499999 0.00250082 0.0667721 -0.0499999 0.00216574 0.0658567 -0.0499999 -0.00125038 0.0655216 -0.0499999 0 0.0658567 -0.0499999 0.00125038 0.00250082 -0.0499999 0.0680224 0.00216574 -0.0499999 0.0667721 -0.0232301 -0.0499999 -0.00622448 -0.00622448 -0.0499999 0.0232301 0.00850279 -0.0499999 0.0487385 0 -0.0499999 0.0655216 -0.00125038 -0.0499999 0.0658567 0.00125038 -0.0499999 0.0658567 -0.00216574 -0.0499999 0.0667721 -0.00250082 -0.0499999 0.0680224 -0.00216574 -0.0499999 0.0692729 -0.00125038 -0.0499999 0.0701882 0 -0.0499999 0.0705233 0.00125038 -0.0499999 0.0701882 0.00216574 -0.0499999 0.0692729 0.0379574 -0.0499999 0.0317329 0.0232301 -0.0499999 0.00622448 0.00622448 -0.0499999 -0.0232301 0.06141 -0.0499999 0.0340112 0.061075 -0.0499999 0.0327608 0.0589092 -0.0499999 0.0315104 0.0576588 -0.0499999 0.0318454 0.0601596 -0.0499999 0.0318454 0.0567434 -0.0499999 0.0327608 0.0564083 -0.0499999 0.0340112 0.0567434 -0.0499999 0.0352616 0.0576588 -0.0499999 0.036177 0.0589092 -0.0499999 0.036512 0.0601596 -0.0499999 0.036177 0.061075 -0.0499999 0.0352616 -0.0741547 -0.0449494 -0.0882886 -0.0756733 -0.0449494 -0.0874118 -0.0701882 -0.0449494 0.00125038 -0.0705233 -0.0449494 0 -0.0781931 -0.0449494 -0.00850279 -0.088097 -0.0449494 -0.0256567 -0.085295 -0.0449494 -0.0240389 -0.0719686 -0.0449494 -0.0317329 -0.0256567 -0.0449494 0.088097 -0.0240389 -0.0449494 0.085295 -0.0317329 -0.0449494 0.0719686 0.088097 -0.0449494 0.0256567 0.085295 -0.0449494 0.0240389 0.0719686 -0.0449494 0.0317329 0.0256567 -0.0449494 -0.088097 0.0240389 -0.0449494 -0.085295 0.0317329 -0.0449494 -0.0719686 -0.0340112 -0.0449494 -0.06141 -0.0327608 -0.0449494 -0.0567434 -0.0340112 -0.0449494 -0.0564083 -0.0464602 -0.0449494 -0.0464602 -0.0709529 -0.0449494 -0.0888827 -0.036177 -0.0449494 -0.0601596 -0.0352616 -0.0449494 -0.061075 -0.0327608 -0.0449494 -0.061075 -0.0318454 -0.0449494 -0.0601596 -0.0170056 -0.0449494 -0.0634658 -0.0315104 -0.0449494 -0.0589092 -0.0318454 -0.0449494 -0.0576588 -0.0352616 -0.0449494 -0.0567434 -0.036177 -0.0449494 -0.0576588 -0.036512 -0.0449494 -0.0589092 -0.0200756 -0.0449494 -0.113537 -0.0218291 -0.0449494 -0.113537 -0.0218291 -0.0449494 -0.0855012 -0.0183649 -0.0449494 -0.113236 -0.0168606 -0.0449494 -0.112367 -0.00593447 -0.0449494 -0.103199 -0.0213851 -0.0449494 -0.0853398 -0.020875 -0.0449494 -0.0848755 -0.0206266 -0.0449494 -0.0842322 0.00850279 -0.0449494 -0.0781931 -0.0206922 -0.0449494 -0.0835456 -0.0210579 -0.0449494 -0.082961 -0.0216465 -0.0449494 -0.0826017 0.00916492 -0.0449494 -0.0905293 0.01345 -0.0449494 -0.0875289 0.0243594 -0.0449494 -0.0839419 0.0242529 -0.0449494 -0.0832605 0.0238528 -0.0449494 -0.0826987 0.0232438 -0.0449494 -0.0823753 0.0170056 -0.0449494 -0.0634658 0.0241499 -0.0449494 -0.0845989 0.023846 -0.0449494 -0.0849607 0.0225543 -0.0449494 -0.0823584 0.0221131 -0.0449494 -0.0825273 0.0190614 -0.0449494 -0.0842892 0.0378642 -0.0449494 -0.109241 0.0393828 -0.0449494 -0.108364 0.041582 -0.0449494 -0.105743 0.0407134 -0.0449494 -0.107248 0.0626339 -0.0449494 -0.0599792 0.0620066 -0.0449494 -0.0596928 0.0464602 -0.0449494 -0.0464602 0.0613174 -0.0449494 -0.0597171 0.0632139 -0.0449494 -0.0611899 0.0630668 -0.0449494 -0.0605161 0.0888827 -0.0449494 -0.0709529 0.0874118 -0.0449494 -0.0756733 0.0631316 -0.0449494 -0.0616551 0.0882886 -0.0449494 -0.0741547 0.0888827 -0.0449494 -0.0725224 0.0607118 -0.0449494 -0.0600473 0.0604141 -0.0449494 -0.0604141 0.0554125 -0.0449494 -0.0690773 0.0532017 -0.0449494 -0.0738182 0.05003 -0.0449494 -0.0825325 0.044124 -0.0449494 -0.098759 0.0825273 -0.0449494 -0.0280107 0.0825273 -0.0449494 -0.0321164 0.06141 -0.0449494 -0.0340112 0.061075 -0.0449494 -0.0327608 0.0601596 -0.0449494 -0.0318454 0.0634658 -0.0449494 -0.0170056 0.0589092 -0.0449494 -0.0315104 0.0576588 -0.0449494 -0.0318454 0.0567434 -0.0449494 -0.0327608 0.0564083 -0.0449494 -0.0340112 0.0567434 -0.0449494 -0.0352616 0.061075 -0.0449494 -0.0352616 0.0576588 -0.0449494 -0.036177 0.0589092 -0.0449494 -0.036512 0.0601596 -0.0449494 -0.036177 0.0888827 -0.0449494 -0.0707854 0.0829832 -0.0449494 -0.0373276 0.0848755 -0.0449494 -0.020875 0.0842322 -0.0449494 -0.0206266 0.0781931 -0.0449494 0.00850279 0.113537 -0.0449494 -0.0200756 0.113537 -0.0449494 -0.0218291 0.0855012 -0.0449494 -0.0218291 0.0835456 -0.0449494 -0.0206922 0.082961 -0.0449494 -0.0210579 0.0826017 -0.0449494 -0.0216465 0.113236 -0.0449494 -0.0183649 0.112367 -0.0449494 -0.0168606 0.103199 -0.0449494 -0.00593447 0.0853398 -0.0449494 -0.0213851 0.0825273 -0.0449494 -0.0221131 0.0905293 -0.0449494 0.00916492 0.0875289 -0.0449494 0.01345 0.0839419 -0.0449494 0.0243594 0.0832605 -0.0449494 0.0242529 0.0826987 -0.0449494 0.0238528 0.0823753 -0.0449494 0.0232438 0.0634658 -0.0449494 0.0170056 0.0845989 -0.0449494 0.0241499 0.0849607 -0.0449494 0.023846 0.0823584 -0.0449494 0.0225543 0.0825273 -0.0449494 0.0221131 0.0842892 -0.0449494 0.0190614 0.109241 -0.0449494 0.0378642 0.108364 -0.0449494 0.0393828 0.105743 -0.0449494 0.041582 0.107248 -0.0449494 0.0407134 0.0611899 -0.0449494 0.0632139 0.0605161 -0.0449494 0.0630668 0.0709529 -0.0449494 0.0888827 0.0596928 -0.0449494 0.0620066 0.0597171 -0.0449494 0.0613174 0.0464602 -0.0449494 0.0464602 0.0599792 -0.0449494 0.0626339 0.0756733 -0.0449494 0.0874118 0.0616551 -0.0449494 0.0631316 0.0741547 -0.0449494 0.0882886 0.0725224 -0.0449494 0.0888827 0.0600473 -0.0449494 0.0607118 0.0604141 -0.0449494 0.0604141 0.0690773 -0.0449494 0.0554125 0.0738182 -0.0449494 0.0532017 0.0825325 -0.0449494 0.05003 0.098759 -0.0449494 0.044124 0.0340112 -0.0449494 0.0564083 0.0352616 -0.0449494 0.0567434 0.0327608 -0.0449494 0.061075 0.0318454 -0.0449494 0.0601596 0.0170056 -0.0449494 0.0634658 0.0352616 -0.0449494 0.061075 0.0340112 -0.0449494 0.06141 0.0321164 -0.0449494 0.0825273 0.0280107 -0.0449494 0.0825273 0.0315104 -0.0449494 0.0589092 0.0318454 -0.0449494 0.0576588 0.0327608 -0.0449494 0.0567434 0.036177 -0.0449494 0.0576588 0.036512 -0.0449494 0.0589092 0.036177 -0.0449494 0.0601596 0.0707854 -0.0449494 0.0888827 0.0373276 -0.0449494 0.0829832 0.0200756 -0.0449494 0.113537 0.0218291 -0.0449494 0.113537 0.0218291 -0.0449494 0.0855012 0.020875 -0.0449494 0.0848755 0.0206266 -0.0449494 0.0842322 -0.00850279 -0.0449494 0.0781931 0.0206922 -0.0449494 0.0835456 0.0210579 -0.0449494 0.082961 0.0216465 -0.0449494 0.0826017 0.0221131 -0.0449494 0.0825273 0.0183649 -0.0449494 0.113236 0.0168606 -0.0449494 0.112367 0.00593447 -0.0449494 0.103199 0.0213851 -0.0449494 0.0853398 -0.00916492 -0.0449494 0.0905293 -0.01345 -0.0449494 0.0875289 -0.0243594 -0.0449494 0.0839419 -0.0242529 -0.0449494 0.0832605 -0.0238528 -0.0449494 0.0826987 -0.0232438 -0.0449494 0.0823753 -0.0170056 -0.0449494 0.0634658 -0.0241499 -0.0449494 0.0845989 -0.023846 -0.0449494 0.0849607 -0.0225543 -0.0449494 0.0823584 -0.0221131 -0.0449494 0.0825273 -0.0190614 -0.0449494 0.0842892 -0.0378642 -0.0449494 0.109241 -0.0393828 -0.0449494 0.108364 -0.041582 -0.0449494 0.105743 -0.0407134 -0.0449494 0.107248 -0.0632139 -0.0449494 0.0611899 -0.0630668 -0.0449494 0.0605161 -0.0888827 -0.0449494 0.0709529 -0.0620066 -0.0449494 0.0596928 -0.0613174 -0.0449494 0.0597171 -0.0464602 -0.0449494 0.0464602 -0.0626339 -0.0449494 0.0599792 -0.0874118 -0.0449494 0.0756733 -0.0631316 -0.0449494 0.0616551 -0.0882886 -0.0449494 0.0741547 -0.0888827 -0.0449494 0.0725224 -0.0607118 -0.0449494 0.0600473 -0.0604141 -0.0449494 0.0604141 -0.0554125 -0.0449494 0.0690773 -0.0532017 -0.0449494 0.0738182 -0.05003 -0.0449494 0.0825325 -0.044124 -0.0449494 0.098759 -0.0825273 -0.0449494 0.0280107 -0.0825273 -0.0449494 0.0321164 -0.06141 -0.0449494 0.0340112 -0.061075 -0.0449494 0.0327608 -0.0601596 -0.0449494 0.0318454 -0.0634658 -0.0449494 0.0170056 -0.0589092 -0.0449494 0.0315104 -0.0576588 -0.0449494 0.0318454 -0.0567434 -0.0449494 0.0327608 -0.0564083 -0.0449494 0.0340112 -0.0567434 -0.0449494 0.0352616 -0.0576588 -0.0449494 0.036177 -0.061075 -0.0449494 0.0352616 -0.0589092 -0.0449494 0.036512 -0.0601596 -0.0449494 0.036177 -0.0888827 -0.0449494 0.0707854 -0.0829832 -0.0449494 0.0373276 -0.0835456 -0.0449494 0.0206922 -0.082961 -0.0449494 0.0210579 -0.0826017 -0.0449494 0.0216465 -0.113537 -0.0449494 0.0218291 -0.0855012 -0.0449494 0.0218291 -0.113537 -0.0449494 0.0200756 -0.0853398 -0.0449494 0.0213851 -0.113236 -0.0449494 0.0183649 -0.103199 -0.0449494 0.00593447 -0.112367 -0.0449494 0.0168606 -0.0848755 -0.0449494 0.020875 -0.0842322 -0.0449494 0.0206266 -0.0825273 -0.0449494 0.0221131 -0.0905293 -0.0449494 -0.00916492 -0.0875289 -0.0449494 -0.01345 -0.0849607 -0.0449494 -0.023846 -0.0845989 -0.0449494 -0.0241499 -0.0832605 -0.0449494 -0.0242529 -0.0826987 -0.0449494 -0.0238528 -0.0823753 -0.0449494 -0.0232438 -0.0634658 -0.0449494 -0.0170056 -0.0839419 -0.0449494 -0.0243594 -0.0823584 -0.0449494 -0.0225543 -0.0825273 -0.0449494 -0.0221131 -0.0842892 -0.0449494 -0.0190614 -0.109241 -0.0449494 -0.0378642 -0.108364 -0.0449494 -0.0393828 -0.105743 -0.0449494 -0.041582 -0.107248 -0.0449494 -0.0407134 -0.0616551 -0.0449494 -0.0631316 -0.0611899 -0.0449494 -0.0632139 -0.0725224 -0.0449494 -0.0888827 -0.0605161 -0.0449494 -0.0630668 -0.0599792 -0.0449494 -0.0626339 -0.0596928 -0.0449494 -0.0620066 -0.0597171 -0.0449494 -0.0613174 -0.0600473 -0.0449494 -0.0607118 -0.0604141 -0.0449494 -0.0604141 -0.0690773 -0.0449494 -0.0554125 -0.0738182 -0.0449494 -0.0532017 -0.0825325 -0.0449494 -0.05003 -0.098759 -0.0449494 -0.044124 -0.00250082 -0.0449494 0.0680224 -0.00216574 -0.0449494 0.0667721 -0.00125038 -0.0449494 0.0658567 -0.00216574 -0.0449494 0.0692729 -0.00125038 -0.0449494 0.0701882 0.00850279 -0.0449494 0.0487385 0 -0.0449494 0.0655216 0.00125038 -0.0449494 0.0658567 0.00216574 -0.0449494 0.0667721 0.00250082 -0.0449494 0.0680224 0.00216574 -0.0449494 0.0692729 0.00125038 -0.0449494 0.0701882 0 -0.0449494 0.0705233 0.0567434 -0.0449494 0.0327608 0.0576588 -0.0449494 0.0318454 0.0379574 -0.0449494 0.0317329 0.0564083 -0.0449494 0.0340112 0.0567434 -0.0449494 0.0352616 0.0576588 -0.0449494 0.036177 0.0589092 -0.0449494 0.0315104 0.0601596 -0.0449494 0.0318454 0.061075 -0.0449494 0.0327608 0.06141 -0.0449494 0.0340112 0.061075 -0.0449494 0.0352616 0.0601596 -0.0449494 0.036177 0.0589092 -0.0449494 0.036512 -0.0340112 -0.0449494 0.06141 -0.0352616 -0.0449494 0.061075 -0.036177 -0.0449494 0.0601596 -0.036512 -0.0449494 0.0589092 -0.036177 -0.0449494 0.0576588 -0.0352616 -0.0449494 0.0567434 -0.0340112 -0.0449494 0.0564083 -0.0317329 -0.0449494 0.0379574 -0.0327608 -0.0449494 0.0567434 -0.0318454 -0.0449494 0.0576588 -0.0315104 -0.0449494 0.0589092 -0.0318454 -0.0449494 0.0601596 -0.0327608 -0.0449494 0.061075 -0.0232301 -0.0449494 -0.00622448 -0.00622448 -0.0449494 0.0232301 0.0487385 -0.0449494 -0.00850279 0.0655216 -0.0449494 0 0.0658567 -0.0449494 -0.00125038 0.0658567 -0.0449494 0.00125038 0.0667721 -0.0449494 0.00216574 0.0667721 -0.0449494 -0.00216574 0.0680224 -0.0449494 -0.00250082 0.0692729 -0.0449494 -0.00216574 0.0701882 -0.0449494 -0.00125038 0.0705233 -0.0449494 0 0.0701882 -0.0449494 0.00125038 0.0692729 -0.0449494 0.00216574 0.0680224 -0.0449494 0.00250082 -0.0487385 -0.0449494 0.00850279 -0.00850279 -0.0449494 -0.0487385 0.00622448 -0.0449494 -0.0232301 0.0232301 -0.0449494 0.00622448 -0.0680224 -0.0449494 0.00250082 -0.0692729 -0.0449494 0.00216574 -0.0701882 -0.0449494 -0.00125038 -0.0692729 -0.0449494 -0.00216574 -0.0680224 -0.0449494 -0.00250082 -0.0667721 -0.0449494 -0.00216574 -0.0658567 -0.0449494 -0.00125038 -0.0655216 -0.0449494 0 -0.0658567 -0.0449494 0.00125038 -0.0667721 -0.0449494 0.00216574 -0.0379574 -0.0449494 -0.0317329 0.0318454 -0.0449494 -0.0576588 0.0327608 -0.0449494 -0.0567434 0.0317329 -0.0449494 -0.0379574 0.0340112 -0.0449494 -0.0564083 0.0315104 -0.0449494 -0.0589092 0.0318454 -0.0449494 -0.0601596 0.0327608 -0.0449494 -0.061075 0.0340112 -0.0449494 -0.06141 0.036177 -0.0449494 -0.0576588 0.0352616 -0.0449494 -0.0567434 0.0352616 -0.0449494 -0.061075 0.036177 -0.0449494 -0.0601596 0.036512 -0.0449494 -0.0589092 -0.0576588 -0.0449494 -0.036177 -0.0567434 -0.0449494 -0.0352616 -0.06141 -0.0449494 -0.0340112 -0.061075 -0.0449494 -0.0352616 -0.0601596 -0.0449494 -0.036177 -0.0589092 -0.0449494 -0.036512 -0.0576588 -0.0449494 -0.0318454 -0.0567434 -0.0449494 -0.0327608 -0.0564083 -0.0449494 -0.0340112 -0.0589092 -0.0449494 -0.0315104 -0.0601596 -0.0449494 -0.0318454 -0.061075 -0.0449494 -0.0327608 0 -0.0449494 -0.0655216 -0.00125038 -0.0449494 -0.0658567 -0.00216574 -0.0449494 -0.0667721 -0.00250082 -0.0449494 -0.0680224 -0.00216574 -0.0449494 -0.0692729 -0.00125038 -0.0449494 -0.0701882 0 -0.0449494 -0.0705233 0.00216574 -0.0449494 -0.0667721 0.00125038 -0.0449494 -0.0658567 0.00125038 -0.0449494 -0.0701882 0.00216574 -0.0449494 -0.0692729 0.00250082 -0.0449494 -0.0680224 -0.0758391 -0.0449109 -0.0873161 -0.0774967 -0.049577 -0.0863591 -0.0617096 -0.0449471 -0.0631315 -0.0621189 -0.049975 -0.0628951 -0.0616824 -0.0449488 -0.0631315 -0.0618345 -0.0449109 -0.0630594 -0.0634921 -0.049577 -0.0621023 -0.10882 -0.0387181 -0.0220883 -0.109784 -0.0389573 -0.0229187 -0.111186 -0.0483727 -0.034495 -0.0869294 -0.0483727 -0.0204904 -0.0878174 -0.0465794 -0.0189524 -0.108351 -0.0380645 -0.0210701 -0.0888238 -0.0452127 -0.0179707 -0.108502 -0.0371716 -0.0201369 -0.0903365 -0.0440542 -0.0175191 -0.109235 -0.0362788 -0.0195387 -0.108131 -0.0336363 -0.0158795 -0.110351 -0.0356252 -0.0194358 -0.111149 -0.0324166 -0.0162272 -0.114062 -0.0322334 -0.0176997 -0.110986 -0.0387181 -0.0233388 -0.112102 -0.0380645 -0.0232359 -0.116733 -0.0371716 -0.0248885 -0.112834 -0.0371716 -0.0226377 -0.117195 -0.0349018 -0.0225601 -0.112986 -0.0362788 -0.0217045 -0.116236 -0.0331268 -0.0199761 -0.112517 -0.0356252 -0.0206862 -0.111552 -0.035386 -0.0198559 -0.086049 -0.0430081 -0.0220153 -0.0851611 -0.0448014 -0.0235532 -0.109418 -0.0448014 -0.0375579 -0.114964 -0.0336004 -0.0279513 -0.110333 -0.0344932 -0.0262987 -0.109217 -0.0351468 -0.0264016 -0.108016 -0.035386 -0.0259816 -0.107051 -0.0351468 -0.0251512 -0.106582 -0.0344932 -0.024133 -0.111066 -0.0336004 -0.0257005 -0.111218 -0.0327076 -0.0247673 -0.115427 -0.0313306 -0.025623 -0.110749 -0.032054 -0.0237491 -0.114467 -0.0295555 -0.023039 -0.109784 -0.0318148 -0.0229187 -0.112294 -0.0286622 -0.0207626 -0.108583 -0.032054 -0.0224986 -0.109381 -0.0288454 -0.0192901 -0.107466 -0.0327076 -0.0226016 -0.106362 -0.030065 -0.0189424 -0.106734 -0.0336004 -0.0231997 -0.0885681 -0.0404829 -0.020582 -0.0870554 -0.0416415 -0.0210335 -0.109337 -0.0449109 -0.0376984 -0.110294 -0.049577 -0.0360408 -0.0852442 -0.049975 -0.0234093 -0.0849843 -0.0449488 -0.0238323 -0.0850078 -0.0449471 -0.0238186 -0.0850799 -0.0449109 -0.0236938 -0.0860369 -0.049577 -0.0220361 -0.105285 -0.0387181 0.0352807 -0.106535 -0.0389573 0.0350439 -0.113537 -0.0483727 0.0257194 -0.107786 -0.0387181 0.0352807 -0.108701 -0.0380645 0.035928 -0.113537 -0.0371716 0.0368122 -0.109036 -0.0371716 0.0368122 -0.112774 -0.0349018 0.0390601 -0.108701 -0.0362788 0.0376964 -0.110651 -0.0331268 0.0408179 -0.107786 -0.0356252 0.0383436 -0.107631 -0.0322334 0.0417026 -0.106535 -0.035386 0.0385805 -0.104371 -0.0324166 0.0415212 -0.105285 -0.0356252 0.0383436 -0.101584 -0.0336363 0.0403133 -0.104369 -0.0362788 0.0376964 -0.0869932 -0.0440542 0.0299962 -0.104034 -0.0371716 0.0368122 -0.085909 -0.0452127 0.0288488 -0.104369 -0.0380645 0.035928 -0.0855283 -0.0465794 0.0274954 -0.0855283 -0.0483727 0.0257194 -0.0855283 -0.0430081 0.0239587 -0.0855283 -0.0448014 0.0221828 -0.113537 -0.0448014 0.0221828 -0.113537 -0.0336004 0.0332755 -0.107786 -0.0351468 0.0317441 -0.106535 -0.035386 0.0315071 -0.112774 -0.0313306 0.0355234 -0.110651 -0.0295555 0.0372813 -0.107631 -0.0286622 0.0381659 -0.105285 -0.0351468 0.0317441 -0.104369 -0.0344932 0.0323913 -0.085909 -0.0416415 0.0253121 -0.0869932 -0.0404829 0.0264595 -0.104034 -0.0336004 0.0332755 -0.101584 -0.030065 0.0367767 -0.104369 -0.0327076 0.0341596 -0.104371 -0.0288454 0.0379845 -0.105285 -0.032054 0.0348069 -0.106535 -0.0318148 0.0350439 -0.107786 -0.032054 0.0348069 -0.108701 -0.0327076 0.0341596 -0.109036 -0.0336004 0.0332755 -0.108701 -0.0344932 0.0323913 -0.113537 -0.0449109 0.0220205 -0.113537 -0.049577 0.0239345 -0.0855283 -0.049975 0.022349 -0.0855147 -0.0449488 0.0218527 -0.0855283 -0.0449471 0.0218764 -0.0855283 -0.0449109 0.0220205 -0.0855283 -0.049577 0.0239345 -0.0735389 -0.0387181 0.0831964 -0.0747403 -0.0389573 0.0836165 -0.0854666 -0.0483727 0.0790425 -0.0757047 -0.0387181 0.0844469 -0.0761738 -0.0380645 0.0854651 -0.0799202 -0.0371716 0.0886491 -0.0760219 -0.0371716 0.0863983 -0.0781354 -0.0349018 0.0902142 -0.0752897 -0.0362788 0.0869965 -0.0754177 -0.0331268 0.0906749 -0.0741732 -0.0356252 0.0870994 -0.0723595 -0.0322334 0.0899308 -0.0729719 -0.035386 0.0866793 -0.0696277 -0.0324166 0.0881441 -0.0720075 -0.0356252 0.0858489 -0.0678175 -0.0336363 0.0857043 -0.0715384 -0.0362788 0.0848307 -0.0603402 -0.0440542 0.0694741 -0.0716903 -0.0371716 0.0838975 -0.059975 -0.0452127 0.0679383 -0.0724225 -0.0380645 0.0832993 -0.0603219 -0.0465794 0.0665758 -0.0612099 -0.0483727 0.0650378 -0.0620903 -0.0430081 0.063513 -0.0629782 -0.0448014 0.061975 -0.087235 -0.0448014 0.0759796 -0.0816887 -0.0336004 0.0855862 -0.0779421 -0.0344932 0.0824022 -0.077473 -0.0351468 0.081384 -0.0765086 -0.035386 0.0805536 -0.0753073 -0.0351468 0.0801335 -0.0741909 -0.0344932 0.0802364 -0.0777902 -0.0336004 0.0833354 -0.077058 -0.0327076 0.0839336 -0.0799037 -0.0313306 0.0871513 -0.0759416 -0.032054 0.0840365 -0.077186 -0.0295555 0.087612 -0.0747403 -0.0318148 0.0836165 -0.0741279 -0.0286622 0.086868 -0.0737758 -0.032054 0.0827861 -0.071396 -0.0288454 0.0850813 -0.0733067 -0.0327076 0.0817678 -0.0695859 -0.030065 0.0826414 -0.0734586 -0.0336004 0.0808346 -0.0621085 -0.0404829 0.0664112 -0.0617433 -0.0416415 0.0648755 -0.0873161 -0.0449109 0.0758391 -0.0863591 -0.049577 0.0774967 -0.0631315 -0.0449471 0.0617096 -0.0628951 -0.049975 0.0621189 -0.0631315 -0.0449488 0.0616824 -0.0630594 -0.0449109 0.0618345 -0.0621023 -0.049577 0.0634921 -0.0220883 -0.0387181 0.10882 -0.0229187 -0.0389573 0.109784 -0.034495 -0.0483727 0.111186 -0.0204904 -0.0483727 0.0869294 -0.0189524 -0.0465794 0.0878174 -0.0210701 -0.0380645 0.108351 -0.0179707 -0.0452127 0.0888238 -0.0201369 -0.0371716 0.108502 -0.0175191 -0.0440542 0.0903365 -0.0195387 -0.0362788 0.109235 -0.0158795 -0.0336363 0.108131 -0.0194358 -0.0356252 0.110351 -0.0162272 -0.0324166 0.111149 -0.0198559 -0.035386 0.111552 -0.0176997 -0.0322334 0.114062 -0.0206862 -0.0356252 0.112517 -0.0199761 -0.0331268 0.116236 -0.0217045 -0.0362788 0.112986 -0.0225601 -0.0349018 0.117195 -0.0226377 -0.0371716 0.112834 -0.0248885 -0.0371716 0.116733 -0.0232359 -0.0380645 0.112102 -0.0233388 -0.0387181 0.110986 -0.0220153 -0.0430081 0.086049 -0.0235532 -0.0448014 0.0851611 -0.0375579 -0.0448014 0.109418 -0.0279513 -0.0336004 0.114964 -0.0262987 -0.0344932 0.110333 -0.0264016 -0.0351468 0.109217 -0.0259816 -0.035386 0.108016 -0.0251512 -0.0351468 0.107051 -0.024133 -0.0344932 0.106582 -0.0257005 -0.0336004 0.111066 -0.0247673 -0.0327076 0.111218 -0.025623 -0.0313306 0.115427 -0.0237491 -0.032054 0.110749 -0.023039 -0.0295555 0.114467 -0.0229187 -0.0318148 0.109784 -0.0207626 -0.0286622 0.112294 -0.0224986 -0.032054 0.108583 -0.0192901 -0.0288454 0.109381 -0.0226016 -0.0327076 0.107466 -0.0189424 -0.030065 0.106362 -0.0231997 -0.0336004 0.106734 -0.020582 -0.0404829 0.0885681 -0.0210335 -0.0416415 0.0870554 -0.0376984 -0.0449109 0.109337 -0.0360408 -0.049577 0.110294 -0.0238186 -0.0449471 0.0850078 -0.0234093 -0.049975 0.0852442 -0.0238323 -0.0449488 0.0849843 -0.0236938 -0.0449109 0.0850799 -0.0220361 -0.049577 0.0860369 0.0352807 -0.0387181 0.105285 0.0350439 -0.0389573 0.106535 0.0257194 -0.0483727 0.113537 0.0257194 -0.0483727 0.0855283 0.0274954 -0.0465794 0.0855283 0.035928 -0.0380645 0.104369 0.0288488 -0.0452127 0.085909 0.0368122 -0.0371716 0.104034 0.0299962 -0.0440542 0.0869932 0.0376964 -0.0362788 0.104369 0.0403133 -0.0336363 0.101584 0.0383436 -0.0356252 0.105285 0.0415212 -0.0324166 0.104371 0.0385805 -0.035386 0.106535 0.0417026 -0.0322334 0.107631 0.0383436 -0.0356252 0.107786 0.0408179 -0.0331268 0.110651 0.0376964 -0.0362788 0.108701 0.0390601 -0.0349018 0.112774 0.0368122 -0.0371716 0.109036 0.0368122 -0.0371716 0.113537 0.035928 -0.0380645 0.108701 0.0352807 -0.0387181 0.107786 0.0239587 -0.0430081 0.0855283 0.0221828 -0.0448014 0.0855283 0.0221828 -0.0448014 0.113537 0.0332755 -0.0336004 0.113537 0.0323913 -0.0344932 0.108701 0.0317441 -0.0351468 0.107786 0.0315071 -0.035386 0.106535 0.0317441 -0.0351468 0.105285 0.0323913 -0.0344932 0.104369 0.0332755 -0.0336004 0.109036 0.0341596 -0.0327076 0.108701 0.0355234 -0.0313306 0.112774 0.0348069 -0.032054 0.107786 0.0372813 -0.0295555 0.110651 0.0350439 -0.0318148 0.106535 0.0381659 -0.0286622 0.107631 0.0348069 -0.032054 0.105285 0.0379845 -0.0288454 0.104371 0.0341596 -0.0327076 0.104369 0.0367767 -0.030065 0.101584 0.0332755 -0.0336004 0.104034 0.0264595 -0.0404829 0.0869932 0.0253121 -0.0416415 0.085909 0.0220205 -0.0449109 0.113537 0.0239345 -0.049577 0.113537 0.022349 -0.049975 0.0855283 0.0218527 -0.0449488 0.0855147 0.0218764 -0.0449471 0.0855283 0.0220205 -0.0449109 0.0855283 0.0239345 -0.049577 0.0855283 0.0831964 -0.0387181 0.0735389 0.0836165 -0.0389573 0.0747403 0.0790425 -0.0483727 0.0854666 0.0844469 -0.0387181 0.0757047 0.0854651 -0.0380645 0.0761738 0.0886491 -0.0371716 0.0799202 0.0863983 -0.0371716 0.0760219 0.0902142 -0.0349018 0.0781354 0.0869965 -0.0362788 0.0752897 0.0906749 -0.0331268 0.0754177 0.0870994 -0.0356252 0.0741732 0.0899308 -0.0322334 0.0723595 0.0866793 -0.035386 0.0729719 0.0881441 -0.0324166 0.0696277 0.0858489 -0.0356252 0.0720075 0.0857043 -0.0336363 0.0678175 0.0848307 -0.0362788 0.0715384 0.0694741 -0.0440542 0.0603402 0.0838975 -0.0371716 0.0716903 0.0679383 -0.0452127 0.059975 0.0832993 -0.0380645 0.0724225 0.0665758 -0.0465794 0.0603219 0.0650378 -0.0483727 0.0612099 0.063513 -0.0430081 0.0620903 0.061975 -0.0448014 0.0629782 0.0759796 -0.0448014 0.087235 0.0855862 -0.0336004 0.0816887 0.081384 -0.0351468 0.077473 0.0805536 -0.035386 0.0765086 0.0801335 -0.0351468 0.0753073 0.0802364 -0.0344932 0.0741909 0.0648755 -0.0416415 0.0617433 0.0664112 -0.0404829 0.0621085 0.0808346 -0.0336004 0.0734586 0.0826414 -0.030065 0.0695859 0.0817678 -0.0327076 0.0733067 0.0850813 -0.0288454 0.071396 0.0827861 -0.032054 0.0737758 0.086868 -0.0286622 0.0741279 0.0836165 -0.0318148 0.0747403 0.087612 -0.0295555 0.077186 0.0840365 -0.032054 0.0759416 0.0871513 -0.0313306 0.0799037 0.0839336 -0.0327076 0.077058 0.0833354 -0.0336004 0.0777902 0.0824022 -0.0344932 0.0779421 0.0758391 -0.0449109 0.0873161 0.0774967 -0.049577 0.0863591 0.0621189 -0.049975 0.0628951 0.0616824 -0.0449488 0.0631315 0.0617096 -0.0449471 0.0631315 0.0618345 -0.0449109 0.0630594 0.0634921 -0.049577 0.0621023 0.10882 -0.0387181 0.0220883 0.109784 -0.0389573 0.0229187 0.111186 -0.0483727 0.034495 0.0869294 -0.0483727 0.0204904 0.0878174 -0.0465794 0.0189524 0.108351 -0.0380645 0.0210701 0.0888238 -0.0452127 0.0179707 0.108502 -0.0371716 0.0201369 0.0903365 -0.0440542 0.0175191 0.109235 -0.0362788 0.0195387 0.108131 -0.0336363 0.0158795 0.110351 -0.0356252 0.0194358 0.111149 -0.0324166 0.0162272 0.111552 -0.035386 0.0198559 0.114062 -0.0322334 0.0176997 0.112517 -0.0356252 0.0206862 0.116236 -0.0331268 0.0199761 0.112986 -0.0362788 0.0217045 0.117195 -0.0349018 0.0225601 0.112834 -0.0371716 0.0226377 0.116733 -0.0371716 0.0248885 0.112102 -0.0380645 0.0232359 0.110986 -0.0387181 0.0233388 0.086049 -0.0430081 0.0220153 0.0851611 -0.0448014 0.0235532 0.109418 -0.0448014 0.0375579 0.114964 -0.0336004 0.0279513 0.106582 -0.0344932 0.024133 0.106734 -0.0336004 0.0231997 0.0885681 -0.0404829 0.020582 0.106362 -0.030065 0.0189424 0.107466 -0.0327076 0.0226016 0.108583 -0.032054 0.0224986 0.110333 -0.0344932 0.0262987 0.111066 -0.0336004 0.0257005 0.111218 -0.0327076 0.0247673 0.115427 -0.0313306 0.025623 0.110749 -0.032054 0.0237491 0.114467 -0.0295555 0.023039 0.109784 -0.0318148 0.0229187 0.112294 -0.0286622 0.0207626 0.109381 -0.0288454 0.0192901 0.0870554 -0.0416415 0.0210335 0.107051 -0.0351468 0.0251512 0.108016 -0.035386 0.0259816 0.109217 -0.0351468 0.0264016 0.109337 -0.0449109 0.0376984 0.110294 -0.049577 0.0360408 0.0852442 -0.049975 0.0234093 0.0849843 -0.0449488 0.0238323 0.0850078 -0.0449471 0.0238186 0.0850799 -0.0449109 0.0236938 0.0860369 -0.049577 0.0220361 0.105285 -0.0387181 -0.0352807 0.106535 -0.0389573 -0.0350439 0.113537 -0.0483727 -0.0257194 0.107786 -0.0387181 -0.0352807 0.108701 -0.0380645 -0.035928 0.113537 -0.0371716 -0.0368122 0.109036 -0.0371716 -0.0368122 0.112774 -0.0349018 -0.0390601 0.108701 -0.0362788 -0.0376964 0.110651 -0.0331268 -0.0408179 0.107786 -0.0356252 -0.0383436 0.107631 -0.0322334 -0.0417026 0.106535 -0.035386 -0.0385805 0.104371 -0.0324166 -0.0415212 0.105285 -0.0356252 -0.0383436 0.101584 -0.0336363 -0.0403133 0.104369 -0.0362788 -0.0376964 0.0869932 -0.0440542 -0.0299962 0.104034 -0.0371716 -0.0368122 0.085909 -0.0452127 -0.0288488 0.104369 -0.0380645 -0.035928 0.0855283 -0.0465794 -0.0274954 0.0855283 -0.0483727 -0.0257194 0.0855283 -0.0430081 -0.0239587 0.0855283 -0.0448014 -0.0221828 0.113537 -0.0448014 -0.0221828 0.113537 -0.0336004 -0.0332755 0.108701 -0.0344932 -0.0323913 0.107786 -0.0351468 -0.0317441 0.106535 -0.035386 -0.0315071 0.105285 -0.0351468 -0.0317441 0.104369 -0.0344932 -0.0323913 0.109036 -0.0336004 -0.0332755 0.108701 -0.0327076 -0.0341596 0.112774 -0.0313306 -0.0355234 0.107786 -0.032054 -0.0348069 0.110651 -0.0295555 -0.0372813 0.106535 -0.0318148 -0.0350439 0.107631 -0.0286622 -0.0381659 0.105285 -0.032054 -0.0348069 0.104371 -0.0288454 -0.0379845 0.104369 -0.0327076 -0.0341596 0.101584 -0.030065 -0.0367767 0.104034 -0.0336004 -0.0332755 0.0869932 -0.0404829 -0.0264595 0.085909 -0.0416415 -0.0253121 0.113537 -0.0449109 -0.0220205 0.113537 -0.049577 -0.0239345 0.0855283 -0.049975 -0.022349 0.0855147 -0.0449488 -0.0218527 0.0855283 -0.0449471 -0.0218764 0.0855283 -0.0449109 -0.0220205 0.0855283 -0.049577 -0.0239345 0.0735389 -0.0387181 -0.0831964 0.0747403 -0.0389573 -0.0836165 0.0854666 -0.0483727 -0.0790425 0.0612099 -0.0483727 -0.0650378 0.0603219 -0.0465794 -0.0665758 0.0724225 -0.0380645 -0.0832993 0.059975 -0.0452127 -0.0679383 0.0716903 -0.0371716 -0.0838975 0.0603402 -0.0440542 -0.0694741 0.0715384 -0.0362788 -0.0848307 0.0678175 -0.0336363 -0.0857043 0.0720075 -0.0356252 -0.0858489 0.0696277 -0.0324166 -0.0881441 0.0729719 -0.035386 -0.0866793 0.0723595 -0.0322334 -0.0899308 0.0741732 -0.0356252 -0.0870994 0.0754177 -0.0331268 -0.0906749 0.0752897 -0.0362788 -0.0869965 0.0781354 -0.0349018 -0.0902142 0.0760219 -0.0371716 -0.0863983 0.0799202 -0.0371716 -0.0886491 0.0761738 -0.0380645 -0.0854651 0.0757047 -0.0387181 -0.0844469 0.0620903 -0.0430081 -0.063513 0.0629782 -0.0448014 -0.061975 0.087235 -0.0448014 -0.0759796 0.0816887 -0.0336004 -0.0855862 0.0779421 -0.0344932 -0.0824022 0.077473 -0.0351468 -0.081384 0.0765086 -0.035386 -0.0805536 0.0753073 -0.0351468 -0.0801335 0.0741909 -0.0344932 -0.0802364 0.0777902 -0.0336004 -0.0833354 0.077058 -0.0327076 -0.0839336 0.0799037 -0.0313306 -0.0871513 0.0759416 -0.032054 -0.0840365 0.077186 -0.0295555 -0.087612 0.0747403 -0.0318148 -0.0836165 0.0741279 -0.0286622 -0.086868 0.0737758 -0.032054 -0.0827861 0.071396 -0.0288454 -0.0850813 0.0733067 -0.0327076 -0.0817678 0.0695859 -0.030065 -0.0826414 0.0734586 -0.0336004 -0.0808346 0.0621085 -0.0404829 -0.0664112 0.0617433 -0.0416415 -0.0648755 0.0873161 -0.0449109 -0.0758391 0.0863591 -0.049577 -0.0774967 0.0631315 -0.0449471 -0.0617096 0.0628951 -0.049975 -0.0621189 0.0631315 -0.0449488 -0.0616824 0.0630594 -0.0449109 -0.0618345 0.0621023 -0.049577 -0.0634921 0.0220883 -0.0387181 -0.10882 0.0229187 -0.0389573 -0.109784 0.034495 -0.0483727 -0.111186 0.0233388 -0.0387181 -0.110986 0.0232359 -0.0380645 -0.112102 0.0248885 -0.0371716 -0.116733 0.0226377 -0.0371716 -0.112834 0.0225601 -0.0349018 -0.117195 0.0217045 -0.0362788 -0.112986 0.0199761 -0.0331268 -0.116236 0.0206862 -0.0356252 -0.112517 0.0176997 -0.0322334 -0.114062 0.0198559 -0.035386 -0.111552 0.0162272 -0.0324166 -0.111149 0.0194358 -0.0356252 -0.110351 0.0158795 -0.0336363 -0.108131 0.0195387 -0.0362788 -0.109235 0.0175191 -0.0440542 -0.0903365 0.0201369 -0.0371716 -0.108502 0.0179707 -0.0452127 -0.0888238 0.0210701 -0.0380645 -0.108351 0.0189524 -0.0465794 -0.0878174 0.0204904 -0.0483727 -0.0869294 0.0220153 -0.0430081 -0.086049 0.0235532 -0.0448014 -0.0851611 0.0375579 -0.0448014 -0.109418 0.0279513 -0.0336004 -0.114964 0.0262987 -0.0344932 -0.110333 0.0257005 -0.0336004 -0.111066 0.0247673 -0.0327076 -0.111218 0.025623 -0.0313306 -0.115427 0.0237491 -0.032054 -0.110749 0.023039 -0.0295555 -0.114467 0.0229187 -0.0318148 -0.109784 0.0207626 -0.0286622 -0.112294 0.0224986 -0.032054 -0.108583 0.0192901 -0.0288454 -0.109381 0.0226016 -0.0327076 -0.107466 0.0189424 -0.030065 -0.106362 0.0231997 -0.0336004 -0.106734 0.020582 -0.0404829 -0.0885681 0.024133 -0.0344932 -0.106582 0.0210335 -0.0416415 -0.0870554 0.0251512 -0.0351468 -0.107051 0.0259816 -0.035386 -0.108016 0.0264016 -0.0351468 -0.109217 0.0376984 -0.0449109 -0.109337 0.0360408 -0.049577 -0.110294 0.0238186 -0.0449471 -0.0850078 0.0234093 -0.049975 -0.0852442 0.0238323 -0.0449488 -0.0849843 0.0236938 -0.0449109 -0.0850799 0.0220361 -0.049577 -0.0860369 -0.0352807 -0.0387181 -0.105285 -0.0350439 -0.0389573 -0.106535 -0.0257194 -0.0483727 -0.113537 -0.0352807 -0.0387181 -0.107786 -0.035928 -0.0380645 -0.108701 -0.0368122 -0.0371716 -0.113537 -0.0368122 -0.0371716 -0.109036 -0.0390601 -0.0349018 -0.112774 -0.0376964 -0.0362788 -0.108701 -0.0408179 -0.0331268 -0.110651 -0.0383436 -0.0356252 -0.107786 -0.0417026 -0.0322334 -0.107631 -0.0385805 -0.035386 -0.106535 -0.0415212 -0.0324166 -0.104371 -0.0383436 -0.0356252 -0.105285 -0.0403133 -0.0336363 -0.101584 -0.0376964 -0.0362788 -0.104369 -0.0299962 -0.0440542 -0.0869932 -0.0368122 -0.0371716 -0.104034 -0.0288488 -0.0452127 -0.085909 -0.035928 -0.0380645 -0.104369 -0.0274954 -0.0465794 -0.0855283 -0.0257194 -0.0483727 -0.0855283 -0.0239587 -0.0430081 -0.0855283 -0.0221828 -0.0448014 -0.0855283 -0.0221828 -0.0448014 -0.113537 -0.0332755 -0.0336004 -0.113537 -0.0323913 -0.0344932 -0.108701 -0.0317441 -0.0351468 -0.107786 -0.0315071 -0.035386 -0.106535 -0.0317441 -0.0351468 -0.105285 -0.0323913 -0.0344932 -0.104369 -0.0332755 -0.0336004 -0.109036 -0.0341596 -0.0327076 -0.108701 -0.0355234 -0.0313306 -0.112774 -0.0348069 -0.032054 -0.107786 -0.0372813 -0.0295555 -0.110651 -0.0350439 -0.0318148 -0.106535 -0.0381659 -0.0286622 -0.107631 -0.0348069 -0.032054 -0.105285 -0.0379845 -0.0288454 -0.104371 -0.0341596 -0.0327076 -0.104369 -0.0367767 -0.030065 -0.101584 -0.0332755 -0.0336004 -0.104034 -0.0264595 -0.0404829 -0.0869932 -0.0253121 -0.0416415 -0.085909 -0.0220205 -0.0449109 -0.113537 -0.0239345 -0.049577 -0.113537 -0.022349 -0.049975 -0.0855283 -0.0218527 -0.0449488 -0.0855147 -0.0218764 -0.0449471 -0.0855283 -0.0220205 -0.0449109 -0.0855283 -0.0239345 -0.049577 -0.0855283 0 -0.0449494 -0.0655216 0 -0.0499999 -0.0655216 0 -0.0449494 -0.0705233 0 -0.0499999 -0.0705233 -0.0655216 -0.0449494 0 -0.0655216 -0.0499999 0 -0.0705233 -0.0449494 0 -0.0705233 -0.0499999 0 0 -0.0449494 0.0655216 0 -0.0499999 0.0655216 0 -0.0449494 0.0705233 0 -0.0499999 0.0705233 0.0655216 -0.0449494 0 0.0655216 -0.0499999 0 0.0705233 -0.0449494 0 0.0705233 -0.0499999 0 0.0824022 0.0344932 -0.0779421 0.081384 0.0351468 -0.077473 0.0759796 0.0448014 -0.087235 0.0805536 0.035386 -0.0765086 0.061975 0.0448014 -0.0629782 0.0801335 0.0351468 -0.0753073 0.063513 0.0430081 -0.0620903 0.0802364 0.0344932 -0.0741909 0.0833354 0.0336004 -0.0777902 0.0855862 0.0336004 -0.0816887 0.0839336 0.0327076 -0.077058 0.0871513 0.0313306 -0.0799037 0.0840365 0.032054 -0.0759416 0.087612 0.0295555 -0.077186 0.0836165 0.0318148 -0.0747403 0.086868 0.0286622 -0.0741279 0.0827861 0.032054 -0.0737758 0.0850813 0.0288454 -0.071396 0.0817678 0.0327076 -0.0733067 0.0826414 0.030065 -0.0695859 0.0808346 0.0336004 -0.0734586 0.0664112 0.0404829 -0.0621085 0.0648755 0.0416415 -0.0617433 0.0790425 0.0483727 -0.0854666 0.0886491 0.0371716 -0.0799202 0.0665758 0.0465794 -0.0603219 0.0650378 0.0483727 -0.0612099 0.0831964 0.0387181 -0.0735389 0.0836165 0.0389573 -0.0747403 0.0844469 0.0387181 -0.0757047 0.0854651 0.0380645 -0.0761738 0.0863983 0.0371716 -0.0760219 0.0902142 0.0349018 -0.0781354 0.0869965 0.0362788 -0.0752897 0.0906749 0.0331268 -0.0754177 0.0870994 0.0356252 -0.0741732 0.0899308 0.0322334 -0.0723595 0.0866793 0.035386 -0.0729719 0.0881441 0.0324166 -0.0696277 0.0858489 0.0356252 -0.0720075 0.0857043 0.0336363 -0.0678175 0.0848307 0.0362788 -0.0715384 0.0694741 0.0440542 -0.0603402 0.0838975 0.0371716 -0.0716903 0.0679383 0.0452127 -0.059975 0.0832993 0.0380645 -0.0724225 0.0321164 0.0499999 -0.0825273 0.0321164 0.0449494 -0.0825273 0.0280107 0.0499999 -0.0825273 0.0280107 0.0449494 -0.0825273 0.0221131 0.0499999 -0.0825273 0.0221131 0.0449494 -0.0825273 0.0373276 0.0499999 -0.0829832 0.0373276 0.0449494 -0.0829832 0.0707854 0.0449494 -0.0888827 0.0707854 0.0499999 -0.0888827 0.0690773 0.0499999 -0.0554125 0.0604141 0.0499999 -0.0604141 0.0464602 0.0499999 -0.0464602 0.0600473 0.0499999 -0.0607118 0.0597171 0.0499999 -0.0613174 0.0596928 0.0499999 -0.0620066 0.0599792 0.0499999 -0.0626339 0.0709529 0.0499999 -0.0888827 0.0605161 0.0499999 -0.0630668 0.0611899 0.0499999 -0.0632139 0.0725224 0.0499999 -0.0888827 0.0616551 0.0499999 -0.0631316 0.0741547 0.0499999 -0.0882886 0.0756733 0.0499999 -0.0874118 0.085295 0.0499999 -0.0240389 0.088097 0.0499999 -0.0256567 0.0719686 0.0499999 -0.0317329 0.0825325 0.0499999 -0.05003 0.0738182 0.0499999 -0.0532017 0.108364 0.0499999 -0.0393828 0.107248 0.0499999 -0.0407134 0.109241 0.0499999 -0.0378642 0.105743 0.0499999 -0.041582 0.098759 0.0499999 -0.044124 0.0826987 0.0499999 -0.0238528 0.0832605 0.0499999 -0.0242529 0.0839419 0.0499999 -0.0243594 0.0845989 0.0499999 -0.0241499 0.0849607 0.0499999 -0.023846 0.0634658 0.0499999 -0.0170056 0.0781931 0.0499999 -0.00850279 0.0842892 0.0499999 -0.0190614 0.0825273 0.0499999 -0.0221131 0.0823584 0.0499999 -0.0225543 0.0823753 0.0499999 -0.0232438 0.103199 0.0499999 0.00593447 0.0905293 0.0499999 -0.00916492 0.0875289 0.0499999 -0.01345 0.0826017 0.0499999 0.0216465 0.0634658 0.0499999 0.0170056 0.0825273 0.0499999 0.0221131 0.0825273 0.0499999 0.0280107 0.082961 0.0499999 0.0210579 0.0835456 0.0499999 0.0206922 0.0842322 0.0499999 0.0206266 0.113537 0.0499999 0.0200756 0.113236 0.0499999 0.0183649 0.112367 0.0499999 0.0168606 0.113537 0.0499999 0.0218291 0.0855012 0.0499999 0.0218291 0.0853398 0.0499999 0.0213851 0.0848755 0.0499999 0.020875 0.0576588 0.0499999 0.0318454 0.0567434 0.0499999 0.0327608 0.0464602 0.0499999 0.0464602 0.0564083 0.0499999 0.0340112 0.0589092 0.0499999 0.036512 0.0576588 0.0499999 0.036177 0.0567434 0.0499999 0.0352616 0.0589092 0.0499999 0.0315104 0.0601596 0.0499999 0.0318454 0.061075 0.0499999 0.0327608 0.0825273 0.0499999 0.0321164 0.06141 0.0499999 0.0340112 0.0829832 0.0499999 0.0373276 0.061075 0.0499999 0.0352616 0.0601596 0.0499999 0.036177 0.0888827 0.0499999 0.0709529 0.0888827 0.0499999 0.0707854 0.0607118 0.0499999 0.0600473 0.0613174 0.0499999 0.0597171 0.0620066 0.0499999 0.0596928 0.0626339 0.0499999 0.0599792 0.0317329 0.0499999 0.0719686 0.0554125 0.0499999 0.0690773 0.0604141 0.0499999 0.0604141 0.0630668 0.0499999 0.0605161 0.0632139 0.0499999 0.0611899 0.0888827 0.0499999 0.0725224 0.0631316 0.0499999 0.0616551 0.0882886 0.0499999 0.0741547 0.0874118 0.0499999 0.0756733 0.0240389 0.0499999 0.085295 0.0256567 0.0499999 0.088097 0.05003 0.0499999 0.0825325 0.0532017 0.0499999 0.0738182 0.0393828 0.0499999 0.108364 0.0407134 0.0499999 0.107248 0.0378642 0.0499999 0.109241 0.041582 0.0499999 0.105743 0.044124 0.0499999 0.098759 0.0225543 0.0499999 0.0823584 0.0232438 0.0499999 0.0823753 0.0238528 0.0499999 0.0826987 0.0242529 0.0499999 0.0832605 0.00850279 0.0499999 0.0781931 0.0190614 0.0499999 0.0842892 0.0170056 0.0499999 0.0634658 0.0221131 0.0499999 0.0825273 0.0243594 0.0499999 0.0839419 0.0241499 0.0499999 0.0845989 0.023846 0.0499999 0.0849607 -0.00593447 0.0499999 0.103199 0.00916492 0.0499999 0.0905293 0.01345 0.0499999 0.0875289 -0.0170056 0.0499999 0.0634658 -0.0280107 0.0499999 0.0825273 -0.0221131 0.0499999 0.0825273 -0.0216465 0.0499999 0.0826017 -0.0210579 0.0499999 0.082961 -0.0200756 0.0499999 0.113537 -0.0183649 0.0499999 0.113236 -0.0168606 0.0499999 0.112367 -0.0206922 0.0499999 0.0835456 -0.0206266 0.0499999 0.0842322 -0.0218291 0.0499999 0.113537 -0.0218291 0.0499999 0.0855012 -0.0213851 0.0499999 0.0853398 -0.020875 0.0499999 0.0848755 -0.0327608 0.0499999 0.0567434 -0.0318454 0.0499999 0.0576588 -0.0352616 0.0499999 0.061075 -0.036177 0.0499999 0.0601596 -0.0709529 0.0499999 0.0888827 -0.036512 0.0499999 0.0589092 -0.036177 0.0499999 0.0576588 -0.0464602 0.0499999 0.0464602 -0.0352616 0.0499999 0.0567434 -0.0340112 0.0499999 0.0564083 -0.0315104 0.0499999 0.0589092 -0.0318454 0.0499999 0.0601596 -0.0327608 0.0499999 0.061075 -0.0321164 0.0499999 0.0825273 -0.0340112 0.0499999 0.06141 -0.0373276 0.0499999 0.0829832 -0.0707854 0.0499999 0.0888827 -0.0597171 0.0499999 0.0613174 -0.0596928 0.0499999 0.0620066 -0.0600473 0.0499999 0.0607118 -0.0599792 0.0499999 0.0626339 -0.0605161 0.0499999 0.0630668 -0.0611899 0.0499999 0.0632139 -0.0725224 0.0499999 0.0888827 -0.0616551 0.0499999 0.0631316 -0.0741547 0.0499999 0.0882886 -0.0756733 0.0499999 0.0874118 -0.0719686 0.0499999 0.0317329 -0.0690773 0.0499999 0.0554125 -0.0604141 0.0499999 0.0604141 -0.085295 0.0499999 0.0240389 -0.088097 0.0499999 0.0256567 -0.0825325 0.0499999 0.05003 -0.0738182 0.0499999 0.0532017 -0.108364 0.0499999 0.0393828 -0.107248 0.0499999 0.0407134 -0.109241 0.0499999 0.0378642 -0.105743 0.0499999 0.041582 -0.098759 0.0499999 0.044124 -0.0823584 0.0499999 0.0225543 -0.0823753 0.0499999 0.0232438 -0.0826987 0.0499999 0.0238528 -0.0832605 0.0499999 0.0242529 -0.0825273 0.0499999 0.0221131 -0.0634658 0.0499999 0.0170056 -0.0842892 0.0499999 0.0190614 -0.0781931 0.0499999 0.00850279 -0.0875289 0.0499999 0.01345 -0.0839419 0.0499999 0.0243594 -0.0845989 0.0499999 0.0241499 -0.0849607 0.0499999 0.023846 -0.0842322 0.0499999 -0.0206266 -0.103199 0.0499999 -0.00593447 -0.0905293 0.0499999 0.00916492 -0.0634658 0.0499999 -0.0170056 -0.0825273 0.0499999 -0.0280107 -0.0825273 0.0499999 -0.0221131 -0.0826017 0.0499999 -0.0216465 -0.082961 0.0499999 -0.0210579 -0.0835456 0.0499999 -0.0206922 -0.113537 0.0499999 -0.0200756 -0.113236 0.0499999 -0.0183649 -0.112367 0.0499999 -0.0168606 -0.113537 0.0499999 -0.0218291 -0.0855012 0.0499999 -0.0218291 -0.0853398 0.0499999 -0.0213851 -0.0848755 0.0499999 -0.020875 -0.0576588 0.0499999 -0.036177 -0.0567434 0.0499999 -0.0352616 -0.0464602 0.0499999 -0.0464602 -0.061075 0.0499999 -0.0352616 -0.0829832 0.0499999 -0.0373276 -0.06141 0.0499999 -0.0340112 -0.0825273 0.0499999 -0.0321164 -0.061075 0.0499999 -0.0327608 -0.0601596 0.0499999 -0.0318454 -0.0589092 0.0499999 -0.0315104 -0.0601596 0.0499999 -0.036177 -0.0888827 0.0499999 -0.0709529 -0.0888827 0.0499999 -0.0707854 -0.0589092 0.0499999 -0.036512 -0.0564083 0.0499999 -0.0340112 -0.0567434 0.0499999 -0.0327608 -0.0576588 0.0499999 -0.0318454 -0.0613174 0.0499999 -0.0597171 -0.0620066 0.0499999 -0.0596928 -0.0554125 0.0499999 -0.0690773 -0.0604141 0.0499999 -0.0604141 -0.0607118 0.0499999 -0.0600473 -0.0626339 0.0499999 -0.0599792 -0.0630668 0.0499999 -0.0605161 -0.0632139 0.0499999 -0.0611899 -0.0888827 0.0499999 -0.0725224 -0.0631316 0.0499999 -0.0616551 -0.0882886 0.0499999 -0.0741547 -0.0874118 0.0499999 -0.0756733 -0.0317329 0.0499999 -0.0719686 -0.0240389 0.0499999 -0.085295 -0.0256567 0.0499999 -0.088097 -0.05003 0.0499999 -0.0825325 -0.0532017 0.0499999 -0.0738182 -0.0393828 0.0499999 -0.108364 -0.0407134 0.0499999 -0.107248 -0.0378642 0.0499999 -0.109241 -0.041582 0.0499999 -0.105743 -0.044124 0.0499999 -0.098759 -0.0238528 0.0499999 -0.0826987 -0.0242529 0.0499999 -0.0832605 -0.0170056 0.0499999 -0.0634658 -0.00850279 0.0499999 -0.0781931 -0.0190614 0.0499999 -0.0842892 -0.0221131 0.0499999 -0.0825273 -0.0225543 0.0499999 -0.0823584 -0.0232438 0.0499999 -0.0823753 -0.0243594 0.0499999 -0.0839419 -0.0241499 0.0499999 -0.0845989 -0.023846 0.0499999 -0.0849607 0.00593447 0.0499999 -0.103199 -0.00916492 0.0499999 -0.0905293 -0.01345 0.0499999 -0.0875289 0.0200756 0.0499999 -0.113537 0.0183649 0.0499999 -0.113236 0.0168606 0.0499999 -0.112367 0.0170056 0.0499999 -0.0634658 0.0210579 0.0499999 -0.082961 0.0206922 0.0499999 -0.0835456 0.0206266 0.0499999 -0.0842322 0.0216465 0.0499999 -0.0826017 0.0218291 0.0499999 -0.113537 0.0218291 0.0499999 -0.0855012 0.0213851 0.0499999 -0.0853398 0.020875 0.0499999 -0.0848755 0.0318454 0.0499999 -0.0576588 0.0315104 0.0499999 -0.0589092 0.0318454 0.0499999 -0.0601596 0.0327608 0.0499999 -0.061075 0.0340112 0.0499999 -0.06141 0.0352616 0.0499999 -0.061075 0.036177 0.0499999 -0.0576588 0.036512 0.0499999 -0.0589092 0.036177 0.0499999 -0.0601596 0.0352616 0.0499999 -0.0567434 0.0340112 0.0499999 -0.0564083 0.0327608 0.0499999 -0.0567434 0.0589092 0.0499999 -0.0315104 0.0576588 0.0499999 -0.0318454 0.0576588 0.0499999 -0.036177 0.0589092 0.0499999 -0.036512 0.0601596 0.0499999 -0.036177 0.061075 0.0499999 -0.0352616 0.0567434 0.0499999 -0.0327608 0.0379574 0.0499999 -0.0317329 0.0564083 0.0499999 -0.0340112 0.0567434 0.0499999 -0.0352616 0.06141 0.0499999 -0.0340112 0.061075 0.0499999 -0.0327608 0.0601596 0.0499999 -0.0318454 0.00250082 0.0499999 -0.0680224 0.00216574 0.0499999 -0.0667721 0 0.0499999 -0.0655216 -0.00125038 0.0499999 -0.0658567 0.00850279 0.0499999 -0.0487385 0.00125038 0.0499999 -0.0658567 -0.00216574 0.0499999 -0.0667721 -0.00250082 0.0499999 -0.0680224 -0.00216574 0.0499999 -0.0692729 -0.00125038 0.0499999 -0.0701882 0 0.0499999 -0.0705233 0.00125038 0.0499999 -0.0701882 0.00216574 0.0499999 -0.0692729 0.0701882 0.0499999 -0.00125038 0.0705233 0.0499999 0 0.0658567 0.0499999 -0.00125038 0.0655216 0.0499999 0 0.0487385 0.0499999 0.00850279 0.0658567 0.0499999 0.00125038 0.0667721 0.0499999 0.00216574 0.0667721 0.0499999 -0.00216574 0.0680224 0.0499999 -0.00250082 0.0692729 0.0499999 -0.00216574 0.0701882 0.0499999 0.00125038 0.0692729 0.0499999 0.00216574 0.0680224 0.0499999 0.00250082 -0.036177 0.0499999 -0.0601596 -0.0352616 0.0499999 -0.061075 -0.0340112 0.0499999 -0.0564083 -0.0352616 0.0499999 -0.0567434 -0.0317329 0.0499999 -0.0379574 -0.036177 0.0499999 -0.0576588 -0.036512 0.0499999 -0.0589092 -0.0340112 0.0499999 -0.06141 -0.0327608 0.0499999 -0.061075 -0.0318454 0.0499999 -0.0601596 -0.0315104 0.0499999 -0.0589092 -0.0318454 0.0499999 -0.0576588 -0.0327608 0.0499999 -0.0567434 0.0340112 0.0499999 0.06141 0.0327608 0.0499999 0.061075 0.0318454 0.0499999 0.0601596 0.0315104 0.0499999 0.0589092 0.0318454 0.0499999 0.0576588 0.0317329 0.0499999 0.0379574 0.0327608 0.0499999 0.0567434 0.0340112 0.0499999 0.0564083 0.0352616 0.0499999 0.0567434 0.036177 0.0499999 0.0576588 0.036512 0.0499999 0.0589092 0.036177 0.0499999 0.0601596 0.0352616 0.0499999 0.061075 0.0232301 0.0499999 -0.00622448 0.00622448 0.0499999 0.0232301 -0.00850279 0.0499999 0.0487385 -0.0692729 0.0499999 0.00216574 -0.0701882 0.0499999 0.00125038 -0.0680224 0.0499999 -0.00250082 -0.0667721 0.0499999 -0.00216574 -0.0680224 0.0499999 0.00250082 -0.0667721 0.0499999 0.00216574 -0.0705233 0.0499999 0 -0.0701882 0.0499999 -0.00125038 -0.0692729 0.0499999 -0.00216574 -0.0487385 0.0499999 -0.00850279 -0.0658567 0.0499999 -0.00125038 -0.0655216 0.0499999 0 -0.0658567 0.0499999 0.00125038 -0.00250082 0.0499999 0.0680224 -0.00216574 0.0499999 0.0667721 0.00216574 0.0499999 0.0692729 0.00125038 0.0499999 0.0701882 0.00250082 0.0499999 0.0680224 0.00216574 0.0499999 0.0667721 -0.00125038 0.0499999 0.0658567 0 0.0499999 0.0655216 0.00125038 0.0499999 0.0658567 0 0.0499999 0.0705233 -0.00125038 0.0499999 0.0701882 -0.00216574 0.0499999 0.0692729 -0.0379574 0.0499999 0.0317329 -0.0232301 0.0499999 0.00622448 -0.00622448 0.0499999 -0.0232301 -0.06141 0.0499999 0.0340112 -0.061075 0.0499999 0.0327608 -0.0567434 0.0499999 0.0327608 -0.0564083 0.0499999 0.0340112 -0.0601596 0.0499999 0.0318454 -0.0589092 0.0499999 0.0315104 -0.0576588 0.0499999 0.0318454 -0.0567434 0.0499999 0.0352616 -0.0576588 0.0499999 0.036177 -0.0589092 0.0499999 0.036512 -0.0601596 0.0499999 0.036177 -0.061075 0.0499999 0.0352616 0.0741547 0.0449494 -0.0882886 0.0756733 0.0449494 -0.0874118 0.00216574 0.0449494 -0.0667721 0.00250082 0.0449494 -0.0680224 0.0170056 0.0449494 -0.0634658 0.108364 0.0449494 -0.0393828 0.109241 0.0449494 -0.0378642 0.088097 0.0449494 -0.0256567 0.085295 0.0449494 -0.0240389 0.0719686 0.0449494 -0.0317329 0.0393828 0.0449494 0.108364 0.0378642 0.0449494 0.109241 0.0256567 0.0449494 0.088097 0.0240389 0.0449494 0.085295 0.0317329 0.0449494 0.0719686 -0.108364 0.0449494 0.0393828 -0.109241 0.0449494 0.0378642 -0.088097 0.0449494 0.0256567 -0.085295 0.0449494 0.0240389 -0.0719686 0.0449494 0.0317329 -0.0256567 0.0449494 -0.088097 -0.0240389 0.0449494 -0.085295 -0.0317329 0.0449494 -0.0719686 -0.0221131 0.0449494 -0.0825273 -0.0190614 0.0449494 -0.0842892 -0.00850279 0.0449494 -0.0781931 0.0327608 0.0449494 -0.0567434 0.0340112 0.0449494 -0.0564083 0.0464602 0.0449494 -0.0464602 0.0352616 0.0449494 -0.061075 0.0340112 0.0449494 -0.06141 0.0327608 0.0449494 -0.061075 0.0318454 0.0449494 -0.0601596 0.0315104 0.0449494 -0.0589092 0.0318454 0.0449494 -0.0576588 0.0352616 0.0449494 -0.0567434 0.036177 0.0449494 -0.0576588 0.0709529 0.0449494 -0.0888827 0.036512 0.0449494 -0.0589092 0.036177 0.0449494 -0.0601596 0.0200756 0.0449494 -0.113537 0.0218291 0.0449494 -0.113537 0.0218291 0.0449494 -0.0855012 0.00593447 0.0449494 -0.103199 0.020875 0.0449494 -0.0848755 0.0183649 0.0449494 -0.113236 0.0168606 0.0449494 -0.112367 0.0213851 0.0449494 -0.0853398 0.0206266 0.0449494 -0.0842322 0.0206922 0.0449494 -0.0835456 0.0210579 0.0449494 -0.082961 0.0216465 0.0449494 -0.0826017 -0.01345 0.0449494 -0.0875289 -0.00916492 0.0449494 -0.0905293 -0.0243594 0.0449494 -0.0839419 -0.0242529 0.0449494 -0.0832605 -0.0238528 0.0449494 -0.0826987 -0.0232438 0.0449494 -0.0823753 -0.0170056 0.0449494 -0.0634658 -0.0225543 0.0449494 -0.0823584 -0.0241499 0.0449494 -0.0845989 -0.023846 0.0449494 -0.0849607 -0.0378642 0.0449494 -0.109241 -0.0393828 0.0449494 -0.108364 -0.041582 0.0449494 -0.105743 -0.0407134 0.0449494 -0.107248 -0.0632139 0.0449494 -0.0611899 -0.0630668 0.0449494 -0.0605161 -0.0888827 0.0449494 -0.0709529 -0.0620066 0.0449494 -0.0596928 -0.0613174 0.0449494 -0.0597171 -0.0464602 0.0449494 -0.0464602 -0.0626339 0.0449494 -0.0599792 -0.0874118 0.0449494 -0.0756733 -0.0631316 0.0449494 -0.0616551 -0.0882886 0.0449494 -0.0741547 -0.0888827 0.0449494 -0.0725224 -0.0607118 0.0449494 -0.0600473 -0.0604141 0.0449494 -0.0604141 -0.0554125 0.0449494 -0.0690773 -0.0532017 0.0449494 -0.0738182 -0.05003 0.0449494 -0.0825325 -0.044124 0.0449494 -0.098759 -0.0825273 0.0449494 -0.0280107 -0.0825273 0.0449494 -0.0321164 -0.06141 0.0449494 -0.0340112 -0.061075 0.0449494 -0.0327608 -0.0601596 0.0449494 -0.0318454 -0.0634658 0.0449494 -0.0170056 -0.0589092 0.0449494 -0.0315104 -0.0576588 0.0449494 -0.0318454 -0.0567434 0.0449494 -0.0327608 -0.0564083 0.0449494 -0.0340112 -0.0567434 0.0449494 -0.0352616 -0.061075 0.0449494 -0.0352616 -0.0576588 0.0449494 -0.036177 -0.0589092 0.0449494 -0.036512 -0.0601596 0.0449494 -0.036177 -0.0888827 0.0449494 -0.0707854 -0.0829832 0.0449494 -0.0373276 -0.0848755 0.0449494 -0.020875 -0.0842322 0.0449494 -0.0206266 -0.0781931 0.0449494 0.00850279 -0.113537 0.0449494 -0.0200756 -0.113537 0.0449494 -0.0218291 -0.0855012 0.0449494 -0.0218291 -0.0835456 0.0449494 -0.0206922 -0.082961 0.0449494 -0.0210579 -0.0826017 0.0449494 -0.0216465 -0.0825273 0.0449494 -0.0221131 -0.113236 0.0449494 -0.0183649 -0.112367 0.0449494 -0.0168606 -0.103199 0.0449494 -0.00593447 -0.0853398 0.0449494 -0.0213851 -0.0905293 0.0449494 0.00916492 -0.0875289 0.0449494 0.01345 -0.0839419 0.0449494 0.0243594 -0.0832605 0.0449494 0.0242529 -0.0826987 0.0449494 0.0238528 -0.0823753 0.0449494 0.0232438 -0.0634658 0.0449494 0.0170056 -0.0845989 0.0449494 0.0241499 -0.0849607 0.0449494 0.023846 -0.0823584 0.0449494 0.0225543 -0.0825273 0.0449494 0.0221131 -0.0842892 0.0449494 0.0190614 -0.098759 0.0449494 0.044124 -0.105743 0.0449494 0.041582 -0.107248 0.0449494 0.0407134 -0.0611899 0.0449494 0.0632139 -0.0605161 0.0449494 0.0630668 -0.0709529 0.0449494 0.0888827 -0.0599792 0.0449494 0.0626339 -0.0596928 0.0449494 0.0620066 -0.0464602 0.0449494 0.0464602 -0.0597171 0.0449494 0.0613174 -0.0756733 0.0449494 0.0874118 -0.0616551 0.0449494 0.0631316 -0.0741547 0.0449494 0.0882886 -0.0725224 0.0449494 0.0888827 -0.0600473 0.0449494 0.0607118 -0.0604141 0.0449494 0.0604141 -0.0690773 0.0449494 0.0554125 -0.0825325 0.0449494 0.05003 -0.0738182 0.0449494 0.0532017 -0.0327608 0.0449494 0.061075 -0.0318454 0.0449494 0.0601596 -0.0170056 0.0449494 0.0634658 -0.0340112 0.0449494 0.0564083 -0.0352616 0.0449494 0.0567434 -0.0280107 0.0449494 0.0825273 -0.0321164 0.0449494 0.0825273 -0.0340112 0.0449494 0.06141 -0.0352616 0.0449494 0.061075 -0.0315104 0.0449494 0.0589092 -0.0318454 0.0449494 0.0576588 -0.0327608 0.0449494 0.0567434 -0.036177 0.0449494 0.0576588 -0.0373276 0.0449494 0.0829832 -0.0707854 0.0449494 0.0888827 -0.036177 0.0449494 0.0601596 -0.036512 0.0449494 0.0589092 -0.0200756 0.0449494 0.113537 -0.0218291 0.0449494 0.113537 -0.0218291 0.0449494 0.0855012 -0.0221131 0.0449494 0.0825273 -0.0216465 0.0449494 0.0826017 -0.0183649 0.0449494 0.113236 -0.0168606 0.0449494 0.112367 -0.00593447 0.0449494 0.103199 -0.0213851 0.0449494 0.0853398 -0.020875 0.0449494 0.0848755 -0.0206266 0.0449494 0.0842322 0.00850279 0.0449494 0.0781931 -0.0206922 0.0449494 0.0835456 -0.0210579 0.0449494 0.082961 0.00916492 0.0449494 0.0905293 0.01345 0.0449494 0.0875289 0.0243594 0.0449494 0.0839419 0.0242529 0.0449494 0.0832605 0.0238528 0.0449494 0.0826987 0.0232438 0.0449494 0.0823753 0.0170056 0.0449494 0.0634658 0.0241499 0.0449494 0.0845989 0.023846 0.0449494 0.0849607 0.0225543 0.0449494 0.0823584 0.0221131 0.0449494 0.0825273 0.0190614 0.0449494 0.0842892 0.044124 0.0449494 0.098759 0.041582 0.0449494 0.105743 0.0407134 0.0449494 0.107248 0.0874118 0.0449494 0.0756733 0.0631316 0.0449494 0.0616551 0.0882886 0.0449494 0.0741547 0.0632139 0.0449494 0.0611899 0.0888827 0.0449494 0.0725224 0.0888827 0.0449494 0.0709529 0.0630668 0.0449494 0.0605161 0.0626339 0.0449494 0.0599792 0.0464602 0.0449494 0.0464602 0.0620066 0.0449494 0.0596928 0.0613174 0.0449494 0.0597171 0.0607118 0.0449494 0.0600473 0.0604141 0.0449494 0.0604141 0.0554125 0.0449494 0.0690773 0.05003 0.0449494 0.0825325 0.0532017 0.0449494 0.0738182 0.0825273 0.0449494 0.0280107 0.0825273 0.0449494 0.0321164 0.06141 0.0449494 0.0340112 0.0567434 0.0449494 0.0327608 0.0564083 0.0449494 0.0340112 0.061075 0.0449494 0.0327608 0.0601596 0.0449494 0.0318454 0.0634658 0.0449494 0.0170056 0.0589092 0.0449494 0.0315104 0.0576588 0.0449494 0.0318454 0.061075 0.0449494 0.0352616 0.0888827 0.0449494 0.0707854 0.0601596 0.0449494 0.036177 0.0829832 0.0449494 0.0373276 0.0567434 0.0449494 0.0352616 0.0576588 0.0449494 0.036177 0.0589092 0.0449494 0.036512 0.113537 0.0449494 0.0200756 0.113537 0.0449494 0.0218291 0.0855012 0.0449494 0.0218291 0.0848755 0.0449494 0.020875 0.0842322 0.0449494 0.0206266 0.0781931 0.0449494 -0.00850279 0.0835456 0.0449494 0.0206922 0.082961 0.0449494 0.0210579 0.0826017 0.0449494 0.0216465 0.0825273 0.0449494 0.0221131 0.113236 0.0449494 0.0183649 0.112367 0.0449494 0.0168606 0.103199 0.0449494 0.00593447 0.0853398 0.0449494 0.0213851 0.0905293 0.0449494 -0.00916492 0.0875289 0.0449494 -0.01345 0.0839419 0.0449494 -0.0243594 0.0832605 0.0449494 -0.0242529 0.0845989 0.0449494 -0.0241499 0.0849607 0.0449494 -0.023846 0.0826987 0.0449494 -0.0238528 0.0823753 0.0449494 -0.0232438 0.0634658 0.0449494 -0.0170056 0.0823584 0.0449494 -0.0225543 0.0825273 0.0449494 -0.0221131 0.0842892 0.0449494 -0.0190614 0.098759 0.0449494 -0.044124 0.105743 0.0449494 -0.041582 0.107248 0.0449494 -0.0407134 0.0597171 0.0449494 -0.0613174 0.0600473 0.0449494 -0.0607118 0.0611899 0.0449494 -0.0632139 0.0605161 0.0449494 -0.0630668 0.0599792 0.0449494 -0.0626339 0.0596928 0.0449494 -0.0620066 0.0616551 0.0449494 -0.0631316 0.0725224 0.0449494 -0.0888827 0.0604141 0.0449494 -0.0604141 0.0690773 0.0449494 -0.0554125 0.0825325 0.0449494 -0.05003 0.0738182 0.0449494 -0.0532017 0.00250082 0.0449494 0.0680224 0.00216574 0.0449494 0.0667721 0.00125038 0.0449494 0.0658567 0.00216574 0.0449494 0.0692729 0.00125038 0.0449494 0.0701882 -0.00216574 0.0449494 0.0667721 -0.00250082 0.0449494 0.0680224 -0.00125038 0.0449494 0.0658567 -0.00850279 0.0449494 0.0487385 0 0.0449494 0.0655216 -0.00216574 0.0449494 0.0692729 -0.00125038 0.0449494 0.0701882 0 0.0449494 0.0705233 -0.0567434 0.0449494 0.0327608 -0.0576588 0.0449494 0.0318454 -0.0379574 0.0449494 0.0317329 -0.0564083 0.0449494 0.0340112 -0.0567434 0.0449494 0.0352616 -0.0576588 0.0449494 0.036177 -0.0589092 0.0449494 0.0315104 -0.0601596 0.0449494 0.0318454 -0.061075 0.0449494 0.0327608 -0.06141 0.0449494 0.0340112 -0.061075 0.0449494 0.0352616 -0.0601596 0.0449494 0.036177 -0.0589092 0.0449494 0.036512 0.0318454 0.0449494 0.0576588 0.0327608 0.0449494 0.0567434 0.0317329 0.0449494 0.0379574 0.0340112 0.0449494 0.0564083 0.0352616 0.0449494 0.0567434 0.0340112 0.0449494 0.06141 0.0352616 0.0449494 0.061075 0.036177 0.0449494 0.0601596 0.036512 0.0449494 0.0589092 0.036177 0.0449494 0.0576588 0.0315104 0.0449494 0.0589092 0.0318454 0.0449494 0.0601596 0.0327608 0.0449494 0.061075 0.0232301 0.0449494 -0.00622448 0.00622448 0.0449494 0.0232301 -0.0487385 0.0449494 -0.00850279 -0.0655216 0.0449494 0 -0.0658567 0.0449494 -0.00125038 -0.0701882 0.0449494 -0.00125038 -0.0705233 0.0449494 0 -0.0658567 0.0449494 0.00125038 -0.0667721 0.0449494 0.00216574 -0.0692729 0.0449494 -0.00216574 -0.0680224 0.0449494 -0.00250082 -0.0667721 0.0449494 -0.00216574 -0.0701882 0.0449494 0.00125038 -0.0692729 0.0449494 0.00216574 -0.0680224 0.0449494 0.00250082 0.0487385 0.0449494 0.00850279 0.00850279 0.0449494 -0.0487385 -0.00622448 0.0449494 -0.0232301 -0.0232301 0.0449494 0.00622448 0.0655216 0.0449494 0 0.0658567 0.0449494 0.00125038 0.0658567 0.0449494 -0.00125038 0.0667721 0.0449494 -0.00216574 0.0680224 0.0449494 -0.00250082 0.0692729 0.0449494 -0.00216574 0.0701882 0.0449494 -0.00125038 0.0680224 0.0449494 0.00250082 0.0692729 0.0449494 0.00216574 0.0701882 0.0449494 0.00125038 0.0705233 0.0449494 0 0.0667721 0.0449494 0.00216574 -0.0315104 0.0449494 -0.0589092 -0.0318454 0.0449494 -0.0601596 -0.036177 0.0449494 -0.0576588 -0.0352616 0.0449494 -0.0567434 -0.0327608 0.0449494 -0.061075 -0.0340112 0.0449494 -0.06141 -0.0317329 0.0449494 -0.0379574 -0.0352616 0.0449494 -0.061075 -0.036177 0.0449494 -0.0601596 -0.036512 0.0449494 -0.0589092 -0.0340112 0.0449494 -0.0564083 -0.0327608 0.0449494 -0.0567434 -0.0318454 0.0449494 -0.0576588 0.06141 0.0449494 -0.0340112 0.061075 0.0449494 -0.0352616 0.0601596 0.0449494 -0.036177 0.0589092 0.0449494 -0.036512 0.0576588 0.0449494 -0.036177 0.0567434 0.0449494 -0.0352616 0.0567434 0.0449494 -0.0327608 0.0576588 0.0449494 -0.0318454 0.0589092 0.0449494 -0.0315104 0.0601596 0.0449494 -0.0318454 0.061075 0.0449494 -0.0327608 0.0564083 0.0449494 -0.0340112 0.0379574 0.0449494 -0.0317329 -0.00125038 0.0449494 -0.0701882 -0.00216574 0.0449494 -0.0692729 0 0.0449494 -0.0655216 0.00125038 0.0449494 -0.0658567 0.00216574 0.0449494 -0.0692729 0.00125038 0.0449494 -0.0701882 0 0.0449494 -0.0705233 -0.00250082 0.0449494 -0.0680224 -0.00216574 0.0449494 -0.0667721 -0.00125038 0.0449494 -0.0658567 0.0617096 0.0449471 -0.0631315 0.0621189 0.049975 -0.0628951 0.0616824 0.0449488 -0.0631315 0.0618345 0.0449109 -0.0630594 0.0634921 0.049577 -0.0621023 0.0758391 0.0449109 -0.0873161 0.0774967 0.049577 -0.0863591 0.110333 0.0344932 -0.0262987 0.109217 0.0351468 -0.0264016 0.109418 0.0448014 -0.0375579 0.108016 0.035386 -0.0259816 0.0851611 0.0448014 -0.0235532 0.107051 0.0351468 -0.0251512 0.086049 0.0430081 -0.0220153 0.106582 0.0344932 -0.024133 0.111066 0.0336004 -0.0257005 0.114964 0.0336004 -0.0279513 0.111218 0.0327076 -0.0247673 0.115427 0.0313306 -0.025623 0.110749 0.032054 -0.0237491 0.114467 0.0295555 -0.023039 0.109784 0.0318148 -0.0229187 0.112294 0.0286622 -0.0207626 0.108583 0.032054 -0.0224986 0.109381 0.0288454 -0.0192901 0.107466 0.0327076 -0.0226016 0.106362 0.030065 -0.0189424 0.106734 0.0336004 -0.0231997 0.0885681 0.0404829 -0.020582 0.0870554 0.0416415 -0.0210335 0.111186 0.0483727 -0.034495 0.116733 0.0371716 -0.0248885 0.0878174 0.0465794 -0.0189524 0.0869294 0.0483727 -0.0204904 0.10882 0.0387181 -0.0220883 0.109784 0.0389573 -0.0229187 0.110986 0.0387181 -0.0233388 0.112102 0.0380645 -0.0232359 0.112834 0.0371716 -0.0226377 0.117195 0.0349018 -0.0225601 0.112986 0.0362788 -0.0217045 0.116236 0.0331268 -0.0199761 0.112517 0.0356252 -0.0206862 0.114062 0.0322334 -0.0176997 0.111552 0.035386 -0.0198559 0.111149 0.0324166 -0.0162272 0.110351 0.0356252 -0.0194358 0.108131 0.0336363 -0.0158795 0.109235 0.0362788 -0.0195387 0.0903365 0.0440542 -0.0175191 0.108502 0.0371716 -0.0201369 0.0888238 0.0452127 -0.0179707 0.108351 0.0380645 -0.0210701 0.0850078 0.0449471 -0.0238186 0.0852442 0.049975 -0.0234093 0.0849843 0.0449488 -0.0238323 0.0850799 0.0449109 -0.0236938 0.0860369 0.049577 -0.0220361 0.109337 0.0449109 -0.0376984 0.110294 0.049577 -0.0360408 0.108701 0.0344932 0.0323913 0.107786 0.0351468 0.0317441 0.113537 0.0448014 0.0221828 0.106535 0.035386 0.0315071 0.0855283 0.0448014 0.0221828 0.105285 0.0351468 0.0317441 0.0855283 0.0430081 0.0239587 0.104369 0.0344932 0.0323913 0.109036 0.0336004 0.0332755 0.113537 0.0336004 0.0332755 0.108701 0.0327076 0.0341596 0.112774 0.0313306 0.0355234 0.107786 0.032054 0.0348069 0.110651 0.0295555 0.0372813 0.106535 0.0318148 0.0350439 0.107631 0.0286622 0.0381659 0.105285 0.032054 0.0348069 0.104371 0.0288454 0.0379845 0.104369 0.0327076 0.0341596 0.101584 0.030065 0.0367767 0.104034 0.0336004 0.0332755 0.0869932 0.0404829 0.0264595 0.085909 0.0416415 0.0253121 0.113537 0.0483727 0.0257194 0.113537 0.0371716 0.0368122 0.0855283 0.0465794 0.0274954 0.0855283 0.0483727 0.0257194 0.105285 0.0387181 0.0352807 0.106535 0.0389573 0.0350439 0.107786 0.0387181 0.0352807 0.108701 0.0380645 0.035928 0.109036 0.0371716 0.0368122 0.112774 0.0349018 0.0390601 0.108701 0.0362788 0.0376964 0.110651 0.0331268 0.0408179 0.107786 0.0356252 0.0383436 0.107631 0.0322334 0.0417026 0.106535 0.035386 0.0385805 0.104371 0.0324166 0.0415212 0.105285 0.0356252 0.0383436 0.101584 0.0336363 0.0403133 0.104369 0.0362788 0.0376964 0.0869932 0.0440542 0.0299962 0.104034 0.0371716 0.0368122 0.085909 0.0452127 0.0288488 0.104369 0.0380645 0.035928 0.0855283 0.0449471 0.0218764 0.0855283 0.049975 0.022349 0.0855147 0.0449488 0.0218527 0.0855283 0.0449109 0.0220205 0.0855283 0.049577 0.0239345 0.113537 0.0449109 0.0220205 0.113537 0.049577 0.0239345 0.0779421 0.0344932 0.0824022 0.087235 0.0448014 0.0759796 0.0777902 0.0336004 0.0833354 0.0816887 0.0336004 0.0855862 0.077058 0.0327076 0.0839336 0.0799037 0.0313306 0.0871513 0.0759416 0.032054 0.0840365 0.077186 0.0295555 0.087612 0.0747403 0.0318148 0.0836165 0.0741279 0.0286622 0.086868 0.0737758 0.032054 0.0827861 0.071396 0.0288454 0.0850813 0.0733067 0.0327076 0.0817678 0.0695859 0.030065 0.0826414 0.0734586 0.0336004 0.0808346 0.0621085 0.0404829 0.0664112 0.0741909 0.0344932 0.0802364 0.077473 0.0351468 0.081384 0.0765086 0.035386 0.0805536 0.0629782 0.0448014 0.061975 0.0753073 0.0351468 0.0801335 0.0620903 0.0430081 0.063513 0.0617433 0.0416415 0.0648755 0.0854666 0.0483727 0.0790425 0.0799202 0.0371716 0.0886491 0.0603219 0.0465794 0.0665758 0.0612099 0.0483727 0.0650378 0.0735389 0.0387181 0.0831964 0.0747403 0.0389573 0.0836165 0.0757047 0.0387181 0.0844469 0.0761738 0.0380645 0.0854651 0.0760219 0.0371716 0.0863983 0.0781354 0.0349018 0.0902142 0.0752897 0.0362788 0.0869965 0.0754177 0.0331268 0.0906749 0.0741732 0.0356252 0.0870994 0.0723595 0.0322334 0.0899308 0.0729719 0.035386 0.0866793 0.0696277 0.0324166 0.0881441 0.0720075 0.0356252 0.0858489 0.0678175 0.0336363 0.0857043 0.0715384 0.0362788 0.0848307 0.0603402 0.0440542 0.0694741 0.0716903 0.0371716 0.0838975 0.059975 0.0452127 0.0679383 0.0724225 0.0380645 0.0832993 0.0631315 0.0449471 0.0617096 0.0628951 0.049975 0.0621189 0.0631315 0.0449488 0.0616824 0.0630594 0.0449109 0.0618345 0.0621023 0.049577 0.0634921 0.0873161 0.0449109 0.0758391 0.0863591 0.049577 0.0774967 0.0262987 0.0344932 0.110333 0.0264016 0.0351468 0.109217 0.0375579 0.0448014 0.109418 0.0259816 0.035386 0.108016 0.0235532 0.0448014 0.0851611 0.0251512 0.0351468 0.107051 0.0220153 0.0430081 0.086049 0.024133 0.0344932 0.106582 0.0257005 0.0336004 0.111066 0.0279513 0.0336004 0.114964 0.0247673 0.0327076 0.111218 0.025623 0.0313306 0.115427 0.0237491 0.032054 0.110749 0.023039 0.0295555 0.114467 0.0229187 0.0318148 0.109784 0.0207626 0.0286622 0.112294 0.0224986 0.032054 0.108583 0.0192901 0.0288454 0.109381 0.0226016 0.0327076 0.107466 0.0189424 0.030065 0.106362 0.0231997 0.0336004 0.106734 0.020582 0.0404829 0.0885681 0.0210335 0.0416415 0.0870554 0.034495 0.0483727 0.111186 0.0248885 0.0371716 0.116733 0.0189524 0.0465794 0.0878174 0.0204904 0.0483727 0.0869294 0.0220883 0.0387181 0.10882 0.0229187 0.0389573 0.109784 0.0233388 0.0387181 0.110986 0.0232359 0.0380645 0.112102 0.0226377 0.0371716 0.112834 0.0225601 0.0349018 0.117195 0.0217045 0.0362788 0.112986 0.0199761 0.0331268 0.116236 0.0206862 0.0356252 0.112517 0.0176997 0.0322334 0.114062 0.0198559 0.035386 0.111552 0.0162272 0.0324166 0.111149 0.0194358 0.0356252 0.110351 0.0158795 0.0336363 0.108131 0.0195387 0.0362788 0.109235 0.0175191 0.0440542 0.0903365 0.0201369 0.0371716 0.108502 0.0179707 0.0452127 0.0888238 0.0210701 0.0380645 0.108351 0.0238186 0.0449471 0.0850078 0.0234093 0.049975 0.0852442 0.0238323 0.0449488 0.0849843 0.0236938 0.0449109 0.0850799 0.0220361 0.049577 0.0860369 0.0376984 0.0449109 0.109337 0.0360408 0.049577 0.110294 -0.0317441 0.0351468 0.107786 -0.0315071 0.035386 0.106535 -0.0221828 0.0448014 0.113537 -0.0221828 0.0448014 0.0855283 -0.0317441 0.0351468 0.105285 -0.0239587 0.0430081 0.0855283 -0.0323913 0.0344932 0.104369 -0.0253121 0.0416415 0.085909 -0.0264595 0.0404829 0.0869932 -0.0332755 0.0336004 0.104034 -0.0367767 0.030065 0.101584 -0.0341596 0.0327076 0.104369 -0.0379845 0.0288454 0.104371 -0.0348069 0.032054 0.105285 -0.0381659 0.0286622 0.107631 -0.0350439 0.0318148 0.106535 -0.0372813 0.0295555 0.110651 -0.0348069 0.032054 0.107786 -0.0355234 0.0313306 0.112774 -0.0341596 0.0327076 0.108701 -0.0332755 0.0336004 0.113537 -0.0332755 0.0336004 0.109036 -0.0323913 0.0344932 0.108701 -0.0257194 0.0483727 0.113537 -0.0368122 0.0371716 0.113537 -0.0274954 0.0465794 0.0855283 -0.0257194 0.0483727 0.0855283 -0.0352807 0.0387181 0.105285 -0.0350439 0.0389573 0.106535 -0.035928 0.0380645 0.104369 -0.0288488 0.0452127 0.085909 -0.0368122 0.0371716 0.104034 -0.0299962 0.0440542 0.0869932 -0.0376964 0.0362788 0.104369 -0.0403133 0.0336363 0.101584 -0.0383436 0.0356252 0.105285 -0.0415212 0.0324166 0.104371 -0.0385805 0.035386 0.106535 -0.0417026 0.0322334 0.107631 -0.0383436 0.0356252 0.107786 -0.0408179 0.0331268 0.110651 -0.0376964 0.0362788 0.108701 -0.0390601 0.0349018 0.112774 -0.0368122 0.0371716 0.109036 -0.035928 0.0380645 0.108701 -0.0352807 0.0387181 0.107786 -0.0218764 0.0449471 0.0855283 -0.022349 0.049975 0.0855283 -0.0218527 0.0449488 0.0855147 -0.0220205 0.0449109 0.0855283 -0.0239345 0.049577 0.0855283 -0.0220205 0.0449109 0.113537 -0.0239345 0.049577 0.113537 -0.0802364 0.0344932 0.0741909 -0.063513 0.0430081 0.0620903 -0.0801335 0.0351468 0.0753073 -0.061975 0.0448014 0.0629782 -0.0805536 0.035386 0.0765086 -0.0759796 0.0448014 0.087235 -0.081384 0.0351468 0.077473 -0.0824022 0.0344932 0.0779421 -0.0833354 0.0336004 0.0777902 -0.0855862 0.0336004 0.0816887 -0.0839336 0.0327076 0.077058 -0.0871513 0.0313306 0.0799037 -0.0840365 0.032054 0.0759416 -0.087612 0.0295555 0.077186 -0.0836165 0.0318148 0.0747403 -0.086868 0.0286622 0.0741279 -0.0827861 0.032054 0.0737758 -0.0850813 0.0288454 0.071396 -0.0817678 0.0327076 0.0733067 -0.0826414 0.030065 0.0695859 -0.0808346 0.0336004 0.0734586 -0.0664112 0.0404829 0.0621085 -0.0648755 0.0416415 0.0617433 -0.0790425 0.0483727 0.0854666 -0.0886491 0.0371716 0.0799202 -0.0665758 0.0465794 0.0603219 -0.0650378 0.0483727 0.0612099 -0.0831964 0.0387181 0.0735389 -0.0836165 0.0389573 0.0747403 -0.0844469 0.0387181 0.0757047 -0.0854651 0.0380645 0.0761738 -0.0863983 0.0371716 0.0760219 -0.0902142 0.0349018 0.0781354 -0.0869965 0.0362788 0.0752897 -0.0906749 0.0331268 0.0754177 -0.0870994 0.0356252 0.0741732 -0.0899308 0.0322334 0.0723595 -0.0866793 0.035386 0.0729719 -0.0881441 0.0324166 0.0696277 -0.0858489 0.0356252 0.0720075 -0.0857043 0.0336363 0.0678175 -0.0848307 0.0362788 0.0715384 -0.0694741 0.0440542 0.0603402 -0.0838975 0.0371716 0.0716903 -0.0679383 0.0452127 0.059975 -0.0832993 0.0380645 0.0724225 -0.0617096 0.0449471 0.0631315 -0.0621189 0.049975 0.0628951 -0.0616824 0.0449488 0.0631315 -0.0618345 0.0449109 0.0630594 -0.0634921 0.049577 0.0621023 -0.0758391 0.0449109 0.0873161 -0.0774967 0.049577 0.0863591 -0.110333 0.0344932 0.0262987 -0.109217 0.0351468 0.0264016 -0.109418 0.0448014 0.0375579 -0.108016 0.035386 0.0259816 -0.0851611 0.0448014 0.0235532 -0.107051 0.0351468 0.0251512 -0.086049 0.0430081 0.0220153 -0.106582 0.0344932 0.024133 -0.111066 0.0336004 0.0257005 -0.114964 0.0336004 0.0279513 -0.111218 0.0327076 0.0247673 -0.115427 0.0313306 0.025623 -0.110749 0.032054 0.0237491 -0.114467 0.0295555 0.023039 -0.109784 0.0318148 0.0229187 -0.112294 0.0286622 0.0207626 -0.108583 0.032054 0.0224986 -0.109381 0.0288454 0.0192901 -0.107466 0.0327076 0.0226016 -0.106362 0.030065 0.0189424 -0.106734 0.0336004 0.0231997 -0.0885681 0.0404829 0.020582 -0.0870554 0.0416415 0.0210335 -0.111186 0.0483727 0.034495 -0.116733 0.0371716 0.0248885 -0.0878174 0.0465794 0.0189524 -0.0869294 0.0483727 0.0204904 -0.10882 0.0387181 0.0220883 -0.109784 0.0389573 0.0229187 -0.110986 0.0387181 0.0233388 -0.112102 0.0380645 0.0232359 -0.112834 0.0371716 0.0226377 -0.117195 0.0349018 0.0225601 -0.112986 0.0362788 0.0217045 -0.116236 0.0331268 0.0199761 -0.112517 0.0356252 0.0206862 -0.114062 0.0322334 0.0176997 -0.111552 0.035386 0.0198559 -0.111149 0.0324166 0.0162272 -0.110351 0.0356252 0.0194358 -0.108131 0.0336363 0.0158795 -0.109235 0.0362788 0.0195387 -0.0903365 0.0440542 0.0175191 -0.108502 0.0371716 0.0201369 -0.0888238 0.0452127 0.0179707 -0.108351 0.0380645 0.0210701 -0.0852442 0.049975 0.0234093 -0.0849843 0.0449488 0.0238323 -0.0850078 0.0449471 0.0238186 -0.0850799 0.0449109 0.0236938 -0.0860369 0.049577 0.0220361 -0.109337 0.0449109 0.0376984 -0.110294 0.049577 0.0360408 -0.108701 0.0344932 -0.0323913 -0.107786 0.0351468 -0.0317441 -0.113537 0.0448014 -0.0221828 -0.106535 0.035386 -0.0315071 -0.0855283 0.0448014 -0.0221828 -0.105285 0.0351468 -0.0317441 -0.0855283 0.0430081 -0.0239587 -0.104369 0.0344932 -0.0323913 -0.109036 0.0336004 -0.0332755 -0.113537 0.0336004 -0.0332755 -0.108701 0.0327076 -0.0341596 -0.112774 0.0313306 -0.0355234 -0.107786 0.032054 -0.0348069 -0.110651 0.0295555 -0.0372813 -0.106535 0.0318148 -0.0350439 -0.107631 0.0286622 -0.0381659 -0.105285 0.032054 -0.0348069 -0.104371 0.0288454 -0.0379845 -0.104369 0.0327076 -0.0341596 -0.101584 0.030065 -0.0367767 -0.104034 0.0336004 -0.0332755 -0.0869932 0.0404829 -0.0264595 -0.085909 0.0416415 -0.0253121 -0.113537 0.0483727 -0.0257194 -0.113537 0.0371716 -0.0368122 -0.0855283 0.0465794 -0.0274954 -0.0855283 0.0483727 -0.0257194 -0.105285 0.0387181 -0.0352807 -0.106535 0.0389573 -0.0350439 -0.107786 0.0387181 -0.0352807 -0.108701 0.0380645 -0.035928 -0.109036 0.0371716 -0.0368122 -0.112774 0.0349018 -0.0390601 -0.108701 0.0362788 -0.0376964 -0.110651 0.0331268 -0.0408179 -0.107786 0.0356252 -0.0383436 -0.107631 0.0322334 -0.0417026 -0.106535 0.035386 -0.0385805 -0.104371 0.0324166 -0.0415212 -0.105285 0.0356252 -0.0383436 -0.101584 0.0336363 -0.0403133 -0.104369 0.0362788 -0.0376964 -0.0869932 0.0440542 -0.0299962 -0.104034 0.0371716 -0.0368122 -0.085909 0.0452127 -0.0288488 -0.104369 0.0380645 -0.035928 -0.0855283 0.049975 -0.022349 -0.0855147 0.0449488 -0.0218527 -0.0855283 0.0449471 -0.0218764 -0.0855283 0.0449109 -0.0220205 -0.0855283 0.049577 -0.0239345 -0.113537 0.0449109 -0.0220205 -0.113537 0.049577 -0.0239345 -0.0741909 0.0344932 -0.0802364 -0.0620903 0.0430081 -0.063513 -0.0753073 0.0351468 -0.0801335 -0.0629782 0.0448014 -0.061975 -0.0765086 0.035386 -0.0805536 -0.087235 0.0448014 -0.0759796 -0.077473 0.0351468 -0.081384 -0.0779421 0.0344932 -0.0824022 -0.0777902 0.0336004 -0.0833354 -0.0816887 0.0336004 -0.0855862 -0.077058 0.0327076 -0.0839336 -0.0799037 0.0313306 -0.0871513 -0.0759416 0.032054 -0.0840365 -0.077186 0.0295555 -0.087612 -0.0747403 0.0318148 -0.0836165 -0.0741279 0.0286622 -0.086868 -0.0737758 0.032054 -0.0827861 -0.071396 0.0288454 -0.0850813 -0.0733067 0.0327076 -0.0817678 -0.0695859 0.030065 -0.0826414 -0.0734586 0.0336004 -0.0808346 -0.0621085 0.0404829 -0.0664112 -0.0617433 0.0416415 -0.0648755 -0.0854666 0.0483727 -0.0790425 -0.0799202 0.0371716 -0.0886491 -0.0603219 0.0465794 -0.0665758 -0.0612099 0.0483727 -0.0650378 -0.0735389 0.0387181 -0.0831964 -0.0747403 0.0389573 -0.0836165 -0.0724225 0.0380645 -0.0832993 -0.059975 0.0452127 -0.0679383 -0.0716903 0.0371716 -0.0838975 -0.0603402 0.0440542 -0.0694741 -0.0715384 0.0362788 -0.0848307 -0.0678175 0.0336363 -0.0857043 -0.0720075 0.0356252 -0.0858489 -0.0696277 0.0324166 -0.0881441 -0.0729719 0.035386 -0.0866793 -0.0723595 0.0322334 -0.0899308 -0.0741732 0.0356252 -0.0870994 -0.0754177 0.0331268 -0.0906749 -0.0752897 0.0362788 -0.0869965 -0.0781354 0.0349018 -0.0902142 -0.0760219 0.0371716 -0.0863983 -0.0761738 0.0380645 -0.0854651 -0.0757047 0.0387181 -0.0844469 -0.0628951 0.049975 -0.0621189 -0.0631315 0.0449488 -0.0616824 -0.0631315 0.0449471 -0.0617096 -0.0630594 0.0449109 -0.0618345 -0.0621023 0.049577 -0.0634921 -0.0873161 0.0449109 -0.0758391 -0.0863591 0.049577 -0.0774967 -0.0262987 0.0344932 -0.110333 -0.0264016 0.0351468 -0.109217 -0.0375579 0.0448014 -0.109418 -0.0259816 0.035386 -0.108016 -0.0235532 0.0448014 -0.0851611 -0.0251512 0.0351468 -0.107051 -0.0220153 0.0430081 -0.086049 -0.024133 0.0344932 -0.106582 -0.0257005 0.0336004 -0.111066 -0.0279513 0.0336004 -0.114964 -0.0247673 0.0327076 -0.111218 -0.025623 0.0313306 -0.115427 -0.0237491 0.032054 -0.110749 -0.023039 0.0295555 -0.114467 -0.0229187 0.0318148 -0.109784 -0.0207626 0.0286622 -0.112294 -0.0224986 0.032054 -0.108583 -0.0192901 0.0288454 -0.109381 -0.0226016 0.0327076 -0.107466 -0.0189424 0.030065 -0.106362 -0.0231997 0.0336004 -0.106734 -0.020582 0.0404829 -0.0885681 -0.0210335 0.0416415 -0.0870554 -0.034495 0.0483727 -0.111186 -0.0248885 0.0371716 -0.116733 -0.0189524 0.0465794 -0.0878174 -0.0204904 0.0483727 -0.0869294 -0.0220883 0.0387181 -0.10882 -0.0229187 0.0389573 -0.109784 -0.0233388 0.0387181 -0.110986 -0.0232359 0.0380645 -0.112102 -0.0226377 0.0371716 -0.112834 -0.0225601 0.0349018 -0.117195 -0.0217045 0.0362788 -0.112986 -0.0199761 0.0331268 -0.116236 -0.0206862 0.0356252 -0.112517 -0.0176997 0.0322334 -0.114062 -0.0198559 0.035386 -0.111552 -0.0162272 0.0324166 -0.111149 -0.0194358 0.0356252 -0.110351 -0.0158795 0.0336363 -0.108131 -0.0195387 0.0362788 -0.109235 -0.0175191 0.0440542 -0.0903365 -0.0201369 0.0371716 -0.108502 -0.0179707 0.0452127 -0.0888238 -0.0210701 0.0380645 -0.108351 -0.0234093 0.049975 -0.0852442 -0.0238323 0.0449488 -0.0849843 -0.0238186 0.0449471 -0.0850078 -0.0236938 0.0449109 -0.0850799 -0.0220361 0.049577 -0.0860369 -0.0376984 0.0449109 -0.109337 -0.0360408 0.049577 -0.110294 0.0323913 0.0344932 -0.108701 0.0317441 0.0351468 -0.107786 0.0221828 0.0448014 -0.113537 0.0315071 0.035386 -0.106535 0.0221828 0.0448014 -0.0855283 0.0317441 0.0351468 -0.105285 0.0239587 0.0430081 -0.0855283 0.0323913 0.0344932 -0.104369 0.0332755 0.0336004 -0.109036 0.0332755 0.0336004 -0.113537 0.0341596 0.0327076 -0.108701 0.0355234 0.0313306 -0.112774 0.0348069 0.032054 -0.107786 0.0372813 0.0295555 -0.110651 0.0350439 0.0318148 -0.106535 0.0381659 0.0286622 -0.107631 0.0348069 0.032054 -0.105285 0.0379845 0.0288454 -0.104371 0.0341596 0.0327076 -0.104369 0.0367767 0.030065 -0.101584 0.0332755 0.0336004 -0.104034 0.0264595 0.0404829 -0.0869932 0.0253121 0.0416415 -0.085909 0.0257194 0.0483727 -0.113537 0.0368122 0.0371716 -0.113537 0.0274954 0.0465794 -0.0855283 0.0257194 0.0483727 -0.0855283 0.0352807 0.0387181 -0.105285 0.0350439 0.0389573 -0.106535 0.0352807 0.0387181 -0.107786 0.035928 0.0380645 -0.108701 0.0368122 0.0371716 -0.109036 0.0390601 0.0349018 -0.112774 0.0376964 0.0362788 -0.108701 0.0408179 0.0331268 -0.110651 0.0383436 0.0356252 -0.107786 0.0417026 0.0322334 -0.107631 0.0385805 0.035386 -0.106535 0.0415212 0.0324166 -0.104371 0.0383436 0.0356252 -0.105285 0.0403133 0.0336363 -0.101584 0.0376964 0.0362788 -0.104369 0.0299962 0.0440542 -0.0869932 0.0368122 0.0371716 -0.104034 0.0288488 0.0452127 -0.085909 0.035928 0.0380645 -0.104369 0.0218764 0.0449471 -0.0855283 0.022349 0.049975 -0.0855283 0.0218527 0.0449488 -0.0855147 0.0220205 0.0449109 -0.0855283 0.0239345 0.049577 -0.0855283 0.0220205 0.0449109 -0.113537 0.0239345 0.049577 -0.113537 0 0.0449494 -0.0655216 0 0.0499999 -0.0655216 0 0.0449494 -0.0705233 0 0.0499999 -0.0705233 0.0655216 0.0449494 0 0.0655216 0.0499999 0 0.0705233 0.0449494 0 0.0705233 0.0499999 0 0 0.0449494 0.0655216 0 0.0499999 0.0655216 0 0.0449494 0.0705233 0 0.0499999 0.0705233 -0.0655216 0.0449494 0 -0.0655216 0.0499999 0 -0.0705233 0.0449494 0 -0.0705233 0.0499999 0 0.0698416 -0.0381313 0.0663437 0.0924876 -0.0286293 0.0867474 0.0910287 -0.0308479 0.0886148 0.0690774 -0.0400584 0.068837 0.0891775 -0.0331486 0.0899655 0.0688197 -0.0416906 0.0716234 0.0870098 -0.0354374 0.0907442 0.0690789 -0.042961 0.0745887 0.0846142 -0.0376205 0.0909189 0.0698443 -0.0438178 0.0776114 0.082089 -0.0396084 0.0904827 0.0710848 -0.0442257 0.080568 0.0795375 -0.0413199 0.0894532 0.0727494 -0.0441682 0.0833372 0.0770641 -0.0426849 0.0878726 0.0747701 -0.0436475 0.0858058 0.0934923 -0.022267 0.0758861 0.0940073 -0.0233361 0.0788956 0.0710808 -0.0359882 0.0642454 0.0707289 -0.0365395 0.0647279 0.0934944 -0.0265837 0.0844397 0.094008 -0.0247949 0.0817862 0.0820821 -0.0252073 0.0619467 0.0795306 -0.0270666 0.0612101 0.0727443 -0.0337169 0.062628 0.0770576 -0.0291628 0.0610787 0.0747642 -0.0314102 0.0615578 0.0924842 -0.0216314 0.0728811 0.0910241 -0.0214553 0.0700034 0.0891719 -0.0217459 0.067371 0.0870035 -0.0224914 0.0650916 0.0846075 -0.0236611 0.0632585 0.0625288 -0.0279516 0.0669285 0.061132 -0.0303671 0.0692935 0.0602707 -0.0325392 0.0721039 0.0599802 -0.0343789 0.0752445 0.0602723 -0.0358109 0.0785867 0.0611351 -0.0367766 0.0819939 0.0625333 -0.0372364 0.0853263 0.0644096 -0.0371715 0.0884475 0.0666872 -0.0365846 0.09123 0.0692728 -0.0354996 0.0935596 0.0720606 -0.0339612 0.0953411 0.0749366 -0.0320321 0.0965014 0.0777828 -0.0297913 0.0969932 0.0804829 -0.0273308 0.0967962 0.0829262 -0.024751 0.0959185 0.0850127 -0.0221577 0.0943961 0.0866571 -0.0196571 0.0922913 0.0877919 -0.0173514 0.0896902 0.0883708 -0.0153352 0.0866994 0.08837 -0.0136909 0.0834412 0.0877896 -0.0124859 0.0800492 0.0866533 -0.0117695 0.076662 0.0850076 -0.011571 0.0734185 0.0829199 -0.0118986 0.0704514 0.0804758 -0.0127388 0.0678822 0.0777752 -0.0140573 0.065816 0.0749287 -0.0158 0.0643376 0.0720529 -0.0178957 0.0635073 0.0692654 -0.0202584 0.0633591 0.0666805 -0.0227916 0.0638992 0.0644039 -0.0253915 0.0651055 0.0616079 -0.0279072 0.0988265 0.0646184 -0.0262459 0.10075 0.067724 -0.0241628 0.102003 0.0707975 -0.0217431 0.102534 0.0737132 -0.019086 0.102322 0.0763516 -0.0163002 0.101374 0.0786048 -0.0134998 0.0997297 0.0803805 -0.0107995 0.0974569 0.0816059 -0.00830971 0.0946481 0.0822311 -0.00613246 0.0914184 0.0822302 -0.00435691 0.0879 0.0816034 -0.00305566 0.0842371 0.0803763 -0.00228201 0.0805795 0.0785993 -0.00206767 0.077077 0.0763449 -0.00242145 0.073873 0.0737055 -0.00332876 0.0710986 0.0707893 -0.00475252 0.0688674 0.0677155 -0.0066344 0.0672709 0.06461 -0.00889745 0.0663742 0.0616 -0.0114489 0.0662143 0.0588086 -0.0141844 0.0667975 0.0563501 -0.0169919 0.0681001 0.0543254 -0.0197564 0.0700686 0.052817 -0.0223648 0.0726226 0.051887 -0.0247104 0.0756574 0.0515732 -0.026697 0.0790488 0.0518887 -0.0282433 0.082658 0.0528204 -0.0292861 0.0863371 0.0543302 -0.0297826 0.0899356 0.0563563 -0.0297126 0.0933062 0.0588158 -0.0290788 0.0963108 0.0541433 -0.0199809 0.103623 0.0572825 -0.0182486 0.105629 0.0605208 -0.0160764 0.106935 0.0637257 -0.0135533 0.107489 0.066766 -0.0107826 0.107267 0.0695173 -0.00787779 0.106279 0.0718667 -0.00495771 0.104564 0.0737183 -0.00214191 0.102194 0.0749962 0.000454244 0.0992656 0.075648 0.00272453 0.0958978 0.0756471 0.004576 0.0922291 0.0749936 0.00593287 0.0884096 0.073714 0.00673958 0.0845956 0.071861 0.00696307 0.0809434 0.0695103 0.00659424 0.0776024 0.0667581 0.0056481 0.0747094 0.0637171 0.00416352 0.0723829 0.060512 0.00220115 0.0707181 0.0572737 -0.000158575 0.0697832 0.054135 -0.00281905 0.0696163 0.0512243 -0.00567146 0.0702245 0.0486608 -0.00859894 0.0715827 0.0465495 -0.0114817 0.0736354 0.0449767 -0.0142016 0.0762986 0.0440069 -0.0166474 0.0794631 0.0436797 -0.0187189 0.0829995 0.0440086 -0.0203314 0.0867629 0.0449802 -0.0214188 0.0905993 0.0465545 -0.0219365 0.0943517 0.0486672 -0.0218635 0.0978664 0.0512319 -0.0212026 0.100999 0.0468714 -0.0117202 0.107958 0.0500467 -0.00996786 0.109987 0.0533222 -0.00777068 0.111308 0.0565641 -0.00521858 0.111868 0.0596393 -0.00241603 0.111644 0.0624222 0.000522203 0.110644 0.0647987 0.00347584 0.10891 0.0666716 0.00632404 0.106513 0.0679641 0.00895007 0.10355 0.0686235 0.0112465 0.100144 0.0686226 0.0131192 0.096433 0.0679615 0.0144917 0.0925695 0.0666672 0.0153077 0.0887117 0.0647928 0.0155338 0.0850175 0.0624151 0.0151607 0.081638 0.0596313 0.0142037 0.0787118 0.0565554 0.012702 0.0763585 0.0533133 0.0107171 0.0746746 0.0500378 0.00833018 0.0737289 0.046863 0.00563907 0.0735601 0.0439188 0.00275385 0.0741753 0.0413258 -0.000207279 0.0755491 0.0391902 -0.00312315 0.0776255 0.0375993 -0.00587435 0.0803192 0.0366184 -0.0083483 0.0835201 0.0362874 -0.0104437 0.0870972 0.0366202 -0.0120747 0.0909039 0.0376029 -0.0131745 0.0947845 0.0391953 -0.0136982 0.09858 0.0413323 -0.0136243 0.102135 0.0439265 -0.0129558 0.105304 0.039782 -0.00311906 0.111841 0.0429018 -0.00139733 0.113834 0.0461202 0.00076141 0.115133 0.0493053 0.00326891 0.115683 0.0523269 0.00602252 0.115463 0.0550611 0.00890943 0.114481 0.0573961 0.0118115 0.112777 0.0592363 0.0146099 0.110422 0.0605062 0.01719 0.107511 0.061154 0.0194464 0.104164 0.0611531 0.0212864 0.100518 0.0605036 0.022635 0.0967217 0.059232 0.0234367 0.0929313 0.0573904 0.0236588 0.0893016 0.0550541 0.0232922 0.0859812 0.0523189 0.0223519 0.0831061 0.0492968 0.0208765 0.0807939 0.0461113 0.0189262 0.0791394 0.0428931 0.0165811 0.0782102 0.0397737 0.0139369 0.0780444 0.036881 0.0111021 0.0786488 0.0343333 0.00819267 0.0799987 0.032235 0.00532774 0.0820388 0.0306719 0.00262458 0.0846854 0.0297081 0.000193904 0.0878304 0.0293829 -0.00186484 0.091345 0.0297098 -0.0034673 0.0950852 0.0306754 -0.004548 0.098898 0.03224 -0.00506253 0.102627 0.0343397 -0.00498992 0.10612 0.0368885 -0.00433313 0.109234 0.032871 0.00582318 0.115278 0.0358444 0.00746405 0.117178 0.0389117 0.00952155 0.118415 0.0419474 0.0119114 0.11894 0.0448272 0.0145358 0.11873 0.0474331 0.0172873 0.117794 0.0496586 0.0200532 0.11617 0.0514124 0.0227203 0.113925 0.0526227 0.0251794 0.111151 0.0532401 0.0273298 0.107961 0.0532393 0.0290836 0.104486 0.0526202 0.0303688 0.100868 0.0514083 0.0311329 0.0972553 0.0496531 0.0313446 0.093796 0.0474265 0.0309952 0.0906314 0.0448196 0.0300991 0.0878911 0.0419393 0.0286928 0.0856875 0.0389033 0.0268341 0.0841106 0.0358361 0.0245989 0.083225 0.0328631 0.0220789 0.083067 0.0301061 0.0193771 0.0836431 0.0276779 0.0166042 0.0849296 0.0256781 0.0138737 0.0868739 0.0241883 0.0112973 0.0893964 0.0232697 0.00898071 0.0923938 0.0229598 0.00701852 0.0957435 0.0232714 0.00549126 0.0993082 0.0241916 0.00446131 0.102942 0.0256828 0.00397086 0.106496 0.027684 0.0040401 0.109825 0.0301132 0.00466607 0.112793 0.0261347 0.0151078 0.118272 0.0288713 0.016618 0.12002 0.0316943 0.0185116 0.121159 0.0344883 0.0207111 0.121642 0.0371387 0.0231265 0.121449 0.0395371 0.0256588 0.120587 0.0415852 0.0282044 0.119093 0.0431994 0.0306591 0.117027 0.0443134 0.0329223 0.114473 0.0448816 0.0349015 0.111537 0.0448808 0.0365156 0.108339 0.044311 0.0376985 0.10501 0.0431956 0.0384017 0.101685 0.0415802 0.0385965 0.0985009 0.0395309 0.0382749 0.0955883 0.0371318 0.0374502 0.0930663 0.0344808 0.036156 0.0910382 0.0316866 0.0344453 0.0895869 0.0288637 0.0323881 0.0887718 0.0261275 0.0300688 0.0886264 0.0235901 0.0275822 0.0891566 0.0213553 0.0250301 0.0903406 0.0195147 0.0225171 0.0921301 0.0181436 0.0201459 0.0944517 0.0172982 0.0180138 0.0972104 0.017013 0.016208 0.100293 0.0172998 0.0148023 0.103574 0.0181467 0.0138544 0.106919 0.0195191 0.013403 0.11019 0.0213609 0.0134667 0.113254 0.0235966 0.0140428 0.115985 0.0134846 0.0275794 0.0988813 0.014372 0.0291712 0.0972656 0.0147239 0.0297225 0.096783 0.0163874 0.0319938 0.0951657 0.0184073 0.0343005 0.0940955 0.0207007 0.0365479 0.0936163 0.0231737 0.0386442 0.0937477 0.0257252 0.0405034 0.0944844 0.0282506 0.0420496 0.0957961 0.0306466 0.0432193 0.0976292 0.032815 0.0439648 0.0999087 0.0346672 0.0442554 0.102541 0.0361272 0.0440793 0.105419 0.0371354 0.0434437 0.108424 0.0376503 0.0423746 0.111433 0.0376511 0.0409158 0.114324 0.0371375 0.039127 0.116977 0.0361306 0.0370815 0.119285 0.0346717 0.0348628 0.121152 0.0328206 0.0325621 0.122503 0.0306528 0.0302733 0.123282 0.0282574 0.0280902 0.123457 0.0257321 0.0261022 0.12302 0.0231806 0.0243908 0.121991 0.0207072 0.0230258 0.12041 0.0184132 0.0220632 0.118343 0.0163925 0.0215426 0.115875 0.0147279 0.021485 0.113106 0.0134874 0.0218929 0.110149 0.0127219 0.0227496 0.107126 0.0124628 0.0240201 0.104161 0.0127206 0.0256523 0.101375 0.0936565 -0.0381313 0.0225345 0.12347 -0.0286293 0.0288816 0.123141 -0.0308479 0.0312283 0.0942414 -0.0400584 0.0250759 0.122213 -0.0331486 0.0333236 0.0954113 -0.0416906 0.0276178 0.120725 -0.0354374 0.0350818 0.0971184 -0.042961 0.0300562 0.118738 -0.0376205 0.036431 0.0992927 -0.0438178 0.0322913 0.116332 -0.0396084 0.0373157 0.101845 -0.0442257 0.0342315 0.113608 -0.0413199 0.0376999 0.104672 -0.0441682 0.0357974 0.110676 -0.0426849 0.0375679 0.107656 -0.0436475 0.0369249 0.12086 -0.0233361 0.0213219 0.122306 -0.0247949 0.0238249 0.0936805 -0.0359882 0.0200977 0.093617 -0.0365395 0.0206915 0.123188 -0.0265837 0.0263797 0.0955266 -0.0314102 0.0159285 0.0972731 -0.0291628 0.0143668 0.11891 -0.022267 0.0189731 0.0994806 -0.0270666 0.0132442 0.102059 -0.0252073 0.0126064 0.116534 -0.0216314 0.0168747 0.104901 -0.0236611 0.0124797 0.113831 -0.0214553 0.0151126 0.107893 -0.0224914 0.0128692 0.110911 -0.0217459 0.013759 0.0943125 -0.0337169 0.0178652 0.0875937 -0.0279207 0.0267229 0.0875665 -0.0303371 0.0294705 0.0882261 -0.03251 0.0323361 0.0895453 -0.0343503 0.0352022 0.0914701 -0.0357829 0.0379517 0.0939217 -0.0367489 0.0404718 0.0967999 -0.0372089 0.0426594 0.0999865 -0.0371439 0.0444251 0.103351 -0.0365568 0.0456964 0.106757 -0.0354715 0.0464214 0.110063 -0.0339325 0.0465703 0.113135 -0.0320027 0.0461371 0.115847 -0.0297611 0.0451395 0.118087 -0.0272996 0.0436183 0.119765 -0.0247189 0.0416358 0.120811 -0.0221246 0.0392732 0.121183 -0.0196231 0.0366272 0.120865 -0.0173166 0.0338062 0.119871 -0.0152996 0.0309255 0.11824 -0.0136547 0.0281033 0.116041 -0.0124493 0.0254549 0.113362 -0.0117326 0.0230889 0.110314 -0.0115341 0.021102 0.107022 -0.0118618 0.0195757 0.103619 -0.0127023 0.0185724 0.100246 -0.0140212 0.0181332 0.0970403 -0.0157646 0.0182761 0.0941336 -0.0178611 0.0189952 0.0916445 -0.0202247 0.0202611 0.0896753 -0.0227588 0.022022 0.0883063 -0.0253596 0.0242057 0.102736 -0.0278479 0.0548445 0.106307 -0.0261858 0.0550053 0.109624 -0.0241017 0.0545374 0.112553 -0.021681 0.0534601 0.114973 -0.0190227 0.0518173 0.116785 -0.0162357 0.0496763 0.117914 -0.0134341 0.0471249 0.118316 -0.0107325 0.0442674 0.117973 -0.00824162 0.0412208 0.116899 -0.0060634 0.0381099 0.115138 -0.00428707 0.035062 0.112763 -0.00298522 0.0322019 0.10987 -0.00221127 0.0296467 0.106578 -0.00199681 0.0275011 0.103022 -0.0023507 0.0258527 0.0993478 -0.00325844 0.0247692 0.095705 -0.00468281 0.0242949 0.0922432 -0.00656559 0.0244492 0.0891041 -0.00882959 0.0252258 0.0864161 -0.0113822 0.0265929 0.0842894 -0.0141189 0.0284945 0.082811 -0.0169276 0.0308529 0.0820414 -0.0196934 0.0335713 0.0820121 -0.022303 0.0365386 0.0827244 -0.0246496 0.0396332 0.084149 -0.0266371 0.0427285 0.0862277 -0.0281841 0.0456977 0.0888753 -0.0292273 0.0484193 0.0919835 -0.0297241 0.0507818 0.095425 -0.029654 0.0526886 0.0990589 -0.0290199 0.0540616 0.0986537 -0.019888 0.0627558 0.102376 -0.0181551 0.0629234 0.105835 -0.0159823 0.0624356 0.108889 -0.0134584 0.0613124 0.111411 -0.0106869 0.0595996 0.1133 -0.00778115 0.0573675 0.114478 -0.00486023 0.0547074 0.114897 -0.00204359 0.0517281 0.114539 0.000553326 0.0485518 0.113419 0.00282429 0.0453084 0.111584 0.0046763 0.0421307 0.109107 0.0060336 0.0391488 0.106091 0.00684055 0.0364847 0.102659 0.0070641 0.0342477 0.0989519 0.00669515 0.0325291 0.0951208 0.00574876 0.0313995 0.0913229 0.00426371 0.030905 0.0877136 0.00230073 0.0310658 0.0844408 -5.96789e-05 0.0318755 0.0816383 -0.00272098 0.0333009 0.079421 -0.00557422 0.0352835 0.0778796 -0.00850261 0.0377422 0.0770772 -0.0113861 0.0405765 0.0770467 -0.0141069 0.0436701 0.0777893 -0.0165534 0.0468965 0.0792746 -0.0186256 0.0501237 0.0814419 -0.0202386 0.0532193 0.0842022 -0.0213262 0.0560569 0.0874428 -0.0218441 0.0585201 0.0910309 -0.021771 0.0605081 0.0948196 -0.02111 0.0619395 0.0945068 -0.011591 0.0701676 0.098271 -0.00983878 0.0703372 0.101768 -0.00764172 0.069844 0.104856 -0.00508974 0.0687082 0.107407 -0.00228731 0.0669763 0.109317 0.000650747 0.0647193 0.110508 0.00360427 0.0620295 0.110931 0.00645228 0.0590171 0.110569 0.00907819 0.0558053 0.109437 0.0113745 0.0525257 0.107581 0.0132472 0.0493126 0.105077 0.0146196 0.0462974 0.102027 0.0154355 0.0436037 0.098557 0.0156616 0.0413417 0.0948083 0.0152885 0.039604 0.0909345 0.0143316 0.0384618 0.0870943 0.01283 0.0379618 0.0834448 0.0108451 0.0381244 0.0801354 0.00845836 0.0389431 0.0773017 0.00576737 0.0403844 0.0750597 0.00288227 0.042389 0.0735011 -7.87005e-05 0.0448753 0.0726898 -0.00299437 0.047741 0.0726589 -0.00574551 0.0508692 0.0734098 -0.00821928 0.0541316 0.0749117 -0.0103145 0.0573947 0.0771031 -0.0119455 0.0605249 0.0798943 -0.0130452 0.063394 0.0831709 -0.0135689 0.0658847 0.086799 -0.0134951 0.0678949 0.0906299 -0.0128266 0.0693423 0.0902917 -0.00295114 0.0770936 0.093988 -0.0012305 0.0772601 0.0974223 0.000926911 0.0767758 0.100454 0.00343286 0.0756605 0.102959 0.00618472 0.0739598 0.104835 0.00906982 0.0717435 0.106004 0.0119701 0.0691022 0.10642 0.0147667 0.0661441 0.106064 0.0173453 0.0629903 0.104953 0.0196002 0.0597698 0.10313 0.0214391 0.0566146 0.100671 0.0227868 0.0536539 0.0976764 0.023588 0.0510087 0.0942689 0.02381 0.0487875 0.0905877 0.0234436 0.0470811 0.0867838 0.0225039 0.0459595 0.0830128 0.0210294 0.0454685 0.0794291 0.0190804 0.0456282 0.0761794 0.0167366 0.0464322 0.0733969 0.0140942 0.0478474 0.0711952 0.0112612 0.049816 0.0696648 0.00835354 0.0522573 0.0688681 0.00549042 0.0550714 0.0688378 0.00278895 0.0581432 0.0695751 0.000359758 0.0613467 0.0710499 -0.0016977 0.064551 0.0732018 -0.0032992 0.0676248 0.0759426 -0.00437918 0.0704422 0.0791602 -0.00489341 0.0728879 0.0827228 -0.00482086 0.0748618 0.0864847 -0.00416443 0.0762831 0.0860072 0.0060324 0.0835399 0.089527 0.00767086 0.0836985 0.0927973 0.00972529 0.0832373 0.0956843 0.0121116 0.0821752 0.0980696 0.0147321 0.0805558 0.0998557 0.0174795 0.0784453 0.100969 0.0202413 0.0759301 0.101365 0.0229044 0.0731132 0.101027 0.0253598 0.07011 0.0999682 0.0275071 0.0670433 0.0982325 0.0292582 0.0640388 0.0958909 0.0305415 0.0612194 0.0930393 0.0313045 0.0587005 0.0897945 0.0315158 0.0565853 0.0862891 0.0311669 0.0549604 0.0826668 0.0302722 0.0538924 0.0790759 0.028868 0.0534248 0.0756632 0.027012 0.0535769 0.0725688 0.0247802 0.0543425 0.069919 0.0222639 0.0556901 0.0678225 0.0195662 0.0575647 0.0663651 0.0167974 0.0598894 0.0656065 0.0140709 0.0625693 0.0655776 0.0114984 0.0654943 0.0662797 0.00918523 0.0685449 0.0676841 0.00722599 0.0715962 0.0697332 0.00570096 0.0745232 0.0723432 0.00467251 0.0772061 0.0754072 0.00418285 0.079535 0.0787997 0.00425197 0.0814147 0.082382 0.00487697 0.0827682 0.0816522 0.0153609 0.0895119 0.0848875 0.0168669 0.0896576 0.0878935 0.0187553 0.0892337 0.0905471 0.0209487 0.0882575 0.0927397 0.0233574 0.0867689 0.0943814 0.0258827 0.0848291 0.0954051 0.0284213 0.0825172 0.0957689 0.0308692 0.0799279 0.0954579 0.0331262 0.0771675 0.0944848 0.0350999 0.0743487 0.0928894 0.0367094 0.071587 0.0907371 0.037889 0.0689954 0.088116 0.0385903 0.0666801 0.0851333 0.0387846 0.064736 0.0819113 0.038464 0.0632424 0.0785818 0.0376414 0.0622606 0.0752811 0.0363508 0.0618309 0.0721443 0.0346448 0.0619707 0.0692999 0.0325934 0.0626743 0.0668643 0.0302805 0.0639131 0.0649373 0.0278008 0.0656362 0.0635977 0.0252558 0.067773 0.0629004 0.0227497 0.0702362 0.0628738 0.0203851 0.0729248 0.0635192 0.0182589 0.0757289 0.0648101 0.016458 0.0785336 0.0666936 0.0150563 0.0812239 0.0690926 0.014111 0.08369 0.0719089 0.0136609 0.0858308 0.0750273 0.0137244 0.0875585 0.0783199 0.0142989 0.0888025 0.0611187 0.0275794 0.0788914 0.0610793 0.0291712 0.0770484 0.0611428 0.0297225 0.0764546 0.0617748 0.0319938 0.0742221 0.062989 0.0343005 0.0722854 0.0647355 0.0365479 0.0707237 0.0669429 0.0386442 0.0696011 0.0695209 0.0405034 0.0689633 0.0723638 0.0420496 0.0688366 0.0753554 0.0432193 0.0692261 0.078373 0.0439648 0.0701159 0.0812932 0.0442554 0.0714695 0.0839965 0.0440793 0.0732316 0.0863721 0.0434437 0.07533 0.0883228 0.0423746 0.0776788 0.0897687 0.0409158 0.0801818 0.0906507 0.039127 0.0827366 0.0909326 0.0370815 0.0852386 0.0906029 0.0348628 0.0875852 0.089675 0.0325621 0.0896805 0.0881871 0.0302733 0.0914388 0.0861999 0.0280902 0.0927878 0.0837949 0.0261022 0.0936727 0.0810704 0.0243908 0.0940568 0.0781381 0.0230258 0.0939248 0.075118 0.0220632 0.0932818 0.0721338 0.0215426 0.0921543 0.0693075 0.021485 0.0905884 0.066755 0.0218929 0.0886482 0.0645807 0.0227496 0.0864132 0.0628736 0.0240201 0.0839747 0.0617037 0.0256523 0.0814328 0.122474 -0.0335815 -0.0318185 0.121969 -0.0357878 -0.0296335 0.0945456 -0.0403891 -0.0250768 0.0914205 -0.0365395 -0.0288891 0.118525 -0.0253217 -0.0399985 0.0927176 -0.0385742 -0.0268741 0.120353 -0.0271365 -0.0382012 0.12165 -0.0291712 -0.0361862 0.122366 -0.0313474 -0.034031 0.108647 -0.0441589 -0.0213435 0.105518 -0.0442359 -0.0212672 0.0907043 -0.0343633 -0.0310443 0.0905964 -0.0321292 -0.0332568 0.0911011 -0.0299229 -0.0354417 0.0921989 -0.0278293 -0.0375151 0.0938476 -0.0259289 -0.0393971 0.120872 -0.0378814 -0.0275602 0.119223 -0.0397818 -0.0256781 0.117086 -0.0414161 -0.0240597 0.0968344 -0.0419144 -0.0235662 0.102428 -0.0438755 -0.0216241 0.0994961 -0.0430916 -0.0224003 0.095984 -0.0242947 -0.0410156 0.0985257 -0.0229894 -0.0423083 0.101375 -0.0220632 -0.0432254 0.114545 -0.0427214 -0.0227671 0.111695 -0.0436475 -0.0218499 0.104423 -0.0215519 -0.0437318 0.107552 -0.0214749 -0.0438081 0.116236 -0.0237963 -0.0415091 0.110642 -0.0218352 -0.0434512 0.113574 -0.0226191 -0.0426749 0.115544 -0.035698 -0.0133726 0.118403 -0.0342298 -0.0148266 0.120806 -0.0323915 -0.0166471 0.122661 -0.0302539 -0.018764 0.123896 -0.027899 -0.0210961 0.124463 -0.0254174 -0.0235538 0.124342 -0.0229044 -0.0260425 0.123536 -0.0204566 -0.0284666 0.122077 -0.0181679 -0.0307331 0.120021 -0.0161266 -0.0327548 0.117447 -0.0144108 -0.0344539 0.114453 -0.0130867 -0.0357652 0.111155 -0.012205 -0.0366384 0.107679 -0.0117997 -0.0370398 0.10416 -0.0118863 -0.036954 0.100731 -0.0124615 -0.0363844 0.0975261 -0.0135032 -0.0353528 0.094667 -0.0149714 -0.0338988 0.092264 -0.0168096 -0.0320783 0.0904095 -0.0189472 -0.0299614 0.0891747 -0.0213021 -0.0276293 0.088607 -0.0237838 -0.0251716 0.0887283 -0.0262968 -0.0226829 0.089534 -0.0287446 -0.0202587 0.0909929 -0.0310332 -0.0179922 0.0930491 -0.0330746 -0.0159706 0.0956236 -0.0347904 -0.0142714 0.0986174 -0.0361145 -0.0129601 0.101916 -0.0369961 -0.012087 0.105391 -0.0374015 -0.0116856 0.108911 -0.0373149 -0.0117713 0.112339 -0.0367397 -0.012341 0.116259 -0.0282829 -0.00428496 0.119345 -0.0266982 -0.00585434 0.121939 -0.0247142 -0.00781926 0.123941 -0.0224069 -0.0101042 0.125273 -0.0198652 -0.0126214 0.125886 -0.0171866 -0.0152741 0.125755 -0.0144741 -0.0179603 0.124886 -0.011832 -0.0205768 0.123311 -0.00936176 -0.0230232 0.121092 -0.00715838 -0.0252053 0.118313 -0.00530649 -0.0270393 0.115081 -0.00387724 -0.0284547 0.111521 -0.00292556 -0.0293971 0.10777 -0.0024881 -0.0298304 0.103971 -0.0025816 -0.0297378 0.100271 -0.00320245 -0.029123 0.0968111 -0.0043268 -0.0280094 0.0937251 -0.0059115 -0.0264401 0.0911315 -0.00789561 -0.0244752 0.0891298 -0.0102029 -0.0221902 0.087797 -0.0127446 -0.0196731 0.0871843 -0.0154232 -0.0170204 0.0873152 -0.0181357 -0.0143341 0.0881847 -0.0207778 -0.0117176 0.0897595 -0.023248 -0.00927123 0.0919789 -0.0254514 -0.00708916 0.0947577 -0.0273033 -0.00525517 0.0979891 -0.0287326 -0.00383975 0.101549 -0.0296842 -0.00289727 0.1053 -0.0301217 -0.00246404 0.109099 -0.0300282 -0.00255663 0.1128 -0.0294074 -0.00317148 0.116683 -0.0205459 0.00441065 0.119903 -0.0188922 0.00277289 0.12261 -0.0168216 0.000722431 0.124699 -0.0144139 -0.00166203 0.12609 -0.0117614 -0.00428884 0.126729 -0.00896614 -0.00705708 0.126592 -0.00613553 -0.00986032 0.125685 -0.00337831 -0.0125909 0.124042 -0.000800535 -0.0151437 0.121726 0.00149878 -0.0174209 0.118826 0.00343135 -0.0193348 0.115454 0.00492285 -0.0208119 0.111739 0.00591596 -0.0217953 0.107824 0.0063725 -0.0222475 0.103859 0.00627497 -0.0221509 0.0999979 0.00562708 -0.0215092 0.0963875 0.00445372 -0.0203472 0.0931672 0.00279997 -0.0187095 0.0904605 0.000729486 -0.016659 0.0883716 -0.00167826 -0.0142745 0.0869807 -0.00433072 -0.0116477 0.0863413 -0.00712599 -0.00887944 0.086478 -0.0099566 -0.0060762 0.0873854 -0.0127138 -0.00334564 0.0890287 -0.0152916 -0.000792794 0.0913448 -0.017591 0.00148429 0.0942446 -0.0195236 0.00339817 0.0976168 -0.0210151 0.00487525 0.101332 -0.0220081 0.00585875 0.105247 -0.0224647 0.00631088 0.109211 -0.0223672 0.00621429 0.113073 -0.0217193 0.00557267 0.116819 -0.0124873 0.0127238 0.120083 -0.0108114 0.011064 0.122826 -0.00871303 0.00898599 0.124943 -0.00627292 0.00656947 0.126352 -0.00358482 0.00390736 0.127 -0.000752081 0.00110198 0.126862 0.0021165 -0.00173882 0.125942 0.00491075 -0.00450605 0.124277 0.00752317 -0.00709321 0.12193 0.00985341 -0.00940091 0.118991 0.0118119 -0.0113405 0.115573 0.0133235 -0.0128374 0.111808 0.0143299 -0.0138341 0.107841 0.0147926 -0.0142923 0.103824 0.0146937 -0.0141944 0.0999101 0.0140371 -0.0135441 0.0962512 0.012848 -0.0123666 0.0929876 0.011172 -0.0107068 0.0902447 0.00907373 -0.00862878 0.0881277 0.00663362 -0.00621226 0.0867182 0.00394552 -0.00355015 0.0860702 0.00111274 -0.000744809 0.0862087 -0.0017558 0.00209603 0.0871282 -0.00455005 0.00486326 0.0887937 -0.00716247 0.00745042 0.0911408 -0.00949271 0.00975812 0.0940797 -0.0114512 0.0116977 0.0974971 -0.0129628 0.0131946 0.101262 -0.0139692 0.0141913 0.105229 -0.0144319 0.0146495 0.109247 -0.014333 0.0145516 0.11316 -0.0136764 0.0139014 0.116671 -0.00410121 0.0206678 0.119888 -0.00244938 0.0190319 0.122591 -0.000381284 0.0169838 0.124678 0.00202366 0.0146021 0.126067 0.00467311 0.0119782 0.126706 0.00746513 0.00921322 0.126569 0.0102925 0.0064132 0.125663 0.0130465 0.0036858 0.124022 0.0156214 0.00113584 0.121708 0.0179181 -0.00113859 0.118812 0.0198484 -0.00305026 0.115443 0.0213382 -0.00452567 0.111733 0.0223301 -0.00550804 0.107822 0.0227862 -0.00595963 0.103862 0.0226887 -0.0058631 0.100005 0.0220416 -0.0052222 0.0963992 0.0208696 -0.00406155 0.0931826 0.0192178 -0.0024257 0.0904791 0.0171496 -0.000377597 0.0883926 0.0147446 0.00200409 0.0870033 0.0120952 0.00462792 0.0863646 0.00930318 0.00739294 0.0865011 0.00647582 0.010193 0.0874075 0.00372179 0.0129204 0.0890489 0.00114693 0.0154703 0.0913623 -0.0011497 0.0177448 0.0942588 -0.00308005 0.0196565 0.0976271 -0.00456986 0.0211319 0.101338 -0.00556182 0.0221143 0.105248 -0.00601783 0.0225659 0.109208 -0.00592035 0.0224693 0.113065 -0.00527319 0.0218284 0.116241 0.00461291 0.0282482 0.119321 0.00619459 0.0266818 0.12191 0.00817503 0.0247206 0.123908 0.0104779 0.0224399 0.125238 0.0130149 0.0199275 0.12585 0.0156885 0.0172798 0.125719 0.0183959 0.0145986 0.124851 0.021033 0.0119869 0.123279 0.0234986 0.0095452 0.121064 0.0256978 0.00736719 0.118291 0.0275462 0.00553666 0.115065 0.0289728 0.00412392 0.111512 0.0299227 0.00318322 0.107768 0.0303593 0.00275077 0.103976 0.030266 0.00284319 0.100283 0.0296463 0.0034569 0.0968294 0.0285241 0.0045683 0.0937492 0.0269424 0.00613469 0.0911604 0.024962 0.00809597 0.0891625 0.022659 0.0103766 0.0878322 0.0201221 0.0128891 0.0872206 0.0174485 0.0155368 0.0873513 0.0147412 0.018218 0.0882192 0.012104 0.0208296 0.0897909 0.00963841 0.0232713 0.0920062 0.00743912 0.0254493 0.0947798 0.00559072 0.0272799 0.0980052 0.00416419 0.0286927 0.101558 0.00321431 0.0296333 0.105303 0.00277763 0.0300658 0.109094 0.00287095 0.0299733 0.112788 0.00349066 0.0293597 0.11553 0.0136563 0.0354699 0.118385 0.0151222 0.0340183 0.120784 0.0169575 0.0322007 0.122636 0.0190918 0.030087 0.123868 0.021443 0.0277586 0.124435 0.0239207 0.0253048 0.124314 0.0264298 0.02282 0.12351 0.0288739 0.0203996 0.122053 0.0311589 0.0181367 0.12 0.033197 0.0161182 0.11743 0.0349101 0.0144217 0.114441 0.0362322 0.0131124 0.111148 0.0371125 0.0122406 0.107677 0.0375172 0.0118398 0.104163 0.0374307 0.0119255 0.10074 0.0368564 0.0124942 0.0975402 0.0358163 0.0135242 0.0946856 0.0343504 0.014976 0.0922864 0.0325151 0.0167936 0.0904348 0.0303808 0.0189072 0.0892019 0.0280296 0.0212356 0.0886351 0.0255518 0.0236894 0.0887562 0.0230428 0.0261743 0.0895606 0.0205988 0.0285946 0.0910172 0.0183138 0.0308576 0.0930703 0.0162756 0.032876 0.0956407 0.0145625 0.0345725 0.0986298 0.0132404 0.0358818 0.101923 0.0123602 0.0367536 0.105393 0.0119555 0.0371544 0.108907 0.0120419 0.0370688 0.11233 0.0126162 0.0365 0.114545 0.0229894 0.0423083 0.117086 0.0242946 0.0410156 0.119223 0.0259289 0.0393971 0.120872 0.0278293 0.0375151 0.121969 0.0299229 0.0354417 0.122474 0.0321292 0.0332568 0.122366 0.0343633 0.0310443 0.12165 0.0365395 0.0288891 0.120353 0.0385742 0.0268741 0.118525 0.0403891 0.0250768 0.116236 0.0419144 0.0235662 0.113574 0.0430916 0.0224003 0.110642 0.0438755 0.0216241 0.107552 0.0442359 0.0212672 0.104423 0.0441589 0.0213435 0.101375 0.0436475 0.0218499 0.0985257 0.0427213 0.0227671 0.095984 0.0414161 0.0240597 0.0938476 0.0397818 0.0256781 0.0921989 0.0378814 0.0275602 0.0911011 0.0357878 0.0296335 0.0905964 0.0335815 0.0318185 0.0907043 0.0313474 0.034031 0.0914205 0.0291712 0.0361862 0.0927176 0.0271365 0.0382012 0.0945456 0.0253216 0.0399985 0.0968344 0.0237963 0.0415091 0.0994961 0.0226191 0.0426749 0.102428 0.0218352 0.0434512 0.105518 0.0214749 0.0438081 0.108647 0.0215518 0.0437318 0.111695 0.0220632 0.0432254 0.0663437 -0.0381313 -0.0698416 0.0867474 -0.0286293 -0.0924876 0.0886148 -0.0308479 -0.0910287 0.068837 -0.0400584 -0.0690774 0.0899655 -0.0331486 -0.0891775 0.0716234 -0.0416906 -0.0688197 0.0907442 -0.0354374 -0.0870098 0.0745887 -0.042961 -0.0690789 0.0909189 -0.0376205 -0.0846142 0.0776114 -0.0438178 -0.0698443 0.0904827 -0.0396084 -0.082089 0.080568 -0.0442257 -0.0710848 0.0894532 -0.0413199 -0.0795375 0.0833372 -0.0441682 -0.0727494 0.0878726 -0.0426849 -0.0770641 0.0858058 -0.0436475 -0.0747701 0.0647279 -0.0365395 -0.0707289 0.0642454 -0.0359882 -0.0710808 0.062628 -0.0337169 -0.0727443 0.0650916 -0.0224914 -0.0870035 0.067371 -0.0217459 -0.0891719 0.0700034 -0.0214553 -0.0910241 0.0728811 -0.0216314 -0.0924842 0.0615578 -0.0314102 -0.0747642 0.0610787 -0.0291628 -0.0770576 0.0612101 -0.0270666 -0.0795306 0.0619467 -0.0252073 -0.0820821 0.0632585 -0.0236611 -0.0846075 0.0758861 -0.022267 -0.0934923 0.0788956 -0.0233361 -0.0940073 0.0844397 -0.0265837 -0.0934944 0.0817862 -0.0247949 -0.094008 0.0669285 -0.0279516 -0.0625288 0.0692935 -0.0303671 -0.061132 0.0721039 -0.0325392 -0.0602707 0.0752445 -0.0343789 -0.0599802 0.0785867 -0.0358109 -0.0602723 0.0819939 -0.0367766 -0.0611351 0.0853263 -0.0372364 -0.0625333 0.0884475 -0.0371715 -0.0644096 0.09123 -0.0365846 -0.0666872 0.0935596 -0.0354996 -0.0692728 0.0953411 -0.0339612 -0.0720606 0.0965014 -0.0320321 -0.0749366 0.0969932 -0.0297913 -0.0777828 0.0967962 -0.0273308 -0.0804829 0.0959185 -0.024751 -0.0829262 0.0943961 -0.0221577 -0.0850127 0.0922913 -0.0196571 -0.0866571 0.0896902 -0.0173514 -0.0877919 0.0866994 -0.0153352 -0.0883708 0.0834412 -0.0136909 -0.08837 0.0800492 -0.0124859 -0.0877896 0.076662 -0.0117695 -0.0866533 0.0734185 -0.011571 -0.0850076 0.0704514 -0.0118986 -0.0829199 0.0678822 -0.0127388 -0.0804758 0.065816 -0.0140573 -0.0777752 0.0643376 -0.0158 -0.0749287 0.0635073 -0.0178957 -0.0720529 0.0633591 -0.0202584 -0.0692654 0.0638992 -0.0227916 -0.0666805 0.0651055 -0.0253915 -0.0644039 0.0988265 -0.0279072 -0.0616079 0.10075 -0.0262459 -0.0646184 0.102003 -0.0241628 -0.067724 0.102534 -0.0217431 -0.0707975 0.102322 -0.019086 -0.0737132 0.101374 -0.0163002 -0.0763516 0.0997297 -0.0134998 -0.0786048 0.0974569 -0.0107995 -0.0803805 0.0946481 -0.00830971 -0.0816059 0.0914184 -0.00613246 -0.0822311 0.0879 -0.00435691 -0.0822302 0.0842371 -0.00305566 -0.0816034 0.0805795 -0.00228201 -0.0803763 0.077077 -0.00206767 -0.0785993 0.073873 -0.00242145 -0.0763449 0.0710986 -0.00332876 -0.0737055 0.0688674 -0.00475252 -0.0707893 0.0672709 -0.0066344 -0.0677155 0.0663742 -0.00889745 -0.06461 0.0662143 -0.0114489 -0.0616 0.0667975 -0.0141844 -0.0588086 0.0681001 -0.0169919 -0.0563501 0.0700686 -0.0197564 -0.0543254 0.0726226 -0.0223648 -0.052817 0.0756574 -0.0247104 -0.051887 0.0790488 -0.026697 -0.0515732 0.082658 -0.0282433 -0.0518887 0.0863371 -0.0292861 -0.0528204 0.0899356 -0.0297826 -0.0543302 0.0933062 -0.0297126 -0.0563563 0.0963108 -0.0290788 -0.0588158 0.103623 -0.0199809 -0.0541433 0.105629 -0.0182486 -0.0572825 0.106935 -0.0160764 -0.0605208 0.107489 -0.0135533 -0.0637257 0.107267 -0.0107826 -0.066766 0.106279 -0.00787779 -0.0695173 0.104564 -0.00495771 -0.0718667 0.102194 -0.00214191 -0.0737183 0.0992656 0.000454244 -0.0749962 0.0958978 0.00272453 -0.075648 0.0922291 0.004576 -0.0756471 0.0884096 0.00593287 -0.0749936 0.0845956 0.00673958 -0.073714 0.0809434 0.00696307 -0.071861 0.0776024 0.00659424 -0.0695103 0.0747094 0.0056481 -0.0667581 0.0723829 0.00416352 -0.0637171 0.0707181 0.00220115 -0.060512 0.0697832 -0.000158575 -0.0572737 0.0696163 -0.00281905 -0.054135 0.0702245 -0.00567146 -0.0512243 0.0715827 -0.00859894 -0.0486608 0.0736354 -0.0114817 -0.0465495 0.0762986 -0.0142016 -0.0449767 0.0794631 -0.0166474 -0.0440069 0.0829995 -0.0187189 -0.0436797 0.0867629 -0.0203314 -0.0440086 0.0905993 -0.0214188 -0.0449802 0.0943517 -0.0219365 -0.0465545 0.0978664 -0.0218635 -0.0486672 0.100999 -0.0212026 -0.0512319 0.107958 -0.0117202 -0.0468714 0.109987 -0.00996786 -0.0500467 0.111308 -0.00777068 -0.0533222 0.111868 -0.00521858 -0.0565641 0.111644 -0.00241603 -0.0596393 0.110644 0.000522203 -0.0624222 0.10891 0.00347584 -0.0647987 0.106513 0.00632404 -0.0666716 0.10355 0.00895007 -0.0679641 0.100144 0.0112465 -0.0686235 0.096433 0.0131192 -0.0686226 0.0925695 0.0144917 -0.0679615 0.0887117 0.0153077 -0.0666672 0.0850175 0.0155338 -0.0647928 0.081638 0.0151607 -0.0624151 0.0787118 0.0142037 -0.0596313 0.0763585 0.012702 -0.0565554 0.0746746 0.0107171 -0.0533133 0.0737289 0.00833018 -0.0500378 0.0735601 0.00563907 -0.046863 0.0741753 0.00275385 -0.0439188 0.0755491 -0.000207279 -0.0413258 0.0776255 -0.00312315 -0.0391902 0.0803192 -0.00587435 -0.0375993 0.0835201 -0.0083483 -0.0366184 0.0870972 -0.0104437 -0.0362874 0.0909039 -0.0120747 -0.0366202 0.0947845 -0.0131745 -0.0376029 0.09858 -0.0136982 -0.0391953 0.102135 -0.0136243 -0.0413323 0.105304 -0.0129558 -0.0439265 0.111841 -0.00311906 -0.039782 0.113834 -0.00139733 -0.0429018 0.115133 0.00076141 -0.0461202 0.115683 0.00326891 -0.0493053 0.115463 0.00602252 -0.0523269 0.114481 0.00890943 -0.0550611 0.112777 0.0118115 -0.0573961 0.110422 0.0146099 -0.0592363 0.107511 0.01719 -0.0605062 0.104164 0.0194464 -0.061154 0.100518 0.0212864 -0.0611531 0.0967217 0.022635 -0.0605036 0.0929313 0.0234367 -0.059232 0.0893016 0.0236588 -0.0573904 0.0859812 0.0232922 -0.0550541 0.0831061 0.0223519 -0.0523189 0.0807939 0.0208765 -0.0492968 0.0791394 0.0189262 -0.0461113 0.0782102 0.0165811 -0.0428931 0.0780444 0.0139369 -0.0397737 0.0786488 0.0111021 -0.036881 0.0799987 0.00819267 -0.0343333 0.0820388 0.00532774 -0.032235 0.0846854 0.00262458 -0.0306719 0.0878304 0.000193904 -0.0297081 0.091345 -0.00186484 -0.0293829 0.0950852 -0.0034673 -0.0297098 0.098898 -0.004548 -0.0306754 0.102627 -0.00506253 -0.03224 0.10612 -0.00498992 -0.0343397 0.109234 -0.00433313 -0.0368885 0.115278 0.00582318 -0.032871 0.117178 0.00746405 -0.0358444 0.118415 0.00952155 -0.0389117 0.11894 0.0119114 -0.0419474 0.11873 0.0145358 -0.0448272 0.117794 0.0172873 -0.0474331 0.11617 0.0200532 -0.0496586 0.113925 0.0227203 -0.0514124 0.111151 0.0251794 -0.0526227 0.107961 0.0273298 -0.0532401 0.104486 0.0290836 -0.0532393 0.100868 0.0303688 -0.0526202 0.0972553 0.0311329 -0.0514083 0.093796 0.0313446 -0.0496531 0.0906314 0.0309952 -0.0474265 0.0878911 0.0300991 -0.0448196 0.0856875 0.0286928 -0.0419393 0.0841106 0.0268341 -0.0389033 0.083225 0.0245989 -0.0358361 0.083067 0.0220789 -0.0328631 0.0836431 0.0193771 -0.0301061 0.0849296 0.0166042 -0.0276779 0.0868739 0.0138737 -0.0256781 0.0893964 0.0112973 -0.0241883 0.0923938 0.00898071 -0.0232697 0.0957435 0.00701852 -0.0229598 0.0993082 0.00549126 -0.0232714 0.102942 0.00446131 -0.0241916 0.106496 0.00397086 -0.0256828 0.109825 0.0040401 -0.027684 0.112793 0.00466607 -0.0301132 0.118272 0.0151078 -0.0261347 0.12002 0.016618 -0.0288713 0.121159 0.0185116 -0.0316943 0.121642 0.0207111 -0.0344883 0.121449 0.0231265 -0.0371387 0.120587 0.0256588 -0.0395371 0.119093 0.0282044 -0.0415852 0.117027 0.0306591 -0.0431994 0.114473 0.0329223 -0.0443134 0.111537 0.0349015 -0.0448816 0.108339 0.0365156 -0.0448808 0.10501 0.0376985 -0.044311 0.101685 0.0384017 -0.0431956 0.0985009 0.0385965 -0.0415802 0.0955883 0.0382749 -0.0395309 0.0930663 0.0374502 -0.0371318 0.0910382 0.036156 -0.0344808 0.0895869 0.0344453 -0.0316866 0.0887718 0.0323881 -0.0288637 0.0886264 0.0300688 -0.0261275 0.0891566 0.0275822 -0.0235901 0.0903406 0.0250301 -0.0213553 0.0921301 0.0225171 -0.0195147 0.0944517 0.0201459 -0.0181436 0.0972104 0.0180138 -0.0172982 0.100293 0.016208 -0.017013 0.103574 0.0148023 -0.0172998 0.106919 0.0138544 -0.0181467 0.11019 0.013403 -0.0195191 0.113254 0.0134667 -0.0213609 0.115985 0.0140428 -0.0235966 0.0988813 0.0275794 -0.0134846 0.0972656 0.0291712 -0.014372 0.096783 0.0297225 -0.0147239 0.0951657 0.0319938 -0.0163874 0.0940955 0.0343005 -0.0184073 0.0936163 0.0365479 -0.0207007 0.0937477 0.0386442 -0.0231737 0.0944844 0.0405034 -0.0257252 0.0957961 0.0420496 -0.0282506 0.0976292 0.0432193 -0.0306466 0.0999087 0.0439648 -0.032815 0.102541 0.0442554 -0.0346672 0.105419 0.0440793 -0.0361272 0.108424 0.0434437 -0.0371354 0.111433 0.0423746 -0.0376503 0.114324 0.0409158 -0.0376511 0.116977 0.039127 -0.0371375 0.119285 0.0370815 -0.0361306 0.121152 0.0348628 -0.0346717 0.122503 0.0325621 -0.0328206 0.123282 0.0302733 -0.0306528 0.123457 0.0280902 -0.0282574 0.12302 0.0261022 -0.0257321 0.121991 0.0243908 -0.0231806 0.12041 0.0230258 -0.0207072 0.118343 0.0220632 -0.0184132 0.115875 0.0215426 -0.0163925 0.113106 0.021485 -0.0147279 0.110149 0.0218929 -0.0134874 0.107126 0.0227496 -0.0127219 0.104161 0.0240201 -0.0124628 0.101375 0.0256523 -0.0127206 0.0225345 -0.0381313 -0.0936565 0.0288816 -0.0286293 -0.12347 0.0312283 -0.0308479 -0.123141 0.0250759 -0.0400584 -0.0942414 0.0333236 -0.0331486 -0.122213 0.0276178 -0.0416906 -0.0954113 0.0350818 -0.0354374 -0.120725 0.0300562 -0.042961 -0.0971184 0.036431 -0.0376205 -0.118738 0.0322913 -0.0438178 -0.0992927 0.0373157 -0.0396084 -0.116332 0.0342315 -0.0442257 -0.101845 0.0376999 -0.0413199 -0.113608 0.0357974 -0.0441682 -0.104672 0.0375679 -0.0426849 -0.110676 0.0369249 -0.0436475 -0.107656 0.0206915 -0.0365395 -0.093617 0.0200977 -0.0359882 -0.0936805 0.0263797 -0.0265837 -0.123188 0.0178652 -0.0337169 -0.0943125 0.0238249 -0.0247949 -0.122306 0.0159285 -0.0314102 -0.0955266 0.0213219 -0.0233361 -0.12086 0.0143668 -0.0291628 -0.0972731 0.0189731 -0.022267 -0.11891 0.0132442 -0.0270666 -0.0994806 0.0168747 -0.0216314 -0.116534 0.0126064 -0.0252073 -0.102059 0.0151126 -0.0214553 -0.113831 0.0124797 -0.0236611 -0.104901 0.013759 -0.0217459 -0.110911 0.0128692 -0.0224914 -0.107893 0.0267229 -0.0279207 -0.0875937 0.0294705 -0.0303371 -0.0875665 0.0323361 -0.03251 -0.0882261 0.0352022 -0.0343503 -0.0895453 0.0379517 -0.0357829 -0.0914701 0.0404718 -0.0367489 -0.0939217 0.0426594 -0.0372089 -0.0967999 0.0444251 -0.0371439 -0.0999865 0.0456964 -0.0365568 -0.103351 0.0464214 -0.0354715 -0.106757 0.0465703 -0.0339325 -0.110063 0.0461371 -0.0320027 -0.113135 0.0451395 -0.0297611 -0.115847 0.0436183 -0.0272996 -0.118087 0.0416358 -0.0247189 -0.119765 0.0392732 -0.0221246 -0.120811 0.0366272 -0.0196231 -0.121183 0.0338062 -0.0173166 -0.120865 0.0309255 -0.0152996 -0.119871 0.0281033 -0.0136547 -0.11824 0.0254549 -0.0124493 -0.116041 0.0230889 -0.0117326 -0.113362 0.021102 -0.0115341 -0.110314 0.0195757 -0.0118618 -0.107022 0.0185724 -0.0127023 -0.103619 0.0181332 -0.0140212 -0.100246 0.0182761 -0.0157646 -0.0970403 0.0189952 -0.0178611 -0.0941336 0.0202611 -0.0202247 -0.0916445 0.022022 -0.0227588 -0.0896753 0.0242057 -0.0253596 -0.0883063 0.0548445 -0.0278479 -0.102736 0.0550053 -0.0261858 -0.106307 0.0545374 -0.0241017 -0.109624 0.0534601 -0.021681 -0.112553 0.0518173 -0.0190227 -0.114973 0.0496763 -0.0162357 -0.116785 0.0471249 -0.0134341 -0.117914 0.0442674 -0.0107325 -0.118316 0.0412208 -0.00824162 -0.117973 0.0381099 -0.0060634 -0.116899 0.035062 -0.00428707 -0.115138 0.0322019 -0.00298522 -0.112763 0.0296467 -0.00221127 -0.10987 0.0275011 -0.00199681 -0.106578 0.0258527 -0.0023507 -0.103022 0.0247692 -0.00325844 -0.0993478 0.0242949 -0.00468281 -0.095705 0.0244492 -0.00656559 -0.0922432 0.0252258 -0.00882959 -0.0891041 0.0265929 -0.0113822 -0.0864161 0.0284945 -0.0141189 -0.0842894 0.0308529 -0.0169276 -0.082811 0.0335713 -0.0196934 -0.0820414 0.0365386 -0.022303 -0.0820121 0.0396332 -0.0246496 -0.0827244 0.0427285 -0.0266371 -0.084149 0.0456977 -0.0281841 -0.0862277 0.0484193 -0.0292273 -0.0888753 0.0507818 -0.0297241 -0.0919835 0.0526886 -0.029654 -0.095425 0.0540616 -0.0290199 -0.0990589 0.0627558 -0.019888 -0.0986537 0.0629234 -0.0181551 -0.102376 0.0624356 -0.0159823 -0.105835 0.0613124 -0.0134584 -0.108889 0.0595996 -0.0106869 -0.111411 0.0573675 -0.00778115 -0.1133 0.0547074 -0.00486023 -0.114478 0.0517281 -0.00204359 -0.114897 0.0485518 0.000553326 -0.114539 0.0453084 0.00282429 -0.113419 0.0421307 0.0046763 -0.111584 0.0391488 0.0060336 -0.109107 0.0364847 0.00684055 -0.106091 0.0342477 0.0070641 -0.102659 0.0325291 0.00669515 -0.0989519 0.0313995 0.00574876 -0.0951208 0.030905 0.00426371 -0.0913229 0.0310658 0.00230073 -0.0877136 0.0318755 -5.96789e-05 -0.0844408 0.0333009 -0.00272098 -0.0816383 0.0352835 -0.00557422 -0.079421 0.0377422 -0.00850261 -0.0778796 0.0405765 -0.0113861 -0.0770772 0.0436701 -0.0141069 -0.0770467 0.0468965 -0.0165534 -0.0777893 0.0501237 -0.0186256 -0.0792746 0.0532193 -0.0202386 -0.0814419 0.0560569 -0.0213262 -0.0842022 0.0585201 -0.0218441 -0.0874428 0.0605081 -0.021771 -0.0910309 0.0619395 -0.02111 -0.0948196 0.0701676 -0.011591 -0.0945068 0.0703372 -0.00983878 -0.098271 0.069844 -0.00764172 -0.101768 0.0687082 -0.00508974 -0.104856 0.0669763 -0.00228731 -0.107407 0.0647193 0.000650747 -0.109317 0.0620295 0.00360427 -0.110508 0.0590171 0.00645228 -0.110931 0.0558053 0.00907819 -0.110569 0.0525257 0.0113745 -0.109437 0.0493126 0.0132472 -0.107581 0.0462974 0.0146196 -0.105077 0.0436037 0.0154355 -0.102027 0.0413417 0.0156616 -0.098557 0.039604 0.0152885 -0.0948083 0.0384618 0.0143316 -0.0909345 0.0379618 0.01283 -0.0870943 0.0381244 0.0108451 -0.0834448 0.0389431 0.00845836 -0.0801354 0.0403844 0.00576737 -0.0773017 0.042389 0.00288227 -0.0750597 0.0448753 -7.87005e-05 -0.0735011 0.047741 -0.00299437 -0.0726898 0.0508692 -0.00574551 -0.0726589 0.0541316 -0.00821928 -0.0734098 0.0573947 -0.0103145 -0.0749117 0.0605249 -0.0119455 -0.0771031 0.063394 -0.0130452 -0.0798943 0.0658847 -0.0135689 -0.0831709 0.0678949 -0.0134951 -0.086799 0.0693423 -0.0128266 -0.0906299 0.0770936 -0.00295114 -0.0902917 0.0772601 -0.0012305 -0.093988 0.0767758 0.000926911 -0.0974223 0.0756605 0.00343286 -0.100454 0.0739598 0.00618472 -0.102959 0.0717435 0.00906982 -0.104835 0.0691022 0.0119701 -0.106004 0.0661441 0.0147667 -0.10642 0.0629903 0.0173453 -0.106064 0.0597698 0.0196002 -0.104953 0.0566146 0.0214391 -0.10313 0.0536539 0.0227868 -0.100671 0.0510087 0.023588 -0.0976764 0.0487875 0.02381 -0.0942689 0.0470811 0.0234436 -0.0905877 0.0459595 0.0225039 -0.0867838 0.0454685 0.0210294 -0.0830128 0.0456282 0.0190804 -0.0794291 0.0464322 0.0167366 -0.0761794 0.0478474 0.0140942 -0.0733969 0.049816 0.0112612 -0.0711952 0.0522573 0.00835354 -0.0696648 0.0550714 0.00549042 -0.0688681 0.0581432 0.00278895 -0.0688378 0.0613467 0.000359758 -0.0695751 0.064551 -0.0016977 -0.0710499 0.0676248 -0.0032992 -0.0732018 0.0704422 -0.00437918 -0.0759426 0.0728879 -0.00489341 -0.0791602 0.0748618 -0.00482086 -0.0827228 0.0762831 -0.00416443 -0.0864847 0.0835399 0.0060324 -0.0860072 0.0836985 0.00767086 -0.089527 0.0832373 0.00972529 -0.0927973 0.0821752 0.0121116 -0.0956843 0.0805558 0.0147321 -0.0980696 0.0784453 0.0174795 -0.0998557 0.0759301 0.0202413 -0.100969 0.0731132 0.0229044 -0.101365 0.07011 0.0253598 -0.101027 0.0670433 0.0275071 -0.0999682 0.0640388 0.0292582 -0.0982325 0.0612194 0.0305415 -0.0958909 0.0587005 0.0313045 -0.0930393 0.0565853 0.0315158 -0.0897945 0.0549604 0.0311669 -0.0862891 0.0538924 0.0302722 -0.0826668 0.0534248 0.028868 -0.0790759 0.0535769 0.027012 -0.0756632 0.0543425 0.0247802 -0.0725688 0.0556901 0.0222639 -0.069919 0.0575647 0.0195662 -0.0678225 0.0598894 0.0167974 -0.0663651 0.0625693 0.0140709 -0.0656065 0.0654943 0.0114984 -0.0655776 0.0685449 0.00918523 -0.0662797 0.0715962 0.00722599 -0.0676841 0.0745232 0.00570096 -0.0697332 0.0772061 0.00467251 -0.0723432 0.079535 0.00418285 -0.0754072 0.0814147 0.00425197 -0.0787997 0.0827682 0.00487697 -0.082382 0.0895119 0.0153609 -0.0816522 0.0896576 0.0168669 -0.0848875 0.0892337 0.0187553 -0.0878935 0.0882575 0.0209487 -0.0905471 0.0867689 0.0233574 -0.0927397 0.0848291 0.0258827 -0.0943814 0.0825172 0.0284213 -0.0954051 0.0799279 0.0308692 -0.0957689 0.0771675 0.0331262 -0.0954579 0.0743487 0.0350999 -0.0944848 0.071587 0.0367094 -0.0928894 0.0689954 0.037889 -0.0907371 0.0666801 0.0385903 -0.088116 0.064736 0.0387846 -0.0851333 0.0632424 0.038464 -0.0819113 0.0622606 0.0376414 -0.0785818 0.0618309 0.0363508 -0.0752811 0.0619707 0.0346448 -0.0721443 0.0626743 0.0325934 -0.0692999 0.0639131 0.0302805 -0.0668643 0.0656362 0.0278008 -0.0649373 0.067773 0.0252558 -0.0635977 0.0702362 0.0227497 -0.0629004 0.0729248 0.0203851 -0.0628738 0.0757289 0.0182589 -0.0635192 0.0785336 0.016458 -0.0648101 0.0812239 0.0150563 -0.0666936 0.08369 0.014111 -0.0690926 0.0858308 0.0136609 -0.0719089 0.0875585 0.0137244 -0.0750273 0.0888025 0.0142989 -0.0783199 0.0788914 0.0275794 -0.0611187 0.0770484 0.0291712 -0.0610793 0.0764546 0.0297225 -0.0611428 0.0742221 0.0319938 -0.0617748 0.0722854 0.0343005 -0.062989 0.0707237 0.0365479 -0.0647355 0.0696011 0.0386442 -0.0669429 0.0689633 0.0405034 -0.0695209 0.0688366 0.0420496 -0.0723638 0.0692261 0.0432193 -0.0753554 0.0701159 0.0439648 -0.078373 0.0714695 0.0442554 -0.0812932 0.0732316 0.0440793 -0.0839965 0.07533 0.0434437 -0.0863721 0.0776788 0.0423746 -0.0883228 0.0801818 0.0409158 -0.0897687 0.0827366 0.039127 -0.0906507 0.0852386 0.0370815 -0.0909326 0.0875852 0.0348628 -0.0906029 0.0896805 0.0325621 -0.089675 0.0914388 0.0302733 -0.0881871 0.0927878 0.0280902 -0.0861999 0.0936727 0.0261022 -0.0837949 0.0940568 0.0243908 -0.0810704 0.0939248 0.0230258 -0.0781381 0.0932818 0.0220632 -0.075118 0.0921543 0.0215426 -0.0721338 0.0905884 0.021485 -0.0693075 0.0886482 0.0218929 -0.066755 0.0864132 0.0227496 -0.0645807 0.0839747 0.0240201 -0.0628736 0.0814328 0.0256523 -0.0617037 -0.034031 -0.0313474 -0.122366 -0.0310443 -0.0343633 -0.0907043 -0.0332568 -0.0321292 -0.0905964 -0.0288891 -0.0365395 -0.0914205 -0.0318185 -0.0335815 -0.122474 -0.0268741 -0.0385742 -0.0927176 -0.0296335 -0.0357878 -0.121969 -0.0250768 -0.0403891 -0.0945456 -0.0275602 -0.0378814 -0.120872 -0.0235662 -0.0419144 -0.0968344 -0.0256781 -0.0397818 -0.119223 -0.0224003 -0.0430916 -0.0994961 -0.0240597 -0.0414161 -0.117086 -0.0216241 -0.0438755 -0.102428 -0.0227671 -0.0427214 -0.114545 -0.0212672 -0.0442359 -0.105518 -0.0218499 -0.0436475 -0.111695 -0.0213435 -0.0441589 -0.108647 -0.0354417 -0.0299229 -0.0911011 -0.0375151 -0.0278293 -0.0921989 -0.0393971 -0.0259289 -0.0938476 -0.0410156 -0.0242947 -0.095984 -0.0423083 -0.0229894 -0.0985257 -0.0361862 -0.0291712 -0.12165 -0.0432254 -0.0220632 -0.101375 -0.0437318 -0.0215519 -0.104423 -0.0438081 -0.0214749 -0.107552 -0.0434512 -0.0218352 -0.110642 -0.0426749 -0.0226191 -0.113574 -0.0382012 -0.0271365 -0.120353 -0.0399985 -0.0253217 -0.118525 -0.0415091 -0.0237963 -0.116236 -0.0133726 -0.035698 -0.115544 -0.0148266 -0.0342298 -0.118403 -0.0166471 -0.0323915 -0.120806 -0.018764 -0.0302539 -0.122661 -0.0210961 -0.027899 -0.123896 -0.0235538 -0.0254174 -0.124463 -0.0260425 -0.0229044 -0.124342 -0.0284666 -0.0204566 -0.123536 -0.0307331 -0.0181679 -0.122077 -0.0327548 -0.0161266 -0.120021 -0.0344539 -0.0144108 -0.117447 -0.0357652 -0.0130867 -0.114453 -0.0366384 -0.012205 -0.111155 -0.0370398 -0.0117997 -0.107679 -0.036954 -0.0118863 -0.10416 -0.0363844 -0.0124615 -0.100731 -0.0353528 -0.0135032 -0.0975261 -0.0338988 -0.0149714 -0.094667 -0.0320783 -0.0168096 -0.092264 -0.0299614 -0.0189472 -0.0904095 -0.0276293 -0.0213021 -0.0891747 -0.0251716 -0.0237838 -0.088607 -0.0226829 -0.0262968 -0.0887283 -0.0202587 -0.0287446 -0.089534 -0.0179922 -0.0310332 -0.0909929 -0.0159706 -0.0330746 -0.0930491 -0.0142714 -0.0347904 -0.0956236 -0.0129601 -0.0361145 -0.0986174 -0.012087 -0.0369961 -0.101916 -0.0116856 -0.0374015 -0.105391 -0.0117713 -0.0373149 -0.108911 -0.012341 -0.0367397 -0.112339 -0.00428496 -0.0282829 -0.116259 -0.00585434 -0.0266982 -0.119345 -0.00781926 -0.0247142 -0.121939 -0.0101042 -0.0224069 -0.123941 -0.0126214 -0.0198652 -0.125273 -0.0152741 -0.0171866 -0.125886 -0.0179603 -0.0144741 -0.125755 -0.0205768 -0.011832 -0.124886 -0.0230232 -0.00936176 -0.123311 -0.0252053 -0.00715838 -0.121092 -0.0270393 -0.00530649 -0.118313 -0.0284547 -0.00387724 -0.115081 -0.0293971 -0.00292556 -0.111521 -0.0298304 -0.0024881 -0.10777 -0.0297378 -0.0025816 -0.103971 -0.029123 -0.00320245 -0.100271 -0.0280094 -0.0043268 -0.0968111 -0.0264401 -0.0059115 -0.0937251 -0.0244752 -0.00789561 -0.0911315 -0.0221902 -0.0102029 -0.0891298 -0.0196731 -0.0127446 -0.087797 -0.0170204 -0.0154232 -0.0871843 -0.0143341 -0.0181357 -0.0873152 -0.0117176 -0.0207778 -0.0881847 -0.00927123 -0.023248 -0.0897595 -0.00708916 -0.0254514 -0.0919789 -0.00525517 -0.0273033 -0.0947577 -0.00383975 -0.0287326 -0.0979891 -0.00289727 -0.0296842 -0.101549 -0.00246404 -0.0301217 -0.1053 -0.00255663 -0.0300282 -0.109099 -0.00317148 -0.0294074 -0.1128 0.00441065 -0.0205459 -0.116683 0.00277289 -0.0188922 -0.119903 0.000722431 -0.0168216 -0.12261 -0.00166203 -0.0144139 -0.124699 -0.00428884 -0.0117614 -0.12609 -0.00705708 -0.00896614 -0.126729 -0.00986032 -0.00613553 -0.126592 -0.0125909 -0.00337831 -0.125685 -0.0151437 -0.000800535 -0.124042 -0.0174209 0.00149878 -0.121726 -0.0193348 0.00343135 -0.118826 -0.0208119 0.00492285 -0.115454 -0.0217953 0.00591596 -0.111739 -0.0222475 0.0063725 -0.107824 -0.0221509 0.00627497 -0.103859 -0.0215092 0.00562708 -0.0999979 -0.0203472 0.00445372 -0.0963875 -0.0187095 0.00279997 -0.0931672 -0.016659 0.000729486 -0.0904605 -0.0142745 -0.00167826 -0.0883716 -0.0116477 -0.00433072 -0.0869807 -0.00887944 -0.00712599 -0.0863413 -0.0060762 -0.0099566 -0.086478 -0.00334564 -0.0127138 -0.0873854 -0.000792794 -0.0152916 -0.0890287 0.00148429 -0.017591 -0.0913448 0.00339817 -0.0195236 -0.0942446 0.00487525 -0.0210151 -0.0976168 0.00585875 -0.0220081 -0.101332 0.00631088 -0.0224647 -0.105247 0.00621429 -0.0223672 -0.109211 0.00557267 -0.0217193 -0.113073 0.0127238 -0.0124873 -0.116819 0.011064 -0.0108114 -0.120083 0.00898599 -0.00871303 -0.122826 0.00656947 -0.00627292 -0.124943 0.00390736 -0.00358482 -0.126352 0.00110198 -0.000752081 -0.127 -0.00173882 0.0021165 -0.126862 -0.00450605 0.00491075 -0.125942 -0.00709321 0.00752317 -0.124277 -0.00940091 0.00985341 -0.12193 -0.0113405 0.0118119 -0.118991 -0.0128374 0.0133235 -0.115573 -0.0138341 0.0143299 -0.111808 -0.0142923 0.0147926 -0.107841 -0.0141944 0.0146937 -0.103824 -0.0135441 0.0140371 -0.0999101 -0.0123666 0.012848 -0.0962512 -0.0107068 0.011172 -0.0929876 -0.00862878 0.00907373 -0.0902447 -0.00621226 0.00663362 -0.0881277 -0.00355015 0.00394552 -0.0867182 -0.000744809 0.00111274 -0.0860702 0.00209603 -0.0017558 -0.0862087 0.00486326 -0.00455005 -0.0871282 0.00745042 -0.00716247 -0.0887937 0.00975812 -0.00949271 -0.0911408 0.0116977 -0.0114512 -0.0940797 0.0131946 -0.0129628 -0.0974971 0.0141913 -0.0139692 -0.101262 0.0146495 -0.0144319 -0.105229 0.0145516 -0.014333 -0.109247 0.0139014 -0.0136764 -0.11316 0.0206678 -0.00410121 -0.116671 0.0190319 -0.00244938 -0.119888 0.0169838 -0.000381284 -0.122591 0.0146021 0.00202366 -0.124678 0.0119782 0.00467311 -0.126067 0.00921322 0.00746513 -0.126706 0.0064132 0.0102925 -0.126569 0.0036858 0.0130465 -0.125663 0.00113584 0.0156214 -0.124022 -0.00113859 0.0179181 -0.121708 -0.00305026 0.0198484 -0.118812 -0.00452567 0.0213382 -0.115443 -0.00550804 0.0223301 -0.111733 -0.00595963 0.0227862 -0.107822 -0.0058631 0.0226887 -0.103862 -0.0052222 0.0220416 -0.100005 -0.00406155 0.0208696 -0.0963992 -0.0024257 0.0192178 -0.0931826 -0.000377597 0.0171496 -0.0904791 0.00200409 0.0147446 -0.0883926 0.00462792 0.0120952 -0.0870033 0.00739294 0.00930318 -0.0863646 0.010193 0.00647582 -0.0865011 0.0129204 0.00372179 -0.0874075 0.0154703 0.00114693 -0.0890489 0.0177448 -0.0011497 -0.0913623 0.0196565 -0.00308005 -0.0942588 0.0211319 -0.00456986 -0.0976271 0.0221143 -0.00556182 -0.101338 0.0225659 -0.00601783 -0.105248 0.0224693 -0.00592035 -0.109208 0.0218284 -0.00527319 -0.113065 0.0282482 0.00461291 -0.116241 0.0266818 0.00619459 -0.119321 0.0247206 0.00817503 -0.12191 0.0224399 0.0104779 -0.123908 0.0199275 0.0130149 -0.125238 0.0172798 0.0156885 -0.12585 0.0145986 0.0183959 -0.125719 0.0119869 0.021033 -0.124851 0.0095452 0.0234986 -0.123279 0.00736719 0.0256978 -0.121064 0.00553666 0.0275462 -0.118291 0.00412392 0.0289728 -0.115065 0.00318322 0.0299227 -0.111512 0.00275077 0.0303593 -0.107768 0.00284319 0.030266 -0.103976 0.0034569 0.0296463 -0.100283 0.0045683 0.0285241 -0.0968294 0.00613469 0.0269424 -0.0937492 0.00809597 0.024962 -0.0911604 0.0103766 0.022659 -0.0891625 0.0128891 0.0201221 -0.0878322 0.0155368 0.0174485 -0.0872206 0.018218 0.0147412 -0.0873513 0.0208296 0.012104 -0.0882192 0.0232713 0.00963841 -0.0897909 0.0254493 0.00743912 -0.0920062 0.0272799 0.00559072 -0.0947798 0.0286927 0.00416419 -0.0980052 0.0296333 0.00321431 -0.101558 0.0300658 0.00277763 -0.105303 0.0299733 0.00287095 -0.109094 0.0293597 0.00349066 -0.112788 0.0354699 0.0136563 -0.11553 0.0340183 0.0151222 -0.118385 0.0322007 0.0169575 -0.120784 0.030087 0.0190918 -0.122636 0.0277586 0.021443 -0.123868 0.0253048 0.0239207 -0.124435 0.02282 0.0264298 -0.124314 0.0203996 0.0288739 -0.12351 0.0181367 0.0311589 -0.122053 0.0161182 0.033197 -0.12 0.0144217 0.0349101 -0.11743 0.0131124 0.0362322 -0.114441 0.0122406 0.0371125 -0.111148 0.0118398 0.0375172 -0.107677 0.0119255 0.0374307 -0.104163 0.0124942 0.0368564 -0.10074 0.0135242 0.0358163 -0.0975402 0.014976 0.0343504 -0.0946856 0.0167936 0.0325151 -0.0922864 0.0189072 0.0303808 -0.0904348 0.0212356 0.0280296 -0.0892019 0.0236894 0.0255518 -0.0886351 0.0261743 0.0230428 -0.0887562 0.0285946 0.0205988 -0.0895606 0.0308576 0.0183138 -0.0910172 0.032876 0.0162756 -0.0930703 0.0345725 0.0145625 -0.0956407 0.0358818 0.0132404 -0.0986298 0.0367536 0.0123602 -0.101923 0.0371544 0.0119555 -0.105393 0.0370688 0.0120419 -0.108907 0.0365 0.0126162 -0.11233 0.0423083 0.0229894 -0.114545 0.0410156 0.0242946 -0.117086 0.0393971 0.0259289 -0.119223 0.0375151 0.0278293 -0.120872 0.0354417 0.0299229 -0.121969 0.0332568 0.0321292 -0.122474 0.0310443 0.0343633 -0.122366 0.0288891 0.0365395 -0.12165 0.0268741 0.0385742 -0.120353 0.0250768 0.0403891 -0.118525 0.0235662 0.0419144 -0.116236 0.0224003 0.0430916 -0.113574 0.0216241 0.0438755 -0.110642 0.0212672 0.0442359 -0.107552 0.0213435 0.0441589 -0.104423 0.0218499 0.0436475 -0.101375 0.0227671 0.0427213 -0.0985257 0.0240597 0.0414161 -0.095984 0.0256781 0.0397818 -0.0938476 0.0275602 0.0378814 -0.0921989 0.0296335 0.0357878 -0.0911011 0.0318185 0.0335815 -0.0905964 0.034031 0.0313474 -0.0907043 0.0361862 0.0291712 -0.0914205 0.0382012 0.0271365 -0.0927176 0.0399985 0.0253216 -0.0945456 0.0415091 0.0237963 -0.0968344 0.0426749 0.0226191 -0.0994961 0.0434512 0.0218352 -0.102428 0.0438081 0.0214749 -0.105518 0.0437318 0.0215518 -0.108647 0.0432254 0.0220632 -0.111695 -0.0770641 -0.0426849 -0.0878726 -0.0747701 -0.0436475 -0.0858058 -0.0727494 -0.0441682 -0.0833372 -0.0795375 -0.0413199 -0.0894532 -0.0710848 -0.0442257 -0.080568 -0.082089 -0.0396084 -0.0904827 -0.0698443 -0.0438178 -0.0776114 -0.0846142 -0.0376205 -0.0909189 -0.0690789 -0.042961 -0.0745887 -0.0870098 -0.0354374 -0.0907442 -0.0688197 -0.0416906 -0.0716234 -0.0891775 -0.0331486 -0.0899655 -0.0690774 -0.0400584 -0.068837 -0.0910287 -0.0308479 -0.0886148 -0.0698416 -0.0381313 -0.0663437 -0.0924876 -0.0286293 -0.0867474 -0.0707289 -0.0365395 -0.0647279 -0.0710808 -0.0359882 -0.0642454 -0.0727443 -0.0337169 -0.062628 -0.0747642 -0.0314102 -0.0615578 -0.0770576 -0.0291628 -0.0610787 -0.0846075 -0.0236611 -0.0632585 -0.0870035 -0.0224914 -0.0650916 -0.0934923 -0.022267 -0.0758861 -0.0820821 -0.0252073 -0.0619467 -0.0940073 -0.0233361 -0.0788956 -0.094008 -0.0247949 -0.0817862 -0.0795306 -0.0270666 -0.0612101 -0.0934944 -0.0265837 -0.0844397 -0.0891719 -0.0217459 -0.067371 -0.0910241 -0.0214553 -0.0700034 -0.0924842 -0.0216314 -0.0728811 -0.0625288 -0.0279516 -0.0669285 -0.061132 -0.0303671 -0.0692935 -0.0602707 -0.0325392 -0.0721039 -0.0599802 -0.0343789 -0.0752445 -0.0602723 -0.0358109 -0.0785867 -0.0611351 -0.0367766 -0.0819939 -0.0625333 -0.0372364 -0.0853263 -0.0644096 -0.0371715 -0.0884475 -0.0666872 -0.0365846 -0.09123 -0.0692728 -0.0354996 -0.0935596 -0.0720606 -0.0339612 -0.0953411 -0.0749366 -0.0320321 -0.0965014 -0.0777828 -0.0297913 -0.0969932 -0.0804829 -0.0273308 -0.0967962 -0.0829262 -0.024751 -0.0959185 -0.0850127 -0.0221577 -0.0943961 -0.0866571 -0.0196571 -0.0922913 -0.0877919 -0.0173514 -0.0896902 -0.0883708 -0.0153352 -0.0866994 -0.08837 -0.0136909 -0.0834412 -0.0877896 -0.0124859 -0.0800492 -0.0866533 -0.0117695 -0.076662 -0.0850076 -0.011571 -0.0734185 -0.0829199 -0.0118986 -0.0704514 -0.0804758 -0.0127388 -0.0678822 -0.0777752 -0.0140573 -0.065816 -0.0749287 -0.0158 -0.0643376 -0.0720529 -0.0178957 -0.0635073 -0.0692654 -0.0202584 -0.0633591 -0.0666805 -0.0227916 -0.0638992 -0.0644039 -0.0253915 -0.0651055 -0.0616079 -0.0279072 -0.0988265 -0.0646184 -0.0262459 -0.10075 -0.067724 -0.0241628 -0.102003 -0.0707975 -0.0217431 -0.102534 -0.0737132 -0.019086 -0.102322 -0.0763516 -0.0163002 -0.101374 -0.0786048 -0.0134998 -0.0997297 -0.0803805 -0.0107995 -0.0974569 -0.0816059 -0.00830971 -0.0946481 -0.0822311 -0.00613246 -0.0914184 -0.0822302 -0.00435691 -0.0879 -0.0816034 -0.00305566 -0.0842371 -0.0803763 -0.00228201 -0.0805795 -0.0785993 -0.00206767 -0.077077 -0.0763449 -0.00242145 -0.073873 -0.0737055 -0.00332876 -0.0710986 -0.0707893 -0.00475252 -0.0688674 -0.0677155 -0.0066344 -0.0672709 -0.06461 -0.00889745 -0.0663742 -0.0616 -0.0114489 -0.0662143 -0.0588086 -0.0141844 -0.0667975 -0.0563501 -0.0169919 -0.0681001 -0.0543254 -0.0197564 -0.0700686 -0.052817 -0.0223648 -0.0726226 -0.051887 -0.0247104 -0.0756574 -0.0515732 -0.026697 -0.0790488 -0.0518887 -0.0282433 -0.082658 -0.0528204 -0.0292861 -0.0863371 -0.0543302 -0.0297826 -0.0899356 -0.0563563 -0.0297126 -0.0933062 -0.0588158 -0.0290788 -0.0963108 -0.0541433 -0.0199809 -0.103623 -0.0572825 -0.0182486 -0.105629 -0.0605208 -0.0160764 -0.106935 -0.0637257 -0.0135533 -0.107489 -0.066766 -0.0107826 -0.107267 -0.0695173 -0.00787779 -0.106279 -0.0718667 -0.00495771 -0.104564 -0.0737183 -0.00214191 -0.102194 -0.0749962 0.000454244 -0.0992656 -0.075648 0.00272453 -0.0958978 -0.0756471 0.004576 -0.0922291 -0.0749936 0.00593287 -0.0884096 -0.073714 0.00673958 -0.0845956 -0.071861 0.00696307 -0.0809434 -0.0695103 0.00659424 -0.0776024 -0.0667581 0.0056481 -0.0747094 -0.0637171 0.00416352 -0.0723829 -0.060512 0.00220115 -0.0707181 -0.0572737 -0.000158575 -0.0697832 -0.054135 -0.00281905 -0.0696163 -0.0512243 -0.00567146 -0.0702245 -0.0486608 -0.00859894 -0.0715827 -0.0465495 -0.0114817 -0.0736354 -0.0449767 -0.0142016 -0.0762986 -0.0440069 -0.0166474 -0.0794631 -0.0436797 -0.0187189 -0.0829995 -0.0440086 -0.0203314 -0.0867629 -0.0449802 -0.0214188 -0.0905993 -0.0465545 -0.0219365 -0.0943517 -0.0486672 -0.0218635 -0.0978664 -0.0512319 -0.0212026 -0.100999 -0.0468714 -0.0117202 -0.107958 -0.0500467 -0.00996786 -0.109987 -0.0533222 -0.00777068 -0.111308 -0.0565641 -0.00521858 -0.111868 -0.0596393 -0.00241603 -0.111644 -0.0624222 0.000522203 -0.110644 -0.0647987 0.00347584 -0.10891 -0.0666716 0.00632404 -0.106513 -0.0679641 0.00895007 -0.10355 -0.0686235 0.0112465 -0.100144 -0.0686226 0.0131192 -0.096433 -0.0679615 0.0144917 -0.0925695 -0.0666672 0.0153077 -0.0887117 -0.0647928 0.0155338 -0.0850175 -0.0624151 0.0151607 -0.081638 -0.0596313 0.0142037 -0.0787118 -0.0565554 0.012702 -0.0763585 -0.0533133 0.0107171 -0.0746746 -0.0500378 0.00833018 -0.0737289 -0.046863 0.00563907 -0.0735601 -0.0439188 0.00275385 -0.0741753 -0.0413258 -0.000207279 -0.0755491 -0.0391902 -0.00312315 -0.0776255 -0.0375993 -0.00587435 -0.0803192 -0.0366184 -0.0083483 -0.0835201 -0.0362874 -0.0104437 -0.0870972 -0.0366202 -0.0120747 -0.0909039 -0.0376029 -0.0131745 -0.0947845 -0.0391953 -0.0136982 -0.09858 -0.0413323 -0.0136243 -0.102135 -0.0439265 -0.0129558 -0.105304 -0.039782 -0.00311906 -0.111841 -0.0429018 -0.00139733 -0.113834 -0.0461202 0.00076141 -0.115133 -0.0493053 0.00326891 -0.115683 -0.0523269 0.00602252 -0.115463 -0.0550611 0.00890943 -0.114481 -0.0573961 0.0118115 -0.112777 -0.0592363 0.0146099 -0.110422 -0.0605062 0.01719 -0.107511 -0.061154 0.0194464 -0.104164 -0.0611531 0.0212864 -0.100518 -0.0605036 0.022635 -0.0967217 -0.059232 0.0234367 -0.0929313 -0.0573904 0.0236588 -0.0893016 -0.0550541 0.0232922 -0.0859812 -0.0523189 0.0223519 -0.0831061 -0.0492968 0.0208765 -0.0807939 -0.0461113 0.0189262 -0.0791394 -0.0428931 0.0165811 -0.0782102 -0.0397737 0.0139369 -0.0780444 -0.036881 0.0111021 -0.0786488 -0.0343333 0.00819267 -0.0799987 -0.032235 0.00532774 -0.0820388 -0.0306719 0.00262458 -0.0846854 -0.0297081 0.000193904 -0.0878304 -0.0293829 -0.00186484 -0.091345 -0.0297098 -0.0034673 -0.0950852 -0.0306754 -0.004548 -0.098898 -0.03224 -0.00506253 -0.102627 -0.0343397 -0.00498992 -0.10612 -0.0368885 -0.00433313 -0.109234 -0.032871 0.00582318 -0.115278 -0.0358444 0.00746405 -0.117178 -0.0389117 0.00952155 -0.118415 -0.0419474 0.0119114 -0.11894 -0.0448272 0.0145358 -0.11873 -0.0474331 0.0172873 -0.117794 -0.0496586 0.0200532 -0.11617 -0.0514124 0.0227203 -0.113925 -0.0526227 0.0251794 -0.111151 -0.0532401 0.0273298 -0.107961 -0.0532393 0.0290836 -0.104486 -0.0526202 0.0303688 -0.100868 -0.0514083 0.0311329 -0.0972553 -0.0496531 0.0313446 -0.093796 -0.0474265 0.0309952 -0.0906314 -0.0448196 0.0300991 -0.0878911 -0.0419393 0.0286928 -0.0856875 -0.0389033 0.0268341 -0.0841106 -0.0358361 0.0245989 -0.083225 -0.0328631 0.0220789 -0.083067 -0.0301061 0.0193771 -0.0836431 -0.0276779 0.0166042 -0.0849296 -0.0256781 0.0138737 -0.0868739 -0.0241883 0.0112973 -0.0893964 -0.0232697 0.00898071 -0.0923938 -0.0229598 0.00701852 -0.0957435 -0.0232714 0.00549126 -0.0993082 -0.0241916 0.00446131 -0.102942 -0.0256828 0.00397086 -0.106496 -0.027684 0.0040401 -0.109825 -0.0301132 0.00466607 -0.112793 -0.0261347 0.0151078 -0.118272 -0.0288713 0.016618 -0.12002 -0.0316943 0.0185116 -0.121159 -0.0344883 0.0207111 -0.121642 -0.0371387 0.0231265 -0.121449 -0.0395371 0.0256588 -0.120587 -0.0415852 0.0282044 -0.119093 -0.0431994 0.0306591 -0.117027 -0.0443134 0.0329223 -0.114473 -0.0448816 0.0349015 -0.111537 -0.0448808 0.0365156 -0.108339 -0.044311 0.0376985 -0.10501 -0.0431956 0.0384017 -0.101685 -0.0415802 0.0385965 -0.0985009 -0.0395309 0.0382749 -0.0955883 -0.0371318 0.0374502 -0.0930663 -0.0344808 0.036156 -0.0910382 -0.0316866 0.0344453 -0.0895869 -0.0288637 0.0323881 -0.0887718 -0.0261275 0.0300688 -0.0886264 -0.0235901 0.0275822 -0.0891566 -0.0213553 0.0250301 -0.0903406 -0.0195147 0.0225171 -0.0921301 -0.0181436 0.0201459 -0.0944517 -0.0172982 0.0180138 -0.0972104 -0.017013 0.016208 -0.100293 -0.0172998 0.0148023 -0.103574 -0.0181467 0.0138544 -0.106919 -0.0195191 0.013403 -0.11019 -0.0213609 0.0134667 -0.113254 -0.0235966 0.0140428 -0.115985 -0.0134846 0.0275794 -0.0988813 -0.014372 0.0291712 -0.0972656 -0.0147239 0.0297225 -0.096783 -0.0163874 0.0319938 -0.0951657 -0.0184073 0.0343005 -0.0940955 -0.0207007 0.0365479 -0.0936163 -0.0231737 0.0386442 -0.0937477 -0.0257252 0.0405034 -0.0944844 -0.0282506 0.0420496 -0.0957961 -0.0306466 0.0432193 -0.0976292 -0.032815 0.0439648 -0.0999087 -0.0346672 0.0442554 -0.102541 -0.0361272 0.0440793 -0.105419 -0.0371354 0.0434437 -0.108424 -0.0376503 0.0423746 -0.111433 -0.0376511 0.0409158 -0.114324 -0.0371375 0.039127 -0.116977 -0.0361306 0.0370815 -0.119285 -0.0346717 0.0348628 -0.121152 -0.0328206 0.0325621 -0.122503 -0.0306528 0.0302733 -0.123282 -0.0282574 0.0280902 -0.123457 -0.0257321 0.0261022 -0.12302 -0.0231806 0.0243908 -0.121991 -0.0207072 0.0230258 -0.12041 -0.0184132 0.0220632 -0.118343 -0.0163925 0.0215426 -0.115875 -0.0147279 0.021485 -0.113106 -0.0134874 0.0218929 -0.110149 -0.0127219 0.0227496 -0.107126 -0.0124628 0.0240201 -0.104161 -0.0127206 0.0256523 -0.101375 -0.110676 -0.0426849 -0.0375679 -0.107656 -0.0436475 -0.0369249 -0.104672 -0.0441682 -0.0357974 -0.113608 -0.0413199 -0.0376999 -0.101845 -0.0442257 -0.0342315 -0.116332 -0.0396084 -0.0373157 -0.0992927 -0.0438178 -0.0322913 -0.118738 -0.0376205 -0.036431 -0.0971184 -0.042961 -0.0300562 -0.120725 -0.0354374 -0.0350818 -0.0954113 -0.0416906 -0.0276178 -0.122213 -0.0331486 -0.0333236 -0.0942414 -0.0400584 -0.0250759 -0.123141 -0.0308479 -0.0312283 -0.0936565 -0.0381313 -0.0225345 -0.12347 -0.0286293 -0.0288816 -0.093617 -0.0365395 -0.0206915 -0.0936805 -0.0359882 -0.0200977 -0.0943125 -0.0337169 -0.0178652 -0.0955266 -0.0314102 -0.0159285 -0.123188 -0.0265837 -0.0263797 -0.0972731 -0.0291628 -0.0143668 -0.122306 -0.0247949 -0.0238249 -0.0994806 -0.0270666 -0.0132442 -0.12086 -0.0233361 -0.0213219 -0.102059 -0.0252073 -0.0126064 -0.11891 -0.022267 -0.0189731 -0.104901 -0.0236611 -0.0124797 -0.116534 -0.0216314 -0.0168747 -0.107893 -0.0224914 -0.0128692 -0.113831 -0.0214553 -0.0151126 -0.110911 -0.0217459 -0.013759 -0.0875937 -0.0279207 -0.0267229 -0.0875665 -0.0303371 -0.0294705 -0.0882261 -0.03251 -0.0323361 -0.0895453 -0.0343503 -0.0352022 -0.0914701 -0.0357829 -0.0379517 -0.0939217 -0.0367489 -0.0404718 -0.0967999 -0.0372089 -0.0426594 -0.0999865 -0.0371439 -0.0444251 -0.103351 -0.0365568 -0.0456964 -0.106757 -0.0354715 -0.0464214 -0.110063 -0.0339325 -0.0465703 -0.113135 -0.0320027 -0.0461371 -0.115847 -0.0297611 -0.0451395 -0.118087 -0.0272996 -0.0436183 -0.119765 -0.0247189 -0.0416358 -0.120811 -0.0221246 -0.0392732 -0.121183 -0.0196231 -0.0366272 -0.120865 -0.0173166 -0.0338062 -0.119871 -0.0152996 -0.0309255 -0.11824 -0.0136547 -0.0281033 -0.116041 -0.0124493 -0.0254549 -0.113362 -0.0117326 -0.0230889 -0.110314 -0.0115341 -0.021102 -0.107022 -0.0118618 -0.0195757 -0.103619 -0.0127023 -0.0185724 -0.100246 -0.0140212 -0.0181332 -0.0970403 -0.0157646 -0.0182761 -0.0941336 -0.0178611 -0.0189952 -0.0916445 -0.0202247 -0.0202611 -0.0896753 -0.0227588 -0.022022 -0.0883063 -0.0253596 -0.0242057 -0.102736 -0.0278479 -0.0548445 -0.106307 -0.0261858 -0.0550053 -0.109624 -0.0241017 -0.0545374 -0.112553 -0.021681 -0.0534601 -0.114973 -0.0190227 -0.0518173 -0.116785 -0.0162357 -0.0496763 -0.117914 -0.0134341 -0.0471249 -0.118316 -0.0107325 -0.0442674 -0.117973 -0.00824162 -0.0412208 -0.116899 -0.0060634 -0.0381099 -0.115138 -0.00428707 -0.035062 -0.112763 -0.00298522 -0.0322019 -0.10987 -0.00221127 -0.0296467 -0.106578 -0.00199681 -0.0275011 -0.103022 -0.0023507 -0.0258527 -0.0993478 -0.00325844 -0.0247692 -0.095705 -0.00468281 -0.0242949 -0.0922432 -0.00656559 -0.0244492 -0.0891041 -0.00882959 -0.0252258 -0.0864161 -0.0113822 -0.0265929 -0.0842894 -0.0141189 -0.0284945 -0.082811 -0.0169276 -0.0308529 -0.0820414 -0.0196934 -0.0335713 -0.0820121 -0.022303 -0.0365386 -0.0827244 -0.0246496 -0.0396332 -0.084149 -0.0266371 -0.0427285 -0.0862277 -0.0281841 -0.0456977 -0.0888753 -0.0292273 -0.0484193 -0.0919835 -0.0297241 -0.0507818 -0.095425 -0.029654 -0.0526886 -0.0990589 -0.0290199 -0.0540616 -0.0986537 -0.019888 -0.0627558 -0.102376 -0.0181551 -0.0629234 -0.105835 -0.0159823 -0.0624356 -0.108889 -0.0134584 -0.0613124 -0.111411 -0.0106869 -0.0595996 -0.1133 -0.00778115 -0.0573675 -0.114478 -0.00486023 -0.0547074 -0.114897 -0.00204359 -0.0517281 -0.114539 0.000553326 -0.0485518 -0.113419 0.00282429 -0.0453084 -0.111584 0.0046763 -0.0421307 -0.109107 0.0060336 -0.0391488 -0.106091 0.00684055 -0.0364847 -0.102659 0.0070641 -0.0342477 -0.0989519 0.00669515 -0.0325291 -0.0951208 0.00574876 -0.0313995 -0.0913229 0.00426371 -0.030905 -0.0877136 0.00230073 -0.0310658 -0.0844408 -5.96789e-05 -0.0318755 -0.0816383 -0.00272098 -0.0333009 -0.079421 -0.00557422 -0.0352835 -0.0778796 -0.00850261 -0.0377422 -0.0770772 -0.0113861 -0.0405765 -0.0770467 -0.0141069 -0.0436701 -0.0777893 -0.0165534 -0.0468965 -0.0792746 -0.0186256 -0.0501237 -0.0814419 -0.0202386 -0.0532193 -0.0842022 -0.0213262 -0.0560569 -0.0874428 -0.0218441 -0.0585201 -0.0910309 -0.021771 -0.0605081 -0.0948196 -0.02111 -0.0619395 -0.0945068 -0.011591 -0.0701676 -0.098271 -0.00983878 -0.0703372 -0.101768 -0.00764172 -0.069844 -0.104856 -0.00508974 -0.0687082 -0.107407 -0.00228731 -0.0669763 -0.109317 0.000650747 -0.0647193 -0.110508 0.00360427 -0.0620295 -0.110931 0.00645228 -0.0590171 -0.110569 0.00907819 -0.0558053 -0.109437 0.0113745 -0.0525257 -0.107581 0.0132472 -0.0493126 -0.105077 0.0146196 -0.0462974 -0.102027 0.0154355 -0.0436037 -0.098557 0.0156616 -0.0413417 -0.0948083 0.0152885 -0.039604 -0.0909345 0.0143316 -0.0384618 -0.0870943 0.01283 -0.0379618 -0.0834448 0.0108451 -0.0381244 -0.0801354 0.00845836 -0.0389431 -0.0773017 0.00576737 -0.0403844 -0.0750597 0.00288227 -0.042389 -0.0735011 -7.87005e-05 -0.0448753 -0.0726898 -0.00299437 -0.047741 -0.0726589 -0.00574551 -0.0508692 -0.0734098 -0.00821928 -0.0541316 -0.0749117 -0.0103145 -0.0573947 -0.0771031 -0.0119455 -0.0605249 -0.0798943 -0.0130452 -0.063394 -0.0831709 -0.0135689 -0.0658847 -0.086799 -0.0134951 -0.0678949 -0.0906299 -0.0128266 -0.0693423 -0.0902917 -0.00295114 -0.0770936 -0.093988 -0.0012305 -0.0772601 -0.0974223 0.000926911 -0.0767758 -0.100454 0.00343286 -0.0756605 -0.102959 0.00618472 -0.0739598 -0.104835 0.00906982 -0.0717435 -0.106004 0.0119701 -0.0691022 -0.10642 0.0147667 -0.0661441 -0.106064 0.0173453 -0.0629903 -0.104953 0.0196002 -0.0597698 -0.10313 0.0214391 -0.0566146 -0.100671 0.0227868 -0.0536539 -0.0976764 0.023588 -0.0510087 -0.0942689 0.02381 -0.0487875 -0.0905877 0.0234436 -0.0470811 -0.0867838 0.0225039 -0.0459595 -0.0830128 0.0210294 -0.0454685 -0.0794291 0.0190804 -0.0456282 -0.0761794 0.0167366 -0.0464322 -0.0733969 0.0140942 -0.0478474 -0.0711952 0.0112612 -0.049816 -0.0696648 0.00835354 -0.0522573 -0.0688681 0.00549042 -0.0550714 -0.0688378 0.00278895 -0.0581432 -0.0695751 0.000359758 -0.0613467 -0.0710499 -0.0016977 -0.064551 -0.0732018 -0.0032992 -0.0676248 -0.0759426 -0.00437918 -0.0704422 -0.0791602 -0.00489341 -0.0728879 -0.0827228 -0.00482086 -0.0748618 -0.0864847 -0.00416443 -0.0762831 -0.0860072 0.0060324 -0.0835399 -0.089527 0.00767086 -0.0836985 -0.0927973 0.00972529 -0.0832373 -0.0956843 0.0121116 -0.0821752 -0.0980696 0.0147321 -0.0805558 -0.0998557 0.0174795 -0.0784453 -0.100969 0.0202413 -0.0759301 -0.101365 0.0229044 -0.0731132 -0.101027 0.0253598 -0.07011 -0.0999682 0.0275071 -0.0670433 -0.0982325 0.0292582 -0.0640388 -0.0958909 0.0305415 -0.0612194 -0.0930393 0.0313045 -0.0587005 -0.0897945 0.0315158 -0.0565853 -0.0862891 0.0311669 -0.0549604 -0.0826668 0.0302722 -0.0538924 -0.0790759 0.028868 -0.0534248 -0.0756632 0.027012 -0.0535769 -0.0725688 0.0247802 -0.0543425 -0.069919 0.0222639 -0.0556901 -0.0678225 0.0195662 -0.0575647 -0.0663651 0.0167974 -0.0598894 -0.0656065 0.0140709 -0.0625693 -0.0655776 0.0114984 -0.0654943 -0.0662797 0.00918523 -0.0685449 -0.0676841 0.00722599 -0.0715962 -0.0697332 0.00570096 -0.0745232 -0.0723432 0.00467251 -0.0772061 -0.0754072 0.00418285 -0.079535 -0.0787997 0.00425197 -0.0814147 -0.082382 0.00487697 -0.0827682 -0.0816522 0.0153609 -0.0895119 -0.0848875 0.0168669 -0.0896576 -0.0878935 0.0187553 -0.0892337 -0.0905471 0.0209487 -0.0882575 -0.0927397 0.0233574 -0.0867689 -0.0943814 0.0258827 -0.0848291 -0.0954051 0.0284213 -0.0825172 -0.0957689 0.0308692 -0.0799279 -0.0954579 0.0331262 -0.0771675 -0.0944848 0.0350999 -0.0743487 -0.0928894 0.0367094 -0.071587 -0.0907371 0.037889 -0.0689954 -0.088116 0.0385903 -0.0666801 -0.0851333 0.0387846 -0.064736 -0.0819113 0.038464 -0.0632424 -0.0785818 0.0376414 -0.0622606 -0.0752811 0.0363508 -0.0618309 -0.0721443 0.0346448 -0.0619707 -0.0692999 0.0325934 -0.0626743 -0.0668643 0.0302805 -0.0639131 -0.0649373 0.0278008 -0.0656362 -0.0635977 0.0252558 -0.067773 -0.0629004 0.0227497 -0.0702362 -0.0628738 0.0203851 -0.0729248 -0.0635192 0.0182589 -0.0757289 -0.0648101 0.016458 -0.0785336 -0.0666936 0.0150563 -0.0812239 -0.0690926 0.014111 -0.08369 -0.0719089 0.0136609 -0.0858308 -0.0750273 0.0137244 -0.0875585 -0.0783199 0.0142989 -0.0888025 -0.0611187 0.0275794 -0.0788914 -0.0610793 0.0291712 -0.0770484 -0.0611428 0.0297225 -0.0764546 -0.0617748 0.0319938 -0.0742221 -0.062989 0.0343005 -0.0722854 -0.0647355 0.0365479 -0.0707237 -0.0669429 0.0386442 -0.0696011 -0.0695209 0.0405034 -0.0689633 -0.0723638 0.0420496 -0.0688366 -0.0753554 0.0432193 -0.0692261 -0.078373 0.0439648 -0.0701159 -0.0812932 0.0442554 -0.0714695 -0.0839965 0.0440793 -0.0732316 -0.0863721 0.0434437 -0.07533 -0.0883228 0.0423746 -0.0776788 -0.0897687 0.0409158 -0.0801818 -0.0906507 0.039127 -0.0827366 -0.0909326 0.0370815 -0.0852386 -0.0906029 0.0348628 -0.0875852 -0.089675 0.0325621 -0.0896805 -0.0881871 0.0302733 -0.0914388 -0.0861999 0.0280902 -0.0927878 -0.0837949 0.0261022 -0.0936727 -0.0810704 0.0243908 -0.0940568 -0.0781381 0.0230258 -0.0939248 -0.075118 0.0220632 -0.0932818 -0.0721338 0.0215426 -0.0921543 -0.0693075 0.021485 -0.0905884 -0.066755 0.0218929 -0.0886482 -0.0645807 0.0227496 -0.0864132 -0.0628736 0.0240201 -0.0839747 -0.0617037 0.0256523 -0.0814328 -0.105518 -0.0442359 0.0212672 -0.102428 -0.0438755 0.0216241 -0.108647 -0.0441589 0.0213435 -0.0994961 -0.0430916 0.0224003 -0.111695 -0.0436475 0.0218499 -0.119223 -0.0397818 0.0256781 -0.117086 -0.0414161 0.0240597 -0.118525 -0.0253217 0.0399985 -0.0927176 -0.0385742 0.0268741 -0.0914205 -0.0365395 0.0288891 -0.0945456 -0.0403891 0.0250768 -0.0907043 -0.0343633 0.0310443 -0.0905964 -0.0321292 0.0332568 -0.095984 -0.0242947 0.0410156 -0.0985257 -0.0229894 0.0423083 -0.101375 -0.0220632 0.0432254 -0.104423 -0.0215519 0.0437318 -0.107552 -0.0214749 0.0438081 -0.110642 -0.0218352 0.0434512 -0.113574 -0.0226191 0.0426749 -0.116236 -0.0237963 0.0415091 -0.0968344 -0.0419144 0.0235662 -0.122366 -0.0313474 0.034031 -0.122474 -0.0335815 0.0318185 -0.12165 -0.0291712 0.0361862 -0.121969 -0.0357878 0.0296335 -0.120353 -0.0271365 0.0382012 -0.114545 -0.0427214 0.0227671 -0.0938476 -0.0259289 0.0393971 -0.0921989 -0.0278293 0.0375151 -0.0911011 -0.0299229 0.0354417 -0.120872 -0.0378814 0.0275602 -0.115544 -0.035698 0.0133726 -0.118403 -0.0342298 0.0148266 -0.120806 -0.0323915 0.0166471 -0.122661 -0.0302539 0.018764 -0.123896 -0.027899 0.0210961 -0.124463 -0.0254174 0.0235538 -0.124342 -0.0229044 0.0260425 -0.123536 -0.0204566 0.0284666 -0.122077 -0.0181679 0.0307331 -0.120021 -0.0161266 0.0327548 -0.117447 -0.0144108 0.0344539 -0.114453 -0.0130867 0.0357652 -0.111155 -0.012205 0.0366384 -0.107679 -0.0117997 0.0370398 -0.10416 -0.0118863 0.036954 -0.100731 -0.0124615 0.0363844 -0.0975261 -0.0135032 0.0353528 -0.094667 -0.0149714 0.0338988 -0.092264 -0.0168096 0.0320783 -0.0904095 -0.0189472 0.0299614 -0.0891747 -0.0213021 0.0276293 -0.088607 -0.0237838 0.0251716 -0.0887283 -0.0262968 0.0226829 -0.089534 -0.0287446 0.0202587 -0.0909929 -0.0310332 0.0179922 -0.0930491 -0.0330746 0.0159706 -0.0956236 -0.0347904 0.0142714 -0.0986174 -0.0361145 0.0129601 -0.101916 -0.0369961 0.012087 -0.105391 -0.0374015 0.0116856 -0.108911 -0.0373149 0.0117713 -0.112339 -0.0367397 0.012341 -0.116259 -0.0282829 0.00428496 -0.119345 -0.0266982 0.00585434 -0.121939 -0.0247142 0.00781926 -0.123941 -0.0224069 0.0101042 -0.125273 -0.0198652 0.0126214 -0.125886 -0.0171866 0.0152741 -0.125755 -0.0144741 0.0179603 -0.124886 -0.011832 0.0205768 -0.123311 -0.00936176 0.0230232 -0.121092 -0.00715838 0.0252053 -0.118313 -0.00530649 0.0270393 -0.115081 -0.00387724 0.0284547 -0.111521 -0.00292556 0.0293971 -0.10777 -0.0024881 0.0298304 -0.103971 -0.0025816 0.0297378 -0.100271 -0.00320245 0.029123 -0.0968111 -0.0043268 0.0280094 -0.0937251 -0.0059115 0.0264401 -0.0911315 -0.00789561 0.0244752 -0.0891298 -0.0102029 0.0221902 -0.087797 -0.0127446 0.0196731 -0.0871843 -0.0154232 0.0170204 -0.0873152 -0.0181357 0.0143341 -0.0881847 -0.0207778 0.0117176 -0.0897595 -0.023248 0.00927123 -0.0919789 -0.0254514 0.00708916 -0.0947577 -0.0273033 0.00525517 -0.0979891 -0.0287326 0.00383975 -0.101549 -0.0296842 0.00289727 -0.1053 -0.0301217 0.00246404 -0.109099 -0.0300282 0.00255663 -0.1128 -0.0294074 0.00317148 -0.116683 -0.0205459 -0.00441065 -0.119903 -0.0188922 -0.00277289 -0.12261 -0.0168216 -0.000722431 -0.124699 -0.0144139 0.00166203 -0.12609 -0.0117614 0.00428884 -0.126729 -0.00896614 0.00705708 -0.126592 -0.00613553 0.00986032 -0.125685 -0.00337831 0.0125909 -0.124042 -0.000800535 0.0151437 -0.121726 0.00149878 0.0174209 -0.118826 0.00343135 0.0193348 -0.115454 0.00492285 0.0208119 -0.111739 0.00591596 0.0217953 -0.107824 0.0063725 0.0222475 -0.103859 0.00627497 0.0221509 -0.0999979 0.00562708 0.0215092 -0.0963875 0.00445372 0.0203472 -0.0931672 0.00279997 0.0187095 -0.0904605 0.000729486 0.016659 -0.0883716 -0.00167826 0.0142745 -0.0869807 -0.00433072 0.0116477 -0.0863413 -0.00712599 0.00887944 -0.086478 -0.0099566 0.0060762 -0.0873854 -0.0127138 0.00334564 -0.0890287 -0.0152916 0.000792794 -0.0913448 -0.017591 -0.00148429 -0.0942446 -0.0195236 -0.00339817 -0.0976168 -0.0210151 -0.00487525 -0.101332 -0.0220081 -0.00585875 -0.105247 -0.0224647 -0.00631088 -0.109211 -0.0223672 -0.00621429 -0.113073 -0.0217193 -0.00557267 -0.116819 -0.0124873 -0.0127238 -0.120083 -0.0108114 -0.011064 -0.122826 -0.00871303 -0.00898599 -0.124943 -0.00627292 -0.00656947 -0.126352 -0.00358482 -0.00390736 -0.127 -0.000752081 -0.00110198 -0.126862 0.0021165 0.00173882 -0.125942 0.00491075 0.00450605 -0.124277 0.00752317 0.00709321 -0.12193 0.00985341 0.00940091 -0.118991 0.0118119 0.0113405 -0.115573 0.0133235 0.0128374 -0.111808 0.0143299 0.0138341 -0.107841 0.0147926 0.0142923 -0.103824 0.0146937 0.0141944 -0.0999101 0.0140371 0.0135441 -0.0962512 0.012848 0.0123666 -0.0929876 0.011172 0.0107068 -0.0902447 0.00907373 0.00862878 -0.0881277 0.00663362 0.00621226 -0.0867182 0.00394552 0.00355015 -0.0860702 0.00111274 0.000744809 -0.0862087 -0.0017558 -0.00209603 -0.0871282 -0.00455005 -0.00486326 -0.0887937 -0.00716247 -0.00745042 -0.0911408 -0.00949271 -0.00975812 -0.0940797 -0.0114512 -0.0116977 -0.0974971 -0.0129628 -0.0131946 -0.101262 -0.0139692 -0.0141913 -0.105229 -0.0144319 -0.0146495 -0.109247 -0.014333 -0.0145516 -0.11316 -0.0136764 -0.0139014 -0.116671 -0.00410121 -0.0206678 -0.119888 -0.00244938 -0.0190319 -0.122591 -0.000381284 -0.0169838 -0.124678 0.00202366 -0.0146021 -0.126067 0.00467311 -0.0119782 -0.126706 0.00746513 -0.00921322 -0.126569 0.0102925 -0.0064132 -0.125663 0.0130465 -0.0036858 -0.124022 0.0156214 -0.00113584 -0.121708 0.0179181 0.00113859 -0.118812 0.0198484 0.00305026 -0.115443 0.0213382 0.00452567 -0.111733 0.0223301 0.00550804 -0.107822 0.0227862 0.00595963 -0.103862 0.0226887 0.0058631 -0.100005 0.0220416 0.0052222 -0.0963992 0.0208696 0.00406155 -0.0931826 0.0192178 0.0024257 -0.0904791 0.0171496 0.000377597 -0.0883926 0.0147446 -0.00200409 -0.0870033 0.0120952 -0.00462792 -0.0863646 0.00930318 -0.00739294 -0.0865011 0.00647582 -0.010193 -0.0874075 0.00372179 -0.0129204 -0.0890489 0.00114693 -0.0154703 -0.0913623 -0.0011497 -0.0177448 -0.0942588 -0.00308005 -0.0196565 -0.0976271 -0.00456986 -0.0211319 -0.101338 -0.00556182 -0.0221143 -0.105248 -0.00601783 -0.0225659 -0.109208 -0.00592035 -0.0224693 -0.113065 -0.00527319 -0.0218284 -0.116241 0.00461291 -0.0282482 -0.119321 0.00619459 -0.0266818 -0.12191 0.00817503 -0.0247206 -0.123908 0.0104779 -0.0224399 -0.125238 0.0130149 -0.0199275 -0.12585 0.0156885 -0.0172798 -0.125719 0.0183959 -0.0145986 -0.124851 0.021033 -0.0119869 -0.123279 0.0234986 -0.0095452 -0.121064 0.0256978 -0.00736719 -0.118291 0.0275462 -0.00553666 -0.115065 0.0289728 -0.00412392 -0.111512 0.0299227 -0.00318322 -0.107768 0.0303593 -0.00275077 -0.103976 0.030266 -0.00284319 -0.100283 0.0296463 -0.0034569 -0.0968294 0.0285241 -0.0045683 -0.0937492 0.0269424 -0.00613469 -0.0911604 0.024962 -0.00809597 -0.0891625 0.022659 -0.0103766 -0.0878322 0.0201221 -0.0128891 -0.0872206 0.0174485 -0.0155368 -0.0873513 0.0147412 -0.018218 -0.0882192 0.012104 -0.0208296 -0.0897909 0.00963841 -0.0232713 -0.0920062 0.00743912 -0.0254493 -0.0947798 0.00559072 -0.0272799 -0.0980052 0.00416419 -0.0286927 -0.101558 0.00321431 -0.0296333 -0.105303 0.00277763 -0.0300658 -0.109094 0.00287095 -0.0299733 -0.112788 0.00349066 -0.0293597 -0.11553 0.0136563 -0.0354699 -0.118385 0.0151222 -0.0340183 -0.120784 0.0169575 -0.0322007 -0.122636 0.0190918 -0.030087 -0.123868 0.021443 -0.0277586 -0.124435 0.0239207 -0.0253048 -0.124314 0.0264298 -0.02282 -0.12351 0.0288739 -0.0203996 -0.122053 0.0311589 -0.0181367 -0.12 0.033197 -0.0161182 -0.11743 0.0349101 -0.0144217 -0.114441 0.0362322 -0.0131124 -0.111148 0.0371125 -0.0122406 -0.107677 0.0375172 -0.0118398 -0.104163 0.0374307 -0.0119255 -0.10074 0.0368564 -0.0124942 -0.0975402 0.0358163 -0.0135242 -0.0946856 0.0343504 -0.014976 -0.0922864 0.0325151 -0.0167936 -0.0904348 0.0303808 -0.0189072 -0.0892019 0.0280296 -0.0212356 -0.0886351 0.0255518 -0.0236894 -0.0887562 0.0230428 -0.0261743 -0.0895606 0.0205988 -0.0285946 -0.0910172 0.0183138 -0.0308576 -0.0930703 0.0162756 -0.032876 -0.0956407 0.0145625 -0.0345725 -0.0986298 0.0132404 -0.0358818 -0.101923 0.0123602 -0.0367536 -0.105393 0.0119555 -0.0371544 -0.108907 0.0120419 -0.0370688 -0.11233 0.0126162 -0.0365 -0.114545 0.0229894 -0.0423083 -0.117086 0.0242946 -0.0410156 -0.119223 0.0259289 -0.0393971 -0.120872 0.0278293 -0.0375151 -0.121969 0.0299229 -0.0354417 -0.122474 0.0321292 -0.0332568 -0.122366 0.0343633 -0.0310443 -0.12165 0.0365395 -0.0288891 -0.120353 0.0385742 -0.0268741 -0.118525 0.0403891 -0.0250768 -0.116236 0.0419144 -0.0235662 -0.113574 0.0430916 -0.0224003 -0.110642 0.0438755 -0.0216241 -0.107552 0.0442359 -0.0212672 -0.104423 0.0441589 -0.0213435 -0.101375 0.0436475 -0.0218499 -0.0985257 0.0427213 -0.0227671 -0.095984 0.0414161 -0.0240597 -0.0938476 0.0397818 -0.0256781 -0.0921989 0.0378814 -0.0275602 -0.0911011 0.0357878 -0.0296335 -0.0905964 0.0335815 -0.0318185 -0.0907043 0.0313474 -0.034031 -0.0914205 0.0291712 -0.0361862 -0.0927176 0.0271365 -0.0382012 -0.0945456 0.0253216 -0.0399985 -0.0968344 0.0237963 -0.0415091 -0.0994961 0.0226191 -0.0426749 -0.102428 0.0218352 -0.0434512 -0.105518 0.0214749 -0.0438081 -0.108647 0.0215518 -0.0437318 -0.111695 0.0220632 -0.0432254 -0.0844397 -0.0265837 0.0934944 -0.0867474 -0.0286293 0.0924876 -0.067371 -0.0217459 0.0891719 -0.0663437 -0.0381313 0.0698416 -0.0886148 -0.0308479 0.0910287 -0.068837 -0.0400584 0.0690774 -0.0899655 -0.0331486 0.0891775 -0.0716234 -0.0416906 0.0688197 -0.0907442 -0.0354374 0.0870098 -0.0745887 -0.042961 0.0690789 -0.0909189 -0.0376205 0.0846142 -0.0776114 -0.0438178 0.0698443 -0.0904827 -0.0396084 0.082089 -0.080568 -0.0442257 0.0710848 -0.0894532 -0.0413199 0.0795375 -0.0833372 -0.0441682 0.0727494 -0.0878726 -0.0426849 0.0770641 -0.0858058 -0.0436475 0.0747701 -0.0615578 -0.0314102 0.0747642 -0.0610787 -0.0291628 0.0770576 -0.0650916 -0.0224914 0.0870035 -0.062628 -0.0337169 0.0727443 -0.0642454 -0.0359882 0.0710808 -0.0647279 -0.0365395 0.0707289 -0.0632585 -0.0236611 0.0846075 -0.0619467 -0.0252073 0.0820821 -0.0612101 -0.0270666 0.0795306 -0.0700034 -0.0214553 0.0910241 -0.0728811 -0.0216314 0.0924842 -0.0817862 -0.0247949 0.094008 -0.0788956 -0.0233361 0.0940073 -0.0758861 -0.022267 0.0934923 -0.0669285 -0.0279516 0.0625288 -0.0692935 -0.0303671 0.061132 -0.0721039 -0.0325392 0.0602707 -0.0752445 -0.0343789 0.0599802 -0.0785867 -0.0358109 0.0602723 -0.0819939 -0.0367766 0.0611351 -0.0853263 -0.0372364 0.0625333 -0.0884475 -0.0371715 0.0644096 -0.09123 -0.0365846 0.0666872 -0.0935596 -0.0354996 0.0692728 -0.0953411 -0.0339612 0.0720606 -0.0965014 -0.0320321 0.0749366 -0.0969932 -0.0297913 0.0777828 -0.0967962 -0.0273308 0.0804829 -0.0959185 -0.024751 0.0829262 -0.0943961 -0.0221577 0.0850127 -0.0922913 -0.0196571 0.0866571 -0.0896902 -0.0173514 0.0877919 -0.0866994 -0.0153352 0.0883708 -0.0834412 -0.0136909 0.08837 -0.0800492 -0.0124859 0.0877896 -0.076662 -0.0117695 0.0866533 -0.0734185 -0.011571 0.0850076 -0.0704514 -0.0118986 0.0829199 -0.0678822 -0.0127388 0.0804758 -0.065816 -0.0140573 0.0777752 -0.0643376 -0.0158 0.0749287 -0.0635073 -0.0178957 0.0720529 -0.0633591 -0.0202584 0.0692654 -0.0638992 -0.0227916 0.0666805 -0.0651055 -0.0253915 0.0644039 -0.0988265 -0.0279072 0.0616079 -0.10075 -0.0262459 0.0646184 -0.102003 -0.0241628 0.067724 -0.102534 -0.0217431 0.0707975 -0.102322 -0.019086 0.0737132 -0.101374 -0.0163002 0.0763516 -0.0997297 -0.0134998 0.0786048 -0.0974569 -0.0107995 0.0803805 -0.0946481 -0.00830971 0.0816059 -0.0914184 -0.00613246 0.0822311 -0.0879 -0.00435691 0.0822302 -0.0842371 -0.00305566 0.0816034 -0.0805795 -0.00228201 0.0803763 -0.077077 -0.00206767 0.0785993 -0.073873 -0.00242145 0.0763449 -0.0710986 -0.00332876 0.0737055 -0.0688674 -0.00475252 0.0707893 -0.0672709 -0.0066344 0.0677155 -0.0663742 -0.00889745 0.06461 -0.0662143 -0.0114489 0.0616 -0.0667975 -0.0141844 0.0588086 -0.0681001 -0.0169919 0.0563501 -0.0700686 -0.0197564 0.0543254 -0.0726226 -0.0223648 0.052817 -0.0756574 -0.0247104 0.051887 -0.0790488 -0.026697 0.0515732 -0.082658 -0.0282433 0.0518887 -0.0863371 -0.0292861 0.0528204 -0.0899356 -0.0297826 0.0543302 -0.0933062 -0.0297126 0.0563563 -0.0963108 -0.0290788 0.0588158 -0.103623 -0.0199809 0.0541433 -0.105629 -0.0182486 0.0572825 -0.106935 -0.0160764 0.0605208 -0.107489 -0.0135533 0.0637257 -0.107267 -0.0107826 0.066766 -0.106279 -0.00787779 0.0695173 -0.104564 -0.00495771 0.0718667 -0.102194 -0.00214191 0.0737183 -0.0992656 0.000454244 0.0749962 -0.0958978 0.00272453 0.075648 -0.0922291 0.004576 0.0756471 -0.0884096 0.00593287 0.0749936 -0.0845956 0.00673958 0.073714 -0.0809434 0.00696307 0.071861 -0.0776024 0.00659424 0.0695103 -0.0747094 0.0056481 0.0667581 -0.0723829 0.00416352 0.0637171 -0.0707181 0.00220115 0.060512 -0.0697832 -0.000158575 0.0572737 -0.0696163 -0.00281905 0.054135 -0.0702245 -0.00567146 0.0512243 -0.0715827 -0.00859894 0.0486608 -0.0736354 -0.0114817 0.0465495 -0.0762986 -0.0142016 0.0449767 -0.0794631 -0.0166474 0.0440069 -0.0829995 -0.0187189 0.0436797 -0.0867629 -0.0203314 0.0440086 -0.0905993 -0.0214188 0.0449802 -0.0943517 -0.0219365 0.0465545 -0.0978664 -0.0218635 0.0486672 -0.100999 -0.0212026 0.0512319 -0.107958 -0.0117202 0.0468714 -0.109987 -0.00996786 0.0500467 -0.111308 -0.00777068 0.0533222 -0.111868 -0.00521858 0.0565641 -0.111644 -0.00241603 0.0596393 -0.110644 0.000522203 0.0624222 -0.10891 0.00347584 0.0647987 -0.106513 0.00632404 0.0666716 -0.10355 0.00895007 0.0679641 -0.100144 0.0112465 0.0686235 -0.096433 0.0131192 0.0686226 -0.0925695 0.0144917 0.0679615 -0.0887117 0.0153077 0.0666672 -0.0850175 0.0155338 0.0647928 -0.081638 0.0151607 0.0624151 -0.0787118 0.0142037 0.0596313 -0.0763585 0.012702 0.0565554 -0.0746746 0.0107171 0.0533133 -0.0737289 0.00833018 0.0500378 -0.0735601 0.00563907 0.046863 -0.0741753 0.00275385 0.0439188 -0.0755491 -0.000207279 0.0413258 -0.0776255 -0.00312315 0.0391902 -0.0803192 -0.00587435 0.0375993 -0.0835201 -0.0083483 0.0366184 -0.0870972 -0.0104437 0.0362874 -0.0909039 -0.0120747 0.0366202 -0.0947845 -0.0131745 0.0376029 -0.09858 -0.0136982 0.0391953 -0.102135 -0.0136243 0.0413323 -0.105304 -0.0129558 0.0439265 -0.111841 -0.00311906 0.039782 -0.113834 -0.00139733 0.0429018 -0.115133 0.00076141 0.0461202 -0.115683 0.00326891 0.0493053 -0.115463 0.00602252 0.0523269 -0.114481 0.00890943 0.0550611 -0.112777 0.0118115 0.0573961 -0.110422 0.0146099 0.0592363 -0.107511 0.01719 0.0605062 -0.104164 0.0194464 0.061154 -0.100518 0.0212864 0.0611531 -0.0967217 0.022635 0.0605036 -0.0929313 0.0234367 0.059232 -0.0893016 0.0236588 0.0573904 -0.0859812 0.0232922 0.0550541 -0.0831061 0.0223519 0.0523189 -0.0807939 0.0208765 0.0492968 -0.0791394 0.0189262 0.0461113 -0.0782102 0.0165811 0.0428931 -0.0780444 0.0139369 0.0397737 -0.0786488 0.0111021 0.036881 -0.0799987 0.00819267 0.0343333 -0.0820388 0.00532774 0.032235 -0.0846854 0.00262458 0.0306719 -0.0878304 0.000193904 0.0297081 -0.091345 -0.00186484 0.0293829 -0.0950852 -0.0034673 0.0297098 -0.098898 -0.004548 0.0306754 -0.102627 -0.00506253 0.03224 -0.10612 -0.00498992 0.0343397 -0.109234 -0.00433313 0.0368885 -0.115278 0.00582318 0.032871 -0.117178 0.00746405 0.0358444 -0.118415 0.00952155 0.0389117 -0.11894 0.0119114 0.0419474 -0.11873 0.0145358 0.0448272 -0.117794 0.0172873 0.0474331 -0.11617 0.0200532 0.0496586 -0.113925 0.0227203 0.0514124 -0.111151 0.0251794 0.0526227 -0.107961 0.0273298 0.0532401 -0.104486 0.0290836 0.0532393 -0.100868 0.0303688 0.0526202 -0.0972553 0.0311329 0.0514083 -0.093796 0.0313446 0.0496531 -0.0906314 0.0309952 0.0474265 -0.0878911 0.0300991 0.0448196 -0.0856875 0.0286928 0.0419393 -0.0841106 0.0268341 0.0389033 -0.083225 0.0245989 0.0358361 -0.083067 0.0220789 0.0328631 -0.0836431 0.0193771 0.0301061 -0.0849296 0.0166042 0.0276779 -0.0868739 0.0138737 0.0256781 -0.0893964 0.0112973 0.0241883 -0.0923938 0.00898071 0.0232697 -0.0957435 0.00701852 0.0229598 -0.0993082 0.00549126 0.0232714 -0.102942 0.00446131 0.0241916 -0.106496 0.00397086 0.0256828 -0.109825 0.0040401 0.027684 -0.112793 0.00466607 0.0301132 -0.118272 0.0151078 0.0261347 -0.12002 0.016618 0.0288713 -0.121159 0.0185116 0.0316943 -0.121642 0.0207111 0.0344883 -0.121449 0.0231265 0.0371387 -0.120587 0.0256588 0.0395371 -0.119093 0.0282044 0.0415852 -0.117027 0.0306591 0.0431994 -0.114473 0.0329223 0.0443134 -0.111537 0.0349015 0.0448816 -0.108339 0.0365156 0.0448808 -0.10501 0.0376985 0.044311 -0.101685 0.0384017 0.0431956 -0.0985009 0.0385965 0.0415802 -0.0955883 0.0382749 0.0395309 -0.0930663 0.0374502 0.0371318 -0.0910382 0.036156 0.0344808 -0.0895869 0.0344453 0.0316866 -0.0887718 0.0323881 0.0288637 -0.0886264 0.0300688 0.0261275 -0.0891566 0.0275822 0.0235901 -0.0903406 0.0250301 0.0213553 -0.0921301 0.0225171 0.0195147 -0.0944517 0.0201459 0.0181436 -0.0972104 0.0180138 0.0172982 -0.100293 0.016208 0.017013 -0.103574 0.0148023 0.0172998 -0.106919 0.0138544 0.0181467 -0.11019 0.013403 0.0195191 -0.113254 0.0134667 0.0213609 -0.115985 0.0140428 0.0235966 -0.0988813 0.0275794 0.0134846 -0.0972656 0.0291712 0.014372 -0.096783 0.0297225 0.0147239 -0.0951657 0.0319938 0.0163874 -0.0940955 0.0343005 0.0184073 -0.0936163 0.0365479 0.0207007 -0.0937477 0.0386442 0.0231737 -0.0944844 0.0405034 0.0257252 -0.0957961 0.0420496 0.0282506 -0.0976292 0.0432193 0.0306466 -0.0999087 0.0439648 0.032815 -0.102541 0.0442554 0.0346672 -0.105419 0.0440793 0.0361272 -0.108424 0.0434437 0.0371354 -0.111433 0.0423746 0.0376503 -0.114324 0.0409158 0.0376511 -0.116977 0.039127 0.0371375 -0.119285 0.0370815 0.0361306 -0.121152 0.0348628 0.0346717 -0.122503 0.0325621 0.0328206 -0.123282 0.0302733 0.0306528 -0.123457 0.0280902 0.0282574 -0.12302 0.0261022 0.0257321 -0.121991 0.0243908 0.0231806 -0.12041 0.0230258 0.0207072 -0.118343 0.0220632 0.0184132 -0.115875 0.0215426 0.0163925 -0.113106 0.021485 0.0147279 -0.110149 0.0218929 0.0134874 -0.107126 0.0227496 0.0127219 -0.104161 0.0240201 0.0124628 -0.101375 0.0256523 0.0127206 -0.0225345 -0.0381313 0.0936565 -0.0288816 -0.0286293 0.12347 -0.0312283 -0.0308479 0.123141 -0.0250759 -0.0400584 0.0942414 -0.0333236 -0.0331486 0.122213 -0.0276178 -0.0416906 0.0954113 -0.0350818 -0.0354374 0.120725 -0.0300562 -0.042961 0.0971184 -0.036431 -0.0376205 0.118738 -0.0322913 -0.0438178 0.0992927 -0.0373157 -0.0396084 0.116332 -0.0342315 -0.0442257 0.101845 -0.0376999 -0.0413199 0.113608 -0.0357974 -0.0441682 0.104672 -0.0375679 -0.0426849 0.110676 -0.0369249 -0.0436475 0.107656 -0.0206915 -0.0365395 0.093617 -0.0200977 -0.0359882 0.0936805 -0.0178652 -0.0337169 0.0943125 -0.0159285 -0.0314102 0.0955266 -0.0143668 -0.0291628 0.0972731 -0.0132442 -0.0270666 0.0994806 -0.0126064 -0.0252073 0.102059 -0.0124797 -0.0236611 0.104901 -0.0128692 -0.0224914 0.107893 -0.013759 -0.0217459 0.110911 -0.0213219 -0.0233361 0.12086 -0.0238249 -0.0247949 0.122306 -0.0189731 -0.022267 0.11891 -0.0168747 -0.0216314 0.116534 -0.0151126 -0.0214553 0.113831 -0.0263797 -0.0265837 0.123188 -0.0267229 -0.0279207 0.0875937 -0.0294705 -0.0303371 0.0875665 -0.0323361 -0.03251 0.0882261 -0.0352022 -0.0343503 0.0895453 -0.0379517 -0.0357829 0.0914701 -0.0404718 -0.0367489 0.0939217 -0.0426594 -0.0372089 0.0967999 -0.0444251 -0.0371439 0.0999865 -0.0456964 -0.0365568 0.103351 -0.0464214 -0.0354715 0.106757 -0.0465703 -0.0339325 0.110063 -0.0461371 -0.0320027 0.113135 -0.0451395 -0.0297611 0.115847 -0.0436183 -0.0272996 0.118087 -0.0416358 -0.0247189 0.119765 -0.0392732 -0.0221246 0.120811 -0.0366272 -0.0196231 0.121183 -0.0338062 -0.0173166 0.120865 -0.0309255 -0.0152996 0.119871 -0.0281033 -0.0136547 0.11824 -0.0254549 -0.0124493 0.116041 -0.0230889 -0.0117326 0.113362 -0.021102 -0.0115341 0.110314 -0.0195757 -0.0118618 0.107022 -0.0185724 -0.0127023 0.103619 -0.0181332 -0.0140212 0.100246 -0.0182761 -0.0157646 0.0970403 -0.0189952 -0.0178611 0.0941336 -0.0202611 -0.0202247 0.0916445 -0.022022 -0.0227588 0.0896753 -0.0242057 -0.0253596 0.0883063 -0.0548445 -0.0278479 0.102736 -0.0550053 -0.0261858 0.106307 -0.0545374 -0.0241017 0.109624 -0.0534601 -0.021681 0.112553 -0.0518173 -0.0190227 0.114973 -0.0496763 -0.0162357 0.116785 -0.0471249 -0.0134341 0.117914 -0.0442674 -0.0107325 0.118316 -0.0412208 -0.00824162 0.117973 -0.0381099 -0.0060634 0.116899 -0.035062 -0.00428707 0.115138 -0.0322019 -0.00298522 0.112763 -0.0296467 -0.00221127 0.10987 -0.0275011 -0.00199681 0.106578 -0.0258527 -0.0023507 0.103022 -0.0247692 -0.00325844 0.0993478 -0.0242949 -0.00468281 0.095705 -0.0244492 -0.00656559 0.0922432 -0.0252258 -0.00882959 0.0891041 -0.0265929 -0.0113822 0.0864161 -0.0284945 -0.0141189 0.0842894 -0.0308529 -0.0169276 0.082811 -0.0335713 -0.0196934 0.0820414 -0.0365386 -0.022303 0.0820121 -0.0396332 -0.0246496 0.0827244 -0.0427285 -0.0266371 0.084149 -0.0456977 -0.0281841 0.0862277 -0.0484193 -0.0292273 0.0888753 -0.0507818 -0.0297241 0.0919835 -0.0526886 -0.029654 0.095425 -0.0540616 -0.0290199 0.0990589 -0.0627558 -0.019888 0.0986537 -0.0629234 -0.0181551 0.102376 -0.0624356 -0.0159823 0.105835 -0.0613124 -0.0134584 0.108889 -0.0595996 -0.0106869 0.111411 -0.0573675 -0.00778115 0.1133 -0.0547074 -0.00486023 0.114478 -0.0517281 -0.00204359 0.114897 -0.0485518 0.000553326 0.114539 -0.0453084 0.00282429 0.113419 -0.0421307 0.0046763 0.111584 -0.0391488 0.0060336 0.109107 -0.0364847 0.00684055 0.106091 -0.0342477 0.0070641 0.102659 -0.0325291 0.00669515 0.0989519 -0.0313995 0.00574876 0.0951208 -0.030905 0.00426371 0.0913229 -0.0310658 0.00230073 0.0877136 -0.0318755 -5.96789e-05 0.0844408 -0.0333009 -0.00272098 0.0816383 -0.0352835 -0.00557422 0.079421 -0.0377422 -0.00850261 0.0778796 -0.0405765 -0.0113861 0.0770772 -0.0436701 -0.0141069 0.0770467 -0.0468965 -0.0165534 0.0777893 -0.0501237 -0.0186256 0.0792746 -0.0532193 -0.0202386 0.0814419 -0.0560569 -0.0213262 0.0842022 -0.0585201 -0.0218441 0.0874428 -0.0605081 -0.021771 0.0910309 -0.0619395 -0.02111 0.0948196 -0.0701676 -0.011591 0.0945068 -0.0703372 -0.00983878 0.098271 -0.069844 -0.00764172 0.101768 -0.0687082 -0.00508974 0.104856 -0.0669763 -0.00228731 0.107407 -0.0647193 0.000650747 0.109317 -0.0620295 0.00360427 0.110508 -0.0590171 0.00645228 0.110931 -0.0558053 0.00907819 0.110569 -0.0525257 0.0113745 0.109437 -0.0493126 0.0132472 0.107581 -0.0462974 0.0146196 0.105077 -0.0436037 0.0154355 0.102027 -0.0413417 0.0156616 0.098557 -0.039604 0.0152885 0.0948083 -0.0384618 0.0143316 0.0909345 -0.0379618 0.01283 0.0870943 -0.0381244 0.0108451 0.0834448 -0.0389431 0.00845836 0.0801354 -0.0403844 0.00576737 0.0773017 -0.042389 0.00288227 0.0750597 -0.0448753 -7.87005e-05 0.0735011 -0.047741 -0.00299437 0.0726898 -0.0508692 -0.00574551 0.0726589 -0.0541316 -0.00821928 0.0734098 -0.0573947 -0.0103145 0.0749117 -0.0605249 -0.0119455 0.0771031 -0.063394 -0.0130452 0.0798943 -0.0658847 -0.0135689 0.0831709 -0.0678949 -0.0134951 0.086799 -0.0693423 -0.0128266 0.0906299 -0.0770936 -0.00295114 0.0902917 -0.0772601 -0.0012305 0.093988 -0.0767758 0.000926911 0.0974223 -0.0756605 0.00343286 0.100454 -0.0739598 0.00618472 0.102959 -0.0717435 0.00906982 0.104835 -0.0691022 0.0119701 0.106004 -0.0661441 0.0147667 0.10642 -0.0629903 0.0173453 0.106064 -0.0597698 0.0196002 0.104953 -0.0566146 0.0214391 0.10313 -0.0536539 0.0227868 0.100671 -0.0510087 0.023588 0.0976764 -0.0487875 0.02381 0.0942689 -0.0470811 0.0234436 0.0905877 -0.0459595 0.0225039 0.0867838 -0.0454685 0.0210294 0.0830128 -0.0456282 0.0190804 0.0794291 -0.0464322 0.0167366 0.0761794 -0.0478474 0.0140942 0.0733969 -0.049816 0.0112612 0.0711952 -0.0522573 0.00835354 0.0696648 -0.0550714 0.00549042 0.0688681 -0.0581432 0.00278895 0.0688378 -0.0613467 0.000359758 0.0695751 -0.064551 -0.0016977 0.0710499 -0.0676248 -0.0032992 0.0732018 -0.0704422 -0.00437918 0.0759426 -0.0728879 -0.00489341 0.0791602 -0.0748618 -0.00482086 0.0827228 -0.0762831 -0.00416443 0.0864847 -0.0835399 0.0060324 0.0860072 -0.0836985 0.00767086 0.089527 -0.0832373 0.00972529 0.0927973 -0.0821752 0.0121116 0.0956843 -0.0805558 0.0147321 0.0980696 -0.0784453 0.0174795 0.0998557 -0.0759301 0.0202413 0.100969 -0.0731132 0.0229044 0.101365 -0.07011 0.0253598 0.101027 -0.0670433 0.0275071 0.0999682 -0.0640388 0.0292582 0.0982325 -0.0612194 0.0305415 0.0958909 -0.0587005 0.0313045 0.0930393 -0.0565853 0.0315158 0.0897945 -0.0549604 0.0311669 0.0862891 -0.0538924 0.0302722 0.0826668 -0.0534248 0.028868 0.0790759 -0.0535769 0.027012 0.0756632 -0.0543425 0.0247802 0.0725688 -0.0556901 0.0222639 0.069919 -0.0575647 0.0195662 0.0678225 -0.0598894 0.0167974 0.0663651 -0.0625693 0.0140709 0.0656065 -0.0654943 0.0114984 0.0655776 -0.0685449 0.00918523 0.0662797 -0.0715962 0.00722599 0.0676841 -0.0745232 0.00570096 0.0697332 -0.0772061 0.00467251 0.0723432 -0.079535 0.00418285 0.0754072 -0.0814147 0.00425197 0.0787997 -0.0827682 0.00487697 0.082382 -0.0895119 0.0153609 0.0816522 -0.0896576 0.0168669 0.0848875 -0.0892337 0.0187553 0.0878935 -0.0882575 0.0209487 0.0905471 -0.0867689 0.0233574 0.0927397 -0.0848291 0.0258827 0.0943814 -0.0825172 0.0284213 0.0954051 -0.0799279 0.0308692 0.0957689 -0.0771675 0.0331262 0.0954579 -0.0743487 0.0350999 0.0944848 -0.071587 0.0367094 0.0928894 -0.0689954 0.037889 0.0907371 -0.0666801 0.0385903 0.088116 -0.064736 0.0387846 0.0851333 -0.0632424 0.038464 0.0819113 -0.0622606 0.0376414 0.0785818 -0.0618309 0.0363508 0.0752811 -0.0619707 0.0346448 0.0721443 -0.0626743 0.0325934 0.0692999 -0.0639131 0.0302805 0.0668643 -0.0656362 0.0278008 0.0649373 -0.067773 0.0252558 0.0635977 -0.0702362 0.0227497 0.0629004 -0.0729248 0.0203851 0.0628738 -0.0757289 0.0182589 0.0635192 -0.0785336 0.016458 0.0648101 -0.0812239 0.0150563 0.0666936 -0.08369 0.014111 0.0690926 -0.0858308 0.0136609 0.0719089 -0.0875585 0.0137244 0.0750273 -0.0888025 0.0142989 0.0783199 -0.0788914 0.0275794 0.0611187 -0.0770484 0.0291712 0.0610793 -0.0764546 0.0297225 0.0611428 -0.0742221 0.0319938 0.0617748 -0.0722854 0.0343005 0.062989 -0.0707237 0.0365479 0.0647355 -0.0696011 0.0386442 0.0669429 -0.0689633 0.0405034 0.0695209 -0.0688366 0.0420496 0.0723638 -0.0692261 0.0432193 0.0753554 -0.0701159 0.0439648 0.078373 -0.0714695 0.0442554 0.0812932 -0.0732316 0.0440793 0.0839965 -0.07533 0.0434437 0.0863721 -0.0776788 0.0423746 0.0883228 -0.0801818 0.0409158 0.0897687 -0.0827366 0.039127 0.0906507 -0.0852386 0.0370815 0.0909326 -0.0875852 0.0348628 0.0906029 -0.0896805 0.0325621 0.089675 -0.0914388 0.0302733 0.0881871 -0.0927878 0.0280902 0.0861999 -0.0936727 0.0261022 0.0837949 -0.0940568 0.0243908 0.0810704 -0.0939248 0.0230258 0.0781381 -0.0932818 0.0220632 0.075118 -0.0921543 0.0215426 0.0721338 -0.0905884 0.021485 0.0693075 -0.0886482 0.0218929 0.066755 -0.0864132 0.0227496 0.0645807 -0.0839747 0.0240201 0.0628736 -0.0814328 0.0256523 0.0617037 0.0332568 -0.0321292 0.0905964 0.0399985 -0.0253217 0.118525 0.0382012 -0.0271365 0.120353 0.0361862 -0.0291712 0.12165 0.034031 -0.0313474 0.122366 0.0318185 -0.0335815 0.122474 0.0240597 -0.0414161 0.117086 0.0227671 -0.0427214 0.114545 0.0268741 -0.0385742 0.0927176 0.0288891 -0.0365395 0.0914205 0.0213435 -0.0441589 0.108647 0.0256781 -0.0397818 0.119223 0.0275602 -0.0378814 0.120872 0.0296335 -0.0357878 0.121969 0.0218499 -0.0436475 0.111695 0.0310443 -0.0343633 0.0907043 0.0426749 -0.0226191 0.113574 0.0375151 -0.0278293 0.0921989 0.0434512 -0.0218352 0.110642 0.0438081 -0.0214749 0.107552 0.0354417 -0.0299229 0.0911011 0.0415091 -0.0237963 0.116236 0.0250768 -0.0403891 0.0945456 0.0235662 -0.0419144 0.0968344 0.0224003 -0.0430916 0.0994961 0.0212672 -0.0442359 0.105518 0.0216241 -0.0438755 0.102428 0.0410156 -0.0242947 0.095984 0.0423083 -0.0229894 0.0985257 0.0393971 -0.0259289 0.0938476 0.0432254 -0.0220632 0.101375 0.0437318 -0.0215519 0.104423 0.0133726 -0.035698 0.115544 0.0148266 -0.0342298 0.118403 0.0166471 -0.0323915 0.120806 0.018764 -0.0302539 0.122661 0.0210961 -0.027899 0.123896 0.0235538 -0.0254174 0.124463 0.0260425 -0.0229044 0.124342 0.0284666 -0.0204566 0.123536 0.0307331 -0.0181679 0.122077 0.0327548 -0.0161266 0.120021 0.0344539 -0.0144108 0.117447 0.0357652 -0.0130867 0.114453 0.0366384 -0.012205 0.111155 0.0370398 -0.0117997 0.107679 0.036954 -0.0118863 0.10416 0.0363844 -0.0124615 0.100731 0.0353528 -0.0135032 0.0975261 0.0338988 -0.0149714 0.094667 0.0320783 -0.0168096 0.092264 0.0299614 -0.0189472 0.0904095 0.0276293 -0.0213021 0.0891747 0.0251716 -0.0237838 0.088607 0.0226829 -0.0262968 0.0887283 0.0202587 -0.0287446 0.089534 0.0179922 -0.0310332 0.0909929 0.0159706 -0.0330746 0.0930491 0.0142714 -0.0347904 0.0956236 0.0129601 -0.0361145 0.0986174 0.012087 -0.0369961 0.101916 0.0116856 -0.0374015 0.105391 0.0117713 -0.0373149 0.108911 0.012341 -0.0367397 0.112339 0.00428496 -0.0282829 0.116259 0.00585434 -0.0266982 0.119345 0.00781926 -0.0247142 0.121939 0.0101042 -0.0224069 0.123941 0.0126214 -0.0198652 0.125273 0.0152741 -0.0171866 0.125886 0.0179603 -0.0144741 0.125755 0.0205768 -0.011832 0.124886 0.0230232 -0.00936176 0.123311 0.0252053 -0.00715838 0.121092 0.0270393 -0.00530649 0.118313 0.0284547 -0.00387724 0.115081 0.0293971 -0.00292556 0.111521 0.0298304 -0.0024881 0.10777 0.0297378 -0.0025816 0.103971 0.029123 -0.00320245 0.100271 0.0280094 -0.0043268 0.0968111 0.0264401 -0.0059115 0.0937251 0.0244752 -0.00789561 0.0911315 0.0221902 -0.0102029 0.0891298 0.0196731 -0.0127446 0.087797 0.0170204 -0.0154232 0.0871843 0.0143341 -0.0181357 0.0873152 0.0117176 -0.0207778 0.0881847 0.00927123 -0.023248 0.0897595 0.00708916 -0.0254514 0.0919789 0.00525517 -0.0273033 0.0947577 0.00383975 -0.0287326 0.0979891 0.00289727 -0.0296842 0.101549 0.00246404 -0.0301217 0.1053 0.00255663 -0.0300282 0.109099 0.00317148 -0.0294074 0.1128 -0.00441065 -0.0205459 0.116683 -0.00277289 -0.0188922 0.119903 -0.000722431 -0.0168216 0.12261 0.00166203 -0.0144139 0.124699 0.00428884 -0.0117614 0.12609 0.00705708 -0.00896614 0.126729 0.00986032 -0.00613553 0.126592 0.0125909 -0.00337831 0.125685 0.0151437 -0.000800535 0.124042 0.0174209 0.00149878 0.121726 0.0193348 0.00343135 0.118826 0.0208119 0.00492285 0.115454 0.0217953 0.00591596 0.111739 0.0222475 0.0063725 0.107824 0.0221509 0.00627497 0.103859 0.0215092 0.00562708 0.0999979 0.0203472 0.00445372 0.0963875 0.0187095 0.00279997 0.0931672 0.016659 0.000729486 0.0904605 0.0142745 -0.00167826 0.0883716 0.0116477 -0.00433072 0.0869807 0.00887944 -0.00712599 0.0863413 0.0060762 -0.0099566 0.086478 0.00334564 -0.0127138 0.0873854 0.000792794 -0.0152916 0.0890287 -0.00148429 -0.017591 0.0913448 -0.00339817 -0.0195236 0.0942446 -0.00487525 -0.0210151 0.0976168 -0.00585875 -0.0220081 0.101332 -0.00631088 -0.0224647 0.105247 -0.00621429 -0.0223672 0.109211 -0.00557267 -0.0217193 0.113073 -0.0127238 -0.0124873 0.116819 -0.011064 -0.0108114 0.120083 -0.00898599 -0.00871303 0.122826 -0.00656947 -0.00627292 0.124943 -0.00390736 -0.00358482 0.126352 -0.00110198 -0.000752081 0.127 0.00173882 0.0021165 0.126862 0.00450605 0.00491075 0.125942 0.00709321 0.00752317 0.124277 0.00940091 0.00985341 0.12193 0.0113405 0.0118119 0.118991 0.0128374 0.0133235 0.115573 0.0138341 0.0143299 0.111808 0.0142923 0.0147926 0.107841 0.0141944 0.0146937 0.103824 0.0135441 0.0140371 0.0999101 0.0123666 0.012848 0.0962512 0.0107068 0.011172 0.0929876 0.00862878 0.00907373 0.0902447 0.00621226 0.00663362 0.0881277 0.00355015 0.00394552 0.0867182 0.000744809 0.00111274 0.0860702 -0.00209603 -0.0017558 0.0862087 -0.00486326 -0.00455005 0.0871282 -0.00745042 -0.00716247 0.0887937 -0.00975812 -0.00949271 0.0911408 -0.0116977 -0.0114512 0.0940797 -0.0131946 -0.0129628 0.0974971 -0.0141913 -0.0139692 0.101262 -0.0146495 -0.0144319 0.105229 -0.0145516 -0.014333 0.109247 -0.0139014 -0.0136764 0.11316 -0.0206678 -0.00410121 0.116671 -0.0190319 -0.00244938 0.119888 -0.0169838 -0.000381284 0.122591 -0.0146021 0.00202366 0.124678 -0.0119782 0.00467311 0.126067 -0.00921322 0.00746513 0.126706 -0.0064132 0.0102925 0.126569 -0.0036858 0.0130465 0.125663 -0.00113584 0.0156214 0.124022 0.00113859 0.0179181 0.121708 0.00305026 0.0198484 0.118812 0.00452567 0.0213382 0.115443 0.00550804 0.0223301 0.111733 0.00595963 0.0227862 0.107822 0.0058631 0.0226887 0.103862 0.0052222 0.0220416 0.100005 0.00406155 0.0208696 0.0963992 0.0024257 0.0192178 0.0931826 0.000377597 0.0171496 0.0904791 -0.00200409 0.0147446 0.0883926 -0.00462792 0.0120952 0.0870033 -0.00739294 0.00930318 0.0863646 -0.010193 0.00647582 0.0865011 -0.0129204 0.00372179 0.0874075 -0.0154703 0.00114693 0.0890489 -0.0177448 -0.0011497 0.0913623 -0.0196565 -0.00308005 0.0942588 -0.0211319 -0.00456986 0.0976271 -0.0221143 -0.00556182 0.101338 -0.0225659 -0.00601783 0.105248 -0.0224693 -0.00592035 0.109208 -0.0218284 -0.00527319 0.113065 -0.0282482 0.00461291 0.116241 -0.0266818 0.00619459 0.119321 -0.0247206 0.00817503 0.12191 -0.0224399 0.0104779 0.123908 -0.0199275 0.0130149 0.125238 -0.0172798 0.0156885 0.12585 -0.0145986 0.0183959 0.125719 -0.0119869 0.021033 0.124851 -0.0095452 0.0234986 0.123279 -0.00736719 0.0256978 0.121064 -0.00553666 0.0275462 0.118291 -0.00412392 0.0289728 0.115065 -0.00318322 0.0299227 0.111512 -0.00275077 0.0303593 0.107768 -0.00284319 0.030266 0.103976 -0.0034569 0.0296463 0.100283 -0.0045683 0.0285241 0.0968294 -0.00613469 0.0269424 0.0937492 -0.00809597 0.024962 0.0911604 -0.0103766 0.022659 0.0891625 -0.0128891 0.0201221 0.0878322 -0.0155368 0.0174485 0.0872206 -0.018218 0.0147412 0.0873513 -0.0208296 0.012104 0.0882192 -0.0232713 0.00963841 0.0897909 -0.0254493 0.00743912 0.0920062 -0.0272799 0.00559072 0.0947798 -0.0286927 0.00416419 0.0980052 -0.0296333 0.00321431 0.101558 -0.0300658 0.00277763 0.105303 -0.0299733 0.00287095 0.109094 -0.0293597 0.00349066 0.112788 -0.0354699 0.0136563 0.11553 -0.0340183 0.0151222 0.118385 -0.0322007 0.0169575 0.120784 -0.030087 0.0190918 0.122636 -0.0277586 0.021443 0.123868 -0.0253048 0.0239207 0.124435 -0.02282 0.0264298 0.124314 -0.0203996 0.0288739 0.12351 -0.0181367 0.0311589 0.122053 -0.0161182 0.033197 0.12 -0.0144217 0.0349101 0.11743 -0.0131124 0.0362322 0.114441 -0.0122406 0.0371125 0.111148 -0.0118398 0.0375172 0.107677 -0.0119255 0.0374307 0.104163 -0.0124942 0.0368564 0.10074 -0.0135242 0.0358163 0.0975402 -0.014976 0.0343504 0.0946856 -0.0167936 0.0325151 0.0922864 -0.0189072 0.0303808 0.0904348 -0.0212356 0.0280296 0.0892019 -0.0236894 0.0255518 0.0886351 -0.0261743 0.0230428 0.0887562 -0.0285946 0.0205988 0.0895606 -0.0308576 0.0183138 0.0910172 -0.032876 0.0162756 0.0930703 -0.0345725 0.0145625 0.0956407 -0.0358818 0.0132404 0.0986298 -0.0367536 0.0123602 0.101923 -0.0371544 0.0119555 0.105393 -0.0370688 0.0120419 0.108907 -0.0365 0.0126162 0.11233 -0.0423083 0.0229894 0.114545 -0.0410156 0.0242946 0.117086 -0.0393971 0.0259289 0.119223 -0.0375151 0.0278293 0.120872 -0.0354417 0.0299229 0.121969 -0.0332568 0.0321292 0.122474 -0.0310443 0.0343633 0.122366 -0.0288891 0.0365395 0.12165 -0.0268741 0.0385742 0.120353 -0.0250768 0.0403891 0.118525 -0.0235662 0.0419144 0.116236 -0.0224003 0.0430916 0.113574 -0.0216241 0.0438755 0.110642 -0.0212672 0.0442359 0.107552 -0.0213435 0.0441589 0.104423 -0.0218499 0.0436475 0.101375 -0.0227671 0.0427213 0.0985257 -0.0240597 0.0414161 0.095984 -0.0256781 0.0397818 0.0938476 -0.0275602 0.0378814 0.0921989 -0.0296335 0.0357878 0.0911011 -0.0318185 0.0335815 0.0905964 -0.034031 0.0313474 0.0907043 -0.0361862 0.0291712 0.0914205 -0.0382012 0.0271365 0.0927176 -0.0399985 0.0253216 0.0945456 -0.0415091 0.0237963 0.0968344 -0.0426749 0.0226191 0.0994961 -0.0434512 0.0218352 0.102428 -0.0438081 0.0214749 0.105518 -0.0437318 0.0215518 0.108647 -0.0432254 0.0220632 0.111695</float_array>
                    <technique_common>
                        <accessor count="6208" source="#shape0-lib-positions-array" stride="3">
                            <param name="X" type="float"/>
                            <param name="Y" type="float"/>
                            <param name="Z" type="float"/>
                        </accessor>
                    </technique_common>
                </source>
                <source id="shape0-lib-normals" name="normal">
                    <float_array id="shape0-lib-normals-array" count="37464">-0.615337 -0.703665 0.35527 -0.615339 -0.703664 0.355268 -0.61534 -0.70366 0.355273 -0.615333 -0.703676 0.355254 -0.615348 -0.70364 0.3553 -0.615355 -0.703626 0.355317 -0.615308 -0.703737 0.355177 -0.615351 -0.703643 0.355288 -0.615341 -0.703667 0.355258 -0.615358 -0.703658 0.355247 -0.61535 -0.703664 0.35525 -0.615317 -0.703671 0.355291 -0.615344 -0.703659 0.355269 -0.615333 -0.703654 0.355297 -0.615343 -0.703654 0.355282 -0.615343 -0.703683 0.355224 -0.615332 -0.703667 0.355273 -0.615334 -0.703663 0.355278 -0.615335 -0.703661 0.355282 -0.615384 -0.703603 0.35531 -0.615344 -0.703662 0.355262 -0.615356 -0.703658 0.355249 -0.615318 -0.703673 0.355286 0.500016 3.26235e-06 0.866016 0.499985 1.51469e-05 0.866034 -0.500001 -6.91041e-06 -0.866025 -0.500015 -1.49228e-05 -0.866017 0.615369 0.703655 -0.355234 0.61534 0.703664 -0.355266 0.615344 0.703659 -0.355269 0.615328 0.703674 -0.355266 0.615324 0.703682 -0.355258 0.615348 0.703648 -0.355283 0.615348 0.703665 -0.355249 0.615349 0.703662 -0.355253 0.61534 0.703658 -0.355278 0.615344 0.703665 -0.355257 0.615322 0.70367 -0.355285 0.615317 0.70367 -0.355293 0.615358 0.703647 -0.355267 0.615344 0.703653 -0.35528 0.615333 0.703678 -0.355251 0.61535 0.703644 -0.355287 0.615332 0.703684 -0.355241 0.615335 0.703676 -0.355251 0.615346 0.703652 -0.35528 0.615352 0.703636 -0.3553 0.61534 0.703664 -0.355265 0.615314 0.703676 -0.355286 0.615359 0.703658 -0.355244 0 0 -1 0 0 -1 0 0 -1 0 0 -1 0.087152 0 -0.996195 0.087152 0 -0.996195 0.173648 0 -0.984808 0.173648 0 -0.984808 0 -1 0 0 -1 0 0 -1 0 0 -1 0 0 -1 0 0 -1 0 0 -1 0 0 -1 0 0 -1 0 0 -1 0 0 -1 0 0 -1 0 0 -1 0 0 -1 0 0 -1 0 0 -1 0 0 -1 0 0 -1 0 0 -1 0 0 -1 0 0 -1 0 0 -1 0 0 -1 0 0 -1 0 0 -1 0 0 -1 0 0 -1 0 0 -1 0 0 -1 0 0 -1 0 0 -1 0 0 -1 0 0 -1 0 0 -1 0 0 -1 0 0 -1 0 0 -1 0 0 -1 0 0 -1 0 0 -1 0 0 -1 0 0 -1 0 0 -1 0 0 -1 0 0 -1 0 0 -1 0 0 -1 0 0 -1 0 0 -1 0 0 -1 0 0 -1 0 0 -1 0 0 -1 0 0 -1 0 0 -1 0 0 -1 0 0 -1 0 0 -1 0 0 -1 0 0 -1 0 0 -1 0 0 -1 0 0 -1 0 0 -1 0 0 -1 0 0 -1 0 0 -1 0 0 -1 0 0 -1 0 0 -1 0 0 -1 0 0 -1 0 0 -1 0 0 -1 0 0 -1 0 0 -1 0 0 -1 0 0 -1 0 0 -1 0 0 -1 0 0 -1 0 0 -1 0 0 -1 0 0 -1 0 0 -1 0 0 -1 0 0 -1 0 0 -1 0 0 -1 0 0 -1 0 0 -1 0 0 -1 0 0 -1 0 0 -1 0 0 -1 0 0 -1 0 0 -1 0 0 -1 0 0 -1 0 0 -1 0 0 -1 0 0 -1 0 0 -1 0 0 -1 0 0 -1 0 0 -1 0 0 -1 0 0 -1 0 0 -1 0 0 -1 0 0 -1 0 0 -1 0 0 -1 0 0 -1 0 0 -1 0 0 -1 0 0 -1 0 0 -1 0 0 -1 0 0 -1 0 0 -1 0 0 -1 0 0 -1 0 0 -1 0 0 -1 0 0 -1 0 0 -1 0 0 -1 0 0 -1 0 0 -1 0 0 -1 0 0 -1 0 0 -1 0 0 -1 0 0 -1 0 0 -1 0 0 -1 0 0 -1 0 0 -1 0 0 -1 0 0 -1 0 0 -1 0 0 -1 0 0 -1 0 0 -1 0 0 -1 0 0 -1 0 0 -1 0 0 -1 0 0 -1 0 0 -1 0 0 -1 0 0 -1 0 0 -1 0 0 -1 0 0 -1 0 0 -1 0 0 -1 0 0 -1 0 0 -1 0 0 -1 0 0 -1 0 0 -1 0 0 -1 0 0 -1 0 0 -1 0 0 -1 0 0 -1 0 0 -1 0 0 -1 0 0 -1 0 0 -1 0 0 -1 0 0 -1 0 0 -1 0 0 -1 0 0 -1 0 0 -1 0 0 -1 0 0 -1 0 0 -1 0 0 -1 0 0 -1 0 0 -1 0 0 -1 0 0 -1 0 0 -1 0 0 -1 0 0 -1 0 0 -1 0 0 -1 0 0 -1 0 0 -1 0 0 -1 0 0 -1 0 0 -1 0 0 -1 0 0 -1 0 0 -1 0 0 -1 0 0 -1 0 0 -1 0 0 -1 0 0 -1 0 0 -1 0 0 -1 0 0 -1 0 0 -1 0 0 -1 0 0 -1 0 0 -1 0 0 -1 0 0 -1 0 0 -1 0 0 -1 0 0 -1 0 0 -1 0 0 -1 0 0 -1 0 0 -1 0 0 -1 0 0 -1 0 0 -1 0 0 -1 0 0 -1 0 0 -1 0 0 -1 0 0 -1 0 0 -1 0 0 -1 0 0 -1 0 0 -1 0 0 -1 0 0 -1 0 0 -1 0 0 -1 0 0 -1 0 0 -1 0 0 -1 0 0 -1 0 0 -1 0 0 -1 0 0 -1 0 0 -1 0 0 -1 0 0 -1 0 0 -1 0 0 -1 0 0 -1 0 0 -1 0 0 -1 0 0 -1 0 0 -1 0 0 -1 0 0 -1 0 0 -1 0 0 -1 0 0 -1 0 0 -1 0 0 -1 0 0 -1 0 0 -1 0 0 -1 0 0 -1 0 0 -1 0 0 -1 0 0 -1 0 0 -1 0 0 -1 0 0 -1 0 0 -1 0 0 -1 0 0 -1 0 0 -1 0 0 -1 0 0 -1 0 0 -1 0 0 -1 0 0 -1 0 0 -1 0 0 -1 0 0 -1 0 0 -1 0 0 -1 0 0 -1 0 0 -1 0 0 -1 0 0 -1 0 0 -1 0 0 -1 0 0 -1 0 0 -1 0 0 -1 0 0 -1 0 0 -1 0 0 -1 0 0 -1 0 0 -1 0 0 -1 0 0 -1 0 0 -1 0 0 -1 0 0 -1 0 0 -1 0 0 -1 0 0 -1 0 0 -1 0 0 -1 0 0 -1 0 0 -1 0 0 -1 0 0 -1 0 0 -1 0 0 -1 0 0 -1 0 0 -1 0 0 -1 0 0 -1 0 0 -1 0 0 -1 0 0 -1 0 0 -1 0 0 -1 0 0 -1 0 0 -1 0 0 -1 0 0 -1 0 0 -1 0 0 -1 0 0 -1 0 0 -1 0 0 -1 0 0 -1 0 0 -1 0 0 -1 0 0 -1 0 0 -1 0 0 -1 0 0 -1 0 0 -1 0 0 -1 0 0 -1 0 0 -1 0 0 -1 0 0 -1 0 0 -1 0 0 -1 0 0 -1 0 0 -1 0 0 -1 0 0 -1 0 0 -1 0 0 -1 0 0 -1 0 0 -1 0 0 -1 0 0 -1 0 0 -1 0 0 -1 0 0 -1 0 0 -1 0 0 -1 0 0 -1 0 0 -1 0 0 -1 0 0 -1 0 0 -1 0 0 -1 0 0 -1 0 0 -1 0 0 -1 0 0 -1 0 0 -1 0 0 -1 0 0 -1 0 0 -1 0 0 -1 0 0 -1 0 0 -1 0 0 -1 0 0 -1 0 0 -1 0 0 -1 0 0 -1 0 0 -1 0 0 -1 0 0 -1 0 0 -1 0 0 -1 0 0 -1 0 0 -1 0 0 -1 0 0 -1 0 0 -1 0 0 -1 0 0 -1 0 0 -1 0 0 -1 0 0 -1 0 0 -1 0 0 -1 0 0 -1 0 0 -1 0 0 -1 0 0 -1 0 0 -1 0 0 -1 0 0 -1 0 0 -1 0 0 -1 0 0 -1 0 0 -1 0 0 -1 0 0 -1 0 0 -1 0 0 -1 0 0 -1 0 0 -1 0 0 -1 0 0 -1 0 0 -1 0 0 -1 0 0 -1 0 0 -1 0 0 -1 0 0 -1 0 0 -1 0 0 -1 0 0 -1 0 0 -1 0 -0.500015 0 -0.866017 -0.500015 0 -0.866017 0 1 0 0 1 0 0 1 0 0 1 0 0 1 0 0 1 0 0 1 0 0 1 0 0 1 0 0 1 0 0 1 0 0 1 0 0 1 0 0 1 0 0 1 0 0 1 0 0 1 0 0 1 0 0 1 0 0 1 0 0 1 0 0 1 0 0 1 0 0 1 0 0 1 0 0 1 0 0 1 0 0 1 0 0 1 0 0 1 0 0 1 0 0 1 0 0 1 0 0 1 0 0 1 0 0 1 0 0 1 0 0 1 0 0 1 0 0 1 0 0 1 0 0 1 0 0 1 0 0 1 0 0 1 0 0 1 0 0 1 0 0 1 0 0 1 0 0 1 0 0 1 0 0 1 0 0 1 0 0 1 0 0 1 0 0 1 0 0 1 0 0 1 0 0 1 0 0 1 0 0 1 0 0 1 0 0 1 0 0 1 0 0 1 0 0 1 0 0 1 0 0 1 0 0 1 0 0 1 0 0 1 0 0 1 0 0 1 0 0 1 0 0 1 0 0 1 0 0 1 0 0 1 0 0 1 0 0 1 0 0 1 0 0 1 0 0 1 0 0 1 0 0 1 0 0 1 0 0 1 0 0 1 0 0 1 0 0 1 0 0 1 0 0 1 0 0 1 0 0 1 0 0 1 0 0 1 0 0 1 0 0 1 0 0 1 0 0 1 0 0 1 0 0 1 0 0 1 0 0 1 0 0 1 0 0 1 0 0 1 0 0 1 0 0 1 0 0 1 0 0 1 0 0 1 0 0 1 0 0 1 0 0 1 0 0 1 0 0 1 0 0 1 0 0 1 0 0 1 0 0 1 0 0 1 0 0 1 0 0 1 0 0 1 0 0 1 0 0 1 0 0 1 0 0 1 0 0 1 0 0 1 0 0 1 0 0 1 0 0 1 0 0 1 0 0 1 0 0 1 0 0 1 0 0 1 0 0 1 0 0 1 0 0 1 0 0 1 0 0 1 0 0 1 0 0 1 0 0 1 0 0 1 0 0 1 0 0 1 0 0 1 0 0 1 0 0 1 0 0 1 0 0 1 0 0 1 0 0 1 0 0 1 0 0 1 0 0 1 0 0 1 0 0 1 0 0 1 0 0 1 0 0 1 0 0 1 0 0 1 0 0 1 0 0 1 0 0 1 0 0 1 0 0 1 0 0 1 0 0 1 0 0 1 0 0 1 0 0 1 0 0 1 0 0 1 0 0 1 0 0 1 0 0 1 0 0 1 0 0 1 0 0 1 0 0 1 0 0 1 0 0 1 0 0 1 0 0 1 0 0 1 0 0 1 0 0 1 0 0 1 0 0 1 0 0 1 0 0 1 0 0 1 0 0 1 0 0 1 0 0 1 0 0 1 0 0 1 0 0 1 0 0 1 0 0 1 0 0 1 0 0 1 0 0 1 0 0 1 0 0 1 0 0 1 0 0 1 0 0 1 0 0 1 0 0 1 0 0 1 0 0 1 0 0 1 0 0 1 0 0 1 0 0 1 0 0 1 0 0 1 0 0 1 0 0 1 0 0 1 0 0 1 0 0 1 0 0 1 0 0 1 0 0 1 0 0 1 0 0 1 0 0 1 0 0 1 0 0 1 0 0 1 0 0 1 0 0 1 0 0 1 0 0 1 0 0 1 0 0 1 0 0 1 0 0 1 0 0 1 0 0 1 0 0 1 0 0 1 0 0 1 0 0 1 0 0 1 0 0 1 0 0 1 0 0 1 0 0 1 0 0 1 0 0 1 0 0 1 0 0 1 0 0 1 0 0 1 0 0 1 0 0 1 0 0 1 0 0 1 0 0 1 0 0 1 0 0 1 0 0 1 0 0 1 0 0 1 0 0 1 0 0 1 0 0 1 0 0 1 0 0 1 0 0 1 0 0 1 0 0 1 0 0 1 0 0 1 0 0 1 0 0 1 0 0 1 0 0 1 0 0 1 0 0 1 0 0 1 0 0 1 0 0 1 0 0 1 0 0 1 0 0 1 0 0 1 0 0 1 0 0 1 0 0 1 0 0 1 0 0 1 0 0 1 0 0 1 0 0 1 0 0 1 0 0 1 0 0 1 0 0 1 0 0 1 0 0 1 0 0 1 0 0 1 0 0 1 0 0 1 0 0 1 0 0 1 0 0 1 0 0 1 0 0 1 0 0 1 0 0 1 0 0 1 0 0 1 0 0 1 0 0 1 0 0 1 0 0 1 0 0 1 0 0 1 0 0 1 0 0 1 0 0 1 0 0 1 0 0 1 0 0 1 0 0 1 0 0 1 0 0 1 0 0 1 0 0 1 0 0 1 0 0 1 0 0 1 0 0 1 0 0 1 0 0 1 0 0 1 0 0 1 0 0 1 0 0 1 0 0 1 0 0 1 0 0 1 0 0 1 0 0 1 0 0 1 0 0 1 0 0 1 0 0 1 0 0 1 0 0 1 0 0 1 0 0 1 0 0 1 0 0 1 0 0 1 0 0 1 0 0 1 0 0 1 0 0 1 0 0 1 0 0 1 0 0 1 0 0 1 0 0 1 0 0 1 0 0 1 0 0 1 0 0 1 0 0 1 0 0 1 0 0 1 0 0 1 0 0 1 0 0 1 0 0 1 0 0 1 0 0 1 0 0 1 0 0 1 0 0 1 0 0 1 0 0 1 0 0 1 0 0 1 0 0 1 0 0 1 0 0 1 0 0 1 0 0 1 0 0 1 0 0 1 0 0 1 0 0 1 0 0 1 0 0 1 0 0 1 0 0 1 0 0 1 0 0 1 0 0 1 0 0 1 0 0 1 0 0 1 0 0 1 0 0 1 0 0 1 0 0 1 0 0 1 0 0 1 0 0 1 0 0 1 0 0 1 0 0 1 0 0 1 0 0 1 0 0 1 0 0 1 0 0 1 0 0 1 0 -0.630182 0 -0.776447 0.174206 0 0.984709 -0.630182 0 -0.776447 -0.877973 0 -0.478709 -0.877973 0 -0.478709 -0.999379 0 -0.0352364 -0.999379 0 -0.0352364 -0.909675 0 0.415321 -0.909675 0 0.415321 -0.62768 0 0.778472 -0.62768 0 0.778472 -0.213286 0 0.97699 -0.213286 0 0.97699 0.174206 0 0.984709 -0.499873 0 -0.866099 -0.499986 -4.90322e-06 -0.866034 -0.499943 -2.53331e-05 -0.866059 -0.50001 3.20729e-06 -0.86602 0.00292449 0.0467279 0.998903 0.454378 0.00243731 0.890806 0.00382093 0 0.999993 0.500218 -0.000251793 0.865899 0.500003 1.40488e-05 0.866024 0.499954 3.75086e-05 0.866052 0.499995 1.63032e-05 0.866028 -0.484392 -0.828946 0.279665 -0.484368 -0.828965 0.279649 -0.210836 -0.969913 0.121726 -0.171933 -0.980415 0.0960512 -0.0414285 -0.998855 0.0239188 0.0219151 0.99968 -0.0126527 0.484521 0.828846 -0.279737 0.484415 0.828929 -0.279677 0.17075 0.98037 -0.0985825 0.211002 0.969913 -0.12144 0.0624222 0.997401 -0.0359938 0.724159 -0.679472 -0.117947 0.464206 -0.679474 -0.56818 0.464185 -0.679458 -0.568215 0.0796438 -0.496349 -0.864462 0.0796487 -0.496354 -0.864459 -0.324557 -0.181304 -0.928327 -0.324557 -0.181304 -0.928327 -0.64167 0.181331 -0.745237 -0.641647 0.181268 -0.745272 -0.788467 0.496348 -0.363261 -0.788467 0.496347 -0.363262 -0.724158 0.679473 0.117947 -0.724163 0.67947 0.117939 -0.464188 0.679455 0.568217 -0.46419 0.679455 0.568215 -0.0796591 0.496349 0.864461 -0.0796526 0.496347 0.864462 0.324559 0.181299 0.928328 0.324567 0.181295 0.928326 0.641642 -0.181291 0.745271 0.641645 -0.181293 0.745268 0.788456 -0.496359 0.363268 0.788463 -0.496368 0.363241 0.724169 -0.679472 -0.117887 -0.261802 0.599177 0.756602 -0.261815 0.599176 0.756598 -0.574005 0.701467 0.422448 -0.573993 0.701472 0.422456 -0.760237 0.649629 -0.00480602 -0.760235 0.64963 -0.00480444 -0.779489 0.455712 -0.429795 -0.779485 0.455729 -0.429785 -0.629312 0.163547 -0.759749 -0.629308 0.163494 -0.759764 -0.0796628 0.496353 0.864458 -0.0796503 0.496362 0.864454 -0.342018 0 -0.939694 0 0 -1 0 0 -1 0 0 -1 0 0 -1 -0.342018 0 -0.939694 0.0756328 0.38961 0.917869 0.0756568 0.389603 0.91787 0.370959 0.13667 0.918537 0.370996 0.136654 0.918525 -0.499992 0 -0.86603 -0.499992 0 -0.86603 -0.355446 -0.7036 0.615309 -0.355263 -0.703673 0.615331 -0.355259 -0.70366 0.615348 -0.35526 -0.703669 0.615337 -0.35525 -0.703631 0.615388 -0.35522 -0.703458 0.615601 -0.355297 -0.703748 0.615225 -0.355318 -0.703852 0.615095 -0.355267 -0.703664 0.615339 -0.35535 -0.703625 0.615336 -0.355276 -0.703678 0.615319 -0.355291 -0.703675 0.615313 -0.355112 -0.703719 0.615366 -0.355366 -0.703644 0.615305 -0.355261 -0.703669 0.615337 -0.355278 -0.703571 0.615439 -0.35526 -0.703608 0.615407 -0.35529 -0.703662 0.615329 -0.355294 -0.70372 0.61526 -0.35526 -0.703705 0.615297 -0.355208 -0.703652 0.615387 -0.355113 -0.703654 0.615439 -0.355361 -0.70371 0.615232 0.866019 3.334e-06 0.500011 0.866026 -1.32651e-06 0.499998 -0.866055 -3.00533e-05 -0.499949 -0.86597 5.71755e-05 -0.500096 0.355356 0.703634 -0.615323 0.355328 0.703642 -0.615329 0.355266 0.703664 -0.61534 0.355237 0.703556 -0.61548 0.355263 0.703634 -0.615376 0.355269 0.703665 -0.615337 0.354891 0.703745 -0.615463 0.355303 0.703659 -0.615324 0.355303 0.703659 -0.615324 0.355303 0.703659 -0.615324 0.355302 0.703645 -0.615341 0.355307 0.703623 -0.615363 0.355239 0.703555 -0.615481 0.355297 0.703686 -0.615297 0.355362 0.7037 -0.615243 0.355294 0.703666 -0.615322 0.355016 0.703708 -0.615433 0.355152 0.703708 -0.615355 0.355379 0.703601 -0.615346 0.355262 0.703641 -0.615369 0.355273 0.703697 -0.615298 0.355269 0.703649 -0.615355 0.355275 0.703687 -0.615308 -0.422631 0 -0.906302 -0.422631 0 -0.906302 -0.342016 0 -0.939694 -0.342016 0 -0.939694 -0.342022 0 -0.939692 -0.342022 0 -0.939692 -0.342024 0 -0.939691 -0.342024 0 -0.939691 -0.865967 0 -0.500101 -0.865967 0 -0.500101 -0.933903 0 -0.357526 0.643177 0 0.765718 -0.933903 0 -0.357526 -0.9997 0 0.024511 -0.9997 0 0.024511 -0.883194 0 0.469007 -0.883194 0 0.469007 -0.580104 0 0.814543 -0.580104 0 0.814543 -0.154419 0 0.988005 -0.154419 0 0.988005 0.303801 0 0.952735 0.303801 0 0.952735 0.643177 0 0.765718 -0.865403 0 -0.501077 -0.865977 -4.31627e-05 -0.500084 -0.866281 0.000206874 -0.499556 -0.866112 8.23934e-05 -0.49985 0.838754 0 0.544511 0.502325 0.0466899 0.863417 0.505612 0.0463598 0.861515 0.865992 6.69469e-05 0.500058 0.866011 2.59372e-05 0.500025 0.865903 0.000114309 0.500211 0.866056 -2.10405e-05 0.499948 -0.0239074 -0.998855 0.0414323 -0.0239226 -0.998855 0.0414335 -0.27966 -0.828953 0.484383 -0.279675 -0.828929 0.484416 -0.121729 -0.969911 0.210843 -0.100866 -0.980418 0.169138 -0.023919 -0.998855 0.041429 0.0126639 0.999679 -0.0219469 0.27957 0.829068 -0.484238 0.279796 0.828767 -0.484622 0.0985086 0.9804 -0.170622 0.0986008 0.980362 -0.170785 0.0986497 0.980345 -0.170859 0.14409 0.969558 -0.197978 0.0376078 0.997522 -0.0594529 0.568005 -0.679489 -0.464398 0.117975 -0.67947 -0.724156 0.117975 -0.67947 -0.724156 -0.363177 -0.496417 -0.788462 -0.363346 -0.496268 -0.788478 -0.745271 -0.181172 -0.641676 -0.745021 -0.181626 -0.641838 -0.928338 0.181237 -0.324563 -0.928358 0.181817 -0.324183 -0.864443 0.4964 0.0795297 -0.864444 0.496399 0.0795288 -0.567993 0.679559 0.464309 -0.568358 0.679399 0.464096 -0.117923 0.679461 0.724174 -0.117887 0.679461 0.724179 0.363337 0.49625 0.788494 0.363338 0.496249 0.788494 0.744969 0.181516 0.641929 0.745356 0.181225 0.641563 0.928335 -0.18122 0.324581 0.928335 -0.18122 0.324581 0.864501 -0.496283 -0.079629 0.864502 -0.496282 -0.0796246 0.568028 -0.679489 -0.464369 0.151514 0.599182 0.786146 0.151588 0.599188 0.786127 -0.285894 0.701465 0.652849 -0.285894 0.701465 0.652849 -0.66085 0.649584 0.375923 -0.660687 0.649718 0.375978 -0.889906 0.455808 0.0174943 -0.89004 0.455551 0.0173937 -0.924897 0.163467 -0.343284 -0.924872 0.163802 -0.343192 0.363254 0.496351 0.788468 0.36323 0.496326 0.788495 -0.766188 0 -0.642617 -0.766188 0 -0.642617 -0.499865 0 -0.866104 -0.499865 0 -0.866104 0.524418 0.38963 0.757083 0.5244 0.389637 0.757092 0.780549 0.136627 0.609981 0.780565 0.136617 0.609962 -0.866028 0 -0.499995 -0.866028 0 -0.499995 -0.866026 0 -0.5 -0.866026 0 -0.5 5.94706e-05 -0.703691 0.710506 -4.46243e-05 -0.703652 0.710545 7.38962e-06 -0.703667 0.71053 -9.63938e-06 -0.703663 0.710533 0 -0.703637 0.710559 0 -0.703671 0.710526 -4.45512e-06 -0.703675 0.710522 5.88758e-06 -0.703659 0.710537 3.91604e-05 -0.703649 0.710548 1.55405e-05 -0.703663 0.710534 -6.45297e-06 -0.703662 0.710535 -6.77783e-06 -0.703662 0.710535 4.88938e-06 -0.703667 0.71053 -3.82319e-06 -0.703665 0.710532 -2.88776e-05 -0.703642 0.710555 3.21346e-06 -0.703659 0.710538 -1.42175e-05 -0.703679 0.710519 -4.25712e-05 -0.703714 0.710483 2.13617e-05 -0.703641 0.710555 2.31132e-05 -0.703639 0.710558 -4.36941e-06 -0.703669 0.710528 -5.07058e-06 -0.70367 0.710527 0 -0.703665 0.710532 1 0 0 1 0 0 -1 0 0 -1 0 0 -5.60542e-05 0.703682 -0.710515 -3.34823e-05 0.703676 -0.710521 -1.94451e-05 0.703671 -0.710526 -6.68176e-06 0.703664 -0.710533 0 0.703661 -0.710536 4.49408e-05 0.703712 -0.710486 -1.33517e-05 0.703651 -0.710545 -2.49326e-05 0.703637 -0.71056 2.23964e-06 0.703667 -0.71053 6.16015e-07 0.703665 -0.710532 7.9672e-06 0.703676 -0.710521 -2.68185e-06 0.703662 -0.710534 4.58081e-05 0.703646 -0.710551 4.849e-06 0.703667 -0.71053 -7.30926e-06 0.703667 -0.71053 6.71156e-06 0.703665 -0.710532 -7.29063e-05 0.703637 -0.710559 6.37616e-05 0.703662 -0.710535 1.38838e-05 0.703663 -0.710534 -0.00049442 0.703731 -0.710467 6.85132e-05 0.70365 -0.710547 -3.52597e-05 0.703671 -0.710526 4.55704e-05 0.703652 -0.710545 -0.819156 0 -0.573571 -0.819156 0 -0.573571 -0.766049 0 -0.642782 -0.766049 0 -0.642782 -0.766048 0 -0.642783 -0.766048 0 -0.642783 -1 0 0 -1 0 0 -0.987525 0 0.157465 0.939829 0 0.341644 -0.987525 0 0.157465 -0.853542 0 0.521025 -0.853542 0 0.521025 -0.530337 0 0.847787 -0.530337 0 0.847787 -0.0951081 0 0.995467 -0.0951081 0 0.995467 0.360212 0 0.93287 0.360212 0 0.93287 0.739528 0 0.673125 0.739528 0 0.673125 0.939829 0 0.341644 -1 0 0 -1 0 0 -1 0 0 -1 0 0 0.998644 0 0.0520505 0.867575 0.0465427 0.495123 0.867886 0.0464885 0.494583 1 0 0 1 0 0 1 0 0 1 0 0 0 -0.828958 0.559311 0 -0.828958 0.559311 0 -0.969908 0.24347 -0.00278383 -0.980414 0.19693 0 -0.998855 0.0478387 0 0.999677 -0.0254062 0 0.82897 -0.559293 0 0.82897 -0.559293 0 0.980362 -0.197204 0.000331723 0.969867 -0.243636 3.89732e-05 0.997432 -0.0716259 0.259854 -0.679484 -0.686132 -0.260098 -0.679438 -0.686085 -0.260046 -0.679458 -0.686086 -0.708587 -0.496524 -0.501367 -0.70856 -0.49655 -0.50138 -0.966243 -0.181289 -0.183053 -0.966247 -0.181278 -0.183046 -0.966247 0.181277 0.183045 -0.96625 0.181265 0.183038 -0.708558 0.496537 0.501394 -0.708587 0.496509 0.501381 -0.260098 0.679428 0.686095 -0.259997 0.679467 0.686095 0.259906 0.679484 0.686113 0.259805 0.679484 0.686151 0.708943 0.496258 0.501127 0.708972 0.496245 0.501099 0.966247 0.181275 0.183048 0.96625 0.181268 0.183036 0.966243 -0.181287 -0.183055 0.966247 -0.18128 -0.183043 0.708972 -0.496259 -0.501085 0.708944 -0.496271 -0.501112 0.259906 -0.679484 -0.686112 0.524385 0.599142 0.60502 0.524416 0.599145 0.60499 0.0788341 0.701476 0.70832 0.0788345 0.701476 0.708319 -0.384299 0.649631 0.655968 -0.384336 0.649602 0.655976 -0.762 0.455665 0.460136 -0.761982 0.455693 0.460138 -0.972639 0.163477 0.165071 -0.972639 0.163477 0.165071 0.708812 0.496358 0.501214 0.70881 0.496352 0.501222 -0.984871 0 -0.173287 -0.984871 0 -0.173287 -0.865901 0 -0.500215 -0.865901 0 -0.500215 0.832703 0.389628 0.39344 0.832714 0.389622 0.393423 0.980968 0.136632 0.137965 0.980966 0.136635 0.137972 -1 0 0 -1 0 0 -1 0 0 -1 0 0 0.35527 -0.703665 0.615337 0.355286 -0.703673 0.615318 0.355249 -0.703658 0.615356 0.355262 -0.703662 0.615344 0.35531 -0.703603 0.615385 0.355282 -0.703661 0.615335 0.355278 -0.703663 0.615334 0.355273 -0.703667 0.615332 0.355224 -0.703683 0.615343 0.355282 -0.703654 0.615343 0.355297 -0.703654 0.615333 0.355269 -0.703659 0.615344 0.355291 -0.703671 0.615317 0.35525 -0.703664 0.61535 0.355247 -0.703658 0.615358 0.355258 -0.703667 0.615341 0.355288 -0.703643 0.615351 0.355177 -0.703737 0.615308 0.355317 -0.703626 0.615354 0.3553 -0.70364 0.615348 0.355254 -0.703676 0.615333 0.355273 -0.70366 0.61534 0.355268 -0.703664 0.615339 0.866016 3.26235e-06 -0.500016 0.866034 1.51469e-05 -0.499985 -0.866025 -6.91041e-06 0.500001 -0.866017 -1.49228e-05 0.500015 -0.355244 0.703659 -0.615359 -0.355287 0.703676 -0.615314 -0.355265 0.703664 -0.61534 -0.3553 0.703636 -0.615352 -0.35528 0.703652 -0.615346 -0.355251 0.703676 -0.615335 -0.355234 0.703655 -0.615369 -0.355266 0.703664 -0.61534 -0.355269 0.703659 -0.615344 -0.355266 0.703674 -0.615328 -0.355258 0.703682 -0.615324 -0.355283 0.703648 -0.615348 -0.355249 0.703665 -0.615348 -0.355253 0.703662 -0.615349 -0.355278 0.703658 -0.61534 -0.355257 0.703665 -0.615344 -0.355285 0.70367 -0.615322 -0.355293 0.70367 -0.615317 -0.355267 0.703647 -0.615358 -0.35528 0.703653 -0.615344 -0.355251 0.703678 -0.615333 -0.355287 0.703644 -0.61535 -0.355241 0.703684 -0.615332 -0.996195 0 -0.087152 -0.996195 0 -0.087152 -0.984808 0 -0.173648 -0.984808 0 -0.173648 -0.866017 0 0.500015 -0.866017 0 0.500015 -0.776447 0 0.630182 0.984709 0 -0.174206 -0.776447 0 0.630182 -0.478709 0 0.877973 -0.478709 0 0.877973 -0.0352364 0 0.999379 -0.0352364 0 0.999379 0.415321 0 0.909675 0.415321 0 0.909675 0.778472 0 0.62768 0.778472 0 0.62768 0.97699 0 0.213286 0.97699 0 0.213286 0.984709 0 -0.174206 -0.866099 0 0.499873 -0.866034 -4.90322e-06 0.499986 -0.866059 -2.53331e-05 0.499943 -0.86602 3.20729e-06 0.50001 0.998903 0.0467279 -0.00292449 0.890806 0.00243731 -0.454378 0.999993 0 -0.00382093 0.865899 -0.000251793 -0.500218 0.866024 1.40488e-05 -0.500003 0.866052 3.75086e-05 -0.499954 0.866028 1.63032e-05 -0.499995 0.279665 -0.828946 0.484392 0.279649 -0.828965 0.484368 0.121726 -0.969913 0.210836 0.0960512 -0.980415 0.171933 0.0239188 -0.998855 0.0414285 -0.0126527 0.99968 -0.0219151 -0.279737 0.828846 -0.484521 -0.279677 0.828929 -0.484415 -0.0985825 0.98037 -0.17075 -0.12144 0.969913 -0.211002 -0.0359938 0.997401 -0.0624222 -0.117947 -0.679472 -0.724159 -0.56818 -0.679474 -0.464206 -0.568215 -0.679458 -0.464185 -0.864462 -0.496349 -0.0796438 -0.864459 -0.496354 -0.0796487 -0.928327 -0.181304 0.324557 -0.928327 -0.181304 0.324557 -0.745237 0.181331 0.64167 -0.745272 0.181268 0.641647 -0.363261 0.496348 0.788467 -0.363262 0.496347 0.788467 0.117947 0.679473 0.724158 0.117939 0.67947 0.724163 0.568217 0.679455 0.464188 0.568215 0.679455 0.46419 0.864461 0.496349 0.0796591 0.864462 0.496347 0.0796526 0.928328 0.181299 -0.324559 0.928326 0.181295 -0.324567 0.745271 -0.181291 -0.641642 0.745268 -0.181293 -0.641645 0.363268 -0.496359 -0.788456 0.363241 -0.496368 -0.788463 -0.117887 -0.679472 -0.724169 0.756602 0.599177 0.261802 0.756598 0.599176 0.261815 0.422448 0.701467 0.574005 0.422456 0.701472 0.573993 -0.00480602 0.649629 0.760237 -0.00480444 0.64963 0.760235 -0.429795 0.455712 0.779489 -0.429785 0.455729 0.779485 -0.759749 0.163547 0.629312 -0.759764 0.163494 0.629308 0.864458 0.496353 0.0796628 0.864454 0.496362 0.0796503 -0.939694 0 0.342018 -1 0 0 -1 0 0 -1 0 0 -1 0 0 -0.939694 0 0.342018 0.917869 0.38961 -0.0756328 0.91787 0.389603 -0.0756568 0.918537 0.13667 -0.370959 0.918525 0.136654 -0.370996 -0.86603 0 0.499992 -0.86603 0 0.499992 0.615309 -0.7036 0.355446 0.615331 -0.703673 0.355263 0.615348 -0.70366 0.355259 0.615337 -0.703669 0.35526 0.615388 -0.703631 0.35525 0.615601 -0.703458 0.35522 0.615225 -0.703748 0.355297 0.615095 -0.703852 0.355318 0.615339 -0.703664 0.355267 0.615336 -0.703625 0.35535 0.615319 -0.703678 0.355276 0.615281 -0.703663 0.355368 0.615296 -0.703693 0.355284 0.615439 -0.703654 0.355113 0.615387 -0.703652 0.355208 0.615297 -0.703705 0.35526 0.61526 -0.70372 0.355294 0.615329 -0.703662 0.35529 0.615407 -0.703608 0.35526 0.615439 -0.703571 0.355278 0.615337 -0.703669 0.355261 0.615305 -0.703644 0.355366 0.615366 -0.703719 0.355112 0.500011 3.334e-06 -0.866019 0.499998 -1.32651e-06 -0.866026 -0.499949 -3.00533e-05 0.866055 -0.500096 5.71755e-05 0.86597 -0.615323 0.703634 -0.355356 -0.615329 0.703642 -0.355328 -0.61534 0.703664 -0.355266 -0.61548 0.703556 -0.355237 -0.615376 0.703634 -0.355263 -0.615337 0.703665 -0.355269 -0.615463 0.703745 -0.354891 -0.615324 0.703659 -0.355303 -0.615324 0.703659 -0.355303 -0.615324 0.703659 -0.355303 -0.615341 0.703645 -0.355302 -0.615363 0.703623 -0.355307 -0.615481 0.703555 -0.355239 -0.615297 0.703686 -0.355297 -0.615243 0.7037 -0.355362 -0.615322 0.703666 -0.355294 -0.615433 0.703708 -0.355016 -0.615355 0.703708 -0.355152 -0.615346 0.703601 -0.355379 -0.615369 0.703641 -0.355262 -0.615298 0.703697 -0.355273 -0.615355 0.703649 -0.355269 -0.615308 0.703687 -0.355275 -0.906302 0 0.422631 -0.906302 0 0.422631 -0.939694 0 0.342016 -0.939694 0 0.342016 -0.939692 0 0.342022 -0.939692 0 0.342022 -0.939691 0 0.342024 -0.939691 0 0.342024 -0.500101 0 0.865967 -0.500101 0 0.865967 -0.357526 0 0.933903 0.765718 0 -0.643177 -0.357526 0 0.933903 0.024511 0 0.9997 0.024511 0 0.9997 0.469007 0 0.883194 0.469007 0 0.883194 0.814543 0 0.580104 0.814543 0 0.580104 0.988005 0 0.154419 0.988005 0 0.154419 0.952735 0 -0.303801 0.952735 0 -0.303801 0.765718 0 -0.643177 -0.501077 0 0.865403 -0.500084 -4.31627e-05 0.865977 -0.499556 0.000206874 0.866281 -0.49985 8.23934e-05 0.866112 0.861514 0.0463598 -0.505613 0.544411 0.00244315 -0.838815 0.864876 0 -0.501986 0.500058 6.69469e-05 -0.865992 0.500025 2.59372e-05 -0.866011 0.500211 0.000114309 -0.865903 0.499948 -2.10405e-05 -0.866056 0.0414323 -0.998855 0.0239074 0.0414335 -0.998855 0.0239226 0.484383 -0.828953 0.27966 0.484416 -0.828929 0.279675 0.210843 -0.969911 0.121729 0.169138 -0.980418 0.100866 0.041429 -0.998855 0.023919 -0.0219469 0.999679 -0.0126639 -0.484238 0.829068 -0.27957 -0.484622 0.828767 -0.279796 -0.170622 0.9804 -0.0985086 -0.170785 0.980362 -0.0986008 -0.170859 0.980345 -0.0986497 -0.197978 0.969558 -0.14409 -0.0594529 0.997522 -0.0376078 -0.464398 -0.679489 -0.568005 -0.724156 -0.67947 -0.117975 -0.724156 -0.67947 -0.117975 -0.788462 -0.496417 0.363177 -0.788478 -0.496268 0.363346 -0.641676 -0.181172 0.745271 -0.641838 -0.181626 0.745021 -0.324563 0.181237 0.928338 -0.324183 0.181817 0.928358 0.0795297 0.4964 0.864443 0.0795288 0.496399 0.864444 0.464309 0.679559 0.567993 0.464096 0.679399 0.568358 0.724174 0.679461 0.117923 0.724179 0.679461 0.117887 0.788494 0.49625 -0.363337 0.788494 0.496249 -0.363338 0.641929 0.181516 -0.744969 0.641563 0.181225 -0.745356 0.324581 -0.18122 -0.928335 0.324581 -0.18122 -0.928335 -0.079629 -0.496283 -0.864501 -0.0796246 -0.496282 -0.864502 -0.464369 -0.679489 -0.568028 0.786146 0.599182 -0.151514 0.786127 0.599188 -0.151588 0.652849 0.701465 0.285894 0.652849 0.701465 0.285894 0.375923 0.649584 0.66085 0.375978 0.649718 0.660687 0.0174943 0.455808 0.889906 0.0173937 0.455551 0.89004 -0.343284 0.163467 0.924897 -0.343192 0.163802 0.924872 0.788468 0.496351 -0.363254 0.788495 0.496326 -0.36323 -0.642617 0 0.766188 -0.642617 0 0.766188 -0.866104 0 0.499865 -0.866104 0 0.499865 0.757083 0.38963 -0.524418 0.757092 0.389637 -0.5244 0.609981 0.136627 -0.780549 0.609962 0.136617 -0.780565 -0.499995 0 0.866028 -0.499995 0 0.866028 -0.5 0 0.866026 -0.5 0 0.866026 0.710506 -0.703691 -5.94706e-05 0.710532 -0.703665 0 0.710527 -0.70367 5.10706e-06 0.710528 -0.703669 4.2409e-06 0.710558 -0.703639 -2.31994e-05 0.710555 -0.703641 -2.12933e-05 0.710483 -0.703714 4.27291e-05 0.710519 -0.703678 1.41675e-05 0.710538 -0.703659 -3.21346e-06 0.710555 -0.703642 2.88966e-05 0.710532 -0.703665 3.79106e-06 0.71053 -0.703667 -4.83209e-06 0.710535 -0.703662 6.79787e-06 0.710535 -0.703662 6.46257e-06 0.710534 -0.703663 -1.55405e-05 0.710548 -0.703649 -3.92187e-05 0.710537 -0.703659 -5.88758e-06 0.710522 -0.703675 4.47483e-06 0.710526 -0.703671 0 0.710559 -0.703637 0 0.710533 -0.703663 9.59166e-06 0.71053 -0.703667 -7.10738e-06 0.710545 -0.703652 4.46243e-05 0 0 -1 0 0 -1 0 0 1 0 0 1 -0.710545 0.703652 -4.56731e-05 -0.710515 0.703682 5.61022e-05 -0.710536 0.703661 0 -0.710486 0.703712 -4.49408e-05 -0.710545 0.703651 1.33517e-05 -0.71056 0.703637 2.49326e-05 -0.710526 0.703671 3.49271e-05 -0.710533 0.703664 0 -0.71056 0.703637 0 -0.710524 0.703673 1.31732e-05 -0.710518 0.703679 9.12374e-06 -0.710533 0.703664 1.33646e-05 -0.710497 0.7037 -4.91521e-05 -0.710548 0.703649 6.49322e-06 -0.710559 0.703637 7.30271e-05 -0.710532 0.703665 -6.68876e-06 -0.71053 0.703667 7.2179e-06 -0.71053 0.703667 -4.86401e-06 -0.710551 0.703646 -4.58081e-05 -0.710534 0.703662 2.66509e-06 -0.710521 0.703676 -7.94875e-06 -0.710532 0.703665 -7.58172e-07 -0.71053 0.703667 -2.18221e-06 -0.573571 0 0.819156 -0.573571 0 0.819156 -0.642782 0 0.766049 -0.642782 0 0.766049 -0.642783 0 0.766048 -0.642783 0 0.766048 0 0 1 0 0 1 0.157465 0 0.987525 0.341644 0 -0.939829 0.157465 0 0.987525 0.521025 0 0.853542 0.521025 0 0.853542 0.847787 0 0.530337 0.847787 0 0.530337 0.995467 0 0.0951081 0.995467 0 0.0951081 0.93287 0 -0.360212 0.93287 0 -0.360212 0.673125 0 -0.739528 0.673125 0 -0.739528 0.341644 0 -0.939829 0 0 1 0 0 1 0 0 1 0 0 1 0.0520505 0 -0.998644 0.495123 0.0465427 -0.867575 0.494583 0.0464885 -0.867886 0 0 -1 0 0 -1 0 0 -1 0 0 -1 0.559311 -0.828958 0 0.559311 -0.828958 0 0.24347 -0.969908 0 0.19693 -0.980414 0.00278383 0.0478387 -0.998855 0 -0.0254062 0.999677 0 -0.559293 0.82897 0 -0.559293 0.82897 0 -0.197204 0.980362 0 -0.243636 0.969867 -0.000331723 -0.0716259 0.997432 -3.89732e-05 -0.686132 -0.679484 -0.259854 -0.686085 -0.679438 0.260098 -0.686086 -0.679458 0.260046 -0.501367 -0.496524 0.708587 -0.50138 -0.49655 0.70856 -0.183053 -0.181289 0.966243 -0.183046 -0.181278 0.966247 0.183045 0.181277 0.966247 0.183038 0.181265 0.96625 0.501394 0.496537 0.708558 0.501381 0.496509 0.708587 0.686095 0.679428 0.260098 0.686095 0.679467 0.259997 0.686113 0.679484 -0.259906 0.686151 0.679484 -0.259805 0.501127 0.496258 -0.708943 0.501099 0.496245 -0.708972 0.183048 0.181275 -0.966247 0.183036 0.181268 -0.96625 -0.183055 -0.181287 -0.966243 -0.183043 -0.18128 -0.966247 -0.501085 -0.496259 -0.708972 -0.501112 -0.496271 -0.708944 -0.686112 -0.679484 -0.259906 0.60502 0.599142 -0.524385 0.60499 0.599145 -0.524416 0.70832 0.701476 -0.0788341 0.708319 0.701476 -0.0788345 0.655968 0.649631 0.384299 0.655976 0.649602 0.384336 0.460136 0.455665 0.762 0.460138 0.455693 0.761982 0.165071 0.163477 0.972639 0.165071 0.163477 0.972639 0.501214 0.496358 -0.708812 0.501222 0.496352 -0.70881 -0.173287 0 0.984871 -0.173287 0 0.984871 -0.500215 0 0.865901 -0.500215 0 0.865901 0.39344 0.389628 -0.832703 0.393423 0.389622 -0.832714 0.137965 0.136632 -0.980968 0.137972 0.136635 -0.980966 0 0 1 0 0 1 0 0 1 0 0 1 0.615337 -0.703665 -0.35527 0.615318 -0.703673 -0.355286 0.615356 -0.703658 -0.355249 0.615344 -0.703662 -0.355262 0.615385 -0.703603 -0.35531 0.615335 -0.703661 -0.355282 0.615334 -0.703663 -0.355278 0.615332 -0.703667 -0.355273 0.615343 -0.703683 -0.355224 0.615343 -0.703654 -0.355282 0.615333 -0.703654 -0.355297 0.615344 -0.703659 -0.355269 0.615317 -0.703671 -0.355291 0.61535 -0.703664 -0.35525 0.615358 -0.703658 -0.355247 0.615341 -0.703667 -0.355258 0.615351 -0.703643 -0.355288 0.615308 -0.703737 -0.355177 0.615354 -0.703626 -0.355317 0.615348 -0.70364 -0.3553 0.615333 -0.703676 -0.355254 0.61534 -0.70366 -0.355273 0.615339 -0.703664 -0.355268 -0.500016 3.26235e-06 -0.866016 -0.499985 1.51469e-05 -0.866034 0.500001 -6.91041e-06 0.866025 0.500015 -1.49228e-05 0.866017 -0.615314 0.703676 0.355287 -0.61534 0.703664 0.355265 -0.615352 0.703636 0.3553 -0.615346 0.703652 0.35528 -0.615335 0.703676 0.355251 -0.615331 0.703684 0.355241 -0.61535 0.703644 0.355287 -0.615333 0.703678 0.355251 -0.615344 0.703653 0.35528 -0.615358 0.703647 0.355267 -0.615317 0.70367 0.355293 -0.615322 0.70367 0.355285 -0.615344 0.703665 0.355257 -0.61534 0.703658 0.355278 -0.615349 0.703662 0.355253 -0.615348 0.703665 0.355249 -0.615348 0.703648 0.355283 -0.615324 0.703682 0.355258 -0.615328 0.703674 0.355266 -0.615344 0.703659 0.355269 -0.61534 0.703664 0.355266 -0.615369 0.703655 0.355234 -0.615359 0.703658 0.355244 -0.087152 0 0.996195 -0.087152 0 0.996195 -0.173648 0 0.984808 -0.173648 0 0.984808 0.500015 0 0.866017 0.500015 0 0.866017 0.630182 0 0.776447 -0.174206 0 -0.984709 0.630182 0 0.776447 0.877973 0 0.478709 0.877973 0 0.478709 0.999379 0 0.0352364 0.999379 0 0.0352364 0.909675 0 -0.415321 0.909675 0 -0.415321 0.62768 0 -0.778472 0.62768 0 -0.778472 0.213286 0 -0.97699 0.213286 0 -0.97699 -0.174206 0 -0.984709 0.499873 0 0.866099 0.499986 -4.90322e-06 0.866034 0.499943 -2.53331e-05 0.866059 0.50001 3.20729e-06 0.86602 -0.454275 0 -0.890862 -0.00483998 0.0465616 -0.998904 -0.00292443 0.0467278 -0.998903 -0.500218 -0.000251793 -0.865899 -0.500003 1.40488e-05 -0.866024 -0.499954 3.75086e-05 -0.866052 -0.499995 1.63032e-05 -0.866028 0.484392 -0.828946 -0.279665 0.484368 -0.828965 -0.279649 0.210836 -0.969913 -0.121726 0.171933 -0.980415 -0.0960512 0.0414285 -0.998855 -0.0239188 -0.0219151 0.99968 0.0126527 -0.484521 0.828846 0.279737 -0.484415 0.828929 0.279677 -0.17075 0.98037 0.0985825 -0.211002 0.969913 0.12144 -0.0624222 0.997401 0.0359938 -0.724159 -0.679472 0.117947 -0.464206 -0.679474 0.56818 -0.464185 -0.679458 0.568215 -0.0796438 -0.496349 0.864462 -0.0796487 -0.496354 0.864459 0.324557 -0.181304 0.928327 0.324557 -0.181304 0.928327 0.64167 0.181331 0.745237 0.641647 0.181268 0.745272 0.788467 0.496348 0.363261 0.788467 0.496347 0.363262 0.724158 0.679473 -0.117947 0.724163 0.67947 -0.117939 0.464188 0.679455 -0.568217 0.46419 0.679455 -0.568215 0.0796591 0.496349 -0.864461 0.0796526 0.496347 -0.864462 -0.324559 0.181299 -0.928328 -0.324567 0.181295 -0.928326 -0.641642 -0.181291 -0.745271 -0.641645 -0.181293 -0.745268 -0.788456 -0.496359 -0.363268 -0.788463 -0.496368 -0.363241 -0.724169 -0.679472 0.117887 0.261802 0.599177 -0.756602 0.261815 0.599176 -0.756598 0.574005 0.701467 -0.422448 0.573993 0.701472 -0.422456 0.760237 0.649629 0.00480602 0.760235 0.64963 0.00480444 0.779489 0.455712 0.429795 0.779485 0.455729 0.429785 0.629312 0.163547 0.759749 0.629308 0.163494 0.759764 0.0796628 0.496353 -0.864458 0.0796503 0.496362 -0.864454 0.342018 0 0.939694 0 0 1 0 0 1 0 0 1 0 0 1 0.342018 0 0.939694 -0.0756328 0.38961 -0.917869 -0.0756568 0.389603 -0.91787 -0.370959 0.13667 -0.918537 -0.370996 0.136654 -0.918525 0.499992 0 0.86603 0.499992 0 0.86603 0.355446 -0.7036 -0.615309 0.355263 -0.703673 -0.615331 0.355259 -0.70366 -0.615348 0.35526 -0.703669 -0.615337 0.35525 -0.703631 -0.615388 0.35522 -0.703458 -0.615601 0.355297 -0.703748 -0.615225 0.355318 -0.703852 -0.615095 0.355267 -0.703664 -0.615339 0.35535 -0.703625 -0.615336 0.355276 -0.703678 -0.615319 0.355368 -0.703663 -0.615282 0.355284 -0.703693 -0.615296 0.355113 -0.703655 -0.615439 0.355208 -0.703652 -0.615387 0.35526 -0.703705 -0.615297 0.355294 -0.70372 -0.61526 0.35529 -0.703662 -0.615329 0.35526 -0.703608 -0.615407 0.355278 -0.703571 -0.615439 0.355261 -0.703669 -0.615337 0.355366 -0.703644 -0.615305 0.355112 -0.703719 -0.615366 -0.866019 3.334e-06 -0.500011 -0.866026 -1.32651e-06 -0.499998 0.866055 -3.00533e-05 0.499949 0.86597 5.71755e-05 0.500096 -0.355273 0.703697 0.615299 -0.355262 0.703641 0.615369 -0.355379 0.703601 0.615346 -0.355051 0.703756 0.615359 -0.354891 0.703745 0.615463 -0.355303 0.703659 0.615324 -0.355303 0.703659 0.615324 -0.355303 0.703659 0.615324 -0.355302 0.703645 0.615341 -0.355307 0.703623 0.615363 -0.355239 0.703555 0.615481 -0.355297 0.703686 0.615297 -0.355362 0.7037 0.615243 -0.355294 0.703666 0.615322 -0.355147 0.703688 0.615381 -0.355269 0.703649 0.615355 -0.355275 0.703687 0.615308 -0.355269 0.703665 0.615336 -0.355263 0.703634 0.615376 -0.355236 0.703556 0.61548 -0.355266 0.703664 0.61534 -0.355328 0.703642 0.615329 -0.355356 0.703634 0.615323 0.422631 0 0.906302 0.422631 0 0.906302 0.342016 0 0.939694 0.342016 0 0.939694 0.342022 0 0.939692 0.342022 0 0.939692 0.342024 0 0.939691 0.342024 0 0.939691 0.865967 0 0.500101 0.865967 0 0.500101 0.933903 0 0.357526 -0.643177 0 -0.765718 0.933903 0 0.357526 0.9997 0 -0.024511 0.9997 0 -0.024511 0.883194 0 -0.469007 0.883194 0 -0.469007 0.580104 0 -0.814543 0.580104 0 -0.814543 0.154419 0 -0.988005 0.154419 0 -0.988005 -0.303801 0 -0.952735 -0.303801 0 -0.952735 -0.643177 0 -0.765718 0.865403 0 0.501077 0.865977 -4.31627e-05 0.500084 0.866281 0.000206874 0.499556 0.866112 8.23934e-05 0.49985 -0.838754 0 -0.544511 -0.502325 0.0466899 -0.863417 -0.505612 0.0463598 -0.861515 -0.865992 6.69469e-05 -0.500058 -0.866011 2.59372e-05 -0.500025 -0.865903 0.000114309 -0.500211 -0.866056 -2.10405e-05 -0.499948 0.0239074 -0.998855 -0.0414323 0.0239226 -0.998855 -0.0414335 0.27966 -0.828953 -0.484383 0.279675 -0.828929 -0.484416 0.121729 -0.969911 -0.210843 0.100866 -0.980418 -0.169138 0.023919 -0.998855 -0.041429 -0.0126639 0.999679 0.0219469 -0.27957 0.829068 0.484238 -0.279796 0.828767 0.484622 -0.0985086 0.9804 0.170622 -0.0986008 0.980362 0.170785 -0.0986497 0.980345 0.170859 -0.14409 0.969558 0.197978 -0.0376078 0.997522 0.0594529 -0.568005 -0.679489 0.464398 -0.117975 -0.67947 0.724156 -0.117975 -0.67947 0.724156 0.363177 -0.496417 0.788462 0.363346 -0.496268 0.788478 0.745271 -0.181172 0.641676 0.745021 -0.181626 0.641838 0.928338 0.181237 0.324563 0.928358 0.181817 0.324183 0.864443 0.4964 -0.0795297 0.864444 0.496399 -0.0795288 0.567993 0.679559 -0.464309 0.568358 0.679399 -0.464096 0.117923 0.679461 -0.724174 0.117887 0.679461 -0.724179 -0.363337 0.49625 -0.788494 -0.363338 0.496249 -0.788494 -0.744969 0.181516 -0.641929 -0.745356 0.181225 -0.641563 -0.928335 -0.18122 -0.324581 -0.928335 -0.18122 -0.324581 -0.864501 -0.496283 0.079629 -0.864502 -0.496282 0.0796246 -0.568028 -0.679489 0.464369 -0.151514 0.599182 -0.786146 -0.151588 0.599188 -0.786127 0.285894 0.701465 -0.652849 0.285894 0.701465 -0.652849 0.66085 0.649584 -0.375923 0.660687 0.649718 -0.375978 0.889906 0.455808 -0.0174943 0.89004 0.455551 -0.0173937 0.924897 0.163467 0.343284 0.924872 0.163802 0.343192 -0.363254 0.496351 -0.788468 -0.36323 0.496326 -0.788495 0.766188 0 0.642617 0.766188 0 0.642617 0.499865 0 0.866104 0.499865 0 0.866104 -0.524418 0.38963 -0.757083 -0.5244 0.389637 -0.757092 -0.780549 0.136627 -0.609981 -0.780565 0.136617 -0.609962 0.866028 0 0.499995 0.866028 0 0.499995 0.866026 0 0.5 0.866026 0 0.5 -5.94706e-05 -0.703691 -0.710506 4.46243e-05 -0.703652 -0.710545 -7.38962e-06 -0.703667 -0.71053 9.63938e-06 -0.703663 -0.710533 0 -0.703637 -0.710559 0 -0.703671 -0.710526 4.45512e-06 -0.703675 -0.710522 -5.88758e-06 -0.703659 -0.710537 -3.91604e-05 -0.703649 -0.710548 -1.55405e-05 -0.703663 -0.710534 6.45297e-06 -0.703662 -0.710535 6.77783e-06 -0.703662 -0.710535 -4.88938e-06 -0.703667 -0.71053 3.82319e-06 -0.703665 -0.710532 2.88776e-05 -0.703642 -0.710555 -3.21346e-06 -0.703659 -0.710538 1.42175e-05 -0.703679 -0.710519 4.25712e-05 -0.703714 -0.710483 -2.13617e-05 -0.703641 -0.710555 -2.31132e-05 -0.703639 -0.710558 4.36941e-06 -0.703669 -0.710528 5.07058e-06 -0.70367 -0.710527 0 -0.703665 -0.710532 -1 0 0 -1 0 0 1 0 0 1 0 0 -4.56731e-05 0.703652 0.710545 5.61022e-05 0.703682 0.710515 0 0.703661 0.710536 -4.49408e-05 0.703712 0.710486 1.33517e-05 0.703651 0.710545 2.49326e-05 0.703637 0.71056 3.49271e-05 0.703671 0.710526 0 0.703664 0.710533 0 0.703637 0.71056 1.31732e-05 0.703673 0.710524 9.12374e-06 0.703679 0.710518 1.33646e-05 0.703664 0.710533 -4.91521e-05 0.7037 0.710497 6.49322e-06 0.703649 0.710548 7.30271e-05 0.703637 0.710559 -6.68876e-06 0.703665 0.710532 7.2179e-06 0.703667 0.71053 -4.86401e-06 0.703667 0.71053 -4.58081e-05 0.703646 0.710551 2.66509e-06 0.703662 0.710534 -7.94875e-06 0.703676 0.710521 -7.58172e-07 0.703665 0.710532 -2.18221e-06 0.703667 0.71053 0.819156 0 0.573571 0.819156 0 0.573571 0.766049 0 0.642782 0.766049 0 0.642782 0.766048 0 0.642783 0.766048 0 0.642783 1 0 0 1 0 0 0.987525 0 -0.157465 -0.939829 0 -0.341644 0.987525 0 -0.157465 0.853542 0 -0.521025 0.853542 0 -0.521025 0.530337 0 -0.847787 0.530337 0 -0.847787 0.0951081 0 -0.995467 0.0951081 0 -0.995467 -0.360212 0 -0.93287 -0.360212 0 -0.93287 -0.739528 0 -0.673125 -0.739528 0 -0.673125 -0.939829 0 -0.341644 1 0 0 1 0 0 1 0 0 1 0 0 -0.998644 0 -0.0520505 -0.867575 0.0465427 -0.495123 -0.867886 0.0464885 -0.494583 -1 0 0 -1 0 0 -1 0 0 -1 0 0 0 -0.828958 -0.559311 0 -0.828958 -0.559311 0 -0.969908 -0.24347 0.00278383 -0.980414 -0.19693 0 -0.998855 -0.0478387 0 0.999677 0.0254062 0 0.82897 0.559293 0 0.82897 0.559293 0 0.980362 0.197204 -0.000331723 0.969867 0.243636 -3.89732e-05 0.997432 0.0716259 -0.259854 -0.679484 0.686132 0.260098 -0.679438 0.686085 0.260046 -0.679458 0.686086 0.708587 -0.496524 0.501367 0.70856 -0.49655 0.50138 0.966243 -0.181289 0.183053 0.966247 -0.181278 0.183046 0.966247 0.181277 -0.183045 0.96625 0.181265 -0.183038 0.708558 0.496537 -0.501394 0.708587 0.496509 -0.501381 0.260098 0.679428 -0.686095 0.259997 0.679467 -0.686095 -0.259906 0.679484 -0.686113 -0.259805 0.679484 -0.686151 -0.708943 0.496258 -0.501127 -0.708972 0.496245 -0.501099 -0.966247 0.181275 -0.183048 -0.96625 0.181268 -0.183036 -0.966243 -0.181287 0.183055 -0.966247 -0.18128 0.183043 -0.708972 -0.496259 0.501085 -0.708944 -0.496271 0.501112 -0.259906 -0.679484 0.686112 -0.524385 0.599142 -0.60502 -0.524416 0.599145 -0.60499 -0.0788341 0.701476 -0.70832 -0.0788345 0.701476 -0.708319 0.384299 0.649631 -0.655968 0.384336 0.649602 -0.655976 0.762 0.455665 -0.460136 0.761982 0.455693 -0.460138 0.972639 0.163477 -0.165071 0.972639 0.163477 -0.165071 -0.708812 0.496358 -0.501214 -0.70881 0.496352 -0.501222 0.984871 0 0.173287 0.984871 0 0.173287 0.865901 0 0.500215 0.865901 0 0.500215 -0.832703 0.389628 -0.39344 -0.832714 0.389622 -0.393423 -0.980968 0.136632 -0.137965 -0.980966 0.136635 -0.137972 1 0 0 1 0 0 1 0 0 1 0 0 -0.35527 -0.703665 -0.615337 -0.355268 -0.703664 -0.615339 -0.355273 -0.70366 -0.61534 -0.355254 -0.703676 -0.615333 -0.3553 -0.70364 -0.615348 -0.355317 -0.703626 -0.615355 -0.355177 -0.703737 -0.615308 -0.355288 -0.703643 -0.615351 -0.355258 -0.703667 -0.615341 -0.355247 -0.703658 -0.615358 -0.35525 -0.703664 -0.61535 -0.355291 -0.703671 -0.615317 -0.355269 -0.703659 -0.615344 -0.355297 -0.703654 -0.615333 -0.355282 -0.703654 -0.615343 -0.355224 -0.703683 -0.615343 -0.355273 -0.703667 -0.615332 -0.355278 -0.703663 -0.615334 -0.355282 -0.703661 -0.615335 -0.35531 -0.703603 -0.615384 -0.355262 -0.703662 -0.615344 -0.355249 -0.703658 -0.615356 -0.355286 -0.703673 -0.615318 -0.866016 3.26235e-06 0.500016 -0.866034 1.51469e-05 0.499985 0.866025 -6.91041e-06 -0.500001 0.866017 -1.49228e-05 -0.500015 0.355244 0.703659 0.615359 0.355287 0.703676 0.615314 0.355265 0.703664 0.61534 0.3553 0.703636 0.615352 0.35528 0.703652 0.615346 0.355251 0.703676 0.615335 0.355234 0.703655 0.615369 0.355266 0.703664 0.61534 0.355269 0.703659 0.615344 0.355266 0.703674 0.615328 0.355258 0.703682 0.615324 0.355283 0.703648 0.615348 0.355249 0.703665 0.615348 0.355253 0.703662 0.615349 0.355278 0.703658 0.61534 0.355257 0.703665 0.615344 0.355285 0.70367 0.615322 0.355293 0.70367 0.615317 0.355267 0.703647 0.615358 0.35528 0.703653 0.615344 0.355251 0.703678 0.615333 0.355287 0.703644 0.61535 0.355241 0.703684 0.615332 0.996195 0 0.087152 0.996195 0 0.087152 0.984808 0 0.173648 0.984808 0 0.173648 0.866017 0 -0.500015 0.866017 0 -0.500015 0.776447 0 -0.630182 -0.984709 0 0.174206 0.776447 0 -0.630182 0.478709 0 -0.877973 0.478709 0 -0.877973 0.0352364 0 -0.999379 0.0352364 0 -0.999379 -0.415321 0 -0.909675 -0.415321 0 -0.909675 -0.778472 0 -0.62768 -0.778472 0 -0.62768 -0.97699 0 -0.213286 -0.97699 0 -0.213286 -0.984709 0 0.174206 0.866099 0 -0.499873 0.866034 -4.90322e-06 -0.499986 0.866059 -2.53331e-05 -0.499943 0.86602 3.20729e-06 -0.50001 -0.998903 0.0467279 0.00292449 -0.890806 0.00243731 0.454378 -0.999993 0 0.00382093 -0.865899 -0.000251793 0.500218 -0.866024 1.40488e-05 0.500003 -0.866052 3.75086e-05 0.499954 -0.866028 1.63032e-05 0.499995 -0.279665 -0.828946 -0.484392 -0.279649 -0.828965 -0.484368 -0.121726 -0.969913 -0.210836 -0.0960512 -0.980415 -0.171933 -0.0239188 -0.998855 -0.0414285 0.0126527 0.99968 0.0219151 0.279737 0.828846 0.484521 0.279677 0.828929 0.484415 0.0985825 0.98037 0.17075 0.12144 0.969913 0.211002 0.0359938 0.997401 0.0624222 0.117947 -0.679472 0.724159 0.56818 -0.679474 0.464206 0.568215 -0.679458 0.464185 0.864462 -0.496349 0.0796438 0.864459 -0.496354 0.0796487 0.928327 -0.181304 -0.324557 0.928327 -0.181304 -0.324557 0.745237 0.181331 -0.64167 0.745272 0.181268 -0.641647 0.363261 0.496348 -0.788467 0.363262 0.496347 -0.788467 -0.117947 0.679473 -0.724158 -0.117939 0.67947 -0.724163 -0.568217 0.679455 -0.464188 -0.568215 0.679455 -0.46419 -0.864461 0.496349 -0.0796591 -0.864462 0.496347 -0.0796526 -0.928328 0.181299 0.324559 -0.928326 0.181295 0.324567 -0.745271 -0.181291 0.641642 -0.745268 -0.181293 0.641645 -0.363268 -0.496359 0.788456 -0.363241 -0.496368 0.788463 0.117887 -0.679472 0.724169 -0.756602 0.599177 -0.261802 -0.756598 0.599176 -0.261815 -0.422448 0.701467 -0.574005 -0.422456 0.701472 -0.573993 0.00480602 0.649629 -0.760237 0.00480444 0.64963 -0.760235 0.429795 0.455712 -0.779489 0.429785 0.455729 -0.779485 0.759749 0.163547 -0.629312 0.759764 0.163494 -0.629308 -0.864458 0.496353 -0.0796628 -0.864454 0.496362 -0.0796503 0.939694 0 -0.342018 1 0 0 1 0 0 1 0 0 1 0 0 0.939694 0 -0.342018 -0.917869 0.38961 0.0756328 -0.91787 0.389603 0.0756568 -0.918537 0.13667 0.370959 -0.918525 0.136654 0.370996 0.86603 0 -0.499992 0.86603 0 -0.499992 -0.615309 -0.7036 -0.355446 -0.615366 -0.703719 -0.355112 -0.615305 -0.703644 -0.355366 -0.615337 -0.703669 -0.355261 -0.615439 -0.703571 -0.355278 -0.615407 -0.703608 -0.35526 -0.615329 -0.703662 -0.35529 -0.61526 -0.70372 -0.355294 -0.615297 -0.703705 -0.35526 -0.615387 -0.703652 -0.355208 -0.615439 -0.703654 -0.355113 -0.615296 -0.703693 -0.355284 -0.615281 -0.703663 -0.355368 -0.615319 -0.703677 -0.355276 -0.615336 -0.703625 -0.35535 -0.615339 -0.703664 -0.355267 -0.615095 -0.703852 -0.355318 -0.615225 -0.703748 -0.355297 -0.615601 -0.703458 -0.35522 -0.615388 -0.70363 -0.355249 -0.615337 -0.703669 -0.35526 -0.615349 -0.70366 -0.355259 -0.615331 -0.703673 -0.355263 -0.500011 3.334e-06 0.866019 -0.499998 -1.32651e-06 0.866026 0.499949 -3.00533e-05 -0.866055 0.500096 5.71755e-05 -0.86597 0.615463 0.703745 0.354891 0.615324 0.703659 0.355303 0.615324 0.703659 0.355303 0.615324 0.703659 0.355303 0.615341 0.703645 0.355302 0.615363 0.703623 0.355307 0.615481 0.703555 0.355239 0.615297 0.703686 0.355297 0.615243 0.7037 0.355362 0.615322 0.703666 0.355294 0.615433 0.703708 0.355016 0.615355 0.703708 0.355152 0.615346 0.703601 0.355379 0.615369 0.703641 0.355262 0.615298 0.703697 0.355273 0.615355 0.703649 0.355269 0.615308 0.703687 0.355275 0.615336 0.703665 0.355269 0.615376 0.703634 0.355263 0.61548 0.703556 0.355236 0.61534 0.703664 0.355266 0.615329 0.703642 0.355328 0.615323 0.703634 0.355356 0.906302 0 -0.422631 0.906302 0 -0.422631 0.939694 0 -0.342016 0.939694 0 -0.342016 0.939692 0 -0.342022 0.939692 0 -0.342022 0.939691 0 -0.342024 0.939691 0 -0.342024 0.500101 0 -0.865967 0.500101 0 -0.865967 0.357526 0 -0.933903 -0.765718 0 0.643177 0.357526 0 -0.933903 -0.024511 0 -0.9997 -0.024511 0 -0.9997 -0.469007 0 -0.883194 -0.469007 0 -0.883194 -0.814543 0 -0.580104 -0.814543 0 -0.580104 -0.988005 0 -0.154419 -0.988005 0 -0.154419 -0.952735 0 0.303801 -0.952735 0 0.303801 -0.765718 0 0.643177 0.501077 0 -0.865403 0.500084 -4.31627e-05 -0.865977 0.499556 0.000206874 -0.866281 0.49985 8.23934e-05 -0.866112 -0.861514 0.0463598 0.505613 -0.544411 0.00244315 0.838815 -0.864876 0 0.501986 -0.500058 6.69469e-05 0.865992 -0.500025 2.59372e-05 0.866011 -0.500211 0.000114309 0.865903 -0.499948 -2.10405e-05 0.866056 -0.0414323 -0.998855 -0.0239074 -0.0414335 -0.998855 -0.0239226 -0.484383 -0.828953 -0.27966 -0.484416 -0.828929 -0.279675 -0.210843 -0.969911 -0.121729 -0.169138 -0.980418 -0.100866 -0.041429 -0.998855 -0.023919 0.0219469 0.999679 0.0126639 0.484238 0.829068 0.27957 0.484622 0.828767 0.279796 0.170622 0.9804 0.0985086 0.170785 0.980362 0.0986008 0.170859 0.980345 0.0986497 0.197978 0.969558 0.14409 0.0594529 0.997522 0.0376078 0.464398 -0.679489 0.568005 0.724156 -0.67947 0.117975 0.724156 -0.67947 0.117975 0.788462 -0.496417 -0.363177 0.788478 -0.496268 -0.363346 0.641676 -0.181172 -0.745271 0.641838 -0.181626 -0.745021 0.324563 0.181237 -0.928338 0.324183 0.181817 -0.928358 -0.0795297 0.4964 -0.864443 -0.0795288 0.496399 -0.864444 -0.464309 0.679559 -0.567993 -0.464096 0.679399 -0.568358 -0.724174 0.679461 -0.117923 -0.724179 0.679461 -0.117887 -0.788494 0.49625 0.363337 -0.788494 0.496249 0.363338 -0.641929 0.181516 0.744969 -0.641563 0.181225 0.745356 -0.324581 -0.18122 0.928335 -0.324581 -0.18122 0.928335 0.079629 -0.496283 0.864501 0.0796246 -0.496282 0.864502 0.464369 -0.679489 0.568028 -0.786146 0.599182 0.151514 -0.786127 0.599188 0.151588 -0.652849 0.701465 -0.285894 -0.652849 0.701465 -0.285894 -0.375923 0.649584 -0.66085 -0.375978 0.649718 -0.660687 -0.0174943 0.455808 -0.889906 -0.0173937 0.455551 -0.89004 0.343284 0.163467 -0.924897 0.343192 0.163802 -0.924872 -0.788468 0.496351 0.363254 -0.788495 0.496326 0.36323 0.642617 0 -0.766188 0.642617 0 -0.766188 0.866104 0 -0.499865 0.866104 0 -0.499865 -0.757083 0.38963 0.524418 -0.757092 0.389637 0.5244 -0.609981 0.136627 0.780549 -0.609962 0.136617 0.780565 0.499995 0 -0.866028 0.499995 0 -0.866028 0.5 0 -0.866026 0.5 0 -0.866026 -0.710506 -0.703691 5.94706e-05 -0.710545 -0.703652 -4.46243e-05 -0.71053 -0.703667 7.38962e-06 -0.710533 -0.703663 -9.63938e-06 -0.710559 -0.703637 0 -0.710526 -0.703671 0 -0.710522 -0.703675 -4.45512e-06 -0.710537 -0.703659 5.88758e-06 -0.710548 -0.703649 3.91604e-05 -0.710534 -0.703663 1.55405e-05 -0.710535 -0.703662 -6.45297e-06 -0.710535 -0.703662 -6.77783e-06 -0.71053 -0.703667 4.88938e-06 -0.710532 -0.703665 -3.82319e-06 -0.710555 -0.703642 -2.88776e-05 -0.710538 -0.703659 3.21346e-06 -0.710519 -0.703679 -1.42175e-05 -0.710483 -0.703714 -4.25712e-05 -0.710555 -0.703641 2.13617e-05 -0.710558 -0.703639 2.31132e-05 -0.710528 -0.703669 -4.36941e-06 -0.710527 -0.70367 -5.07058e-06 -0.710532 -0.703665 0 0 0 1 0 0 1 0 0 -1 0 0 -1 0.710545 0.703652 4.56731e-05 0.710515 0.703682 -5.61022e-05 0.710536 0.703661 0 0.710486 0.703712 4.49408e-05 0.710545 0.703651 -1.33517e-05 0.71056 0.703637 -2.49326e-05 0.710526 0.703671 -3.49271e-05 0.710533 0.703664 0 0.71056 0.703637 0 0.710524 0.703673 -1.31732e-05 0.710518 0.703679 -9.12374e-06 0.710533 0.703664 -1.33646e-05 0.710497 0.7037 4.91521e-05 0.710548 0.703649 -6.49322e-06 0.710559 0.703637 -7.30271e-05 0.710532 0.703665 6.68876e-06 0.71053 0.703667 -7.2179e-06 0.71053 0.703667 4.86401e-06 0.710551 0.703646 4.58081e-05 0.710534 0.703662 -2.66509e-06 0.710521 0.703676 7.94875e-06 0.710532 0.703665 7.58172e-07 0.71053 0.703667 2.18221e-06 0.573571 0 -0.819156 0.573571 0 -0.819156 0.642782 0 -0.766049 0.642782 0 -0.766049 0.642783 0 -0.766048 0.642783 0 -0.766048 0 0 -1 0 0 -1 -0.157465 0 -0.987525 -0.341644 0 0.939829 -0.157465 0 -0.987525 -0.521025 0 -0.853542 -0.521025 0 -0.853542 -0.847787 0 -0.530337 -0.847787 0 -0.530337 -0.995467 0 -0.0951081 -0.995467 0 -0.0951081 -0.93287 0 0.360212 -0.93287 0 0.360212 -0.673125 0 0.739528 -0.673125 0 0.739528 -0.341644 0 0.939829 0 0 -1 0 0 -1 0 0 -1 0 0 -1 -0.0520505 0 0.998644 -0.495123 0.0465427 0.867575 -0.494583 0.0464885 0.867886 0 0 1 0 0 1 0 0 1 0 0 1 -0.559311 -0.828958 0 -0.559311 -0.828958 0 -0.24347 -0.969908 0 -0.19693 -0.980414 -0.00278383 -0.0478387 -0.998855 0 0.0254062 0.999677 0 0.559293 0.82897 0 0.559293 0.82897 0 0.197204 0.980362 0 0.243636 0.969867 0.000331723 0.0716259 0.997432 3.89732e-05 0.686132 -0.679484 0.259854 0.686085 -0.679438 -0.260098 0.686086 -0.679458 -0.260046 0.501367 -0.496524 -0.708587 0.50138 -0.49655 -0.70856 0.183053 -0.181289 -0.966243 0.183046 -0.181278 -0.966247 -0.183045 0.181277 -0.966247 -0.183038 0.181265 -0.96625 -0.501394 0.496537 -0.708558 -0.501381 0.496509 -0.708587 -0.686095 0.679428 -0.260098 -0.686095 0.679467 -0.259997 -0.686113 0.679484 0.259906 -0.686151 0.679484 0.259805 -0.501127 0.496258 0.708943 -0.501099 0.496245 0.708972 -0.183048 0.181275 0.966247 -0.183036 0.181268 0.96625 0.183055 -0.181287 0.966243 0.183043 -0.18128 0.966247 0.501085 -0.496259 0.708972 0.501112 -0.496271 0.708944 0.686112 -0.679484 0.259906 -0.60502 0.599142 0.524385 -0.60499 0.599145 0.524416 -0.70832 0.701476 0.0788341 -0.708319 0.701476 0.0788345 -0.655968 0.649631 -0.384299 -0.655976 0.649602 -0.384336 -0.460136 0.455665 -0.762 -0.460138 0.455693 -0.761982 -0.165071 0.163477 -0.972639 -0.165071 0.163477 -0.972639 -0.501214 0.496358 0.708812 -0.501222 0.496352 0.70881 0.173287 0 -0.984871 0.173287 0 -0.984871 0.500215 0 -0.865901 0.500215 0 -0.865901 -0.39344 0.389628 0.832703 -0.393423 0.389622 0.832714 -0.137965 0.136632 0.980968 -0.137972 0.136635 0.980966 0.965924 0 0.258826 0.965913 0 -0.258865 0.965913 0 -0.258865 0.707123 0 -0.707091 0.707123 0 -0.707091 0.258867 0 -0.965913 0.258867 0 -0.965913 -0.258867 0 -0.965913 -0.258867 0 -0.965913 -0.707123 0 -0.707091 -0.707123 0 -0.707091 -0.965913 0 -0.258865 -0.965913 0 -0.258865 -0.965924 0 0.258826 -0.965924 0 0.258826 -0.707085 0 0.707128 -0.707085 0 0.707128 -0.258862 0 0.965914 -0.258862 0 0.965914 0.258862 0 0.965914 0.258862 0 0.965914 0.707085 0 0.707128 0.707085 0 0.707128 0.965924 0 0.258826 0.965934 0 -0.258788 0.707108 0 -0.707105 0.707108 0 -0.707105 0.258857 0 -0.965916 0.258857 0 -0.965916 -0.258857 0 -0.965916 -0.258857 0 -0.965916 -0.707107 0 -0.707107 -0.707107 0 -0.707107 -0.965935 0 -0.258785 -0.965935 0 -0.258785 -0.965935 0 0.258785 -0.965935 0 0.258785 -0.707105 0 0.707108 -0.707105 0 0.707108 -0.258788 0 0.965934 -0.258788 0 0.965934 0.258788 0 0.965934 0.258788 0 0.965934 0.707107 0 0.707107 0.707107 0 0.707107 0.965934 0 0.258788 0.965934 0 0.258788 0.965934 0 -0.258788 0.707108 0 -0.707105 0.258785 0 -0.965935 0.258785 0 -0.965935 -0.258785 0 -0.965935 -0.258785 0 -0.965935 -0.707107 0 -0.707107 -0.707107 0 -0.707107 -0.965916 0 -0.258857 -0.965916 0 -0.258857 -0.965916 0 0.258857 -0.965916 0 0.258857 -0.707105 0 0.707108 -0.707105 0 0.707108 -0.258788 0 0.965934 -0.258788 0 0.965934 0.258788 0 0.965934 0.258788 0 0.965934 0.707107 0 0.707107 0.707107 0 0.707107 0.965934 0 0.258788 0.965934 0 0.258788 0.965934 0 -0.258788 0.965934 0 -0.258788 0.707108 0 -0.707105 0.258826 0 -0.965924 -0.258865 0 -0.965913 -0.258865 0 -0.965913 -0.707091 0 -0.707123 -0.707091 0 -0.707123 -0.965913 0 -0.258867 -0.965913 0 -0.258867 -0.965913 0 0.258867 -0.965913 0 0.258867 -0.707091 0 0.707123 -0.707091 0 0.707123 -0.258865 0 0.965913 -0.258865 0 0.965913 0.258826 0 0.965924 0.258826 0 0.965924 0.707128 0 0.707085 0.707128 0 0.707085 0.965914 0 0.258862 0.965914 0 0.258862 0.965914 0 -0.258862 0.965914 0 -0.258862 0.707128 0 -0.707085 0.707128 0 -0.707085 0.258826 0 -0.965924 -0.258788 0 -0.965934 -0.707105 0 -0.707108 -0.707105 0 -0.707108 -0.965916 0 -0.258857 -0.965916 0 -0.258857 -0.965916 0 0.258857 -0.965916 0 0.258857 -0.707107 0 0.707107 -0.707107 0 0.707107 -0.258785 0 0.965935 -0.258785 0 0.965935 0.258785 0 0.965935 0.258785 0 0.965935 0.707108 0 0.707105 0.707108 0 0.707105 0.965934 0 0.258788 0.965934 0 0.258788 0.965934 0 -0.258788 0.965934 0 -0.258788 0.707107 0 -0.707107 0.707107 0 -0.707107 0.258788 0 -0.965934 0.258788 0 -0.965934 -0.258788 0 -0.965934 -0.707105 0 -0.707108 -0.965935 0 -0.258785 -0.965935 0 -0.258785 -0.965935 0 0.258785 -0.965935 0 0.258785 -0.707107 0 0.707107 -0.707107 0 0.707107 -0.258857 0 0.965916 -0.258857 0 0.965916 0.258857 0 0.965916 0.258857 0 0.965916 0.707108 0 0.707105 0.707108 0 0.707105 0.965934 0 0.258788 0.965934 0 0.258788 0.965934 0 -0.258788 0.965934 0 -0.258788 0.707107 0 -0.707107 0.707107 0 -0.707107 0.258788 0 -0.965934 0.258788 0 -0.965934 -0.258788 0 -0.965934 -0.258788 0 -0.965934 -0.707105 0 -0.707108 -0.965924 0 -0.258826 -0.965913 0 0.258865 -0.965913 0 0.258865 -0.707123 0 0.707091 -0.707123 0 0.707091 -0.258867 0 0.965913 -0.258867 0 0.965913 0.258867 0 0.965913 0.258867 0 0.965913 0.707123 0 0.707091 0.707123 0 0.707091 0.965913 0 0.258865 0.965913 0 0.258865 0.965924 0 -0.258826 0.965924 0 -0.258826 0.707085 0 -0.707128 0.707085 0 -0.707128 0.258862 0 -0.965914 0.258862 0 -0.965914 -0.258862 0 -0.965914 -0.258862 0 -0.965914 -0.707085 0 -0.707128 -0.707085 0 -0.707128 -0.965924 0 -0.258826 -0.965934 0 0.258788 -0.707108 0 0.707105 -0.707108 0 0.707105 -0.258857 0 0.965916 -0.258857 0 0.965916 0.258857 0 0.965916 0.258857 0 0.965916 0.707107 0 0.707107 0.707107 0 0.707107 0.965935 0 0.258785 0.965935 0 0.258785 0.965935 0 -0.258785 0.965935 0 -0.258785 0.707105 0 -0.707108 0.707105 0 -0.707108 0.258788 0 -0.965934 0.258788 0 -0.965934 -0.258788 0 -0.965934 -0.258788 0 -0.965934 -0.707107 0 -0.707107 -0.707107 0 -0.707107 -0.965934 0 -0.258788 -0.965934 0 -0.258788 -0.965934 0 0.258788 -0.707108 0 0.707105 -0.258785 0 0.965935 -0.258785 0 0.965935 0.258785 0 0.965935 0.258785 0 0.965935 0.707107 0 0.707107 0.707107 0 0.707107 0.965916 0 0.258857 0.965916 0 0.258857 0.965916 0 -0.258857 0.965916 0 -0.258857 0.707105 0 -0.707108 0.707105 0 -0.707108 0.258788 0 -0.965934 0.258788 0 -0.965934 -0.258788 0 -0.965934 -0.258788 0 -0.965934 -0.707107 0 -0.707107 -0.707107 0 -0.707107 -0.965934 0 -0.258788 -0.965934 0 -0.258788 -0.965934 0 0.258788 -0.965934 0 0.258788 -0.707108 0 0.707105 -0.258826 0 0.965924 0.258865 0 0.965913 0.258865 0 0.965913 0.707091 0 0.707123 0.707091 0 0.707123 0.965913 0 0.258867 0.965913 0 0.258867 0.965913 0 -0.258867 0.965913 0 -0.258867 0.707091 0 -0.707123 0.707091 0 -0.707123 0.258865 0 -0.965913 0.258865 0 -0.965913 -0.258826 0 -0.965924 -0.258826 0 -0.965924 -0.707128 0 -0.707085 -0.707128 0 -0.707085 -0.965914 0 -0.258862 -0.965914 0 -0.258862 -0.965914 0 0.258862 -0.965914 0 0.258862 -0.707128 0 0.707085 -0.707128 0 0.707085 -0.258826 0 0.965924 0.258788 0 0.965934 0.707105 0 0.707108 0.707105 0 0.707108 0.965916 0 0.258857 0.965916 0 0.258857 0.965916 0 -0.258857 0.965916 0 -0.258857 0.707107 0 -0.707107 0.707107 0 -0.707107 0.258785 0 -0.965935 0.258785 0 -0.965935 -0.258785 0 -0.965935 -0.258785 0 -0.965935 -0.707108 0 -0.707105 -0.707108 0 -0.707105 -0.965934 0 -0.258788 -0.965934 0 -0.258788 -0.965934 0 0.258788 -0.965934 0 0.258788 -0.707107 0 0.707107 -0.707107 0 0.707107 -0.258788 0 0.965934 -0.258788 0 0.965934 0.258788 0 0.965934 0.707105 0 0.707108 0.965935 0 0.258785 0.965935 0 0.258785 0.965935 0 -0.258785 0.965935 0 -0.258785 0.707107 0 -0.707107 0.707107 0 -0.707107 0.258857 0 -0.965916 0.258857 0 -0.965916 -0.258857 0 -0.965916 -0.258857 0 -0.965916 -0.707108 0 -0.707105 -0.707108 0 -0.707105 -0.965934 0 -0.258788 -0.965934 0 -0.258788 -0.965934 0 0.258788 -0.965934 0 0.258788 -0.707107 0 0.707107 -0.707107 0 0.707107 -0.258788 0 0.965934 -0.258788 0 0.965934 0.258788 0 0.965934 0.258788 0 0.965934 0.707105 0 0.707108 -0.615359 -0.703659 -0.355244 -0.615314 -0.703676 -0.355287 -0.61534 -0.703664 -0.355265 -0.615352 -0.703636 -0.3553 -0.615346 -0.703652 -0.35528 -0.615335 -0.703676 -0.355251 -0.615369 -0.703655 -0.355234 -0.61534 -0.703664 -0.355266 -0.615344 -0.703659 -0.355269 -0.615328 -0.703674 -0.355266 -0.615324 -0.703682 -0.355258 -0.615348 -0.703648 -0.355283 -0.615348 -0.703665 -0.355249 -0.615349 -0.703662 -0.355253 -0.61534 -0.703658 -0.355278 -0.615344 -0.703665 -0.355257 -0.615322 -0.70367 -0.355285 -0.615317 -0.70367 -0.355293 -0.615358 -0.703647 -0.355267 -0.615344 -0.703653 -0.35528 -0.615333 -0.703678 -0.355251 -0.61535 -0.703644 -0.355287 -0.615332 -0.703684 -0.355241 0.500001 6.91041e-06 -0.866025 0.500015 1.49228e-05 -0.866017 -0.500016 -3.26235e-06 0.866016 -0.499985 -1.51469e-05 0.866034 0.615337 0.703665 0.35527 0.615318 0.703673 0.355286 0.615356 0.703658 0.355249 0.615344 0.703662 0.355262 0.615385 0.703603 0.35531 0.615335 0.703661 0.355282 0.615334 0.703663 0.355278 0.615332 0.703667 0.355273 0.615343 0.703683 0.355224 0.615343 0.703654 0.355282 0.615333 0.703654 0.355297 0.615344 0.703659 0.355269 0.615317 0.703671 0.355291 0.61535 0.703664 0.35525 0.615358 0.703658 0.355247 0.615341 0.703667 0.355258 0.615351 0.703643 0.355288 0.615308 0.703737 0.355177 0.615354 0.703626 0.355317 0.615348 0.70364 0.3553 0.615333 0.703676 0.355254 0.61534 0.70366 0.355273 0.615339 0.703664 0.355268 0 0 -1 0 0 -1 0 0 -1 0 0 -1 -0.087152 0 -0.996195 -0.087152 0 -0.996195 -0.173648 0 -0.984808 -0.173648 0 -0.984808 0 1 0 0 1 0 0 1 0 0 1 0 0 1 0 0 1 0 0 1 0 0 1 0 0 1 0 0 1 0 0 1 0 0 1 0 0 1 0 0 1 0 0 1 0 0 1 0 0 1 0 0 1 0 0 1 0 0 1 0 0 1 0 0 1 0 0 1 0 0 1 0 0 1 0 0 1 0 0 1 0 0 1 0 0 1 0 0 1 0 0 1 0 0 1 0 0 1 0 0 1 0 0 1 0 0 1 0 0 1 0 0 1 0 0 1 0 0 1 0 0 1 0 0 1 0 0 1 0 0 1 0 0 1 0 0 1 0 0 1 0 0 1 0 0 1 0 0 1 0 0 1 0 0 1 0 0 1 0 0 1 0 0 1 0 0 1 0 0 1 0 0 1 0 0 1 0 0 1 0 0 1 0 0 1 0 0 1 0 0 1 0 0 1 0 0 1 0 0 1 0 0 1 0 0 1 0 0 1 0 0 1 0 0 1 0 0 1 0 0 1 0 0 1 0 0 1 0 0 1 0 0 1 0 0 1 0 0 1 0 0 1 0 0 1 0 0 1 0 0 1 0 0 1 0 0 1 0 0 1 0 0 1 0 0 1 0 0 1 0 0 1 0 0 1 0 0 1 0 0 1 0 0 1 0 0 1 0 0 1 0 0 1 0 0 1 0 0 1 0 0 1 0 0 1 0 0 1 0 0 1 0 0 1 0 0 1 0 0 1 0 0 1 0 0 1 0 0 1 0 0 1 0 0 1 0 0 1 0 0 1 0 0 1 0 0 1 0 0 1 0 0 1 0 0 1 0 0 1 0 0 1 0 0 1 0 0 1 0 0 1 0 0 1 0 0 1 0 0 1 0 0 1 0 0 1 0 0 1 0 0 1 0 0 1 0 0 1 0 0 1 0 0 1 0 0 1 0 0 1 0 0 1 0 0 1 0 0 1 0 0 1 0 0 1 0 0 1 0 0 1 0 0 1 0 0 1 0 0 1 0 0 1 0 0 1 0 0 1 0 0 1 0 0 1 0 0 1 0 0 1 0 0 1 0 0 1 0 0 1 0 0 1 0 0 1 0 0 1 0 0 1 0 0 1 0 0 1 0 0 1 0 0 1 0 0 1 0 0 1 0 0 1 0 0 1 0 0 1 0 0 1 0 0 1 0 0 1 0 0 1 0 0 1 0 0 1 0 0 1 0 0 1 0 0 1 0 0 1 0 0 1 0 0 1 0 0 1 0 0 1 0 0 1 0 0 1 0 0 1 0 0 1 0 0 1 0 0 1 0 0 1 0 0 1 0 0 1 0 0 1 0 0 1 0 0 1 0 0 1 0 0 1 0 0 1 0 0 1 0 0 1 0 0 1 0 0 1 0 0 1 0 0 1 0 0 1 0 0 1 0 0 1 0 0 1 0 0 1 0 0 1 0 0 1 0 0 1 0 0 1 0 0 1 0 0 1 0 0 1 0 0 1 0 0 1 0 0 1 0 0 1 0 0 1 0 0 1 0 0 1 0 0 1 0 0 1 0 0 1 0 0 1 0 0 1 0 0 1 0 0 1 0 0 1 0 0 1 0 0 1 0 0 1 0 0 1 0 0 1 0 0 1 0 0 1 0 0 1 0 0 1 0 0 1 0 0 1 0 0 1 0 0 1 0 0 1 0 0 1 0 0 1 0 0 1 0 0 1 0 0 1 0 0 1 0 0 1 0 0 1 0 0 1 0 0 1 0 0 1 0 0 1 0 0 1 0 0 1 0 0 1 0 0 1 0 0 1 0 0 1 0 0 1 0 0 1 0 0 1 0 0 1 0 0 1 0 0 1 0 0 1 0 0 1 0 0 1 0 0 1 0 0 1 0 0 1 0 0 1 0 0 1 0 0 1 0 0 1 0 0 1 0 0 1 0 0 1 0 0 1 0 0 1 0 0 1 0 0 1 0 0 1 0 0 1 0 0 1 0 0 1 0 0 1 0 0 1 0 0 1 0 0 1 0 0 1 0 0 1 0 0 1 0 0 1 0 0 1 0 0 1 0 0 1 0 0 1 0 0 1 0 0 1 0 0 1 0 0 1 0 0 1 0 0 1 0 0 1 0 0 1 0 0 1 0 0 1 0 0 1 0 0 1 0 0 1 0 0 1 0 0 1 0 0 1 0 0 1 0 0 1 0 0 1 0 0 1 0 0 1 0 0 1 0 0 1 0 0 1 0 0 1 0 0 1 0 0 1 0 0 1 0 0 1 0 0 1 0 0 1 0 0 1 0 0 1 0 0 1 0 0 1 0 0 1 0 0 1 0 0 1 0 0 1 0 0 1 0 0 1 0 0 1 0 0 1 0 0 1 0 0 1 0 0 1 0 0 1 0 0 1 0 0 1 0 0 1 0 0 1 0 0 1 0 0 1 0 0 1 0 0 1 0 0 1 0 0 1 0 0 1 0 0 1 0 0 1 0 0 1 0 0 1 0 0 1 0 0 1 0 0 1 0 0 1 0 0 1 0 0 1 0 0 1 0 0 1 0 0 1 0 0 1 0 0 1 0 0 1 0 0 1 0 0 1 0 0 1 0 0 1 0 0 1 0 0 1 0 0 1 0 0 1 0 0 1 0 0 1 0 0 1 0 0 1 0 0 1 0 0 1 0 0 1 0 0 1 0 0 1 0 0 1 0 0 1 0 0 1 0 0 1 0 0 1 0 0 1 0 0 1 0 0 1 0 0 1 0 0 1 0 0 1 0 0 1 0 0 1 0 0 1 0 0 1 0 0 1 0 0 1 0 0 1 0 0 1 0 0 1 0 0 1 0 0 1 0 0 1 0 0 1 0 0 1 0 0 1 0 0 1 0 0 1 0 0 1 0 0 1 0 0 1 0 0 1 0 0 1 0 0 1 0 0 1 0 0 1 0 0.500015 0 -0.866017 0.500015 0 -0.866017 0 -1 0 0 -1 0 0 -1 0 0 -1 0 0 -1 0 0 -1 0 0 -1 0 0 -1 0 0 -1 0 0 -1 0 0 -1 0 0 -1 0 0 -1 0 0 -1 0 0 -1 0 0 -1 0 0 -1 0 0 -1 0 0 -1 0 0 -1 0 0 -1 0 0 -1 0 0 -1 0 0 -1 0 0 -1 0 0 -1 0 0 -1 0 0 -1 0 0 -1 0 0 -1 0 0 -1 0 0 -1 0 0 -1 0 0 -1 0 0 -1 0 0 -1 0 0 -1 0 0 -1 0 0 -1 0 0 -1 0 0 -1 0 0 -1 0 0 -1 0 0 -1 0 0 -1 0 0 -1 0 0 -1 0 0 -1 0 0 -1 0 0 -1 0 0 -1 0 0 -1 0 0 -1 0 0 -1 0 0 -1 0 0 -1 0 0 -1 0 0 -1 0 0 -1 0 0 -1 0 0 -1 0 0 -1 0 0 -1 0 0 -1 0 0 -1 0 0 -1 0 0 -1 0 0 -1 0 0 -1 0 0 -1 0 0 -1 0 0 -1 0 0 -1 0 0 -1 0 0 -1 0 0 -1 0 0 -1 0 0 -1 0 0 -1 0 0 -1 0 0 -1 0 0 -1 0 0 -1 0 0 -1 0 0 -1 0 0 -1 0 0 -1 0 0 -1 0 0 -1 0 0 -1 0 0 -1 0 0 -1 0 0 -1 0 0 -1 0 0 -1 0 0 -1 0 0 -1 0 0 -1 0 0 -1 0 0 -1 0 0 -1 0 0 -1 0 0 -1 0 0 -1 0 0 -1 0 0 -1 0 0 -1 0 0 -1 0 0 -1 0 0 -1 0 0 -1 0 0 -1 0 0 -1 0 0 -1 0 0 -1 0 0 -1 0 0 -1 0 0 -1 0 0 -1 0 0 -1 0 0 -1 0 0 -1 0 0 -1 0 0 -1 0 0 -1 0 0 -1 0 0 -1 0 0 -1 0 0 -1 0 0 -1 0 0 -1 0 0 -1 0 0 -1 0 0 -1 0 0 -1 0 0 -1 0 0 -1 0 0 -1 0 0 -1 0 0 -1 0 0 -1 0 0 -1 0 0 -1 0 0 -1 0 0 -1 0 0 -1 0 0 -1 0 0 -1 0 0 -1 0 0 -1 0 0 -1 0 0 -1 0 0 -1 0 0 -1 0 0 -1 0 0 -1 0 0 -1 0 0 -1 0 0 -1 0 0 -1 0 0 -1 0 0 -1 0 0 -1 0 0 -1 0 0 -1 0 0 -1 0 0 -1 0 0 -1 0 0 -1 0 0 -1 0 0 -1 0 0 -1 0 0 -1 0 0 -1 0 0 -1 0 0 -1 0 0 -1 0 0 -1 0 0 -1 0 0 -1 0 0 -1 0 0 -1 0 0 -1 0 0 -1 0 0 -1 0 0 -1 0 0 -1 0 0 -1 0 0 -1 0 0 -1 0 0 -1 0 0 -1 0 0 -1 0 0 -1 0 0 -1 0 0 -1 0 0 -1 0 0 -1 0 0 -1 0 0 -1 0 0 -1 0 0 -1 0 0 -1 0 0 -1 0 0 -1 0 0 -1 0 0 -1 0 0 -1 0 0 -1 0 0 -1 0 0 -1 0 0 -1 0 0 -1 0 0 -1 0 0 -1 0 0 -1 0 0 -1 0 0 -1 0 0 -1 0 0 -1 0 0 -1 0 0 -1 0 0 -1 0 0 -1 0 0 -1 0 0 -1 0 0 -1 0 0 -1 0 0 -1 0 0 -1 0 0 -1 0 0 -1 0 0 -1 0 0 -1 0 0 -1 0 0 -1 0 0 -1 0 0 -1 0 0 -1 0 0 -1 0 0 -1 0 0 -1 0 0 -1 0 0 -1 0 0 -1 0 0 -1 0 0 -1 0 0 -1 0 0 -1 0 0 -1 0 0 -1 0 0 -1 0 0 -1 0 0 -1 0 0 -1 0 0 -1 0 0 -1 0 0 -1 0 0 -1 0 0 -1 0 0 -1 0 0 -1 0 0 -1 0 0 -1 0 0 -1 0 0 -1 0 0 -1 0 0 -1 0 0 -1 0 0 -1 0 0 -1 0 0 -1 0 0 -1 0 0 -1 0 0 -1 0 0 -1 0 0 -1 0 0 -1 0 0 -1 0 0 -1 0 0 -1 0 0 -1 0 0 -1 0 0 -1 0 0 -1 0 0 -1 0 0 -1 0 0 -1 0 0 -1 0 0 -1 0 0 -1 0 0 -1 0 0 -1 0 0 -1 0 0 -1 0 0 -1 0 0 -1 0 0 -1 0 0 -1 0 0 -1 0 0 -1 0 0 -1 0 0 -1 0 0 -1 0 0 -1 0 0 -1 0 0 -1 0 0 -1 0 0 -1 0 0 -1 0 0 -1 0 0 -1 0 0 -1 0 0 -1 0 0 -1 0 0 -1 0 0 -1 0 0 -1 0 0 -1 0 0 -1 0 0 -1 0 0 -1 0 0 -1 0 0 -1 0 0 -1 0 0 -1 0 0 -1 0 0 -1 0 0 -1 0 0 -1 0 0 -1 0 0 -1 0 0 -1 0 0 -1 0 0 -1 0 0 -1 0 0 -1 0 0 -1 0 0 -1 0 0 -1 0 0 -1 0 0 -1 0 0 -1 0 0 -1 0 0 -1 0 0 -1 0 0 -1 0 0 -1 0 0 -1 0 0 -1 0 0 -1 0 0 -1 0 0 -1 0 0 -1 0 0 -1 0 0 -1 0 0 -1 0 0 -1 0 0 -1 0 0 -1 0 0 -1 0 0 -1 0 0 -1 0 0 -1 0 0 -1 0 0 -1 0 0 -1 0 0 -1 0 0 -1 0 0 -1 0 0 -1 0 0 -1 0 0 -1 0 0 -1 0 0 -1 0 0 -1 0 0 -1 0 0 -1 0 0 -1 0 0 -1 0 0 -1 0 0 -1 0 0 -1 0 0 -1 0 0 -1 0 0 -1 0 0 -1 0 0 -1 0 0 -1 0 0 -1 0 0 -1 0 0 -1 0 0 -1 0 0 -1 0 0 -1 0 0 -1 0 0 -1 0 0 -1 0 0 -1 0 0 -1 0 0 -1 0 0 -1 0 0 -1 0 0 -1 0 0 -1 0 0 -1 0 0 -1 0 0 -1 0 0 -1 0 0 -1 0 0 -1 0 0 -1 0 0 -1 0 0 -1 0 0 -1 0 0 -1 0 0 -1 0 0 -1 0 0 -1 0 0 -1 0 0 -1 0 0 -1 0 0 -1 0 0 -1 0 0 -1 0 0 -1 0 0 -1 0 0 -1 0 0 -1 0 0 -1 0 0.630182 0 -0.776447 -0.174206 0 0.984709 0.630182 0 -0.776447 0.877973 0 -0.478709 0.877973 0 -0.478709 0.999379 0 -0.0352364 0.999379 0 -0.0352364 0.909675 0 0.415321 0.909675 0 0.415321 0.62768 0 0.778472 0.62768 0 0.778472 0.213286 0 0.97699 0.213286 0 0.97699 -0.174206 0 0.984709 -0.00292449 -0.0467279 0.998903 -0.454378 -0.00243731 0.890806 -0.00382093 0 0.999993 -0.500218 0.000251793 0.865899 -0.500003 -1.40488e-05 0.866024 -0.499954 -3.75086e-05 0.866052 -0.499995 -1.63032e-05 0.866028 0.499873 0 -0.866099 0.499986 4.90322e-06 -0.866034 0.499943 2.53331e-05 -0.866059 0.50001 -3.20729e-06 -0.86602 0.484367 0.828965 0.279651 0.484393 0.828946 0.279663 0.210836 0.969913 0.121726 0.171933 0.980415 0.0960512 0.0414285 0.998855 0.0239188 -0.211003 -0.969912 -0.12144 -0.0624222 -0.997401 -0.0359938 -0.0219158 -0.99968 -0.0126531 -0.17075 -0.98037 -0.0985825 -0.484521 -0.828846 -0.279738 -0.484415 -0.828929 -0.279676 -0.724159 0.679472 -0.117947 -0.464206 0.679474 -0.56818 -0.464185 0.679458 -0.568215 -0.0796438 0.496349 -0.864462 -0.0796487 0.496354 -0.864459 0.324557 0.181304 -0.928327 0.324557 0.181304 -0.928327 0.64167 -0.181331 -0.745237 0.641647 -0.181268 -0.745272 0.788467 -0.496348 -0.363261 0.788467 -0.496347 -0.363262 0.724158 -0.679473 0.117947 0.724163 -0.67947 0.117939 0.464188 -0.679455 0.568217 0.46419 -0.679455 0.568215 0.0796591 -0.496349 0.864461 0.0796526 -0.496347 0.864462 -0.324559 -0.181299 0.928328 -0.324567 -0.181295 0.928326 -0.641642 0.181291 0.745271 -0.641645 0.181293 0.745268 -0.788456 0.496359 0.363268 -0.788463 0.496368 0.363241 -0.724169 0.679472 -0.117887 0.261802 -0.599177 0.756602 0.261815 -0.599176 0.756598 0.574005 -0.701467 0.422448 0.573993 -0.701472 0.422456 0.760237 -0.649629 -0.00480602 0.760235 -0.64963 -0.00480444 0.779489 -0.455712 -0.429795 0.779485 -0.455729 -0.429785 0.629312 -0.163547 -0.759749 0.629308 -0.163494 -0.759764 0.0796628 -0.496353 0.864458 0.0796503 -0.496362 0.864454 0.342018 0 -0.939694 0 0 -1 0 0 -1 0 0 -1 0 0 -1 0.342018 0 -0.939694 -0.0756328 -0.38961 0.917869 -0.0756568 -0.389603 0.91787 -0.370959 -0.13667 0.918537 -0.370996 -0.136654 0.918525 0.499992 0 -0.86603 0.499992 0 -0.86603 -0.355356 -0.703634 -0.615323 -0.355328 -0.703642 -0.615329 -0.355266 -0.703664 -0.61534 -0.355237 -0.703556 -0.61548 -0.355263 -0.703634 -0.615376 -0.355269 -0.703665 -0.615337 -0.354891 -0.703745 -0.615463 -0.355303 -0.703659 -0.615324 -0.355303 -0.703659 -0.615324 -0.355303 -0.703659 -0.615324 -0.355302 -0.703645 -0.615341 -0.355307 -0.703623 -0.615363 -0.355239 -0.703555 -0.615481 -0.355297 -0.703686 -0.615297 -0.355362 -0.7037 -0.615243 -0.355294 -0.703666 -0.615322 -0.355016 -0.703708 -0.615433 -0.355152 -0.703708 -0.615355 -0.355379 -0.703601 -0.615346 -0.355262 -0.703641 -0.615369 -0.355273 -0.703697 -0.615298 -0.355269 -0.703649 -0.615355 -0.355275 -0.703687 -0.615308 0.866055 3.00533e-05 -0.499949 0.86597 -5.71755e-05 -0.500096 -0.866019 -3.334e-06 0.500011 -0.866026 1.32651e-06 0.499998 0.355446 0.7036 0.615309 0.355112 0.703719 0.615366 0.355366 0.703644 0.615305 0.355261 0.703669 0.615337 0.355278 0.703571 0.615439 0.35526 0.703608 0.615407 0.35529 0.703662 0.615329 0.355294 0.70372 0.61526 0.35526 0.703705 0.615297 0.355208 0.703652 0.615387 0.355113 0.703654 0.615439 0.355284 0.703693 0.615296 0.355368 0.703663 0.615281 0.355276 0.703677 0.615319 0.35535 0.703625 0.615336 0.355267 0.703664 0.615339 0.355318 0.703852 0.615095 0.355297 0.703748 0.615225 0.35522 0.703458 0.615601 0.355249 0.70363 0.615388 0.35526 0.703669 0.615337 0.355259 0.70366 0.615349 0.355263 0.703673 0.615331 0.422631 0 -0.906302 0.422631 0 -0.906302 0.342016 0 -0.939694 0.342016 0 -0.939694 0.342022 0 -0.939692 0.342022 0 -0.939692 0.342024 0 -0.939691 0.342024 0 -0.939691 0.865967 0 -0.500101 0.865967 0 -0.500101 0.933903 0 -0.357526 -0.643177 0 0.765718 0.933903 0 -0.357526 0.9997 0 0.024511 0.9997 0 0.024511 0.883194 0 0.469007 0.883194 0 0.469007 0.580104 0 0.814543 0.580104 0 0.814543 0.154419 0 0.988005 0.154419 0 0.988005 -0.303801 0 0.952735 -0.303801 0 0.952735 -0.643177 0 0.765718 -0.505613 -0.0463598 0.861514 -0.838815 -0.00244315 0.544411 -0.501986 0 0.864876 -0.865992 -6.69469e-05 0.500058 -0.866011 -2.59372e-05 0.500025 -0.865903 -0.000114309 0.500211 -0.866056 2.10405e-05 0.499948 0.865403 0 -0.501077 0.865977 4.31627e-05 -0.500084 0.866281 -0.000206874 -0.499556 0.866112 -8.23934e-05 -0.49985 0.279678 0.828929 0.484414 0.279657 0.828953 0.484385 0.0239074 0.998855 0.0414323 0.0239226 0.998855 0.0414335 0.121729 0.969911 0.210843 0.100866 0.980418 0.169138 0.023919 0.998855 0.041429 -0.0985082 -0.9804 -0.170621 -0.0986496 -0.980345 -0.170859 -0.14409 -0.969558 -0.197978 -0.0376078 -0.997522 -0.0594529 -0.0126639 -0.999679 -0.0219469 -0.0986008 -0.980362 -0.170785 -0.279793 -0.828768 -0.484623 -0.279573 -0.829068 -0.484236 -0.568005 0.679489 -0.464398 -0.117975 0.67947 -0.724156 -0.117975 0.67947 -0.724156 0.363177 0.496417 -0.788462 0.363346 0.496268 -0.788478 0.745271 0.181172 -0.641676 0.745021 0.181626 -0.641838 0.928338 -0.181237 -0.324563 0.928358 -0.181817 -0.324183 0.864443 -0.4964 0.0795297 0.864444 -0.496399 0.0795288 0.567993 -0.679559 0.464309 0.568358 -0.679399 0.464096 0.117923 -0.679461 0.724174 0.117887 -0.679461 0.724179 -0.363337 -0.49625 0.788494 -0.363338 -0.496249 0.788494 -0.744969 -0.181516 0.641929 -0.745356 -0.181225 0.641563 -0.928335 0.18122 0.324581 -0.928335 0.18122 0.324581 -0.864501 0.496283 -0.079629 -0.864502 0.496282 -0.0796246 -0.568028 0.679489 -0.464369 -0.151514 -0.599182 0.786146 -0.151588 -0.599188 0.786127 0.285894 -0.701465 0.652849 0.285894 -0.701465 0.652849 0.66085 -0.649584 0.375923 0.660687 -0.649718 0.375978 0.889906 -0.455808 0.0174943 0.89004 -0.455551 0.0173937 0.924897 -0.163467 -0.343284 0.924872 -0.163802 -0.343192 -0.363254 -0.496351 0.788468 -0.36323 -0.496326 0.788495 0.766188 0 -0.642617 0.766188 0 -0.642617 0.499865 0 -0.866104 0.499865 0 -0.866104 -0.524418 -0.38963 0.757083 -0.5244 -0.389637 0.757092 -0.780549 -0.136627 0.609981 -0.780565 -0.136617 0.609962 0.866028 0 -0.499995 0.866028 0 -0.499995 0.866026 0 -0.5 0.866026 0 -0.5 -4.56731e-05 -0.703652 -0.710545 5.61022e-05 -0.703682 -0.710515 0 -0.703661 -0.710536 -4.49408e-05 -0.703712 -0.710486 1.33517e-05 -0.703651 -0.710545 2.49326e-05 -0.703637 -0.71056 3.49271e-05 -0.703671 -0.710526 0 -0.703664 -0.710533 0 -0.703637 -0.71056 1.31732e-05 -0.703673 -0.710524 9.12374e-06 -0.703679 -0.710518 1.33646e-05 -0.703664 -0.710533 -4.91521e-05 -0.7037 -0.710497 6.49322e-06 -0.703649 -0.710548 7.30271e-05 -0.703637 -0.710559 -6.68876e-06 -0.703665 -0.710532 7.2179e-06 -0.703667 -0.71053 -4.86401e-06 -0.703667 -0.71053 -4.58081e-05 -0.703646 -0.710551 2.66509e-06 -0.703662 -0.710534 -7.94875e-06 -0.703676 -0.710521 -7.58172e-07 -0.703665 -0.710532 -2.18221e-06 -0.703667 -0.71053 1 0 0 1 0 0 -1 0 0 -1 0 0 -5.94706e-05 0.703691 0.710506 4.46243e-05 0.703652 0.710545 -7.38962e-06 0.703667 0.71053 9.63938e-06 0.703663 0.710533 0 0.703637 0.710559 0 0.703671 0.710526 4.45512e-06 0.703675 0.710522 -5.88758e-06 0.703659 0.710537 -3.91604e-05 0.703649 0.710548 -1.55405e-05 0.703663 0.710534 6.45297e-06 0.703662 0.710535 6.77783e-06 0.703662 0.710535 -4.88938e-06 0.703667 0.71053 3.82319e-06 0.703665 0.710532 2.88776e-05 0.703642 0.710555 -3.21346e-06 0.703659 0.710538 1.42175e-05 0.703679 0.710519 4.25712e-05 0.703714 0.710483 -2.13617e-05 0.703641 0.710555 -2.31132e-05 0.703639 0.710558 4.36941e-06 0.703669 0.710528 5.07058e-06 0.70367 0.710527 0 0.703665 0.710532 0.819156 0 -0.573571 0.819156 0 -0.573571 0.766049 0 -0.642782 0.766049 0 -0.642782 0.766048 0 -0.642783 0.766048 0 -0.642783 1 0 0 1 0 0 0.987525 0 0.157465 -0.939829 0 0.341644 0.987525 0 0.157465 0.853542 0 0.521025 0.853542 0 0.521025 0.530337 0 0.847787 0.530337 0 0.847787 0.0951081 0 0.995467 0.0951081 0 0.995467 -0.360212 0 0.93287 -0.360212 0 0.93287 -0.739528 0 0.673125 -0.739528 0 0.673125 -0.939829 0 0.341644 -0.867886 -0.0464886 0.494583 -0.998648 -0.00242651 0.0519344 -0.868007 0 0.496552 -1 0 0 -1 0 0 -1 0 0 -1 0 0 1 0 0 1 0 0 1 0 0 1 0 0 0 0.828958 0.559311 0 0.828958 0.559311 0 0.969908 0.24347 0.00278383 0.980414 0.19693 0 0.998855 0.0478387 -0.000331723 -0.969867 -0.243636 -3.89732e-05 -0.997432 -0.0716259 0 -0.999677 -0.0254062 0 -0.980362 -0.197204 0 -0.82897 -0.559293 0 -0.82897 -0.559293 -0.259854 0.679484 -0.686132 0.260098 0.679438 -0.686085 0.260046 0.679458 -0.686086 0.708587 0.496524 -0.501367 0.70856 0.49655 -0.50138 0.966243 0.181289 -0.183053 0.966247 0.181278 -0.183046 0.966247 -0.181277 0.183045 0.96625 -0.181265 0.183038 0.708558 -0.496537 0.501394 0.708587 -0.496509 0.501381 0.260098 -0.679428 0.686095 0.259997 -0.679467 0.686095 -0.259906 -0.679484 0.686113 -0.259805 -0.679484 0.686151 -0.708943 -0.496258 0.501127 -0.708972 -0.496245 0.501099 -0.966247 -0.181275 0.183048 -0.96625 -0.181268 0.183036 -0.966243 0.181287 -0.183055 -0.966247 0.18128 -0.183043 -0.708972 0.496259 -0.501085 -0.708944 0.496271 -0.501112 -0.259906 0.679484 -0.686112 -0.524385 -0.599142 0.60502 -0.524416 -0.599145 0.60499 -0.0788341 -0.701476 0.70832 -0.0788345 -0.701476 0.708319 0.384299 -0.649631 0.655968 0.384336 -0.649602 0.655976 0.762 -0.455665 0.460136 0.761982 -0.455693 0.460138 0.972639 -0.163477 0.165071 0.972639 -0.163477 0.165071 -0.708812 -0.496358 0.501214 -0.70881 -0.496352 0.501222 0.984871 0 -0.173287 0.984871 0 -0.173287 0.865901 0 -0.500215 0.865901 0 -0.500215 -0.832703 -0.389628 0.39344 -0.832714 -0.389622 0.393423 -0.980968 -0.136632 0.137965 -0.980966 -0.136635 0.137972 1 0 0 1 0 0 1 0 0 1 0 0 0.355234 -0.703655 -0.615369 0.355266 -0.703664 -0.61534 0.355269 -0.703659 -0.615344 0.355266 -0.703674 -0.615328 0.355258 -0.703682 -0.615324 0.355283 -0.703648 -0.615348 0.355249 -0.703665 -0.615348 0.355253 -0.703662 -0.615349 0.355278 -0.703658 -0.61534 0.355257 -0.703665 -0.615344 0.355285 -0.70367 -0.615322 0.355293 -0.70367 -0.615317 0.355267 -0.703647 -0.615358 0.35528 -0.703653 -0.615344 0.355251 -0.703678 -0.615333 0.355244 -0.703659 -0.615359 0.355287 -0.703676 -0.615314 0.355265 -0.703664 -0.61534 0.3553 -0.703636 -0.615352 0.35528 -0.703652 -0.615346 0.355251 -0.703676 -0.615335 0.355241 -0.703684 -0.615331 0.355287 -0.703644 -0.61535 0.866025 6.91041e-06 0.500001 0.866017 1.49228e-05 0.500015 -0.866016 -3.26235e-06 -0.500016 -0.866034 -1.51469e-05 -0.499985 -0.35527 0.703665 0.615337 -0.355286 0.703673 0.615318 -0.355249 0.703658 0.615356 -0.355262 0.703662 0.615344 -0.35531 0.703603 0.615385 -0.355282 0.703661 0.615335 -0.355278 0.703663 0.615334 -0.355273 0.703667 0.615332 -0.355224 0.703683 0.615343 -0.355282 0.703654 0.615343 -0.355297 0.703654 0.615333 -0.355269 0.703659 0.615344 -0.355291 0.703671 0.615317 -0.35525 0.703664 0.61535 -0.355247 0.703658 0.615358 -0.355258 0.703667 0.615341 -0.355288 0.703643 0.615351 -0.355177 0.703737 0.615308 -0.355317 0.703626 0.615354 -0.3553 0.70364 0.615348 -0.355254 0.703676 0.615333 -0.355273 0.70366 0.61534 -0.355268 0.703664 0.615339 0.996195 0 -0.087152 0.996195 0 -0.087152 0.984808 0 -0.173648 0.984808 0 -0.173648 0.866017 0 0.500015 0.866017 0 0.500015 0.776447 0 0.630182 -0.984709 0 -0.174206 0.776447 0 0.630182 0.478709 0 0.877973 0.478709 0 0.877973 0.0352364 0 0.999379 0.0352364 0 0.999379 -0.415321 0 0.909675 -0.415321 0 0.909675 -0.778472 0 0.62768 -0.778472 0 0.62768 -0.97699 0 0.213286 -0.97699 0 0.213286 -0.984709 0 -0.174206 -0.998903 -0.0467279 -0.00292449 -0.890806 -0.00243731 -0.454378 -0.999993 0 -0.00382093 -0.865899 0.000251793 -0.500218 -0.866024 -1.40488e-05 -0.500003 -0.866052 -3.75086e-05 -0.499954 -0.866028 -1.63032e-05 -0.499995 0.866099 0 0.499873 0.866034 4.90322e-06 0.499986 0.866059 2.53331e-05 0.499943 0.86602 -3.20729e-06 0.50001 -0.279651 0.828965 0.484367 -0.279663 0.828946 0.484393 -0.121726 0.969913 0.210836 -0.0960512 0.980415 0.171933 -0.0239188 0.998855 0.0414285 0.12144 -0.969913 -0.211003 0.0359938 -0.997401 -0.0624222 0.0126531 -0.99968 -0.0219158 0.0985825 -0.98037 -0.17075 0.279738 -0.828846 -0.484521 0.279676 -0.828929 -0.484415 0.117947 0.679472 -0.724159 0.56818 0.679474 -0.464206 0.568215 0.679458 -0.464185 0.864462 0.496349 -0.0796438 0.864459 0.496354 -0.0796487 0.928327 0.181304 0.324557 0.928327 0.181304 0.324557 0.745237 -0.181331 0.64167 0.745272 -0.181268 0.641647 0.363261 -0.496348 0.788467 0.363262 -0.496347 0.788467 -0.117947 -0.679473 0.724158 -0.117939 -0.67947 0.724163 -0.568217 -0.679455 0.464188 -0.568215 -0.679455 0.46419 -0.864461 -0.496349 0.0796591 -0.864462 -0.496347 0.0796526 -0.928328 -0.181299 -0.324559 -0.928326 -0.181295 -0.324567 -0.745271 0.181291 -0.641642 -0.745268 0.181293 -0.641645 -0.363268 0.496359 -0.788456 -0.363241 0.496368 -0.788463 0.117887 0.679472 -0.724169 -0.756602 -0.599177 0.261802 -0.756598 -0.599176 0.261815 -0.422448 -0.701467 0.574005 -0.422456 -0.701472 0.573993 0.00480602 -0.649629 0.760237 0.00480444 -0.64963 0.760235 0.429795 -0.455712 0.779489 0.429785 -0.455729 0.779485 0.759749 -0.163547 0.629312 0.759764 -0.163494 0.629308 -0.864458 -0.496353 0.0796628 -0.864454 -0.496362 0.0796503 0.939694 0 0.342018 1 0 0 1 0 0 1 0 0 1 0 0 0.939694 0 0.342018 -0.917869 -0.38961 -0.0756328 -0.91787 -0.389603 -0.0756568 -0.918537 -0.13667 -0.370959 -0.918525 -0.136654 -0.370996 0.86603 0 0.499992 0.86603 0 0.499992 0.615323 -0.703634 -0.355356 0.615329 -0.703642 -0.355328 0.61534 -0.703664 -0.355266 0.61548 -0.703556 -0.355237 0.615376 -0.703634 -0.355263 0.615337 -0.703665 -0.355269 0.615463 -0.703745 -0.354891 0.615324 -0.703659 -0.355303 0.615324 -0.703659 -0.355303 0.615324 -0.703659 -0.355303 0.615341 -0.703645 -0.355302 0.615363 -0.703623 -0.355307 0.615481 -0.703555 -0.355239 0.615297 -0.703686 -0.355297 0.615243 -0.7037 -0.355362 0.615322 -0.703666 -0.355294 0.615433 -0.703708 -0.355016 0.615355 -0.703708 -0.355152 0.615346 -0.703601 -0.355379 0.615369 -0.703641 -0.355262 0.615298 -0.703697 -0.355273 0.615355 -0.703649 -0.355269 0.615308 -0.703687 -0.355275 0.499949 3.00533e-05 0.866055 0.500096 -5.71755e-05 0.86597 -0.500011 -3.334e-06 -0.866019 -0.499998 1.32651e-06 -0.866026 -0.615309 0.7036 0.355446 -0.615366 0.703719 0.355112 -0.615305 0.703644 0.355366 -0.615337 0.703669 0.355261 -0.615439 0.703571 0.355278 -0.615407 0.703608 0.35526 -0.615329 0.703662 0.35529 -0.61526 0.70372 0.355294 -0.615297 0.703705 0.35526 -0.615387 0.703652 0.355208 -0.615439 0.703654 0.355113 -0.615296 0.703693 0.355284 -0.615281 0.703663 0.355368 -0.615319 0.703677 0.355276 -0.615336 0.703625 0.35535 -0.615339 0.703664 0.355267 -0.615095 0.703852 0.355318 -0.615225 0.703748 0.355297 -0.615601 0.703458 0.35522 -0.615388 0.70363 0.355249 -0.615337 0.703669 0.35526 -0.615349 0.70366 0.355259 -0.615331 0.703673 0.355263 0.906302 0 0.422631 0.906302 0 0.422631 0.939694 0 0.342016 0.939694 0 0.342016 0.939692 0 0.342022 0.939692 0 0.342022 0.939691 0 0.342024 0.939691 0 0.342024 0.500101 0 0.865967 0.500101 0 0.865967 0.357526 0 0.933903 -0.765718 0 -0.643177 0.357526 0 0.933903 -0.024511 0 0.9997 -0.024511 0 0.9997 -0.469007 0 0.883194 -0.469007 0 0.883194 -0.814543 0 0.580104 -0.814543 0 0.580104 -0.988005 0 0.154419 -0.988005 0 0.154419 -0.952735 0 -0.303801 -0.952735 0 -0.303801 -0.765718 0 -0.643177 -0.861514 -0.0463598 -0.505613 -0.544411 -0.00244315 -0.838815 -0.864876 0 -0.501986 -0.500058 -6.69469e-05 -0.865992 -0.500025 -2.59372e-05 -0.866011 -0.500211 -0.000114309 -0.865903 -0.499948 2.10405e-05 -0.866056 0.501077 0 0.865403 0.500084 4.31627e-05 0.865977 0.499556 -0.000206874 0.866281 0.49985 -8.23934e-05 0.866112 -0.484414 0.828929 0.279678 -0.484385 0.828953 0.279657 -0.0414323 0.998855 0.0239074 -0.0414335 0.998855 0.0239226 -0.210843 0.969911 0.121729 -0.169138 0.980418 0.100866 -0.041429 0.998855 0.023919 0.170621 -0.9804 -0.0985082 0.170859 -0.980345 -0.0986496 0.197978 -0.969558 -0.14409 0.0594529 -0.997522 -0.0376078 0.0219469 -0.999679 -0.0126639 0.170785 -0.980362 -0.0986008 0.484623 -0.828768 -0.279793 0.484236 -0.829068 -0.279573 0.464398 0.679489 -0.568005 0.724156 0.67947 -0.117975 0.724156 0.67947 -0.117975 0.788462 0.496417 0.363177 0.788478 0.496268 0.363346 0.641676 0.181172 0.745271 0.641838 0.181626 0.745021 0.324563 -0.181237 0.928338 0.324183 -0.181817 0.928358 -0.0795297 -0.4964 0.864443 -0.0795288 -0.496399 0.864444 -0.464309 -0.679559 0.567993 -0.464096 -0.679399 0.568358 -0.724174 -0.679461 0.117923 -0.724179 -0.679461 0.117887 -0.788494 -0.49625 -0.363337 -0.788494 -0.496249 -0.363338 -0.641929 -0.181516 -0.744969 -0.641563 -0.181225 -0.745356 -0.324581 0.18122 -0.928335 -0.324581 0.18122 -0.928335 0.079629 0.496283 -0.864501 0.0796246 0.496282 -0.864502 0.464369 0.679489 -0.568028 -0.786146 -0.599182 -0.151514 -0.786127 -0.599188 -0.151588 -0.652849 -0.701465 0.285894 -0.652849 -0.701465 0.285894 -0.375923 -0.649584 0.66085 -0.375978 -0.649718 0.660687 -0.0174943 -0.455808 0.889906 -0.0173937 -0.455551 0.89004 0.343284 -0.163467 0.924897 0.343192 -0.163802 0.924872 -0.788468 -0.496351 -0.363254 -0.788495 -0.496326 -0.36323 0.642617 0 0.766188 0.642617 0 0.766188 0.866104 0 0.499865 0.866104 0 0.499865 -0.757083 -0.38963 -0.524418 -0.757092 -0.389637 -0.5244 -0.609981 -0.136627 -0.780549 -0.609962 -0.136617 -0.780565 0.499995 0 0.866028 0.499995 0 0.866028 0.5 0 0.866026 0.5 0 0.866026 0.710515 -0.703682 5.60542e-05 0.710536 -0.703661 0 0.710486 -0.703712 -4.49408e-05 0.710545 -0.703651 1.33517e-05 0.71056 -0.703637 2.49326e-05 0.71053 -0.703667 -2.23964e-06 0.710532 -0.703665 -6.16015e-07 0.710521 -0.703676 -7.9672e-06 0.710534 -0.703662 2.68185e-06 0.710551 -0.703646 -4.58081e-05 0.71053 -0.703667 -4.849e-06 0.71053 -0.703667 7.30926e-06 0.710532 -0.703665 -6.71156e-06 0.710559 -0.703637 7.29063e-05 0.710548 -0.703649 6.49322e-06 0.710497 -0.7037 -4.91733e-05 0.710533 -0.703664 1.33413e-05 0.710518 -0.703679 9.12374e-06 0.710524 -0.703673 1.31653e-05 0.71056 -0.703637 0 0.710533 -0.703664 0 0.710526 -0.703671 3.52597e-05 0.710545 -0.703652 -4.55704e-05 0 0 1 0 0 1 0 0 -1 0 0 -1 -0.710506 0.703691 -5.94706e-05 -0.710532 0.703665 0 -0.710527 0.70367 5.10706e-06 -0.710528 0.703669 4.2409e-06 -0.710558 0.703639 -2.31994e-05 -0.710555 0.703641 -2.12933e-05 -0.710483 0.703714 4.27291e-05 -0.710519 0.703678 1.41675e-05 -0.710538 0.703659 -3.21346e-06 -0.710555 0.703642 2.88966e-05 -0.710532 0.703665 3.79106e-06 -0.71053 0.703667 -4.83209e-06 -0.710535 0.703662 6.79787e-06 -0.710535 0.703662 6.46257e-06 -0.710534 0.703663 -1.55405e-05 -0.710548 0.703649 -3.92187e-05 -0.710537 0.703659 -5.88758e-06 -0.710522 0.703675 4.47483e-06 -0.710526 0.703671 0 -0.710559 0.703637 0 -0.710533 0.703663 9.59166e-06 -0.71053 0.703667 -7.10738e-06 -0.710545 0.703652 4.46243e-05 0.573571 0 0.819156 0.573571 0 0.819156 0.642782 0 0.766049 0.642782 0 0.766049 0.642783 0 0.766048 0.642783 0 0.766048 0 0 1 0 0 1 -0.157465 0 0.987525 -0.341644 0 -0.939829 -0.157465 0 0.987525 -0.521025 0 0.853542 -0.521025 0 0.853542 -0.847787 0 0.530337 -0.847787 0 0.530337 -0.995467 0 0.0951081 -0.995467 0 0.0951081 -0.93287 0 -0.360212 -0.93287 0 -0.360212 -0.673125 0 -0.739528 -0.673125 0 -0.739528 -0.341644 0 -0.939829 -0.494583 -0.0464886 -0.867886 -0.0519344 -0.00242651 -0.998648 -0.496552 0 -0.868007 0 0 -1 0 0 -1 0 0 -1 0 0 -1 0 0 1 0 0 1 0 0 1 0 0 1 -0.559311 0.828958 0 -0.559311 0.828958 0 -0.24347 0.969908 0 -0.19693 0.980414 0.00278383 -0.0478387 0.998855 0 0.243636 -0.969867 -0.000331723 0.0716259 -0.997432 -3.89732e-05 0.0254062 -0.999677 0 0.197204 -0.980362 0 0.559293 -0.82897 0 0.559293 -0.82897 0 0.686132 0.679484 -0.259854 0.686085 0.679438 0.260098 0.686086 0.679458 0.260046 0.501367 0.496524 0.708587 0.50138 0.49655 0.70856 0.183053 0.181289 0.966243 0.183046 0.181278 0.966247 -0.183045 -0.181277 0.966247 -0.183038 -0.181265 0.96625 -0.501394 -0.496537 0.708558 -0.501381 -0.496509 0.708587 -0.686095 -0.679428 0.260098 -0.686095 -0.679467 0.259997 -0.686113 -0.679484 -0.259906 -0.686151 -0.679484 -0.259805 -0.501127 -0.496258 -0.708943 -0.501099 -0.496245 -0.708972 -0.183048 -0.181275 -0.966247 -0.183036 -0.181268 -0.96625 0.183055 0.181287 -0.966243 0.183043 0.18128 -0.966247 0.501085 0.496259 -0.708972 0.501112 0.496271 -0.708944 0.686112 0.679484 -0.259906 -0.60502 -0.599142 -0.524385 -0.60499 -0.599145 -0.524416 -0.70832 -0.701476 -0.0788341 -0.708319 -0.701476 -0.0788345 -0.655968 -0.649631 0.384299 -0.655976 -0.649602 0.384336 -0.460136 -0.455665 0.762 -0.460138 -0.455693 0.761982 -0.165071 -0.163477 0.972639 -0.165071 -0.163477 0.972639 -0.501214 -0.496358 -0.708812 -0.501222 -0.496352 -0.70881 0.173287 0 0.984871 0.173287 0 0.984871 0.500215 0 0.865901 0.500215 0 0.865901 -0.39344 -0.389628 -0.832703 -0.393423 -0.389622 -0.832714 -0.137965 -0.136632 -0.980968 -0.137972 -0.136635 -0.980966 0 0 1 0 0 1 0 0 1 0 0 1 0.615335 -0.703676 0.355251 0.615346 -0.703652 0.35528 0.615352 -0.703636 0.3553 0.61534 -0.703664 0.355265 0.615314 -0.703676 0.355286 0.615359 -0.703658 0.355244 0.615369 -0.703655 0.355234 0.61534 -0.703664 0.355266 0.615344 -0.703659 0.355269 0.615328 -0.703674 0.355266 0.615324 -0.703682 0.355258 0.615348 -0.703648 0.355283 0.615348 -0.703665 0.355249 0.615349 -0.703662 0.355253 0.61534 -0.703658 0.355278 0.615344 -0.703665 0.355257 0.615322 -0.70367 0.355285 0.615317 -0.70367 0.355293 0.615358 -0.703647 0.355267 0.615344 -0.703653 0.35528 0.615333 -0.703678 0.355251 0.61535 -0.703644 0.355287 0.615332 -0.703684 0.355241 -0.500001 6.91041e-06 0.866025 -0.500015 1.49228e-05 0.866017 0.500016 -3.26235e-06 -0.866016 0.499985 -1.51469e-05 -0.866034 -0.615337 0.703665 -0.35527 -0.615318 0.703673 -0.355286 -0.615356 0.703658 -0.355249 -0.615344 0.703662 -0.355262 -0.615385 0.703603 -0.35531 -0.615335 0.703661 -0.355282 -0.615334 0.703663 -0.355278 -0.615332 0.703667 -0.355273 -0.615343 0.703683 -0.355224 -0.615343 0.703654 -0.355282 -0.615333 0.703654 -0.355297 -0.615344 0.703659 -0.355269 -0.615317 0.703671 -0.355291 -0.61535 0.703664 -0.35525 -0.615358 0.703658 -0.355247 -0.615341 0.703667 -0.355258 -0.615351 0.703643 -0.355288 -0.615308 0.703737 -0.355177 -0.615354 0.703626 -0.355317 -0.615348 0.70364 -0.3553 -0.615333 0.703676 -0.355254 -0.61534 0.70366 -0.355273 -0.615339 0.703664 -0.355268 0.087152 0 0.996195 0.087152 0 0.996195 0.173648 0 0.984808 0.173648 0 0.984808 -0.500015 0 0.866017 -0.500015 0 0.866017 -0.630182 0 0.776447 0.174206 0 -0.984709 -0.630182 0 0.776447 -0.877973 0 0.478709 -0.877973 0 0.478709 -0.999379 0 0.0352364 -0.999379 0 0.0352364 -0.909675 0 -0.415321 -0.909675 0 -0.415321 -0.62768 0 -0.778472 -0.62768 0 -0.778472 -0.213286 0 -0.97699 -0.213286 0 -0.97699 0.174206 0 -0.984709 0.00292449 -0.0467279 -0.998903 0.454378 -0.00243731 -0.890806 0.00382093 0 -0.999993 0.500218 0.000251793 -0.865899 0.500003 -1.40488e-05 -0.866024 0.499954 -3.75086e-05 -0.866052 0.499995 -1.63032e-05 -0.866028 -0.499873 0 0.866099 -0.499986 4.90322e-06 0.866034 -0.499943 2.53331e-05 0.866059 -0.50001 -3.20729e-06 0.86602 -0.484367 0.828965 -0.279651 -0.484393 0.828946 -0.279663 -0.210836 0.969913 -0.121726 -0.171933 0.980415 -0.0960512 -0.0414285 0.998855 -0.0239188 0.211003 -0.969912 0.12144 0.0624222 -0.997401 0.0359938 0.0219158 -0.99968 0.0126531 0.17075 -0.98037 0.0985825 0.484521 -0.828846 0.279738 0.484415 -0.828929 0.279676 0.724159 0.679472 0.117947 0.464206 0.679474 0.56818 0.464185 0.679458 0.568215 0.0796438 0.496349 0.864462 0.0796487 0.496354 0.864459 -0.324557 0.181304 0.928327 -0.324557 0.181304 0.928327 -0.64167 -0.181331 0.745237 -0.641647 -0.181268 0.745272 -0.788467 -0.496348 0.363261 -0.788467 -0.496347 0.363262 -0.724158 -0.679473 -0.117947 -0.724163 -0.67947 -0.117939 -0.464188 -0.679455 -0.568217 -0.46419 -0.679455 -0.568215 -0.0796591 -0.496349 -0.864461 -0.0796526 -0.496347 -0.864462 0.324559 -0.181299 -0.928328 0.324567 -0.181295 -0.928326 0.641642 0.181291 -0.745271 0.641645 0.181293 -0.745268 0.788456 0.496359 -0.363268 0.788463 0.496368 -0.363241 0.724169 0.679472 0.117887 -0.261802 -0.599177 -0.756602 -0.261815 -0.599176 -0.756598 -0.574005 -0.701467 -0.422448 -0.573993 -0.701472 -0.422456 -0.760237 -0.649629 0.00480602 -0.760235 -0.64963 0.00480444 -0.779489 -0.455712 0.429795 -0.779485 -0.455729 0.429785 -0.629312 -0.163547 0.759749 -0.629308 -0.163494 0.759764 -0.0796628 -0.496353 -0.864458 -0.0796503 -0.496362 -0.864454 -0.342018 0 0.939694 0 0 1 0 0 1 0 0 1 0 0 1 -0.342018 0 0.939694 0.0756328 -0.38961 -0.917869 0.0756568 -0.389603 -0.91787 0.370959 -0.13667 -0.918537 0.370996 -0.136654 -0.918525 -0.499992 0 0.86603 -0.499992 0 0.86603 0.355356 -0.703634 0.615323 0.355328 -0.703642 0.615329 0.355266 -0.703664 0.61534 0.355237 -0.703556 0.61548 0.355263 -0.703634 0.615376 0.355269 -0.703665 0.615337 0.354891 -0.703745 0.615463 0.355303 -0.703659 0.615324 0.355303 -0.703659 0.615324 0.355303 -0.703659 0.615324 0.355302 -0.703645 0.615341 0.355307 -0.703623 0.615363 0.355239 -0.703555 0.615481 0.355297 -0.703686 0.615297 0.355362 -0.7037 0.615243 0.355294 -0.703666 0.615322 0.355016 -0.703708 0.615433 0.355152 -0.703708 0.615355 0.355379 -0.703601 0.615346 0.355262 -0.703641 0.615369 0.355273 -0.703697 0.615298 0.355269 -0.703649 0.615355 0.355275 -0.703687 0.615308 -0.866055 3.00533e-05 0.499949 -0.86597 -5.71755e-05 0.500096 0.866019 -3.334e-06 -0.500011 0.866026 1.32651e-06 -0.499998 -0.355446 0.7036 -0.615309 -0.355112 0.703719 -0.615366 -0.355366 0.703644 -0.615305 -0.355261 0.703669 -0.615337 -0.355278 0.703571 -0.615439 -0.35526 0.703608 -0.615407 -0.35529 0.703662 -0.615329 -0.355294 0.70372 -0.61526 -0.35526 0.703705 -0.615297 -0.355208 0.703652 -0.615387 -0.355113 0.703654 -0.615439 -0.355284 0.703693 -0.615296 -0.355368 0.703663 -0.615281 -0.355276 0.703677 -0.615319 -0.35535 0.703625 -0.615336 -0.355267 0.703664 -0.615339 -0.355318 0.703852 -0.615095 -0.355297 0.703748 -0.615225 -0.35522 0.703458 -0.615601 -0.355249 0.70363 -0.615388 -0.35526 0.703669 -0.615337 -0.355259 0.70366 -0.615349 -0.355263 0.703673 -0.615331 -0.422631 0 0.906302 -0.422631 0 0.906302 -0.342016 0 0.939694 -0.342016 0 0.939694 -0.342022 0 0.939692 -0.342022 0 0.939692 -0.342024 0 0.939691 -0.342024 0 0.939691 -0.865967 0 0.500101 -0.865967 0 0.500101 -0.933903 0 0.357526 0.643177 0 -0.765718 -0.933903 0 0.357526 -0.9997 0 -0.024511 -0.9997 0 -0.024511 -0.883194 0 -0.469007 -0.883194 0 -0.469007 -0.580104 0 -0.814543 -0.580104 0 -0.814543 -0.154419 0 -0.988005 -0.154419 0 -0.988005 0.303801 0 -0.952735 0.303801 0 -0.952735 0.643177 0 -0.765718 0.838754 0 -0.544511 0.502325 -0.0466899 -0.863417 0.505612 -0.0463598 -0.861515 0.865992 -6.69469e-05 -0.500058 0.866011 -2.59372e-05 -0.500025 0.865903 -0.000114309 -0.500211 0.866056 2.10405e-05 -0.499948 -0.865403 0 0.501077 -0.865977 4.31627e-05 0.500084 -0.866281 -0.000206874 0.499556 -0.866112 -8.23934e-05 0.49985 -0.279678 0.828929 -0.484414 -0.279657 0.828953 -0.484385 -0.0239074 0.998855 -0.0414323 -0.0239226 0.998855 -0.0414335 -0.121729 0.969911 -0.210843 -0.100866 0.980418 -0.169138 -0.023919 0.998855 -0.041429 0.0985082 -0.9804 0.170621 0.0986496 -0.980345 0.170859 0.14409 -0.969558 0.197978 0.0376078 -0.997522 0.0594529 0.0126639 -0.999679 0.0219469 0.0986008 -0.980362 0.170785 0.279793 -0.828768 0.484623 0.279573 -0.829068 0.484236 0.568005 0.679489 0.464398 0.117975 0.67947 0.724156 0.117975 0.67947 0.724156 -0.363177 0.496417 0.788462 -0.363346 0.496268 0.788478 -0.745271 0.181172 0.641676 -0.745021 0.181626 0.641838 -0.928338 -0.181237 0.324563 -0.928358 -0.181817 0.324183 -0.864443 -0.4964 -0.0795297 -0.864444 -0.496399 -0.0795288 -0.567993 -0.679559 -0.464309 -0.568358 -0.679399 -0.464096 -0.117923 -0.679461 -0.724174 -0.117887 -0.679461 -0.724179 0.363337 -0.49625 -0.788494 0.363338 -0.496249 -0.788494 0.744969 -0.181516 -0.641929 0.745356 -0.181225 -0.641563 0.928335 0.18122 -0.324581 0.928335 0.18122 -0.324581 0.864501 0.496283 0.079629 0.864502 0.496282 0.0796246 0.568028 0.679489 0.464369 0.151514 -0.599182 -0.786146 0.151588 -0.599188 -0.786127 -0.285894 -0.701465 -0.652849 -0.285894 -0.701465 -0.652849 -0.66085 -0.649584 -0.375923 -0.660687 -0.649718 -0.375978 -0.889906 -0.455808 -0.0174943 -0.89004 -0.455551 -0.0173937 -0.924897 -0.163467 0.343284 -0.924872 -0.163802 0.343192 0.363254 -0.496351 -0.788468 0.36323 -0.496326 -0.788495 -0.766188 0 0.642617 -0.766188 0 0.642617 -0.499865 0 0.866104 -0.499865 0 0.866104 0.524418 -0.38963 -0.757083 0.5244 -0.389637 -0.757092 0.780549 -0.136627 -0.609981 0.780565 -0.136617 -0.609962 -0.866028 0 0.499995 -0.866028 0 0.499995 -0.866026 0 0.5 -0.866026 0 0.5 4.56731e-05 -0.703652 0.710545 -5.61022e-05 -0.703682 0.710515 0 -0.703661 0.710536 4.49408e-05 -0.703712 0.710486 -1.33517e-05 -0.703651 0.710545 -2.49326e-05 -0.703637 0.71056 -3.49271e-05 -0.703671 0.710526 0 -0.703664 0.710533 0 -0.703637 0.71056 -1.31732e-05 -0.703673 0.710524 -9.12374e-06 -0.703679 0.710518 -1.33646e-05 -0.703664 0.710533 4.91521e-05 -0.7037 0.710497 -6.49322e-06 -0.703649 0.710548 -7.30271e-05 -0.703637 0.710559 6.68876e-06 -0.703665 0.710532 -7.2179e-06 -0.703667 0.71053 4.86401e-06 -0.703667 0.71053 4.58081e-05 -0.703646 0.710551 -2.66509e-06 -0.703662 0.710534 7.94875e-06 -0.703676 0.710521 7.58172e-07 -0.703665 0.710532 2.18221e-06 -0.703667 0.71053 -1 0 0 -1 0 0 1 0 0 1 0 0 5.94706e-05 0.703691 -0.710506 -4.46243e-05 0.703652 -0.710545 7.38962e-06 0.703667 -0.71053 -9.63938e-06 0.703663 -0.710533 0 0.703637 -0.710559 0 0.703671 -0.710526 -4.45512e-06 0.703675 -0.710522 5.88758e-06 0.703659 -0.710537 3.91604e-05 0.703649 -0.710548 1.55405e-05 0.703663 -0.710534 -6.45297e-06 0.703662 -0.710535 -6.77783e-06 0.703662 -0.710535 4.88938e-06 0.703667 -0.71053 -3.82319e-06 0.703665 -0.710532 -2.88776e-05 0.703642 -0.710555 3.21346e-06 0.703659 -0.710538 -1.42175e-05 0.703679 -0.710519 -4.25712e-05 0.703714 -0.710483 2.13617e-05 0.703641 -0.710555 2.31132e-05 0.703639 -0.710558 -4.36941e-06 0.703669 -0.710528 -5.07058e-06 0.70367 -0.710527 0 0.703665 -0.710532 -0.819156 0 0.573571 -0.819156 0 0.573571 -0.766049 0 0.642782 -0.766049 0 0.642782 -0.766048 0 0.642783 -0.766048 0 0.642783 -1 0 0 -1 0 0 -0.987525 0 -0.157465 0.939829 0 -0.341644 -0.987525 0 -0.157465 -0.853542 0 -0.521025 -0.853542 0 -0.521025 -0.530337 0 -0.847787 -0.530337 0 -0.847787 -0.0951081 0 -0.995467 -0.0951081 0 -0.995467 0.360212 0 -0.93287 0.360212 0 -0.93287 0.739528 0 -0.673125 0.739528 0 -0.673125 0.939829 0 -0.341644 0.998644 0 -0.0520505 0.867575 -0.0465427 -0.495123 0.867886 -0.0464885 -0.494583 1 0 0 1 0 0 1 0 0 1 0 0 -1 0 0 -1 0 0 -1 0 0 -1 0 0 0 0.828958 -0.559311 0 0.828958 -0.559311 0 0.969908 -0.24347 -0.00278383 0.980414 -0.19693 0 0.998855 -0.0478387 0.000331723 -0.969867 0.243636 3.89732e-05 -0.997432 0.0716259 0 -0.999677 0.0254062 0 -0.980362 0.197204 0 -0.82897 0.559293 0 -0.82897 0.559293 0.259854 0.679484 0.686132 -0.260098 0.679438 0.686085 -0.260046 0.679458 0.686086 -0.708587 0.496524 0.501367 -0.70856 0.49655 0.50138 -0.966243 0.181289 0.183053 -0.966247 0.181278 0.183046 -0.966247 -0.181277 -0.183045 -0.96625 -0.181265 -0.183038 -0.708558 -0.496537 -0.501394 -0.708587 -0.496509 -0.501381 -0.260098 -0.679428 -0.686095 -0.259997 -0.679467 -0.686095 0.259906 -0.679484 -0.686113 0.259805 -0.679484 -0.686151 0.708943 -0.496258 -0.501127 0.708972 -0.496245 -0.501099 0.966247 -0.181275 -0.183048 0.96625 -0.181268 -0.183036 0.966243 0.181287 0.183055 0.966247 0.18128 0.183043 0.708972 0.496259 0.501085 0.708944 0.496271 0.501112 0.259906 0.679484 0.686112 0.524385 -0.599142 -0.60502 0.524416 -0.599145 -0.60499 0.0788341 -0.701476 -0.70832 0.0788345 -0.701476 -0.708319 -0.384299 -0.649631 -0.655968 -0.384336 -0.649602 -0.655976 -0.762 -0.455665 -0.460136 -0.761982 -0.455693 -0.460138 -0.972639 -0.163477 -0.165071 -0.972639 -0.163477 -0.165071 0.708812 -0.496358 -0.501214 0.70881 -0.496352 -0.501222 -0.984871 0 0.173287 -0.984871 0 0.173287 -0.865901 0 0.500215 -0.865901 0 0.500215 0.832703 -0.389628 -0.39344 0.832714 -0.389622 -0.393423 0.980968 -0.136632 -0.137965 0.980966 -0.136635 -0.137972 -1 0 0 -1 0 0 -1 0 0 -1 0 0 -0.355251 -0.703676 0.615335 -0.35528 -0.703652 0.615346 -0.3553 -0.703636 0.615352 -0.355265 -0.703664 0.61534 -0.355286 -0.703676 0.615314 -0.355244 -0.703658 0.615359 -0.355234 -0.703655 0.615369 -0.355266 -0.703664 0.61534 -0.355269 -0.703659 0.615344 -0.355266 -0.703674 0.615328 -0.355258 -0.703682 0.615324 -0.355283 -0.703648 0.615348 -0.355249 -0.703665 0.615348 -0.355253 -0.703662 0.615349 -0.355278 -0.703658 0.61534 -0.355257 -0.703665 0.615344 -0.355285 -0.70367 0.615322 -0.355293 -0.70367 0.615317 -0.355267 -0.703647 0.615358 -0.35528 -0.703653 0.615344 -0.355251 -0.703678 0.615333 -0.355287 -0.703644 0.61535 -0.355241 -0.703684 0.615332 -0.866025 6.91041e-06 -0.500001 -0.866017 1.49228e-05 -0.500015 0.866016 -3.26235e-06 0.500016 0.866034 -1.51469e-05 0.499985 0.35527 0.703665 -0.615337 0.355268 0.703664 -0.615339 0.355273 0.70366 -0.61534 0.355254 0.703676 -0.615333 0.3553 0.70364 -0.615348 0.355317 0.703626 -0.615355 0.355177 0.703737 -0.615308 0.355288 0.703643 -0.615351 0.355258 0.703667 -0.615341 0.355247 0.703658 -0.615358 0.35525 0.703664 -0.61535 0.355291 0.703671 -0.615317 0.355269 0.703659 -0.615344 0.355297 0.703654 -0.615333 0.355282 0.703654 -0.615343 0.355224 0.703683 -0.615343 0.355273 0.703667 -0.615332 0.355278 0.703663 -0.615334 0.355282 0.703661 -0.615335 0.35531 0.703603 -0.615384 0.355262 0.703662 -0.615344 0.355249 0.703658 -0.615356 0.355286 0.703673 -0.615318 -0.996195 0 0.087152 -0.996195 0 0.087152 -0.984808 0 0.173648 -0.984808 0 0.173648 -0.866017 0 -0.500015 -0.866017 0 -0.500015 -0.776447 0 -0.630182 0.984709 0 0.174206 -0.776447 0 -0.630182 -0.478709 0 -0.877973 -0.478709 0 -0.877973 -0.0352364 0 -0.999379 -0.0352364 0 -0.999379 0.415321 0 -0.909675 0.415321 0 -0.909675 0.778472 0 -0.62768 0.778472 0 -0.62768 0.97699 0 -0.213286 0.97699 0 -0.213286 0.984709 0 0.174206 0.890862 0 0.454275 0.998904 -0.0465616 0.00483998 0.998903 -0.0467278 0.00292443 0.865899 0.000251793 0.500218 0.866024 -1.40488e-05 0.500003 0.866052 -3.75086e-05 0.499954 0.866028 -1.63032e-05 0.499995 -0.866099 0 -0.499873 -0.866034 4.90322e-06 -0.499986 -0.866059 2.53331e-05 -0.499943 -0.86602 -3.20729e-06 -0.50001 0.279651 0.828965 -0.484367 0.279663 0.828946 -0.484393 0.121726 0.969913 -0.210836 0.0960512 0.980415 -0.171933 0.0239188 0.998855 -0.0414285 -0.12144 -0.969913 0.211003 -0.0359938 -0.997401 0.0624222 -0.0126531 -0.99968 0.0219158 -0.0985825 -0.98037 0.17075 -0.279738 -0.828846 0.484521 -0.279676 -0.828929 0.484415 -0.117947 0.679472 0.724159 -0.56818 0.679474 0.464206 -0.568215 0.679458 0.464185 -0.864462 0.496349 0.0796438 -0.864459 0.496354 0.0796487 -0.928327 0.181304 -0.324557 -0.928327 0.181304 -0.324557 -0.745237 -0.181331 -0.64167 -0.745272 -0.181268 -0.641647 -0.363261 -0.496348 -0.788467 -0.363262 -0.496347 -0.788467 0.117947 -0.679473 -0.724158 0.117939 -0.67947 -0.724163 0.568217 -0.679455 -0.464188 0.568215 -0.679455 -0.46419 0.864461 -0.496349 -0.0796591 0.864462 -0.496347 -0.0796526 0.928328 -0.181299 0.324559 0.928326 -0.181295 0.324567 0.745271 0.181291 0.641642 0.745268 0.181293 0.641645 0.363268 0.496359 0.788456 0.363241 0.496368 0.788463 -0.117887 0.679472 0.724169 0.756602 -0.599177 -0.261802 0.756598 -0.599176 -0.261815 0.422448 -0.701467 -0.574005 0.422456 -0.701472 -0.573993 -0.00480602 -0.649629 -0.760237 -0.00480444 -0.64963 -0.760235 -0.429795 -0.455712 -0.779489 -0.429785 -0.455729 -0.779485 -0.759749 -0.163547 -0.629312 -0.759764 -0.163494 -0.629308 0.864458 -0.496353 -0.0796628 0.864454 -0.496362 -0.0796503 -0.939694 0 -0.342018 -1 0 0 -1 0 0 -1 0 0 -1 0 0 -0.939694 0 -0.342018 0.917869 -0.38961 0.0756328 0.91787 -0.389603 0.0756568 0.918537 -0.13667 0.370959 0.918525 -0.136654 0.370996 -0.86603 0 -0.499992 -0.86603 0 -0.499992 -0.615323 -0.703634 0.355356 -0.615329 -0.703642 0.355328 -0.61534 -0.703664 0.355266 -0.61548 -0.703556 0.355237 -0.615376 -0.703634 0.355263 -0.615337 -0.703665 0.355269 -0.615463 -0.703745 0.354891 -0.615324 -0.703659 0.355303 -0.615324 -0.703659 0.355303 -0.615324 -0.703659 0.355303 -0.615341 -0.703645 0.355302 -0.615363 -0.703623 0.355307 -0.615481 -0.703555 0.355239 -0.615297 -0.703686 0.355297 -0.615243 -0.7037 0.355362 -0.615322 -0.703666 0.355294 -0.615433 -0.703708 0.355016 -0.615355 -0.703708 0.355152 -0.615346 -0.703601 0.355379 -0.615369 -0.703641 0.355262 -0.615298 -0.703697 0.355273 -0.615355 -0.703649 0.355269 -0.615308 -0.703687 0.355275 -0.499949 3.00533e-05 -0.866055 -0.500096 -5.71755e-05 -0.86597 0.500011 -3.334e-06 0.866019 0.499998 1.32651e-06 0.866026 0.615309 0.7036 -0.355446 0.615366 0.703719 -0.355112 0.615305 0.703644 -0.355366 0.615337 0.703669 -0.355261 0.615439 0.703571 -0.355278 0.615407 0.703608 -0.35526 0.615329 0.703662 -0.35529 0.61526 0.70372 -0.355294 0.615297 0.703705 -0.35526 0.615387 0.703652 -0.355208 0.615439 0.703654 -0.355113 0.615296 0.703693 -0.355284 0.615281 0.703663 -0.355368 0.615319 0.703677 -0.355276 0.615336 0.703625 -0.35535 0.615339 0.703664 -0.355267 0.615095 0.703852 -0.355318 0.615225 0.703748 -0.355297 0.615601 0.703458 -0.35522 0.615388 0.70363 -0.355249 0.615337 0.703669 -0.35526 0.615349 0.70366 -0.355259 0.615331 0.703673 -0.355263 -0.906302 0 -0.422631 -0.906302 0 -0.422631 -0.939694 0 -0.342016 -0.939694 0 -0.342016 -0.939692 0 -0.342022 -0.939692 0 -0.342022 -0.939691 0 -0.342024 -0.939691 0 -0.342024 -0.500101 0 -0.865967 -0.500101 0 -0.865967 -0.357526 0 -0.933903 0.765718 0 0.643177 -0.357526 0 -0.933903 0.024511 0 -0.9997 0.024511 0 -0.9997 0.469007 0 -0.883194 0.469007 0 -0.883194 0.814543 0 -0.580104 0.814543 0 -0.580104 0.988005 0 -0.154419 0.988005 0 -0.154419 0.952735 0 0.303801 0.952735 0 0.303801 0.765718 0 0.643177 0.544511 0 0.838754 0.863417 -0.0466899 0.502325 0.861515 -0.0463598 0.505612 0.500058 -6.69469e-05 0.865992 0.500025 -2.59372e-05 0.866011 0.500211 -0.000114309 0.865903 0.499948 2.10405e-05 0.866056 -0.501077 0 -0.865403 -0.500084 4.31627e-05 -0.865977 -0.499556 -0.000206874 -0.866281 -0.49985 -8.23934e-05 -0.866112 0.484414 0.828929 -0.279678 0.484385 0.828953 -0.279657 0.0414323 0.998855 -0.0239074 0.0414335 0.998855 -0.0239226 0.210843 0.969911 -0.121729 0.169138 0.980418 -0.100866 0.041429 0.998855 -0.023919 -0.170621 -0.9804 0.0985082 -0.170859 -0.980345 0.0986496 -0.197978 -0.969558 0.14409 -0.0594529 -0.997522 0.0376078 -0.0219469 -0.999679 0.0126639 -0.170785 -0.980362 0.0986008 -0.484623 -0.828768 0.279793 -0.484236 -0.829068 0.279573 -0.464398 0.679489 0.568005 -0.724156 0.67947 0.117975 -0.724156 0.67947 0.117975 -0.788462 0.496417 -0.363177 -0.788478 0.496268 -0.363346 -0.641676 0.181172 -0.745271 -0.641838 0.181626 -0.745021 -0.324563 -0.181237 -0.928338 -0.324183 -0.181817 -0.928358 0.0795297 -0.4964 -0.864443 0.0795288 -0.496399 -0.864444 0.464309 -0.679559 -0.567993 0.464096 -0.679399 -0.568358 0.724174 -0.679461 -0.117923 0.724179 -0.679461 -0.117887 0.788494 -0.49625 0.363337 0.788494 -0.496249 0.363338 0.641929 -0.181516 0.744969 0.641563 -0.181225 0.745356 0.324581 0.18122 0.928335 0.324581 0.18122 0.928335 -0.079629 0.496283 0.864501 -0.0796246 0.496282 0.864502 -0.464369 0.679489 0.568028 0.786146 -0.599182 0.151514 0.786127 -0.599188 0.151588 0.652849 -0.701465 -0.285894 0.652849 -0.701465 -0.285894 0.375923 -0.649584 -0.66085 0.375978 -0.649718 -0.660687 0.0174943 -0.455808 -0.889906 0.0173937 -0.455551 -0.89004 -0.343284 -0.163467 -0.924897 -0.343192 -0.163802 -0.924872 0.788468 -0.496351 0.363254 0.788495 -0.496326 0.36323 -0.642617 0 -0.766188 -0.642617 0 -0.766188 -0.866104 0 -0.499865 -0.866104 0 -0.499865 0.757083 -0.38963 0.524418 0.757092 -0.389637 0.5244 0.609981 -0.136627 0.780549 0.609962 -0.136617 0.780565 -0.499995 0 -0.866028 -0.499995 0 -0.866028 -0.5 0 -0.866026 -0.5 0 -0.866026 -0.710545 -0.703652 4.56731e-05 -0.710515 -0.703682 -5.61022e-05 -0.710536 -0.703661 0 -0.710486 -0.703712 4.49408e-05 -0.710545 -0.703651 -1.33517e-05 -0.71056 -0.703637 -2.49326e-05 -0.710526 -0.703671 -3.49271e-05 -0.710533 -0.703664 0 -0.71056 -0.703637 0 -0.710524 -0.703673 -1.31732e-05 -0.710518 -0.703679 -9.12374e-06 -0.710533 -0.703664 -1.33646e-05 -0.710497 -0.7037 4.91521e-05 -0.710548 -0.703649 -6.49322e-06 -0.710559 -0.703637 -7.30271e-05 -0.710532 -0.703665 6.68876e-06 -0.71053 -0.703667 -7.2179e-06 -0.71053 -0.703667 4.86401e-06 -0.710551 -0.703646 4.58081e-05 -0.710534 -0.703662 -2.66509e-06 -0.710521 -0.703676 7.94875e-06 -0.710532 -0.703665 7.58172e-07 -0.71053 -0.703667 2.18221e-06 0 0 -1 0 0 -1 0 0 1 0 0 1 0.710506 0.703691 5.94706e-05 0.710545 0.703652 -4.46243e-05 0.71053 0.703667 7.38962e-06 0.710533 0.703663 -9.63938e-06 0.710559 0.703637 0 0.710526 0.703671 0 0.710522 0.703675 -4.45512e-06 0.710537 0.703659 5.88758e-06 0.710548 0.703649 3.91604e-05 0.710534 0.703663 1.55405e-05 0.710535 0.703662 -6.45297e-06 0.710535 0.703662 -6.77783e-06 0.71053 0.703667 4.88938e-06 0.710532 0.703665 -3.82319e-06 0.710555 0.703642 -2.88776e-05 0.710538 0.703659 3.21346e-06 0.710519 0.703679 -1.42175e-05 0.710483 0.703714 -4.25712e-05 0.710555 0.703641 2.13617e-05 0.710558 0.703639 2.31132e-05 0.710528 0.703669 -4.36941e-06 0.710527 0.70367 -5.07058e-06 0.710532 0.703665 0 -0.573571 0 -0.819156 -0.573571 0 -0.819156 -0.642782 0 -0.766049 -0.642782 0 -0.766049 -0.642783 0 -0.766048 -0.642783 0 -0.766048 0 0 -1 0 0 -1 0.157465 0 -0.987525 0.341644 0 0.939829 0.157465 0 -0.987525 0.521025 0 -0.853542 0.521025 0 -0.853542 0.847787 0 -0.530337 0.847787 0 -0.530337 0.995467 0 -0.0951081 0.995467 0 -0.0951081 0.93287 0 0.360212 0.93287 0 0.360212 0.673125 0 0.739528 0.673125 0 0.739528 0.341644 0 0.939829 0.494583 -0.0464886 0.867886 0.0519344 -0.00242651 0.998648 0.496552 0 0.868007 0 0 1 0 0 1 0 0 1 0 0 1 0 0 -1 0 0 -1 0 0 -1 0 0 -1 0.559311 0.828958 0 0.559311 0.828958 0 0.24347 0.969908 0 0.19693 0.980414 -0.00278383 0.0478387 0.998855 0 -0.243636 -0.969867 0.000331723 -0.0716259 -0.997432 3.89732e-05 -0.0254062 -0.999677 0 -0.197204 -0.980362 0 -0.559293 -0.82897 0 -0.559293 -0.82897 0 -0.686132 0.679484 0.259854 -0.686085 0.679438 -0.260098 -0.686086 0.679458 -0.260046 -0.501367 0.496524 -0.708587 -0.50138 0.49655 -0.70856 -0.183053 0.181289 -0.966243 -0.183046 0.181278 -0.966247 0.183045 -0.181277 -0.966247 0.183038 -0.181265 -0.96625 0.501394 -0.496537 -0.708558 0.501381 -0.496509 -0.708587 0.686095 -0.679428 -0.260098 0.686095 -0.679467 -0.259997 0.686113 -0.679484 0.259906 0.686151 -0.679484 0.259805 0.501127 -0.496258 0.708943 0.501099 -0.496245 0.708972 0.183048 -0.181275 0.966247 0.183036 -0.181268 0.96625 -0.183055 0.181287 0.966243 -0.183043 0.18128 0.966247 -0.501085 0.496259 0.708972 -0.501112 0.496271 0.708944 -0.686112 0.679484 0.259906 0.60502 -0.599142 0.524385 0.60499 -0.599145 0.524416 0.70832 -0.701476 0.0788341 0.708319 -0.701476 0.0788345 0.655968 -0.649631 -0.384299 0.655976 -0.649602 -0.384336 0.460136 -0.455665 -0.762 0.460138 -0.455693 -0.761982 0.165071 -0.163477 -0.972639 0.165071 -0.163477 -0.972639 0.501214 -0.496358 0.708812 0.501222 -0.496352 0.70881 -0.173287 0 -0.984871 -0.173287 0 -0.984871 -0.500215 0 -0.865901 -0.500215 0 -0.865901 0.39344 -0.389628 0.832703 0.393423 -0.389622 0.832714 0.137965 -0.136632 0.980968 0.137972 -0.136635 0.980966 -0.965924 0 0.258826 -0.965913 0 -0.258865 -0.965913 0 -0.258865 -0.707123 0 -0.707091 -0.707123 0 -0.707091 -0.258867 0 -0.965913 -0.258867 0 -0.965913 0.258867 0 -0.965913 0.258867 0 -0.965913 0.707123 0 -0.707091 0.707123 0 -0.707091 0.965913 0 -0.258865 0.965913 0 -0.258865 0.965924 0 0.258826 0.965924 0 0.258826 0.707085 0 0.707128 0.707085 0 0.707128 0.258862 0 0.965914 0.258862 0 0.965914 -0.258862 0 0.965914 -0.258862 0 0.965914 -0.707085 0 0.707128 -0.707085 0 0.707128 -0.965924 0 0.258826 -0.965934 0 -0.258788 -0.707108 0 -0.707105 -0.707108 0 -0.707105 -0.258857 0 -0.965916 -0.258857 0 -0.965916 0.258857 0 -0.965916 0.258857 0 -0.965916 0.707107 0 -0.707107 0.707107 0 -0.707107 0.965935 0 -0.258785 0.965935 0 -0.258785 0.965935 0 0.258785 0.965935 0 0.258785 0.707105 0 0.707108 0.707105 0 0.707108 0.258788 0 0.965934 0.258788 0 0.965934 -0.258788 0 0.965934 -0.258788 0 0.965934 -0.707107 0 0.707107 -0.707107 0 0.707107 -0.965934 0 0.258788 -0.965934 0 0.258788 -0.965934 0 -0.258788 -0.707108 0 -0.707105 -0.258785 0 -0.965935 -0.258785 0 -0.965935 0.258785 0 -0.965935 0.258785 0 -0.965935 0.707107 0 -0.707107 0.707107 0 -0.707107 0.965916 0 -0.258857 0.965916 0 -0.258857 0.965916 0 0.258857 0.965916 0 0.258857 0.707105 0 0.707108 0.707105 0 0.707108 0.258788 0 0.965934 0.258788 0 0.965934 -0.258788 0 0.965934 -0.258788 0 0.965934 -0.707107 0 0.707107 -0.707107 0 0.707107 -0.965934 0 0.258788 -0.965934 0 0.258788 -0.965934 0 -0.258788 -0.965934 0 -0.258788 -0.707108 0 -0.707105 -0.258826 0 -0.965924 0.258865 0 -0.965913 0.258865 0 -0.965913 0.707091 0 -0.707123 0.707091 0 -0.707123 0.965913 0 -0.258867 0.965913 0 -0.258867 0.965913 0 0.258867 0.965913 0 0.258867 0.707091 0 0.707123 0.707091 0 0.707123 0.258865 0 0.965913 0.258865 0 0.965913 -0.258826 0 0.965924 -0.258826 0 0.965924 -0.707128 0 0.707085 -0.707128 0 0.707085 -0.965914 0 0.258862 -0.965914 0 0.258862 -0.965914 0 -0.258862 -0.965914 0 -0.258862 -0.707128 0 -0.707085 -0.707128 0 -0.707085 -0.258826 0 -0.965924 0.258788 0 -0.965934 0.707105 0 -0.707108 0.707105 0 -0.707108 0.965916 0 -0.258857 0.965916 0 -0.258857 0.965916 0 0.258857 0.965916 0 0.258857 0.707107 0 0.707107 0.707107 0 0.707107 0.258785 0 0.965935 0.258785 0 0.965935 -0.258785 0 0.965935 -0.258785 0 0.965935 -0.707108 0 0.707105 -0.707108 0 0.707105 -0.965934 0 0.258788 -0.965934 0 0.258788 -0.965934 0 -0.258788 -0.965934 0 -0.258788 -0.707107 0 -0.707107 -0.707107 0 -0.707107 -0.258788 0 -0.965934 -0.258788 0 -0.965934 0.258788 0 -0.965934 0.707105 0 -0.707108 0.965935 0 -0.258785 0.965935 0 -0.258785 0.965935 0 0.258785 0.965935 0 0.258785 0.707107 0 0.707107 0.707107 0 0.707107 0.258857 0 0.965916 0.258857 0 0.965916 -0.258857 0 0.965916 -0.258857 0 0.965916 -0.707108 0 0.707105 -0.707108 0 0.707105 -0.965934 0 0.258788 -0.965934 0 0.258788 -0.965934 0 -0.258788 -0.965934 0 -0.258788 -0.707107 0 -0.707107 -0.707107 0 -0.707107 -0.258788 0 -0.965934 -0.258788 0 -0.965934 0.258788 0 -0.965934 0.258788 0 -0.965934 0.707105 0 -0.707108 0.965924 0 -0.258826 0.965913 0 0.258865 0.965913 0 0.258865 0.707123 0 0.707091 0.707123 0 0.707091 0.258867 0 0.965913 0.258867 0 0.965913 -0.258867 0 0.965913 -0.258867 0 0.965913 -0.707123 0 0.707091 -0.707123 0 0.707091 -0.965913 0 0.258865 -0.965913 0 0.258865 -0.965924 0 -0.258826 -0.965924 0 -0.258826 -0.707085 0 -0.707128 -0.707085 0 -0.707128 -0.258862 0 -0.965914 -0.258862 0 -0.965914 0.258862 0 -0.965914 0.258862 0 -0.965914 0.707085 0 -0.707128 0.707085 0 -0.707128 0.965924 0 -0.258826 0.965934 0 0.258788 0.707108 0 0.707105 0.707108 0 0.707105 0.258857 0 0.965916 0.258857 0 0.965916 -0.258857 0 0.965916 -0.258857 0 0.965916 -0.707107 0 0.707107 -0.707107 0 0.707107 -0.965935 0 0.258785 -0.965935 0 0.258785 -0.965935 0 -0.258785 -0.965935 0 -0.258785 -0.707105 0 -0.707108 -0.707105 0 -0.707108 -0.258788 0 -0.965934 -0.258788 0 -0.965934 0.258788 0 -0.965934 0.258788 0 -0.965934 0.707107 0 -0.707107 0.707107 0 -0.707107 0.965934 0 -0.258788 0.965934 0 -0.258788 0.965934 0 0.258788 0.707108 0 0.707105 0.258785 0 0.965935 0.258785 0 0.965935 -0.258785 0 0.965935 -0.258785 0 0.965935 -0.707107 0 0.707107 -0.707107 0 0.707107 -0.965916 0 0.258857 -0.965916 0 0.258857 -0.965916 0 -0.258857 -0.965916 0 -0.258857 -0.707105 0 -0.707108 -0.707105 0 -0.707108 -0.258788 0 -0.965934 -0.258788 0 -0.965934 0.258788 0 -0.965934 0.258788 0 -0.965934 0.707107 0 -0.707107 0.707107 0 -0.707107 0.965934 0 -0.258788 0.965934 0 -0.258788 0.965934 0 0.258788 0.965934 0 0.258788 0.707108 0 0.707105 0.258826 0 0.965924 -0.258865 0 0.965913 -0.258865 0 0.965913 -0.707091 0 0.707123 -0.707091 0 0.707123 -0.965913 0 0.258867 -0.965913 0 0.258867 -0.965913 0 -0.258867 -0.965913 0 -0.258867 -0.707091 0 -0.707123 -0.707091 0 -0.707123 -0.258865 0 -0.965913 -0.258865 0 -0.965913 0.258826 0 -0.965924 0.258826 0 -0.965924 0.707128 0 -0.707085 0.707128 0 -0.707085 0.965914 0 -0.258862 0.965914 0 -0.258862 0.965914 0 0.258862 0.965914 0 0.258862 0.707128 0 0.707085 0.707128 0 0.707085 0.258826 0 0.965924 -0.258788 0 0.965934 -0.707105 0 0.707108 -0.707105 0 0.707108 -0.965916 0 0.258857 -0.965916 0 0.258857 -0.965916 0 -0.258857 -0.965916 0 -0.258857 -0.707107 0 -0.707107 -0.707107 0 -0.707107 -0.258785 0 -0.965935 -0.258785 0 -0.965935 0.258785 0 -0.965935 0.258785 0 -0.965935 0.707108 0 -0.707105 0.707108 0 -0.707105 0.965934 0 -0.258788 0.965934 0 -0.258788 0.965934 0 0.258788 0.965934 0 0.258788 0.707107 0 0.707107 0.707107 0 0.707107 0.258788 0 0.965934 0.258788 0 0.965934 -0.258788 0 0.965934 -0.707105 0 0.707108 -0.965935 0 0.258785 -0.965935 0 0.258785 -0.965935 0 -0.258785 -0.965935 0 -0.258785 -0.707107 0 -0.707107 -0.707107 0 -0.707107 -0.258857 0 -0.965916 -0.258857 0 -0.965916 0.258857 0 -0.965916 0.258857 0 -0.965916 0.707108 0 -0.707105 0.707108 0 -0.707105 0.965934 0 -0.258788 0.965934 0 -0.258788 0.965934 0 0.258788 0.965934 0 0.258788 0.707107 0 0.707107 0.707107 0 0.707107 0.258788 0 0.965934 0.258788 0 0.965934 -0.258788 0 0.965934 -0.258788 0 0.965934 -0.707105 0 0.707108 0.615339 -0.703664 -0.355267 0.61534 -0.703663 -0.355267 0.615333 -0.703676 -0.355255 0.615345 -0.703656 -0.355273 0.615345 -0.703656 -0.355272 0.615334 -0.703674 -0.355256 0.615339 -0.703665 -0.355265 0.615342 -0.70366 -0.35527 0.615326 -0.703691 -0.355237 0.61534 -0.703668 -0.355258 0.615347 -0.703654 -0.355273 0.615358 -0.703637 -0.355289 0.61536 -0.703633 -0.355292 0.615363 -0.703628 -0.355297 0.615339 -0.703662 -0.35527 0.615348 -0.703647 -0.355285 0.615326 -0.703684 -0.35525 0.615344 -0.703655 -0.355276 0.615338 -0.703666 -0.355264 0.615306 -0.703687 -0.355279 0.615332 -0.703664 -0.355279 0.615333 -0.703665 -0.355276 0.615326 -0.703662 -0.355294 0.615322 -0.70366 -0.355303 0.615318 -0.703685 -0.355263 0.615339 -0.703663 -0.355269 0.615339 -0.703656 -0.355284 0.615343 -0.703669 -0.355249 0.615331 -0.703697 -0.355216 0.615374 -0.70357 -0.355393 -0.48848 -0.239696 -0.839007 -0.547543 -0.325261 -0.770975 -0.582643 -0.371047 -0.723085 -0.588193 -0.390822 -0.708017 -0.641927 -0.498865 -0.582292 -0.641926 -0.498842 -0.582312 -0.674502 -0.608119 -0.418615 -0.674501 -0.608127 -0.418606 -0.675223 -0.697528 -0.23985 -0.675214 -0.697546 -0.239824 -0.643885 -0.763265 -0.0532814 -0.643896 -0.763254 -0.0533024 -0.581657 -0.802433 0.133331 -0.581652 -0.802435 0.133337 -0.491057 -0.813297 0.312108 -0.491082 -0.813292 0.312082 -0.375924 -0.795366 0.475473 -0.375918 -0.795366 0.475477 -0.241076 -0.749443 0.616618 -0.241071 -0.749443 0.61662 -0.0923321 -0.677594 0.729617 -0.0923139 -0.677589 0.729624 0.0641877 -0.582893 0.81001 0.0641704 -0.582899 0.810007 0.22191 -0.469433 0.854628 0.221918 -0.469429 0.854628 0.37448 -0.341939 0.861883 0.374468 -0.341946 0.861886 0.51582 -0.205578 0.831666 0.51582 -0.205577 0.831665 0.640286 -0.0658822 0.765306 0.640281 -0.0658856 0.76531 0.742956 0.0715933 0.665501 0.742959 0.0715957 0.665497 0.819736 0.201404 0.536162 0.819736 0.201404 0.536162 0.867426 0.318274 0.382459 0.867427 0.318276 0.382453 0.883982 0.417468 0.210466 0.883982 0.417467 0.210469 0.86856 0.494839 0.0271722 0.86856 0.49484 0.0271558 0.821642 0.54711 -0.159921 0.821642 0.54711 -0.159918 0.745061 0.572031 -0.343024 0.74506 0.572031 -0.343025 0.641965 0.568511 -0.514467 0.641968 0.568514 -0.51446 0.516695 0.536713 -0.667057 0.51669 0.536709 -0.667065 0.374502 0.478008 -0.794517 0.374502 0.478007 -0.794517 0.221333 0.39491 -0.89166 0.221355 0.394934 -0.891644 0.0635781 0.290965 -0.954619 0.0635711 0.290956 -0.954622 -0.0923226 0.170459 -0.98103 -0.0923402 0.170434 -0.981033 -0.240156 0.03825 -0.96998 -0.240141 0.0382763 -0.969983 -0.37399 -0.100303 -0.921993 -0.37398 -0.100283 -0.921999 -0.488472 -0.239676 -0.839017 -0.123765 -0.646923 0.752445 -0.123824 -0.646936 0.752424 0.0337885 -0.551661 0.833384 0.0338039 -0.551656 0.833387 0.192668 -0.43748 0.878345 0.192659 -0.437484 0.878345 0.346234 -0.309261 0.885709 0.346374 -0.309192 0.885678 0.488801 -0.171884 0.855295 0.488762 -0.171906 0.855313 0.614208 -0.0311966 0.788527 0.61417 -0.0312213 0.788556 0.717645 0.107247 0.688102 0.717651 0.107251 0.688095 0.795057 0.238046 0.55787 0.795055 0.238045 0.557873 0.843153 0.355825 0.40309 0.843157 0.355829 0.403078 0.859883 0.455834 0.229817 0.859881 0.455831 0.229832 0.844374 0.533848 0.0451593 0.844374 0.533847 0.0451684 0.797113 0.586567 -0.143357 0.797114 0.586567 -0.143347 0.71996 0.611701 -0.32784 0.719955 0.611697 -0.327858 0.616061 0.608149 -0.500623 0.616063 0.608151 -0.500618 0.489818 0.576078 -0.654379 0.489824 0.576084 -0.65437 0.346547 0.516888 -0.782772 0.346541 0.516882 -0.782778 0.192221 0.433103 -0.880609 0.192216 0.433097 -0.880613 0.0333136 0.328322 -0.943978 0.0332988 0.328302 -0.943986 -0.12377 0.206835 -0.970515 -0.123746 0.206873 -0.970511 -0.272633 0.0736856 -0.959292 -0.272639 0.0736747 -0.959291 -0.407393 -0.0658705 -0.910875 -0.4074 -0.0658863 -0.91087 -0.522667 -0.206232 -0.827217 -0.522666 -0.206229 -0.827218 -0.613838 -0.34179 -0.711606 -0.613835 -0.341778 -0.711614 -0.677174 -0.46711 -0.568546 -0.677174 -0.467107 -0.568548 -0.709961 -0.57704 -0.403708 -0.709959 -0.577051 -0.403696 -0.710687 -0.667014 -0.223645 -0.710695 -0.666997 -0.223668 -0.679154 -0.733122 -0.0358058 -0.679154 -0.733122 -0.0358069 -0.616508 -0.772522 0.152076 -0.616506 -0.772524 0.15208 -0.525314 -0.78345 0.332042 -0.525289 -0.783456 0.332067 -0.409352 -0.765423 0.496547 -0.40937 -0.765422 0.496534 -0.273607 -0.719232 0.638627 -0.273592 -0.71923 0.638635 -0.155299 -0.614375 0.77358 -0.155247 -0.614365 0.773598 0.00314015 -0.518706 0.854947 0.00301724 -0.518743 0.854925 0.16259 -0.404164 0.90012 0.162657 -0.404138 0.90012 0.317121 -0.275262 0.90756 0.316924 -0.275352 0.907601 0.460098 -0.137437 0.877166 0.460209 -0.137379 0.877118 0.586332 0.00401518 0.810061 0.586256 0.00396983 0.810116 0.690261 0.143082 0.709272 0.690257 0.143079 0.709277 0.76808 0.274502 0.578534 0.768122 0.274534 0.578463 0.816515 0.392973 0.422937 0.816503 0.392964 0.422968 0.833356 0.49354 0.248868 0.833359 0.493543 0.248853 0.817802 0.57201 0.0632835 0.817802 0.572011 0.0632639 0.770309 0.625051 -0.126233 0.77031 0.625052 -0.126224 0.692756 0.65034 -0.311685 0.692759 0.650342 -0.311674 0.588326 0.646773 -0.485342 0.588317 0.646764 -0.485365 0.461411 0.614493 -0.639921 0.461412 0.614494 -0.639919 0.317383 0.554936 -0.76897 0.317394 0.554948 -0.768956 0.16229 0.470676 -0.867252 0.162285 0.47067 -0.867256 0.00256938 0.365284 -0.930893 0.00258355 0.365304 -0.930885 -0.155227 0.243195 -0.957476 -0.155251 0.243157 -0.957482 -0.304811 0.109305 -0.94612 -0.304803 0.109321 -0.946121 -0.440168 -0.030898 -0.897384 -0.440171 -0.0309061 -0.897382 -0.555959 -0.171899 -0.813241 -0.555958 -0.171899 -0.813241 -0.647523 -0.308046 -0.697009 -0.64752 -0.308029 -0.697019 -0.711117 -0.433852 -0.553249 -0.711117 -0.433857 -0.553246 -0.744038 -0.544206 -0.387618 -0.744039 -0.5442 -0.387625 -0.744769 -0.634482 -0.206767 -0.744758 -0.634504 -0.206738 -0.713082 -0.700848 -0.0180571 -0.713086 -0.700844 -0.0180638 -0.650175 -0.740377 0.170631 -0.650172 -0.740378 0.170635 -0.558587 -0.751343 0.351375 -0.558586 -0.751343 0.351376 -0.442091 -0.733239 0.51664 -0.442144 -0.733234 0.5166 -0.30589 -0.686926 0.659215 -0.305774 -0.686917 0.659278 -0.186441 -0.580192 0.792853 -0.186469 -0.580197 0.792843 -0.0277141 -0.484401 0.874407 -0.0277182 -0.484402 0.874406 0.132159 -0.369689 0.919709 0.132084 -0.369716 0.919709 0.286874 -0.240671 0.927244 0.286988 -0.240621 0.927221 0.430454 -0.102488 0.896775 0.430328 -0.102552 0.896828 0.556784 0.0391249 0.829735 0.556906 0.0391951 0.82965 0.661122 0.178546 0.728724 0.661154 0.178566 0.728691 0.739249 0.310443 0.597608 0.739171 0.310388 0.597733 0.787744 0.429189 0.441878 0.787773 0.429212 0.441803 0.804695 0.530103 0.267313 0.804693 0.530101 0.267326 0.789114 0.608848 0.0812637 0.789113 0.608847 0.0812783 0.741503 0.662081 -0.108733 0.741502 0.662081 -0.108736 0.663739 0.687461 -0.294699 0.663741 0.687463 -0.294692 0.559033 0.683881 -0.468816 0.559029 0.683878 -0.468825 0.431763 0.651485 -0.623817 0.431764 0.651486 -0.623815 0.287361 0.59172 -0.753187 0.287357 0.591716 -0.753192 0.131863 0.507162 -0.851703 0.131868 0.507169 -0.851699 -0.0282349 0.401448 -0.915447 -0.0282381 0.401443 -0.915449 -0.186394 0.278985 -0.942032 -0.186391 0.278991 -0.942031 -0.336301 0.144756 -0.930563 -0.336301 0.144756 -0.930563 -0.471919 0.00421929 -0.881632 -0.47192 0.00421503 -0.881631 -0.587931 -0.13709 -0.79721 -0.587926 -0.137076 -0.797216 -0.679633 -0.273451 -0.680678 -0.679637 -0.273472 -0.680666 -0.743326 -0.399481 -0.536545 -0.743326 -0.399475 -0.53655 -0.776288 -0.509964 -0.37056 -0.776286 -0.509974 -0.37055 -0.777 -0.600363 -0.1893 -0.777009 -0.600345 -0.189322 -0.745265 -0.666769 -0.000242267 -0.745267 -0.666767 -0.000246101 -0.682247 -0.706331 0.188777 -0.682243 -0.706333 0.188782 -0.590483 -0.717307 0.369866 -0.590499 -0.717302 0.36985 -0.473824 -0.699189 0.535375 -0.473784 -0.699193 0.535405 -0.337312 -0.652858 0.678231 -0.33732 -0.652858 0.678227 -0.216992 -0.544594 0.810143 -0.217099 -0.544612 0.810102 -0.0586354 -0.449075 0.891568 -0.0583949 -0.44901 0.891617 0.101466 -0.334396 0.936955 0.101412 -0.334415 0.936954 0.256086 -0.205546 0.944548 0.256113 -0.205534 0.944543 0.399589 -0.0674774 0.914208 0.399687 -0.0674277 0.914168 0.52609 0.0741515 0.84719 0.526043 0.0741251 0.847221 0.630364 0.213567 0.746344 0.63038 0.213577 0.746329 0.708525 0.345506 0.615319 0.70854 0.345517 0.615296 0.757099 0.464329 0.459564 0.757076 0.464311 0.459621 0.774036 0.565317 0.285104 0.774039 0.56532 0.285092 0.758473 0.644133 0.0990567 0.758473 0.644134 0.099042 0.710866 0.697419 -0.0909703 0.710865 0.697419 -0.090979 0.633088 0.722829 -0.27698 0.633087 0.722829 -0.276982 0.528343 0.71924 -0.451162 0.528353 0.71925 -0.451136 0.401056 0.686818 -0.606164 0.401057 0.68682 -0.606161 0.256651 0.626995 -0.735532 0.256643 0.626986 -0.735542 0.10114 0.542351 -0.834042 0.101143 0.542355 -0.834039 -0.0589229 0.436571 -0.897738 -0.058932 0.436558 -0.897744 -0.217066 0.31403 -0.924266 -0.217057 0.314045 -0.924263 -0.366897 0.179792 -0.912722 -0.3669 0.179785 -0.912722 -0.502456 0.039245 -0.863712 -0.502447 0.039265 -0.863716 -0.618374 -0.101987 -0.779238 -0.618376 -0.101992 -0.779236 -0.709991 -0.238262 -0.662679 -0.709992 -0.238269 -0.662675 -0.773621 -0.364178 -0.518542 -0.773621 -0.364177 -0.518542 -0.806531 -0.474535 -0.352596 -0.806532 -0.474529 -0.352602 -0.807228 -0.564797 -0.171429 -0.807225 -0.564803 -0.171421 -0.775496 -0.63111 0.0175142 -0.775494 -0.631113 0.0175181 -0.71251 -0.670611 0.206421 -0.71252 -0.670605 0.206407 -0.620831 -0.681558 0.38736 -0.620828 -0.681559 0.387363 -0.50429 -0.663487 0.552699 -0.504236 -0.663493 0.552741 -0.367747 -0.617192 0.695584 -0.367857 -0.617197 0.695521 -0.246946 -0.508018 0.825188 -0.24683 -0.507998 0.825235 -0.0887193 -0.412747 0.906515 -0.0889671 -0.412815 0.90646 0.0704672 -0.298598 0.951774 0.0706661 -0.298526 0.951782 0.22494 -0.17006 0.959417 0.224862 -0.170094 0.95943 0.368004 -0.0324163 0.929259 0.367987 -0.0324252 0.929266 0.494152 0.108835 0.862536 0.494165 0.108843 0.862528 0.598264 0.247974 0.761964 0.598193 0.247927 0.762035 0.676165 0.37954 0.631467 0.676203 0.379568 0.631409 0.724685 0.498175 0.476081 0.724676 0.498168 0.476102 0.741602 0.598958 0.302118 0.741608 0.598964 0.302092 0.726085 0.677667 0.116478 0.726083 0.677664 0.11651 0.678587 0.730878 -0.0730521 0.678586 0.730878 -0.0730642 0.600981 0.756256 -0.258648 0.600982 0.756256 -0.258645 0.49648 0.752674 -0.432424 0.496477 0.752671 -0.432432 0.369508 0.720293 -0.587062 0.369496 0.720281 -0.587084 0.225407 0.660529 -0.716166 0.225429 0.660553 -0.716136 0.0703177 0.576055 -0.814381 0.0703065 0.576041 -0.814391 -0.0893495 0.470438 -0.877898 -0.0893407 0.47045 -0.877892 -0.247049 0.348156 -0.904298 -0.247052 0.348152 -0.904298 -0.396454 0.214201 -0.892716 -0.396448 0.214212 -0.892716 -0.531581 0.0740315 -0.843766 -0.53159 0.0740127 -0.843762 -0.647126 -0.066827 -0.759449 -0.647128 -0.0668337 -0.759446 -0.738434 -0.20269 -0.643142 -0.738434 -0.202688 -0.643143 -0.801828 -0.328178 -0.499371 -0.801828 -0.328183 -0.499367 -0.834601 -0.438146 -0.333871 -0.834601 -0.438142 -0.333875 -0.835265 -0.528066 -0.153232 -0.835267 -0.52806 -0.153239 -0.803621 -0.594104 0.0351131 -0.803616 -0.59411 0.0351231 -0.740829 -0.633446 0.223424 -0.740825 -0.633449 0.223429 -0.649426 -0.644355 0.403798 -0.64944 -0.64435 0.403784 -0.533288 -0.626355 0.56858 -0.533274 -0.626357 0.568591 -0.397218 -0.580246 0.711008 -0.397171 -0.580244 0.711036 -0.275818 -0.470419 0.838231 -0.275972 -0.470446 0.838165 -0.118743 -0.375793 0.919065 -0.118608 -0.375754 0.919098 0.0398256 -0.262315 0.96416 0.0397765 -0.262333 0.964157 0.193359 -0.134515 0.971863 0.193427 -0.134484 0.971854 0.335888 0.0024976 0.941899 0.335765 0.00243145 0.941943 0.461224 0.142863 0.875707 0.461336 0.142931 0.875637 0.564922 0.281369 0.77569 0.56496 0.281395 0.775653 0.642568 0.412441 0.645755 0.642484 0.412375 0.64588 0.690774 0.530513 0.491311 0.690772 0.530512 0.491316 0.707629 0.630864 0.318233 0.70763 0.630865 0.318229 0.692192 0.709251 0.133542 0.692195 0.709256 0.133498 0.64492 0.762259 -0.0551338 0.644921 0.762259 -0.0551213 0.567678 0.787545 -0.239821 0.567675 0.787543 -0.239834 0.463665 0.783973 -0.412797 0.463667 0.783974 -0.412793 0.337313 0.751721 -0.566689 0.337306 0.751714 -0.566702 0.193907 0.692193 -0.695175 0.193899 0.692186 -0.695185 0.0395815 0.608037 -0.792922 0.0395861 0.608042 -0.792917 -0.119275 0.50287 -0.856093 -0.119277 0.502867 -0.856094 -0.276159 0.381113 -0.88232 -0.276156 0.381117 -0.882319 -0.424763 0.24778 -0.870736 -0.424765 0.247777 -0.870736 -0.559145 0.10829 -0.821968 -0.559147 0.108285 -0.821966 -0.67404 -0.0318458 -0.738008 -0.674041 -0.031847 -0.738007 -0.764815 -0.166979 -0.622234 -0.764813 -0.166971 -0.622239 -0.827817 -0.291749 -0.479167 -0.827816 -0.29174 -0.479174 -0.860366 -0.401047 -0.314534 -0.860365 -0.401054 -0.314527 -0.860993 -0.490414 -0.13485 -0.860993 -0.490414 -0.134851 -0.829506 -0.55603 0.0524506 -0.829502 -0.556034 0.0524574 -0.767053 -0.595124 0.239702 -0.767046 -0.595129 0.239712 -0.676164 -0.605973 0.419046 -0.676147 -0.605979 0.419064 -0.560597 -0.588098 0.582985 -0.560672 -0.58809 0.582922 -0.425355 -0.542271 0.724579 -0.425371 -0.542272 0.72457 -0.792145 -0.157034 -0.589786 -0.756698 -0.0844929 -0.648281 -0.696905 -0.000256169 -0.717164 -0.696903 -0.00025146 -0.717165 -0.582841 0.138945 -0.800619 -0.582848 0.138931 -0.800617 -0.449405 0.277534 -0.849123 -0.449399 0.277544 -0.849123 -0.301831 0.410043 -0.860676 -0.30184 0.410029 -0.860679 -0.14601 0.531062 -0.834658 -0.145995 0.531083 -0.834648 0.0117804 0.635622 -0.771911 0.0117752 0.635615 -0.771916 0.165093 0.719292 -0.674806 0.165103 0.719303 -0.674791 0.307564 0.778486 -0.547142 0.307554 0.778477 -0.54716 0.433109 0.810553 -0.394233 0.433108 0.810552 -0.394237 0.536463 0.814103 -0.22236 0.536468 0.814106 -0.222334 0.613206 0.788967 -0.0388467 0.613205 0.788967 -0.0388572 0.66019 0.736249 0.148613 0.66019 0.736249 0.148618 0.675539 0.658303 0.33209 0.675562 0.658324 0.332003 0.658829 0.558506 0.503999 0.658788 0.558473 0.50409 0.610876 0.441189 0.657406 0.610833 0.441158 0.657467 0.533711 0.310933 0.78643 0.53366 0.310901 0.786478 0.430688 0.173299 0.885706 0.430848 0.173389 0.885611 0.306188 0.0338516 0.951369 0.306156 0.0338357 0.95138 0.164607 -0.102232 0.981047 0.164777 -0.102161 0.981026 0.0121371 -0.229153 0.973315 0.0120035 -0.229198 0.973306 -0.145342 -0.341796 0.928467 -0.14522 -0.341765 0.928498 -0.301329 -0.435686 0.848162 -0.301605 -0.435726 0.848043 -0.449858 -0.506907 0.735304 -0.449844 -0.506907 0.735313 -0.584135 -0.55236 0.594715 -0.584095 -0.552366 0.594748 -0.698849 -0.570124 0.431937 -0.698826 -0.570133 0.431962 -0.789076 -0.559381 0.253875 -0.78908 -0.559378 0.253868 -0.851085 -0.520612 0.0679509 -0.851075 -0.520626 0.0679714 -0.882367 -0.455518 -0.118031 -0.882378 -0.455487 -0.118069 -0.881791 -0.366816 -0.296464 -0.881793 -0.366794 -0.296485 -0.849524 -0.258316 -0.45998 -0.849529 -0.258373 -0.459939 -0.787002 -0.134458 -0.602121 -0.615316 0.703704 0.355227 -0.615342 0.703656 0.355279 -0.615357 0.703632 0.3553 -0.615341 0.703662 0.355269 -0.615327 0.703683 0.355249 -0.615332 0.703676 0.355258 -0.61536 0.703629 0.3553 -0.615347 0.703654 0.355273 -0.615356 0.703639 0.355287 -0.615327 0.703694 0.355229 -0.615309 0.703723 0.355202 -0.61535 0.703645 0.355285 -0.615388 0.703584 0.355341 -0.615268 0.703809 0.355103 -0.615345 0.703664 0.355257 -0.615358 0.703639 0.355283 -0.61531 0.703714 0.355218 -0.615346 0.703653 0.355276 -0.615364 0.70362 0.355312 -0.615324 0.703685 0.355252 -0.615316 0.703696 0.355243 -0.615339 0.703667 0.355262 -0.615361 0.703634 0.355288 -0.615098 0.703946 0.355126 -0.615449 0.703489 0.355424 -0.615235 0.703797 0.355184 -0.615409 0.703571 0.355331 -0.615325 0.703692 0.355237 -0.615283 0.703746 0.355201 -0.615384 0.703601 0.355315 0.355266 -0.703613 -0.615398 0.355262 -0.703665 -0.615341 0.355263 -0.703683 -0.61532 0.355265 -0.703662 -0.615343 0.355265 -0.703659 -0.615346 0.355264 -0.703675 -0.615329 0.355262 -0.703652 -0.615356 0.355261 -0.703667 -0.61534 0.355269 -0.703781 -0.615204 0.355275 -0.703693 -0.615301 0.355269 -0.703592 -0.615421 0.355279 -0.703454 -0.615572 0.355293 -0.703659 -0.61533 0.355295 -0.703626 -0.615366 0.355269 -0.703657 -0.615346 0.355268 -0.703648 -0.615356 0.355267 -0.703679 -0.615322 0.35527 -0.703646 -0.615359 0.355271 -0.703664 -0.615337 0.355263 -0.703672 -0.615333 0.355262 -0.703665 -0.61534 0.355258 -0.703719 -0.615282 0.355283 -0.7036 -0.615403 0.355292 -0.703485 -0.615529 0.355234 -0.703759 -0.61525 0.355232 -0.703794 -0.615211 0.355234 -0.703785 -0.61522 0.355291 -0.70371 -0.615273 0.355268 -0.703672 -0.61533 0.355257 -0.703645 -0.615366 -0.842584 -0.239627 -0.482318 -0.85972 -0.325198 -0.393862 -0.866162 -0.370997 -0.334849 -0.863443 -0.390773 -0.319003 -0.847113 -0.498818 -0.183251 -0.847121 -0.498799 -0.183267 -0.793482 -0.608071 -0.0252155 -0.793498 -0.608049 -0.0252353 -0.70474 -0.697463 0.129949 -0.704712 -0.697487 0.129973 -0.584301 -0.763211 0.275866 -0.584315 -0.763203 0.275857 -0.437099 -0.802379 0.406366 -0.437131 -0.802368 0.406352 -0.269267 -0.813238 0.515888 -0.269221 -0.813244 0.515901 -0.0878563 -0.795314 0.599797 -0.087853 -0.795314 0.599798 0.0994509 -0.749398 0.654608 0.0994882 -0.749394 0.654608 0.284856 -0.677521 0.678102 0.284889 -0.677513 0.678097 0.460547 -0.582852 0.669462 0.460612 -0.582827 0.669439 0.619455 -0.469417 0.629225 0.619309 -0.469493 0.629311 0.755314 -0.341769 0.559191 0.755266 -0.341803 0.559236 0.862487 -0.205532 0.462464 0.86251 -0.20551 0.46243 0.937144 -0.0657651 0.34269 0.937109 -0.0658151 0.342775 0.976135 0.071674 0.204994 0.976179 0.0718031 0.204742 0.977976 0.20148 0.0544908 0.977976 0.201477 0.0544976 0.942458 0.318272 -0.102354 0.942429 0.318315 -0.102482 0.870705 0.417576 -0.259815 0.870758 0.417545 -0.259686 0.765819 0.494877 -0.410631 0.765855 0.49487 -0.410573 0.631523 0.54721 -0.549308 0.631519 0.54721 -0.549313 0.473711 0.572116 -0.669539 0.473735 0.572121 -0.669517 0.298752 0.568605 -0.766443 0.298718 0.568592 -0.766467 0.113895 0.536788 -0.835994 0.113884 0.536782 -0.836 -0.0729689 0.478084 -0.875278 -0.0729619 0.478089 -0.875275 -0.254175 0.395006 -0.882817 -0.254233 0.394953 -0.882824 -0.422283 0.291019 -0.858478 -0.422244 0.291064 -0.858482 -0.570513 0.170524 -0.80339 -0.570502 0.170543 -0.803395 -0.693035 0.0383092 -0.719886 -0.693029 0.038321 -0.71989 -0.784921 -0.100216 -0.611438 -0.784923 -0.100224 -0.611434 -0.842584 -0.239616 -0.482325 0.268889 -0.646755 0.713728 0.268926 -0.646746 0.713721 0.445931 -0.551449 0.705018 0.445854 -0.551475 0.705046 0.605873 -0.437335 0.664572 0.605914 -0.437315 0.664547 0.742697 -0.308986 0.594078 0.742819 -0.308907 0.593966 0.850855 -0.171748 0.496536 0.850837 -0.171764 0.496561 0.926154 -0.0309183 0.375876 0.926104 -0.0309842 0.375994 0.965468 0.107392 0.237359 0.96548 0.107424 0.237294 0.967415 0.238203 0.0858365 0.967414 0.238242 0.0857391 0.93167 0.356026 -0.0723623 0.931695 0.355986 -0.0722342 0.859492 0.456082 -0.230786 0.859462 0.456099 -0.230864 0.753804 0.53403 -0.382873 0.753819 0.534028 -0.382847 0.61854 0.586788 -0.522578 0.618523 0.586787 -0.5226 0.459458 0.611914 -0.643785 0.459493 0.611924 -0.643751 0.283145 0.608377 -0.741422 0.283179 0.608391 -0.741397 0.0969178 0.576302 -0.81147 0.0969076 0.576296 -0.811475 -0.091383 0.517096 -0.851035 -0.0913805 0.517098 -0.851034 -0.273939 0.433317 -0.8586 -0.273933 0.433322 -0.858599 -0.44327 0.328521 -0.834018 -0.443276 0.328514 -0.834018 -0.592553 0.207059 -0.778465 -0.592544 0.207073 -0.778468 -0.715882 0.0738779 -0.694302 -0.715892 0.0738545 -0.694294 -0.808382 -0.0656913 -0.584982 -0.808375 -0.0656662 -0.584993 -0.866383 -0.206027 -0.4549 -0.866383 -0.206035 -0.454896 -0.887533 -0.3416 -0.309183 -0.887536 -0.341584 -0.309193 -0.870853 -0.466923 -0.153614 -0.87085 -0.466931 -0.153609 -0.816825 -0.576859 0.0055387 -0.816813 -0.576876 0.00555304 -0.727425 -0.666831 0.161832 -0.727446 -0.666813 0.161815 -0.606183 -0.732946 0.30876 -0.606186 -0.732944 0.308758 -0.457995 -0.772344 0.440143 -0.457977 -0.77235 0.44015 -0.289007 -0.783275 0.550414 -0.289008 -0.783275 0.550413 -0.106352 -0.765242 0.634896 -0.106366 -0.765242 0.634895 0.0822612 -0.719057 0.690065 0.0822362 -0.719059 0.690066 0.252179 -0.614021 0.74792 0.252119 -0.614033 0.747931 0.429894 -0.518416 0.739213 0.429979 -0.51839 0.739182 0.590685 -0.403874 0.698554 0.590705 -0.403865 0.698542 0.728336 -0.274862 0.627676 0.728197 -0.274946 0.627801 0.836931 -0.137054 0.52987 0.836918 -0.137065 0.529888 0.912604 0.0042676 0.408823 0.912681 0.00435933 0.408651 0.952288 0.143343 0.269444 0.952281 0.143327 0.269478 0.954308 0.274889 0.117187 0.954307 0.274854 0.117278 0.918431 0.393375 -0.0417162 0.918441 0.393358 -0.0416561 0.846055 0.493859 -0.200735 0.845982 0.4939 -0.20094 0.739684 0.572382 -0.353902 0.739761 0.57237 -0.353761 0.603849 0.625429 -0.494171 0.60382 0.625426 -0.49421 0.443926 0.650708 -0.616043 0.443912 0.650705 -0.616056 0.266696 0.647136 -0.714205 0.266678 0.647128 -0.714219 0.0794607 0.614856 -0.784626 0.079473 0.614863 -0.784619 -0.109797 0.555301 -0.82437 -0.109794 0.555303 -0.824369 -0.293248 0.471041 -0.831941 -0.293261 0.471028 -0.831944 -0.463406 0.365636 -0.807196 -0.463404 0.365638 -0.807196 -0.613378 0.243517 -0.75131 -0.613372 0.243525 -0.751312 -0.737228 0.10966 -0.666685 -0.73723 0.109657 -0.666684 -0.830088 -0.0305607 -0.556794 -0.830094 -0.0305849 -0.556783 -0.888292 -0.171572 -0.426028 -0.888292 -0.17156 -0.426034 -0.909475 -0.307706 -0.279593 -0.909475 -0.307707 -0.279592 -0.892665 -0.433533 -0.123279 -0.892664 -0.433536 -0.123277 -0.838361 -0.543884 0.0366215 -0.83836 -0.543885 0.0366228 -0.748551 -0.634175 0.193633 -0.74855 -0.634176 0.193634 -0.626775 -0.700524 0.341203 -0.626766 -0.700529 0.341208 -0.477933 -0.740062 0.473169 -0.477937 -0.74006 0.473167 -0.308221 -0.751025 0.583919 -0.308227 -0.751024 0.583917 -0.124791 -0.732932 0.668759 -0.124785 -0.732932 0.668759 0.0646496 -0.686588 0.724167 0.0646518 -0.686588 0.724167 0.234704 -0.579724 0.780278 0.234752 -0.579716 0.78027 0.412894 -0.483997 0.771535 0.412843 -0.484012 0.771553 0.574001 -0.369282 0.730858 0.573987 -0.369288 0.730866 0.711884 -0.240166 0.659955 0.711995 -0.240102 0.659859 0.820931 -0.102082 0.561829 0.820922 -0.102088 0.56184 0.896861 0.0395452 0.44054 0.896849 0.0395312 0.440567 0.936706 0.179088 0.300847 0.936674 0.179026 0.300983 0.938779 0.310922 0.148394 0.938779 0.310921 0.148397 0.902918 0.429678 -0.0108039 0.902901 0.42971 -0.0109126 0.830345 0.530554 -0.170412 0.830379 0.530533 -0.170308 0.723809 0.609334 -0.323749 0.723757 0.609342 -0.323849 0.587534 0.66256 -0.464563 0.587577 0.662564 -0.464502 0.427259 0.687947 -0.586668 0.427227 0.687938 -0.586702 0.249482 0.684356 -0.685139 0.249507 0.684367 -0.685119 0.061777 0.651973 -0.755721 0.061771 0.651969 -0.755725 -0.127979 0.592199 -0.795564 -0.127977 0.592201 -0.795563 -0.311886 0.507651 -0.80313 -0.311879 0.507658 -0.803128 -0.482412 0.401935 -0.778285 -0.482423 0.401921 -0.778285 -0.632707 0.279439 -0.722216 -0.632701 0.279448 -0.722217 -0.756764 0.145243 -0.637348 -0.756769 0.145233 -0.637345 -0.849768 0.00466846 -0.527137 -0.849762 0.00468851 -0.527145 -0.908013 -0.136599 -0.396046 -0.908014 -0.136609 -0.396041 -0.929166 -0.272984 -0.249259 -0.929165 -0.272991 -0.249255 -0.91226 -0.399013 -0.0925832 -0.912262 -0.399006 -0.0925874 -0.857801 -0.509508 0.0676649 -0.85781 -0.509494 0.0676543 -0.767814 -0.599876 0.224967 -0.767802 -0.599888 0.224977 -0.645771 -0.666306 0.372847 -0.645799 -0.666289 0.372831 -0.496709 -0.705855 0.505024 -0.496687 -0.705864 0.505033 -0.326701 -0.716837 0.615964 -0.326676 -0.716842 0.615971 -0.14291 -0.698733 0.700963 -0.142924 -0.698732 0.700961 0.0468725 -0.652344 0.756472 0.0468575 -0.652345 0.756472 0.216743 -0.544045 0.810578 0.216731 -0.544047 0.81058 0.3948 -0.448457 0.801885 0.394837 -0.448447 0.801872 0.555975 -0.333832 0.761215 0.555907 -0.33386 0.761252 0.693793 -0.204861 0.690422 0.693789 -0.204863 0.690426 0.802807 -0.0668854 0.592475 0.802861 -0.0668448 0.592407 0.878886 0.0748133 0.471128 0.878837 0.0747606 0.471228 0.918743 0.214198 0.331709 0.918776 0.214258 0.331579 0.920929 0.346157 0.179068 0.920924 0.346114 0.179179 0.885156 0.46486 0.0201223 0.885138 0.464899 0.019994 0.812549 0.565918 -0.139646 0.812579 0.565898 -0.13955 0.706053 0.644735 -0.292928 0.706066 0.644732 -0.292902 0.569822 0.698024 -0.433666 0.569782 0.698021 -0.433723 0.409478 0.723421 -0.555869 0.409487 0.723423 -0.555859 0.231669 0.719837 -0.654342 0.231673 0.719839 -0.654339 0.0439379 0.687409 -0.72494 0.0439451 0.687414 -0.724935 -0.145815 0.627583 -0.764773 -0.145821 0.627579 -0.764775 -0.329706 0.542959 -0.772327 -0.329713 0.542952 -0.772329 -0.500213 0.437148 -0.747455 -0.500196 0.437168 -0.747454 -0.650415 0.314629 -0.691353 -0.650419 0.314622 -0.691352 -0.77438 0.180403 -0.606457 -0.774382 0.180399 -0.606456 -0.86728 0.0398448 -0.496224 -0.86728 0.0398439 -0.496224 -0.92542 -0.101371 -0.365132 -0.92542 -0.101371 -0.365132 -0.946486 -0.237669 -0.218353 -0.946487 -0.237656 -0.218361 -0.929527 -0.36355 -0.0617419 -0.929521 -0.363565 -0.0617314 -0.875046 -0.473924 0.0984419 -0.875043 -0.473929 0.0984458 -0.785072 -0.564178 0.255666 -0.78508 -0.56417 0.255659 -0.663131 -0.630482 0.403423 -0.663107 -0.630498 0.403437 -0.514128 -0.669991 0.535523 -0.514152 -0.669981 0.535513 -0.344267 -0.680937 0.646378 -0.344281 -0.680934 0.646374 -0.160635 -0.662856 0.731313 -0.160637 -0.662856 0.731313 0.0289917 -0.616554 0.786779 0.029014 -0.616553 0.786779 0.198322 -0.507227 0.838683 0.198337 -0.507225 0.838681 0.375881 -0.411998 0.830043 0.37587 -0.412002 0.830046 0.536599 -0.297773 0.789552 0.536596 -0.297775 0.789554 0.674082 -0.169255 0.719003 0.674082 -0.169255 0.719003 0.782893 -0.0316534 0.621351 0.78285 -0.031686 0.621403 0.858773 0.109624 0.500491 0.858784 0.109636 0.500469 0.898629 0.248673 0.361424 0.89862 0.248657 0.361457 0.900866 0.380214 0.20947 0.90088 0.380303 0.20925 0.865213 0.498848 0.0505731 0.865236 0.49879 0.0507512 0.792851 0.599674 -0.108525 0.792836 0.599685 -0.108576 0.686624 0.678357 -0.261496 0.686627 0.678356 -0.26149 0.550737 0.731559 -0.401883 0.550729 0.731559 -0.401894 0.390744 0.756935 -0.523802 0.390753 0.756938 -0.523792 0.213359 0.753355 -0.622041 0.21336 0.753355 -0.62204 0.0260884 0.720976 -0.692469 0.0260756 0.720969 -0.692477 -0.163222 0.661226 -0.732215 -0.163213 0.661233 -0.732211 -0.346633 0.576748 -0.739735 -0.346631 0.57675 -0.739734 -0.516673 0.47113 -0.714903 -0.51667 0.471133 -0.714903 -0.666407 0.348874 -0.65893 -0.666422 0.348852 -0.658927 -0.789993 0.214923 -0.574212 -0.789987 0.214935 -0.574216 -0.882543 0.0747506 -0.464253 -0.882549 0.0747312 -0.464245 -0.940443 -0.0661014 -0.333463 -0.94044 -0.0660773 -0.333476 -0.961361 -0.201937 -0.1871 -0.961359 -0.201954 -0.18709 -0.944375 -0.327413 -0.0309157 -0.944377 -0.327409 -0.0309188 -0.890008 -0.437375 0.128798 -0.890009 -0.437374 0.128797 -0.800283 -0.527274 0.285533 -0.800279 -0.527279 0.285537 -0.678704 -0.593316 0.432824 -0.678707 -0.593315 0.432822 -0.530176 -0.632652 0.564504 -0.530185 -0.632648 0.5645 -0.36088 -0.643555 0.674984 -0.360878 -0.643555 0.674984 -0.177871 -0.625558 0.75963 -0.177843 -0.625561 0.759635 0.0112045 -0.579443 0.814936 0.0111703 -0.579444 0.814935 0.179639 -0.469542 0.864442 0.179621 -0.469545 0.864444 0.356217 -0.374909 0.855893 0.356225 -0.374906 0.855891 0.516109 -0.261371 0.815669 0.516115 -0.261369 0.815666 0.65292 -0.133585 0.745554 0.65292 -0.133584 0.745554 0.761221 0.00326151 0.648484 0.761229 0.00326722 0.648476 0.836771 0.143737 0.528351 0.836811 0.143781 0.528276 0.876534 0.282197 0.38994 0.876521 0.282173 0.389987 0.878802 0.413142 0.238789 0.878798 0.413114 0.238853 0.843339 0.531265 0.0808526 0.843336 0.531273 0.0808306 0.771377 0.631642 -0.0774984 0.77138 0.63164 -0.0774907 0.665683 0.710011 -0.229674 0.665675 0.710013 -0.229689 0.530444 0.763007 -0.369391 0.530447 0.763007 -0.369387 0.371201 0.788289 -0.490724 0.371214 0.788292 -0.49071 0.19471 0.784725 -0.588468 0.194685 0.784716 -0.588488 0.00829808 0.752457 -0.658589 0.00831732 0.752467 -0.658577 -0.180065 0.692957 -0.698131 -0.180067 0.692955 -0.698132 -0.362561 0.608814 -0.705617 -0.362555 0.608819 -0.705615 -0.531682 0.503672 -0.680903 -0.53171 0.503641 -0.680904 -0.680653 0.38191 -0.625186 -0.680638 0.38193 -0.625189 -0.803535 0.2486 -0.540859 -0.803528 0.248615 -0.540864 -0.895517 0.109129 -0.431441 -0.895517 0.109129 -0.431441 -0.953024 -0.0309777 -0.301306 -0.953026 -0.0309875 -0.301301 -0.973744 -0.166076 -0.155696 -0.973744 -0.166085 -0.15569 -0.956772 -0.290838 -0.000313415 -0.956775 -0.290828 -0.000320352 -0.902644 -0.400128 0.15853 -0.902644 -0.400128 0.15853 -0.813362 -0.489474 0.314415 -0.813377 -0.489459 0.314401 -0.692465 -0.555071 0.460856 -0.692457 -0.555076 0.460862 -0.544789 -0.594149 0.59177 -0.54476 -0.594161 0.591784 -0.376412 -0.604995 0.701638 -0.37643 -0.604991 0.701632 -0.19445 -0.587111 0.785805 -0.194468 -0.58711 0.785802 -0.00648631 -0.541294 0.840808 -0.00646231 -0.541293 0.840809 -0.980979 -0.156789 -0.114448 -0.979574 -0.0839718 -0.182713 -0.962242 0.000198717 -0.272196 -0.962241 0.00020191 -0.272198 -0.905199 0.139377 -0.401484 -0.905196 0.139386 -0.401487 -0.813902 0.277962 -0.510197 -0.8139 0.277967 -0.510198 -0.69189 0.410455 -0.593983 -0.691883 0.410465 -0.593984 -0.543935 0.531483 -0.649354 -0.543942 0.531475 -0.649355 -0.375941 0.636013 -0.673911 -0.375946 0.636008 -0.673913 -0.194634 0.719676 -0.666471 -0.194621 0.719686 -0.666465 -0.00748892 0.778851 -0.627165 -0.00748432 0.778853 -0.627162 0.17774 0.810935 -0.557488 0.177721 0.810928 -0.557504 0.353117 0.814479 -0.460361 0.353128 0.814481 -0.460349 0.51135 0.789341 -0.339798 0.511345 0.789341 -0.339805 0.645733 0.736636 -0.200987 0.645731 0.736637 -0.200992 0.750745 0.658712 -0.0498027 0.750752 0.658706 -0.0497757 0.822225 0.558918 0.107504 0.822223 0.558924 0.107485 0.857421 0.441506 0.264389 0.857425 0.441519 0.264356 0.855122 0.311366 0.414508 0.855115 0.311356 0.41453 0.815577 0.173768 0.551942 0.815566 0.173757 0.551961 0.740467 0.0342196 0.671221 0.740495 0.0342392 0.671189 0.632845 -0.101705 0.76757 0.63282 -0.101717 0.767589 0.49691 -0.228581 0.837157 0.496951 -0.228566 0.837137 0.338089 -0.341303 0.877045 0.338045 -0.341313 0.877058 0.162707 -0.435207 0.885506 0.162727 -0.435204 0.885504 -0.0221136 -0.506418 0.862004 -0.0221153 -0.506418 0.862004 -0.20875 -0.551871 0.80738 -0.20877 -0.551868 0.807376 -0.389418 -0.569604 0.723813 -0.389418 -0.569604 0.723813 -0.556595 -0.558854 0.614723 -0.556576 -0.558863 0.614732 -0.703231 -0.520092 0.484737 -0.703212 -0.520106 0.48475 -0.823302 -0.455001 0.339335 -0.823318 -0.454982 0.339319 -0.912003 -0.366326 0.184541 -0.91201 -0.366314 0.184532 -0.965818 -0.257834 0.0267933 -0.965815 -0.257845 0.0268003 -0.982744 -0.133968 -0.127546 -0.355268 0.703676 0.615325 -0.355268 0.703681 0.615319 -0.355267 0.703673 0.615329 -0.355268 0.703665 0.615337 -0.355267 0.703653 0.615352 -0.355266 0.703667 0.615337 -0.355266 0.703673 0.615329 -0.355267 0.703665 0.615338 -0.355265 0.703634 0.615375 -0.355262 0.703671 0.615334 -0.355264 0.703696 0.615304 -0.355266 0.703658 0.615347 -0.355265 0.703628 0.615382 -0.355264 0.703637 0.615371 -0.355274 0.703785 0.615197 -0.355269 0.703658 0.615345 -0.355269 0.703655 0.615348 -0.355265 0.703639 0.615369 -0.355286 0.703641 0.615355 -0.355245 0.703687 0.615326 -0.355288 0.703649 0.615344 -0.35529 0.703647 0.615346 -0.355264 0.703669 0.615335 -0.355243 0.703691 0.615322 -0.355263 0.703672 0.615332 -0.355263 0.703672 0.615333 -0.355261 0.703676 0.615329 -0.355273 0.703642 0.615361 -0.355268 0.703666 0.615337 -0.355267 0.703674 0.615327 4.92047e-06 -0.70367 -0.710527 -4.80267e-06 -0.70366 -0.710537 -7.07493e-06 -0.703658 -0.710539 7.12207e-05 -0.703636 -0.71056 1.87292e-06 -0.703665 -0.710532 5.55419e-06 -0.703669 -0.710528 2.04729e-06 -0.703664 -0.710533 -9.01108e-06 -0.703676 -0.710521 5.30138e-05 -0.703662 -0.710535 6.58357e-05 -0.703661 -0.710536 -2.68492e-06 -0.703662 -0.710535 1.2341e-07 -0.703671 -0.710526 -2.30918e-06 -0.703658 -0.710539 -6.29378e-07 -0.703653 -0.710544 4.34546e-06 -0.703679 -0.710518 2.6087e-06 -0.703644 -0.710553 -1.70276e-05 -0.703687 -0.71051 -2.79658e-06 -0.70366 -0.710537 -0.000109226 -0.703813 -0.710385 -1.01201e-06 -0.703684 -0.710513 3.1269e-07 -0.70367 -0.710527 1.08871e-05 -0.703624 -0.710573 2.51182e-06 -0.703645 -0.710552 -4.67294e-06 -0.703676 -0.710521 6.32358e-06 -0.703647 -0.71055 -7.42086e-06 -0.703673 -0.710524 -9.02988e-06 -0.703676 -0.710521 1.73112e-05 -0.703638 -0.710559 3.00422e-05 -0.703614 -0.710583 -4.26146e-06 -0.703663 -0.710534 0.578102 -0.681812 0.448253 0.578207 -0.681779 0.448167 0.722987 -0.59138 0.357156 0.722882 -0.591435 0.357276 0.839725 -0.483029 0.248084 0.83975 -0.483007 0.248042 0.92419 -0.360904 0.124987 0.924276 -0.36077 0.12474 0.973231 -0.229708 -0.00741484 0.9732 -0.229848 -0.00716159 0.985105 -0.0947054 -0.143525 0.985094 -0.0946379 -0.143646 0.959448 0.0395264 -0.2791 0.959498 0.0394397 -0.278941 0.897293 0.167573 -0.408392 0.897305 0.167562 -0.408371 0.80082 0.28478 -0.526866 0.800791 0.284796 -0.526901 0.67356 0.38666 -0.629929 0.673464 0.386692 -0.630013 0.5201 0.469319 -0.713607 0.520072 0.469324 -0.713625 0.346554 0.529367 -0.774384 0.346564 0.529367 -0.77438 0.159346 0.564482 -0.809919 0.159366 0.564484 -0.809914 -0.0340678 0.573183 -0.818719 -0.0340688 0.573183 -0.818719 -0.226086 0.55514 -0.80044 -0.22611 0.555131 -0.80044 -0.409386 0.511038 -0.755807 -0.409389 0.511036 -0.755806 -0.576573 0.442741 -0.68669 -0.576602 0.442718 -0.686681 -0.721389 0.352931 -0.59585 -0.721383 0.352938 -0.595854 -0.838359 0.245164 -0.486877 -0.83836 0.245162 -0.486876 -0.923162 0.123583 -0.364004 -0.923163 0.123579 -0.364002 -0.972705 -0.00717686 -0.231932 -0.972705 -0.0071736 -0.231934 -0.985205 -0.142234 -0.0956028 -0.985204 -0.142251 -0.0955933 -0.960173 -0.276546 0.039881 -0.960181 -0.27652 0.0398665 -0.898489 -0.404998 0.169392 -0.898481 -0.405013 0.1694 -0.802291 -0.522811 0.288092 -0.802301 -0.522799 0.288086 -0.675092 -0.625362 0.391374 -0.675074 -0.625377 0.39138 -0.521555 -0.708639 0.475195 -0.52156 -0.708636 0.475195 -0.347514 -0.769243 0.536189 -0.347613 -0.769201 0.536186 -0.159923 -0.804638 0.571824 -0.159895 -0.804645 0.571821 0.0341498 -0.81343 0.580659 0.0341769 -0.813434 0.580652 0.226879 -0.7952 0.562301 0.226843 -0.7952 0.562315 0.410583 -0.750709 0.51755 0.410517 -0.750718 0.517589 0.581981 -0.651901 0.486132 0.581997 -0.651896 0.486118 0.727833 -0.560946 0.39446 0.727892 -0.560917 0.394392 0.845496 -0.451892 0.284482 0.845467 -0.451916 0.284532 0.930658 -0.328847 0.160422 0.930583 -0.328954 0.160635 0.980014 -0.197013 0.0275266 0.980045 -0.196891 0.0272926 0.99207 -0.0609431 -0.109919 0.992078 -0.0609935 -0.109823 0.966389 0.0740471 -0.246188 0.966323 0.0741611 -0.246413 0.903776 0.203156 -0.376719 0.9038 0.203134 -0.376673 0.806718 0.321218 -0.496009 0.806696 0.321231 -0.496038 0.678467 0.423997 -0.599925 0.678564 0.423966 -0.599837 0.523967 0.507339 -0.684153 0.524002 0.507333 -0.684131 0.349131 0.567888 -0.745393 0.349172 0.567888 -0.745374 0.160598 0.603278 -0.781194 0.160553 0.603272 -0.781208 -0.0343214 0.612045 -0.790078 -0.0343259 0.612043 -0.790079 -0.227862 0.593824 -0.771655 -0.227797 0.593851 -0.771654 -0.412426 0.549405 -0.726676 -0.41247 0.549379 -0.726672 -0.580869 0.480526 -0.657028 -0.580883 0.480514 -0.657024 -0.72674 0.389982 -0.565476 -0.726731 0.389992 -0.56548 -0.844502 0.281376 -0.455679 -0.844498 0.281382 -0.455682 -0.929836 0.158889 -0.331903 -0.929839 0.158879 -0.331898 -0.979654 0.0271585 -0.198849 -0.979652 0.02717 -0.198855 -0.992154 -0.108829 -0.0615441 -0.992153 -0.108836 -0.0615401 -0.966872 -0.244027 0.07489 -0.966863 -0.24406 0.0749071 -0.904668 -0.373373 0.205351 -0.904682 -0.373347 0.205338 -0.807767 -0.491901 0.324878 -0.807768 -0.4919 0.324877 -0.679652 -0.595089 0.428885 -0.679664 -0.595078 0.428881 -0.52509 -0.67884 0.513282 -0.525066 -0.678855 0.513285 -0.349904 -0.739802 0.574682 -0.349842 -0.739831 0.574683 -0.160962 -0.775441 0.610559 -0.16099 -0.775432 0.610563 0.0344002 -0.784269 0.619467 0.0343772 -0.784265 0.619473 0.228323 -0.765929 0.601017 0.228397 -0.765932 0.600985 0.413395 -0.721171 0.555892 0.413337 -0.721178 0.555928 0.58458 -0.620085 0.523222 0.584531 -0.620096 0.523262 0.731074 -0.528793 0.431172 0.731063 -0.528798 0.431185 0.849321 -0.419287 0.320706 0.849305 -0.419299 0.320733 0.934842 -0.295913 0.196232 0.934915 -0.295816 0.196027 0.984597 -0.163352 0.0623281 0.984574 -0.163431 0.0624898 0.996781 -0.0266379 -0.0756131 0.996786 -0.0266724 -0.0755431 0.971062 0.108966 -0.212519 0.971069 0.108954 -0.212494 0.908292 0.238696 -0.343555 0.90824 0.238743 -0.343659 0.810732 0.357466 -0.463607 0.810773 0.357444 -0.463553 0.681939 0.460797 -0.568001 0.68193 0.4608 -0.56801 0.526768 0.544556 -0.652667 0.526672 0.544569 -0.652734 0.350944 0.605487 -0.714299 0.35095 0.605487 -0.714296 0.161422 0.641104 -0.750286 0.161438 0.641106 -0.75028 -0.0344838 0.649938 -0.759205 -0.0345017 0.649933 -0.759208 -0.22908 0.631599 -0.740679 -0.229055 0.63161 -0.740678 -0.414574 0.586893 -0.695475 -0.414567 0.586897 -0.695476 -0.58388 0.517607 -0.625434 -0.583857 0.517626 -0.625439 -0.730409 0.42658 -0.533417 -0.730427 0.426559 -0.533408 -0.848712 0.317352 -0.423055 -0.848717 0.317345 -0.423051 -0.934392 0.194212 -0.298653 -0.934393 0.194209 -0.298651 -0.984364 0.0618222 -0.164939 -0.984365 0.0618193 -0.164938 -0.996832 -0.0748337 -0.0269527 -0.996833 -0.0748095 -0.026965 -0.971347 -0.210611 0.110125 -0.971348 -0.210608 0.110123 -0.90879 -0.340481 0.241191 -0.908783 -0.340495 0.241198 -0.811379 -0.459504 0.361275 -0.811383 -0.4595 0.361273 -0.682662 -0.563071 0.46575 -0.682653 -0.56308 0.465753 -0.52737 -0.647141 0.550536 -0.527382 -0.647133 0.550534 -0.351388 -0.70831 0.612228 -0.351421 -0.708294 0.612228 -0.161644 -0.744049 0.648276 -0.161656 -0.744045 0.648278 0.0345332 -0.752919 0.657206 0.0345484 -0.752922 0.657202 0.22933 -0.73453 0.63865 0.229309 -0.734529 0.638659 0.415151 -0.689613 0.593366 0.41519 -0.68961 0.593342 0.585647 -0.586765 0.559217 0.585731 -0.586747 0.559148 0.732595 -0.495326 0.466858 0.732554 -0.495343 0.466905 0.851112 -0.385668 0.356187 0.851101 -0.385675 0.356204 0.936931 -0.261996 0.231342 0.936875 -0.262064 0.231489 0.986813 -0.129267 0.0974138 0.98683 -0.129218 0.0973106 0.999136 0.00761161 -0.0408497 0.999128 0.00770676 -0.0410478 0.97339 0.143769 -0.178442 0.973438 0.143681 -0.178254 0.910606 0.27375 -0.309611 0.910596 0.273759 -0.309632 0.812867 0.392905 -0.429968 0.812858 0.39291 -0.429981 0.683766 0.496569 -0.534681 0.683777 0.496565 -0.53467 0.528143 0.58065 -0.619605 0.528221 0.580639 -0.61955 0.351929 0.641801 -0.68135 0.351929 0.641801 -0.681349 0.161893 0.677527 -0.71746 0.161879 0.677525 -0.717465 -0.0346027 0.686381 -0.726419 -0.0345814 0.686387 -0.726414 -0.229672 0.668007 -0.707825 -0.229726 0.667985 -0.70783 -0.41571 0.623116 -0.662504 -0.41573 0.623104 -0.662503 -0.585489 0.553564 -0.592258 -0.585479 0.553573 -0.59226 -0.732375 0.462215 -0.499983 -0.732359 0.462234 -0.49999 -0.850909 0.352671 -0.389329 -0.850913 0.352665 -0.389326 -0.936741 0.229152 -0.264585 -0.936734 0.22917 -0.264594 -0.986741 0.0964333 -0.130549 -0.986742 0.0964272 -0.130546 -0.999147 -0.0405474 0.00776844 -0.999147 -0.040556 0.00777263 -0.97352 -0.176611 0.145147 -0.973515 -0.176631 0.145157 -0.910729 -0.306758 0.276536 -0.910741 -0.306733 0.276524 -0.813071 -0.425933 0.396859 -0.813058 -0.42595 0.396866 -0.684003 -0.52968 0.501577 -0.68403 -0.529653 0.501568 -0.528416 -0.613817 0.58652 -0.528399 -0.613829 0.586522 -0.352086 -0.675062 0.648327 -0.352061 -0.675075 0.648327 -0.161967 -0.710851 0.684439 -0.16195 -0.710857 0.684437 0.0346102 -0.719721 0.6934 0.0345986 -0.719719 0.693403 0.229807 -0.701299 0.67481 0.229765 -0.701295 0.674828 0.415889 -0.656348 0.629479 0.41595 -0.656345 0.629442 0.585399 -0.55209 0.593721 0.585392 -0.552092 0.593726 0.732382 -0.460679 0.501389 0.73232 -0.460703 0.501457 0.850799 -0.351217 0.390882 0.850857 -0.351179 0.390789 0.936708 -0.22763 0.266013 0.936729 -0.227606 0.265961 0.986675 -0.0950268 0.132071 0.986688 -0.0949907 0.131995 0.999094 0.0420685 -0.00640495 0.9991 0.0419551 -0.00616866 0.973488 0.178054 -0.143589 0.973448 0.178135 -0.14376 0.910745 0.308108 -0.274978 0.910738 0.308115 -0.274995 0.812955 0.42745 -0.395463 0.81305 0.427395 -0.395326 0.684055 0.531093 -0.500009 0.683968 0.531122 -0.500098 0.52831 0.6153 -0.58506 0.52833 0.615296 -0.585045 0.352134 0.676491 -0.646809 0.352067 0.676492 -0.646844 0.161925 0.712289 -0.682953 0.161961 0.712293 -0.68294 -0.0346219 0.721165 -0.691898 -0.0346176 0.721166 -0.691897 -0.229783 0.702736 -0.673321 -0.229766 0.702743 -0.67332 -0.415929 0.657783 -0.627952 -0.41587 0.657818 -0.627955 -0.585672 0.588197 -0.557685 -0.585685 0.588187 -0.557682 -0.732574 0.496746 -0.46538 -0.732575 0.496745 -0.46538 -0.85108 0.387104 -0.354702 -0.851078 0.387107 -0.354704 -0.936842 0.263534 -0.22995 -0.936849 0.263516 -0.229942 -0.986765 0.130756 -0.0959028 -0.986766 0.130752 -0.0959004 -0.999081 -0.00623031 0.0424138 -0.999081 -0.00623236 0.0424148 -0.973358 -0.142286 0.179802 -0.973365 -0.142255 0.179787 -0.910518 -0.272313 0.311132 -0.910505 -0.27234 0.311145 -0.812792 -0.391445 0.431439 -0.812805 -0.391426 0.431432 -0.683753 -0.495052 0.536102 -0.683732 -0.495073 0.536109 -0.528167 -0.579123 0.621013 -0.528175 -0.579116 0.621011 -0.351911 -0.640275 0.682794 -0.351911 -0.640274 0.682794 -0.161872 -0.676011 0.718892 -0.161882 -0.676007 0.718894 0.0346135 -0.68487 0.727842 0.0345918 -0.684866 0.727848 0.229683 -0.666473 0.709267 0.229689 -0.666474 0.709264 0.415711 -0.621601 0.663925 0.415688 -0.621602 0.663939 0.583799 -0.516277 0.626607 0.583755 -0.516285 0.626641 0.73029 -0.425251 0.534638 0.730375 -0.425219 0.534548 0.848589 -0.316079 0.424253 0.848532 -0.316116 0.42434 0.934292 -0.192873 0.29983 0.934293 -0.192873 0.299829 0.984214 -0.0606356 0.166269 0.984219 -0.0606235 0.166244 0.996701 0.0761223 0.0281645 0.9967 0.0761439 0.0281205 0.971219 0.21185 -0.108872 0.971242 0.2118 -0.108768 0.908653 0.341747 -0.239913 0.908716 0.341681 -0.23977 0.811308 0.460721 -0.359883 0.811209 0.460782 -0.360029 0.682644 0.564226 -0.464377 0.682631 0.564231 -0.46439 0.527237 0.648355 -0.549233 0.527237 0.648355 -0.549233 0.351412 0.709475 -0.610864 0.351432 0.709474 -0.610854 0.161626 0.745233 -0.646919 0.161607 0.745231 -0.646926 -0.0345388 0.754099 -0.655852 -0.0345539 0.754095 -0.655855 -0.22936 0.735698 -0.637293 -0.229328 0.735711 -0.63729 -0.415003 0.690847 -0.592033 -0.415095 0.690795 -0.592029 -0.584456 0.621286 -0.521933 -0.584473 0.621273 -0.52193 -0.731035 0.529947 -0.429819 -0.731034 0.529947 -0.42982 -0.849241 0.420463 -0.319374 -0.849231 0.420479 -0.319381 -0.934735 0.297121 -0.19491 -0.934732 0.297127 -0.194913 -0.984459 0.164618 -0.0611727 -0.984458 0.164621 -0.0611742 -0.996654 0.0279493 0.0768044 -0.996654 0.0279467 0.0768057 -0.970906 -0.107756 0.213845 -0.970905 -0.107762 0.213848 -0.908146 -0.237421 0.344821 -0.908142 -0.237431 0.344826 -0.810603 -0.356187 0.464815 -0.810604 -0.356186 0.464815 -0.681859 -0.459458 0.56918 -0.681861 -0.459456 0.56918 -0.526663 -0.543229 0.653856 -0.526673 -0.543222 0.653854 -0.350936 -0.604143 0.71544 -0.3509 -0.604162 0.715442 -0.16138 -0.639758 0.751443 -0.161403 -0.639749 0.751445 0.0345181 -0.648579 0.760364 0.0345136 -0.648578 0.760365 0.228961 -0.630258 0.741857 0.229019 -0.630264 0.741834 0.414546 -0.585548 0.696624 0.414522 -0.585549 0.696638 0.580725 -0.479639 0.657803 0.580809 -0.479622 0.657741 0.726651 -0.389102 0.566196 0.726599 -0.389122 0.566249 0.844331 -0.280555 0.456502 0.844368 -0.280531 0.456448 0.929783 -0.157901 0.332521 0.929723 -0.157967 0.332659 0.979498 -0.0263545 0.19972 0.979488 -0.0263788 0.199768 0.992007 0.109659 0.0624254 0.992008 0.109716 0.0623154 0.966756 0.244766 -0.0739706 0.966733 0.244825 -0.0740855 0.904516 0.374174 -0.20456 0.904529 0.374159 -0.204529 0.807652 0.492661 -0.324012 0.807683 0.49264 -0.323966 0.679632 0.595796 -0.427935 0.679631 0.595796 -0.427935 0.525028 0.679583 -0.51236 0.524937 0.679602 -0.512427 0.349864 0.74052 -0.573781 0.34989 0.740519 -0.573767 0.160894 0.776164 -0.609658 0.160928 0.776167 -0.609645 -0.0344089 0.784991 -0.61855 -0.0343898 0.784996 -0.618546 -0.228326 0.766657 -0.600087 -0.22837 0.766641 -0.60009 -0.413311 0.721884 -0.55503 -0.413201 0.721942 -0.555036 -0.581917 0.652639 -0.485216 -0.581895 0.652656 -0.485221 -0.727784 0.561664 -0.393529 -0.727793 0.561654 -0.393525 -0.845418 0.452597 -0.283592 -0.845423 0.45259 -0.283588 -0.930462 0.329747 -0.159709 -0.930463 0.329745 -0.159708 -0.97988 0.197806 -0.0265989 -0.97988 0.197808 -0.0266003 -0.991932 0.0617678 0.110709 -0.991932 0.0617592 0.110713 -0.966213 -0.0733066 0.2471 -0.966217 -0.0732899 0.247091 -0.903682 -0.202288 0.37741 -0.903679 -0.202296 0.377414 -0.806532 -0.320439 0.496814 -0.806546 -0.320419 0.496805 -0.678407 -0.423104 0.600622 -0.678395 -0.423116 0.600627 -0.523964 -0.506397 0.684853 -0.523955 -0.506404 0.684855 -0.349059 -0.56697 0.746125 -0.349113 -0.566941 0.746122 -0.160565 -0.602339 0.781925 -0.160538 -0.60235 0.781922 0.0342894 -0.611116 0.790798 0.0343384 -0.611127 0.790788 0.227822 -0.592923 0.772359 0.227767 -0.592919 0.772379 0.412418 -0.548455 0.727398 0.4124 -0.548456 0.727408 0.57666 -0.442392 0.686842 0.576459 -0.442436 0.686983 0.72124 -0.352667 0.596186 0.721367 -0.352615 0.596063 0.838263 -0.244923 0.487164 0.838262 -0.244923 0.487165 0.923185 -0.123149 0.364093 0.923178 -0.123158 0.364109 0.972627 0.00737903 0.232256 0.972636 0.00739999 0.232218 0.985143 0.142519 0.0958243 0.985141 0.142478 0.0958996 0.960131 0.27674 -0.0395388 0.960138 0.276721 -0.0395047 0.898432 0.405253 -0.169083 0.898391 0.405305 -0.16918 0.802251 0.523033 -0.2878 0.802236 0.523045 -0.287823 0.675003 0.625618 -0.391119 0.675107 0.625572 -0.391013 0.521483 0.708895 -0.474893 0.521551 0.708878 -0.474843 0.347577 0.769466 -0.535829 0.347558 0.769468 -0.535839 0.159885 0.804886 -0.571486 0.159837 0.804883 -0.571503 -0.0341747 0.813662 -0.580332 -0.0341824 0.813661 -0.580334 -0.226829 0.795432 -0.561993 -0.226825 0.795434 -0.561993 -0.410594 0.750932 -0.517217 -0.410583 0.750938 -0.517218 -0.578048 0.682077 -0.447919 -0.57806 0.682068 -0.447917 -0.722925 0.591631 -0.356864 -0.722928 0.591628 -0.356863 -0.839733 0.483225 -0.247674 -0.83973 0.48323 -0.247676 -0.924141 0.361147 -0.124643 -0.924138 0.361153 -0.124646 -0.973145 0.230072 0.00753268 -0.973145 0.230068 0.00753469 -0.98503 0.0949265 0.143891 -0.98503 0.094951 0.143877 -0.95941 -0.0391609 0.279282 -0.959406 -0.039183 0.279295 -0.897224 -0.167252 0.408676 -0.897235 -0.167227 0.408662 -0.800736 -0.284462 0.527166 -0.80071 -0.284499 0.527184 -0.673441 -0.386386 0.630225 -0.673457 -0.386369 0.630217 -0.52008 -0.469007 0.713828 -0.520106 -0.468987 0.713821 -0.346549 -0.529046 0.774606 -0.346474 -0.529085 0.774613 -0.159355 -0.564168 0.810136 -0.159372 -0.564162 0.810137 0.0340484 -0.572859 0.818946 0.0340345 -0.572856 0.818949 0.22611 -0.554799 0.80067 0.226129 -0.5548 0.800664 0.409276 -0.510741 0.756067 0.409371 -0.510734 0.75602 -8.25243e-06 0.703647 0.710549 1.20537e-07 0.703663 0.710534 2.07796e-06 0.703653 0.710544 0.000140332 0.703616 0.71058 -1.88569e-05 0.703671 0.710526 -1.06353e-06 0.703667 0.71053 -9.18494e-07 0.703664 0.710533 -2.037e-06 0.70367 0.710527 -2.68786e-05 0.70365 0.710547 -6.42208e-05 0.703621 0.710575 -3.79725e-05 0.703645 0.710551 9.33814e-06 0.703669 0.710528 9.63032e-06 0.703672 0.710525 4.34044e-05 0.703689 0.710508 3.6975e-06 0.703665 0.710532 -8.30291e-06 0.703653 0.710544 -6.08282e-06 0.703655 0.710542 1.92534e-06 0.703667 0.71053 1.74143e-06 0.70366 0.710537 2.78789e-06 0.703654 0.710543 -3.11012e-06 0.703672 0.710525 2.26695e-06 0.703661 0.710536 2.71535e-06 0.70366 0.710537 -1.4364e-05 0.703681 0.710516 0.000104038 0.703595 0.710602 5.29907e-05 0.703636 0.710561 -3.25682e-07 0.703671 0.710526 -6.27162e-05 0.703705 0.710493 1.15244e-05 0.703656 0.710541 3.93842e-05 0.703508 0.710688 -0.355267 -0.703664 -0.615339 -0.355267 -0.703663 -0.61534 -0.355255 -0.703676 -0.615333 -0.355273 -0.703656 -0.615345 -0.355272 -0.703656 -0.615345 -0.355256 -0.703674 -0.615334 -0.355265 -0.703665 -0.615339 -0.35527 -0.703659 -0.615342 -0.355237 -0.703691 -0.615326 -0.355258 -0.703668 -0.61534 -0.355273 -0.703654 -0.615347 -0.355289 -0.703637 -0.615358 -0.355292 -0.703633 -0.61536 -0.355297 -0.703628 -0.615363 -0.355285 -0.703647 -0.615348 -0.35525 -0.703684 -0.615326 -0.355269 -0.703664 -0.615339 -0.355268 -0.70364 -0.615366 -0.355272 -0.703673 -0.615325 -0.35527 -0.703667 -0.615334 -0.35527 -0.703661 -0.61534 -0.355267 -0.703667 -0.615336 -0.355265 -0.703671 -0.615333 -0.355265 -0.703671 -0.615333 -0.355271 -0.703646 -0.615357 -0.355267 -0.703673 -0.615329 -0.355267 -0.70366 -0.615344 -0.35527 -0.703664 -0.615337 -0.355243 -0.703637 -0.615384 -0.355279 -0.703687 -0.615306 -0.839007 -0.239696 0.48848 -0.770975 -0.325261 0.547543 -0.723085 -0.371047 0.582643 -0.708017 -0.390822 0.588193 -0.582292 -0.498865 0.641927 -0.582312 -0.498842 0.641926 -0.418615 -0.608119 0.674502 -0.418606 -0.608127 0.674501 -0.23985 -0.697528 0.675223 -0.239824 -0.697546 0.675214 -0.0532814 -0.763265 0.643885 -0.0533024 -0.763254 0.643896 0.133331 -0.802433 0.581657 0.133337 -0.802435 0.581652 0.312108 -0.813297 0.491057 0.312082 -0.813292 0.491082 0.475473 -0.795366 0.375924 0.475477 -0.795366 0.375918 0.616618 -0.749443 0.241076 0.61662 -0.749443 0.241071 0.729617 -0.677594 0.0923321 0.729624 -0.677589 0.0923139 0.81001 -0.582893 -0.0641877 0.810007 -0.582899 -0.0641704 0.854628 -0.469433 -0.22191 0.854628 -0.469429 -0.221918 0.861883 -0.341939 -0.37448 0.861886 -0.341946 -0.374468 0.831666 -0.205578 -0.51582 0.831665 -0.205577 -0.51582 0.765306 -0.0658822 -0.640286 0.76531 -0.0658856 -0.640281 0.665501 0.0715933 -0.742956 0.665497 0.0715957 -0.742959 0.536162 0.201404 -0.819736 0.536162 0.201404 -0.819736 0.382459 0.318274 -0.867426 0.382453 0.318276 -0.867427 0.210466 0.417468 -0.883982 0.210469 0.417467 -0.883982 0.0271722 0.494839 -0.86856 0.0271558 0.49484 -0.86856 -0.159921 0.54711 -0.821642 -0.159918 0.54711 -0.821642 -0.343024 0.572031 -0.745061 -0.343025 0.572031 -0.74506 -0.514467 0.568511 -0.641965 -0.51446 0.568514 -0.641968 -0.667057 0.536713 -0.516695 -0.667065 0.536709 -0.51669 -0.794517 0.478008 -0.374502 -0.794517 0.478007 -0.374502 -0.89166 0.39491 -0.221333 -0.891644 0.394934 -0.221355 -0.954619 0.290965 -0.0635781 -0.954622 0.290956 -0.0635711 -0.98103 0.170459 0.0923226 -0.981033 0.170434 0.0923402 -0.96998 0.03825 0.240156 -0.969983 0.0382763 0.240141 -0.921993 -0.100303 0.37399 -0.921999 -0.100283 0.37398 -0.839017 -0.239676 0.488472 0.752445 -0.646923 0.123765 0.752424 -0.646936 0.123824 0.833384 -0.551661 -0.0337885 0.833387 -0.551656 -0.0338039 0.878345 -0.43748 -0.192668 0.878345 -0.437484 -0.192659 0.885709 -0.309261 -0.346234 0.885678 -0.309192 -0.346374 0.855295 -0.171884 -0.488801 0.855313 -0.171906 -0.488762 0.788527 -0.0311966 -0.614208 0.788556 -0.0312213 -0.61417 0.688102 0.107247 -0.717645 0.688095 0.107251 -0.717651 0.55787 0.238046 -0.795057 0.557873 0.238045 -0.795055 0.40309 0.355825 -0.843153 0.403078 0.355829 -0.843157 0.229817 0.455834 -0.859883 0.229832 0.455831 -0.859881 0.0451593 0.533848 -0.844374 0.0451684 0.533847 -0.844374 -0.143357 0.586567 -0.797113 -0.143347 0.586567 -0.797114 -0.32784 0.611701 -0.71996 -0.327858 0.611697 -0.719955 -0.500623 0.608149 -0.616061 -0.500618 0.608151 -0.616063 -0.654379 0.576078 -0.489818 -0.65437 0.576084 -0.489824 -0.782772 0.516888 -0.346547 -0.782778 0.516882 -0.346541 -0.880609 0.433103 -0.192221 -0.880613 0.433097 -0.192216 -0.943978 0.328322 -0.0333136 -0.943986 0.328302 -0.0332988 -0.970515 0.206835 0.12377 -0.970511 0.206873 0.123746 -0.959292 0.0736856 0.272633 -0.959291 0.0736747 0.272639 -0.910875 -0.0658705 0.407393 -0.91087 -0.0658863 0.4074 -0.827217 -0.206232 0.522667 -0.827218 -0.206229 0.522666 -0.711606 -0.34179 0.613838 -0.711614 -0.341778 0.613835 -0.568546 -0.46711 0.677174 -0.568548 -0.467107 0.677174 -0.403708 -0.57704 0.709961 -0.403696 -0.577051 0.709959 -0.223645 -0.667014 0.710687 -0.223668 -0.666997 0.710695 -0.0358058 -0.733122 0.679154 -0.0358069 -0.733122 0.679154 0.152076 -0.772522 0.616508 0.15208 -0.772524 0.616506 0.332042 -0.78345 0.525314 0.332067 -0.783456 0.525289 0.496547 -0.765423 0.409352 0.496534 -0.765422 0.40937 0.638627 -0.719232 0.273607 0.638635 -0.71923 0.273592 0.77358 -0.614375 0.155299 0.773598 -0.614365 0.155247 0.854947 -0.518706 -0.00314015 0.854925 -0.518743 -0.00301724 0.90012 -0.404164 -0.16259 0.90012 -0.404138 -0.162657 0.90756 -0.275262 -0.317121 0.907601 -0.275352 -0.316924 0.877166 -0.137437 -0.460098 0.877118 -0.137379 -0.460209 0.810061 0.00401518 -0.586332 0.810116 0.00396983 -0.586256 0.709272 0.143082 -0.690261 0.709277 0.143079 -0.690257 0.578534 0.274502 -0.76808 0.578463 0.274534 -0.768122 0.422937 0.392973 -0.816515 0.422968 0.392964 -0.816503 0.248868 0.49354 -0.833356 0.248853 0.493543 -0.833359 0.0632835 0.57201 -0.817802 0.0632639 0.572011 -0.817802 -0.126233 0.625051 -0.770309 -0.126224 0.625052 -0.77031 -0.311685 0.65034 -0.692756 -0.311674 0.650342 -0.692759 -0.485342 0.646773 -0.588326 -0.485365 0.646764 -0.588317 -0.639921 0.614493 -0.461411 -0.639919 0.614494 -0.461412 -0.76897 0.554936 -0.317383 -0.768956 0.554948 -0.317394 -0.867252 0.470676 -0.16229 -0.867256 0.47067 -0.162285 -0.930893 0.365284 -0.00256938 -0.930885 0.365304 -0.00258355 -0.957476 0.243195 0.155227 -0.957482 0.243157 0.155251 -0.94612 0.109305 0.304811 -0.946121 0.109321 0.304803 -0.897384 -0.030898 0.440168 -0.897382 -0.0309061 0.440171 -0.813241 -0.171899 0.555959 -0.813241 -0.171899 0.555958 -0.697009 -0.308046 0.647523 -0.697019 -0.308029 0.64752 -0.553249 -0.433852 0.711117 -0.553246 -0.433857 0.711117 -0.387618 -0.544206 0.744038 -0.387625 -0.5442 0.744039 -0.206767 -0.634482 0.744769 -0.206738 -0.634504 0.744758 -0.0180571 -0.700848 0.713082 -0.0180638 -0.700844 0.713086 0.170631 -0.740377 0.650175 0.170635 -0.740378 0.650172 0.351375 -0.751343 0.558587 0.351376 -0.751343 0.558586 0.51664 -0.733238 0.44209 0.5166 -0.733234 0.442144 0.659215 -0.686926 0.30589 0.659278 -0.686917 0.305774 0.792853 -0.580192 0.186441 0.792843 -0.580197 0.186469 0.874407 -0.484401 0.0277141 0.874406 -0.484402 0.0277182 0.919709 -0.369689 -0.132159 0.919709 -0.369716 -0.132084 0.927244 -0.240671 -0.286874 0.927221 -0.240621 -0.286988 0.896775 -0.102488 -0.430454 0.896828 -0.102552 -0.430328 0.829735 0.0391249 -0.556784 0.82965 0.0391951 -0.556906 0.728724 0.178546 -0.661122 0.728691 0.178566 -0.661154 0.597608 0.310443 -0.739249 0.597733 0.310388 -0.739171 0.441878 0.429189 -0.787744 0.441803 0.429212 -0.787773 0.267313 0.530103 -0.804695 0.267326 0.530101 -0.804693 0.0812637 0.608848 -0.789114 0.0812783 0.608847 -0.789113 -0.108733 0.662081 -0.741503 -0.108736 0.662081 -0.741502 -0.294699 0.687461 -0.663739 -0.294692 0.687463 -0.663741 -0.468816 0.683881 -0.559033 -0.468825 0.683878 -0.559029 -0.623817 0.651485 -0.431763 -0.623815 0.651486 -0.431764 -0.753187 0.59172 -0.287361 -0.753192 0.591716 -0.287357 -0.851703 0.507162 -0.131863 -0.851699 0.507169 -0.131868 -0.915447 0.401448 0.0282349 -0.915449 0.401443 0.0282381 -0.942032 0.278985 0.186394 -0.942031 0.278991 0.186391 -0.930563 0.144756 0.336301 -0.930563 0.144756 0.336301 -0.881632 0.00421929 0.471919 -0.881631 0.00421503 0.47192 -0.79721 -0.13709 0.587931 -0.797216 -0.137076 0.587926 -0.680678 -0.273451 0.679633 -0.680666 -0.273472 0.679637 -0.536545 -0.399481 0.743326 -0.53655 -0.399475 0.743326 -0.37056 -0.509964 0.776288 -0.37055 -0.509974 0.776286 -0.1893 -0.600363 0.777 -0.189322 -0.600345 0.777009 -0.000242267 -0.666769 0.745264 -0.000246101 -0.666767 0.745267 0.188777 -0.706331 0.682247 0.188782 -0.706333 0.682243 0.369866 -0.717307 0.590483 0.36985 -0.717302 0.590499 0.535375 -0.699189 0.473824 0.535405 -0.699193 0.473784 0.678231 -0.652858 0.337312 0.678227 -0.652858 0.33732 0.810143 -0.544594 0.216992 0.810102 -0.544612 0.217099 0.891568 -0.449075 0.0586354 0.891617 -0.44901 0.0583949 0.936955 -0.334396 -0.101466 0.936954 -0.334415 -0.101412 0.944548 -0.205546 -0.256086 0.944543 -0.205534 -0.256113 0.914208 -0.0674774 -0.399589 0.914168 -0.0674277 -0.399687 0.84719 0.0741515 -0.52609 0.847221 0.0741251 -0.526043 0.746344 0.213567 -0.630364 0.746329 0.213577 -0.63038 0.615319 0.345506 -0.708525 0.615296 0.345517 -0.70854 0.459564 0.464329 -0.757099 0.459621 0.464311 -0.757076 0.285104 0.565317 -0.774036 0.285092 0.56532 -0.774039 0.0990567 0.644133 -0.758473 0.099042 0.644134 -0.758473 -0.0909703 0.697419 -0.710866 -0.090979 0.697419 -0.710865 -0.27698 0.722829 -0.633088 -0.276982 0.722829 -0.633087 -0.451162 0.71924 -0.528343 -0.451136 0.71925 -0.528353 -0.606164 0.686818 -0.401056 -0.606161 0.68682 -0.401057 -0.735532 0.626995 -0.256651 -0.735542 0.626986 -0.256643 -0.834042 0.542351 -0.10114 -0.834039 0.542355 -0.101143 -0.897738 0.436571 0.0589229 -0.897744 0.436558 0.058932 -0.924266 0.31403 0.217066 -0.924263 0.314045 0.217057 -0.912722 0.179792 0.366897 -0.912722 0.179785 0.3669 -0.863712 0.039245 0.502456 -0.863716 0.039265 0.502447 -0.779238 -0.101987 0.618374 -0.779236 -0.101992 0.618376 -0.662679 -0.238262 0.709991 -0.662675 -0.238269 0.709992 -0.518542 -0.364178 0.773621 -0.518542 -0.364177 0.773621 -0.352596 -0.474535 0.806531 -0.352602 -0.474529 0.806532 -0.171429 -0.564797 0.807228 -0.171421 -0.564803 0.807225 0.0175142 -0.63111 0.775496 0.0175181 -0.631113 0.775494 0.206421 -0.670611 0.71251 0.206407 -0.670605 0.71252 0.38736 -0.681558 0.620831 0.387363 -0.681559 0.620828 0.552699 -0.663487 0.50429 0.552741 -0.663493 0.504236 0.695584 -0.617192 0.367747 0.695521 -0.617197 0.367857 0.825188 -0.508018 0.246946 0.825235 -0.507998 0.24683 0.906515 -0.412747 0.0887193 0.90646 -0.412815 0.0889671 0.951774 -0.298598 -0.0704672 0.951782 -0.298526 -0.0706661 0.959417 -0.17006 -0.22494 0.95943 -0.170094 -0.224862 0.929259 -0.0324163 -0.368004 0.929266 -0.0324252 -0.367987 0.862536 0.108835 -0.494152 0.862528 0.108843 -0.494165 0.761964 0.247974 -0.598264 0.762035 0.247927 -0.598193 0.631467 0.37954 -0.676165 0.631409 0.379568 -0.676203 0.476081 0.498175 -0.724685 0.476102 0.498168 -0.724676 0.302118 0.598958 -0.741602 0.302092 0.598964 -0.741608 0.116478 0.677667 -0.726085 0.11651 0.677664 -0.726083 -0.0730521 0.730878 -0.678587 -0.0730642 0.730878 -0.678586 -0.258648 0.756256 -0.600981 -0.258645 0.756256 -0.600982 -0.432424 0.752674 -0.49648 -0.432432 0.752671 -0.496477 -0.587062 0.720293 -0.369508 -0.587084 0.720281 -0.369496 -0.716166 0.660529 -0.225407 -0.716136 0.660553 -0.225429 -0.814381 0.576055 -0.0703177 -0.814391 0.576041 -0.0703065 -0.877898 0.470438 0.0893495 -0.877892 0.47045 0.0893407 -0.904298 0.348156 0.247049 -0.904298 0.348152 0.247052 -0.892716 0.214201 0.396454 -0.892716 0.214212 0.396448 -0.843766 0.0740315 0.531581 -0.843762 0.0740127 0.53159 -0.759449 -0.066827 0.647126 -0.759446 -0.0668337 0.647128 -0.643142 -0.20269 0.738434 -0.643143 -0.202688 0.738434 -0.499371 -0.328178 0.801828 -0.499367 -0.328183 0.801828 -0.333871 -0.438146 0.834601 -0.333875 -0.438142 0.834601 -0.153232 -0.528066 0.835265 -0.153239 -0.52806 0.835267 0.0351131 -0.594104 0.803621 0.0351231 -0.59411 0.803616 0.223424 -0.633446 0.740829 0.223429 -0.633449 0.740825 0.403798 -0.644355 0.649426 0.403784 -0.64435 0.64944 0.56858 -0.626355 0.533288 0.568591 -0.626357 0.533274 0.711008 -0.580246 0.397218 0.711036 -0.580244 0.397171 0.838231 -0.470419 0.275818 0.838165 -0.470446 0.275972 0.919065 -0.375793 0.118743 0.919098 -0.375754 0.118608 0.96416 -0.262315 -0.0398256 0.964157 -0.262333 -0.0397765 0.971863 -0.134515 -0.193359 0.971854 -0.134484 -0.193427 0.941898 0.0024976 -0.335888 0.941943 0.00243145 -0.335765 0.875707 0.142863 -0.461224 0.875637 0.142931 -0.461336 0.77569 0.281369 -0.564922 0.775653 0.281395 -0.56496 0.645755 0.412441 -0.642568 0.64588 0.412375 -0.642484 0.491311 0.530513 -0.690774 0.491316 0.530512 -0.690772 0.318233 0.630864 -0.707629 0.318229 0.630865 -0.70763 0.133542 0.709251 -0.692192 0.133498 0.709256 -0.692195 -0.0551338 0.762259 -0.64492 -0.0551213 0.762259 -0.644921 -0.239821 0.787545 -0.567678 -0.239834 0.787543 -0.567675 -0.412797 0.783973 -0.463665 -0.412793 0.783974 -0.463667 -0.566689 0.751721 -0.337313 -0.566701 0.751714 -0.337306 -0.695175 0.692193 -0.193907 -0.695185 0.692186 -0.193899 -0.792922 0.608037 -0.0395815 -0.792917 0.608042 -0.0395861 -0.856093 0.50287 0.119275 -0.856094 0.502867 0.119277 -0.88232 0.381113 0.276159 -0.882319 0.381117 0.276156 -0.870736 0.24778 0.424763 -0.870736 0.247777 0.424765 -0.821968 0.10829 0.559145 -0.821966 0.108285 0.559147 -0.738008 -0.0318458 0.67404 -0.738007 -0.031847 0.674041 -0.622234 -0.166979 0.764815 -0.622239 -0.166971 0.764813 -0.479167 -0.291749 0.827817 -0.479174 -0.29174 0.827816 -0.314534 -0.401047 0.860366 -0.314527 -0.401054 0.860365 -0.13485 -0.490414 0.860993 -0.134851 -0.490414 0.860993 0.0524506 -0.55603 0.829506 0.0524574 -0.556034 0.829502 0.239702 -0.595124 0.767053 0.239712 -0.595129 0.767046 0.419046 -0.605973 0.676164 0.419064 -0.605979 0.676147 0.582985 -0.588098 0.560597 0.582922 -0.58809 0.560672 0.724579 -0.542271 0.425355 0.72457 -0.542272 0.425371 -0.589786 -0.157034 0.792145 -0.648281 -0.0844929 0.756698 -0.717164 -0.000256169 0.696905 -0.717165 -0.00025146 0.696903 -0.800619 0.138945 0.582841 -0.800617 0.138931 0.582848 -0.849123 0.277534 0.449405 -0.849123 0.277544 0.449399 -0.860676 0.410043 0.301831 -0.860679 0.410029 0.30184 -0.834658 0.531062 0.14601 -0.834648 0.531083 0.145995 -0.771911 0.635622 -0.0117804 -0.771916 0.635615 -0.0117752 -0.674806 0.719292 -0.165093 -0.674791 0.719303 -0.165103 -0.547142 0.778486 -0.307564 -0.54716 0.778477 -0.307554 -0.394233 0.810553 -0.433109 -0.394237 0.810552 -0.433108 -0.22236 0.814103 -0.536463 -0.222334 0.814106 -0.536468 -0.0388467 0.788967 -0.613206 -0.0388572 0.788967 -0.613205 0.148613 0.736249 -0.66019 0.148618 0.736249 -0.66019 0.33209 0.658303 -0.675539 0.332003 0.658324 -0.675562 0.503999 0.558506 -0.658829 0.50409 0.558473 -0.658788 0.657406 0.441189 -0.610876 0.657467 0.441158 -0.610833 0.78643 0.310933 -0.533711 0.786478 0.310901 -0.53366 0.885706 0.173299 -0.430688 0.885611 0.173389 -0.430848 0.951369 0.0338516 -0.306188 0.95138 0.0338357 -0.306156 0.981047 -0.102232 -0.164607 0.981026 -0.102161 -0.164777 0.973315 -0.229153 -0.0121371 0.973306 -0.229198 -0.0120035 0.928467 -0.341796 0.145342 0.928498 -0.341765 0.14522 0.848162 -0.435686 0.301329 0.848043 -0.435726 0.301605 0.735304 -0.506907 0.449858 0.735313 -0.506907 0.449844 0.594715 -0.55236 0.584135 0.594748 -0.552366 0.584095 0.431937 -0.570124 0.698849 0.431962 -0.570133 0.698826 0.253875 -0.559381 0.789076 0.253868 -0.559378 0.789081 0.0679509 -0.520612 0.851085 0.0679714 -0.520626 0.851075 -0.118031 -0.455518 0.882367 -0.118069 -0.455487 0.882378 -0.296464 -0.366816 0.881791 -0.296485 -0.366794 0.881793 -0.45998 -0.258316 0.849524 -0.459939 -0.258373 0.849529 -0.602121 -0.134458 0.787002 0.355219 0.703714 0.61531 0.355227 0.703704 0.615316 0.355279 0.703656 0.615342 0.3553 0.703632 0.615357 0.355269 0.703662 0.615341 0.355249 0.703683 0.615327 0.355258 0.703676 0.615332 0.3553 0.703629 0.61536 0.355273 0.703654 0.615347 0.355287 0.703639 0.615356 0.355229 0.703694 0.615327 0.355202 0.703723 0.615309 0.355285 0.703645 0.61535 0.355341 0.703584 0.615388 0.355103 0.703809 0.615268 0.355276 0.703654 0.615346 0.355262 0.703667 0.615339 0.355317 0.703621 0.615359 0.355294 0.703643 0.615348 0.355243 0.703685 0.615329 0.355285 0.703645 0.61535 0.355221 0.703698 0.615327 0.355237 0.703683 0.615335 0.355262 0.703663 0.615344 0.355207 0.703715 0.615316 0.355373 0.703578 0.615377 0.355268 0.703677 0.615324 0.35515 0.703774 0.615281 0.355569 0.703377 0.615492 0.355357 0.703552 0.615415 -0.615398 -0.703613 -0.355266 -0.615341 -0.703665 -0.355262 -0.61532 -0.703683 -0.355263 -0.615343 -0.703662 -0.355265 -0.615346 -0.703659 -0.355265 -0.615329 -0.703675 -0.355264 -0.615356 -0.703652 -0.355262 -0.61534 -0.703667 -0.355261 -0.615204 -0.703781 -0.355269 -0.615301 -0.703693 -0.355275 -0.615421 -0.703592 -0.355269 -0.615572 -0.703454 -0.355279 -0.61533 -0.703659 -0.355293 -0.615366 -0.703626 -0.355295 -0.615356 -0.703648 -0.355268 -0.615322 -0.703679 -0.355267 -0.615359 -0.703646 -0.35527 -0.615328 -0.703672 -0.355271 -0.615337 -0.703664 -0.355272 -0.615358 -0.703646 -0.355271 -0.615347 -0.703656 -0.35527 -0.615326 -0.703673 -0.355271 -0.615263 -0.703731 -0.355267 -0.61534 -0.703665 -0.355262 -0.615389 -0.703621 -0.355266 -0.615258 -0.703732 -0.355273 -0.615308 -0.703687 -0.355277 -0.615609 -0.703432 -0.35526 -0.615216 -0.703789 -0.355232 -0.615206 -0.703798 -0.355233 -0.482318 -0.239627 0.842584 -0.393862 -0.325198 0.85972 -0.334849 -0.370997 0.866162 -0.319003 -0.390773 0.863443 -0.183251 -0.498818 0.847113 -0.183267 -0.498799 0.847121 -0.0252155 -0.608071 0.793482 -0.0252353 -0.608049 0.793498 0.129949 -0.697463 0.70474 0.129973 -0.697487 0.704712 0.275866 -0.763211 0.584301 0.275857 -0.763203 0.584315 0.406366 -0.802379 0.437099 0.406352 -0.802368 0.437131 0.515888 -0.813238 0.269267 0.515901 -0.813244 0.269221 0.599797 -0.795314 0.0878563 0.599798 -0.795314 0.087853 0.654608 -0.749398 -0.0994509 0.654608 -0.749394 -0.0994882 0.678102 -0.677521 -0.284856 0.678097 -0.677513 -0.284889 0.669462 -0.582852 -0.460547 0.669439 -0.582827 -0.460612 0.629225 -0.469417 -0.619455 0.629311 -0.469493 -0.619309 0.559191 -0.341769 -0.755314 0.559236 -0.341803 -0.755266 0.462464 -0.205532 -0.862487 0.46243 -0.20551 -0.86251 0.34269 -0.0657651 -0.937144 0.342775 -0.0658151 -0.937109 0.204994 0.071674 -0.976135 0.204742 0.0718031 -0.976179 0.0544908 0.20148 -0.977976 0.0544976 0.201477 -0.977976 -0.102354 0.318272 -0.942458 -0.102482 0.318315 -0.942429 -0.259815 0.417576 -0.870705 -0.259686 0.417545 -0.870758 -0.410631 0.494877 -0.76582 -0.410573 0.49487 -0.765855 -0.549308 0.54721 -0.631523 -0.549313 0.54721 -0.631519 -0.669539 0.572116 -0.473711 -0.669517 0.572121 -0.473735 -0.766443 0.568605 -0.298752 -0.766467 0.568592 -0.298718 -0.835994 0.536788 -0.113895 -0.836 0.536782 -0.113884 -0.875278 0.478084 0.0729689 -0.875275 0.478089 0.0729619 -0.882817 0.395006 0.254175 -0.882824 0.394953 0.254233 -0.858478 0.291019 0.422283 -0.858482 0.291064 0.422244 -0.80339 0.170524 0.570513 -0.803395 0.170543 0.570502 -0.719886 0.0383092 0.693035 -0.71989 0.038321 0.693029 -0.611438 -0.100216 0.784921 -0.611434 -0.100224 0.784923 -0.482325 -0.239616 0.842584 0.713728 -0.646755 -0.268889 0.713721 -0.646746 -0.268926 0.705018 -0.551449 -0.445931 0.705046 -0.551475 -0.445854 0.664572 -0.437335 -0.605873 0.664547 -0.437315 -0.605914 0.594078 -0.308986 -0.742697 0.593966 -0.308907 -0.742819 0.496536 -0.171748 -0.850855 0.496561 -0.171764 -0.850837 0.375876 -0.0309183 -0.926154 0.375994 -0.0309842 -0.926104 0.237359 0.107392 -0.965468 0.237294 0.107424 -0.96548 0.0858365 0.238203 -0.967415 0.0857391 0.238242 -0.967414 -0.0723623 0.356026 -0.93167 -0.0722342 0.355986 -0.931695 -0.230786 0.456082 -0.859492 -0.230864 0.456099 -0.859462 -0.382873 0.53403 -0.753804 -0.382847 0.534028 -0.753819 -0.522578 0.586788 -0.61854 -0.5226 0.586787 -0.618523 -0.643785 0.611914 -0.459458 -0.643751 0.611924 -0.459493 -0.741422 0.608377 -0.283145 -0.741397 0.608391 -0.283179 -0.81147 0.576302 -0.0969178 -0.811475 0.576296 -0.0969076 -0.851035 0.517096 0.091383 -0.851034 0.517098 0.0913805 -0.8586 0.433317 0.273939 -0.858599 0.433322 0.273933 -0.834018 0.328521 0.44327 -0.834018 0.328514 0.443276 -0.778465 0.207059 0.592553 -0.778468 0.207073 0.592544 -0.694302 0.0738779 0.715882 -0.694294 0.0738545 0.715892 -0.584982 -0.0656913 0.808382 -0.584993 -0.0656662 0.808375 -0.4549 -0.206027 0.866383 -0.454896 -0.206035 0.866383 -0.309183 -0.3416 0.887533 -0.309193 -0.341584 0.887536 -0.153614 -0.466923 0.870853 -0.153609 -0.466931 0.87085 0.0055387 -0.576859 0.816825 0.00555304 -0.576876 0.816813 0.161832 -0.666831 0.727425 0.161815 -0.666813 0.727446 0.30876 -0.732946 0.606183 0.308758 -0.732944 0.606186 0.440143 -0.772344 0.457995 0.44015 -0.77235 0.457977 0.550414 -0.783275 0.289007 0.550413 -0.783275 0.289008 0.634896 -0.765242 0.106352 0.634895 -0.765242 0.106366 0.690065 -0.719057 -0.0822612 0.690066 -0.719059 -0.0822362 0.74792 -0.614021 -0.252179 0.747931 -0.614033 -0.252119 0.739213 -0.518416 -0.429894 0.739182 -0.51839 -0.429979 0.698554 -0.403874 -0.590685 0.698542 -0.403865 -0.590705 0.627676 -0.274862 -0.728336 0.627801 -0.274946 -0.728197 0.52987 -0.137054 -0.836931 0.529888 -0.137065 -0.836918 0.408823 0.0042676 -0.912604 0.408651 0.00435933 -0.912681 0.269444 0.143343 -0.952288 0.269478 0.143327 -0.952281 0.117187 0.274889 -0.954308 0.117278 0.274854 -0.954307 -0.0417162 0.393375 -0.918431 -0.0416561 0.393358 -0.918441 -0.200735 0.493859 -0.846055 -0.20094 0.4939 -0.845982 -0.353902 0.572382 -0.739684 -0.353761 0.57237 -0.739761 -0.494171 0.625429 -0.603849 -0.49421 0.625426 -0.60382 -0.616043 0.650708 -0.443926 -0.616056 0.650705 -0.443912 -0.714205 0.647136 -0.266696 -0.714219 0.647128 -0.266678 -0.784626 0.614856 -0.0794607 -0.784619 0.614863 -0.079473 -0.82437 0.555301 0.109797 -0.824369 0.555303 0.109794 -0.831941 0.471041 0.293248 -0.831944 0.471028 0.293261 -0.807196 0.365636 0.463406 -0.807196 0.365638 0.463404 -0.75131 0.243517 0.613378 -0.751312 0.243525 0.613372 -0.666685 0.10966 0.737228 -0.666684 0.109657 0.73723 -0.556794 -0.0305607 0.830088 -0.556783 -0.0305849 0.830094 -0.426028 -0.171572 0.888292 -0.426034 -0.17156 0.888292 -0.279593 -0.307706 0.909475 -0.279592 -0.307707 0.909475 -0.123279 -0.433533 0.892665 -0.123277 -0.433536 0.892664 0.0366215 -0.543884 0.838361 0.0366228 -0.543885 0.83836 0.193633 -0.634175 0.748551 0.193634 -0.634176 0.74855 0.341203 -0.700524 0.626775 0.341208 -0.700529 0.626766 0.473169 -0.740062 0.477933 0.473167 -0.74006 0.477937 0.583919 -0.751025 0.308221 0.583917 -0.751024 0.308227 0.668759 -0.732932 0.124791 0.668759 -0.732932 0.124785 0.724167 -0.686588 -0.0646496 0.724167 -0.686588 -0.0646518 0.780278 -0.579724 -0.234704 0.78027 -0.579716 -0.234752 0.771535 -0.483997 -0.412894 0.771553 -0.484012 -0.412843 0.730858 -0.369282 -0.574001 0.730866 -0.369288 -0.573987 0.659955 -0.240166 -0.711884 0.659859 -0.240102 -0.711995 0.561829 -0.102082 -0.820931 0.56184 -0.102088 -0.820922 0.44054 0.0395452 -0.896861 0.440567 0.0395312 -0.896849 0.300847 0.179088 -0.936706 0.300983 0.179026 -0.936674 0.148394 0.310922 -0.938779 0.148397 0.310921 -0.938779 -0.0108039 0.429678 -0.902918 -0.0109126 0.42971 -0.902901 -0.170412 0.530554 -0.830345 -0.170308 0.530533 -0.830379 -0.323749 0.609334 -0.723809 -0.323849 0.609342 -0.723757 -0.464563 0.66256 -0.587534 -0.464502 0.662564 -0.587577 -0.586668 0.687947 -0.427259 -0.586702 0.687938 -0.427227 -0.685139 0.684356 -0.249482 -0.685119 0.684367 -0.249507 -0.755721 0.651973 -0.061777 -0.755725 0.651969 -0.061771 -0.795564 0.592199 0.127979 -0.795563 0.592201 0.127977 -0.80313 0.507651 0.311886 -0.803128 0.507658 0.311879 -0.778285 0.401935 0.482412 -0.778285 0.401921 0.482423 -0.722216 0.279439 0.632707 -0.722217 0.279448 0.632701 -0.637348 0.145243 0.756764 -0.637345 0.145233 0.756769 -0.527137 0.00466846 0.849768 -0.527145 0.00468851 0.849762 -0.396046 -0.136599 0.908013 -0.396041 -0.136609 0.908014 -0.249259 -0.272984 0.929166 -0.249255 -0.272991 0.929165 -0.0925832 -0.399013 0.91226 -0.0925874 -0.399006 0.912262 0.0676649 -0.509508 0.857801 0.0676543 -0.509494 0.85781 0.224967 -0.599876 0.767814 0.224977 -0.599888 0.767802 0.372847 -0.666306 0.645771 0.372831 -0.666289 0.645799 0.505024 -0.705855 0.496709 0.505033 -0.705864 0.496687 0.615964 -0.716836 0.326701 0.615971 -0.716842 0.326676 0.700963 -0.698733 0.14291 0.700961 -0.698732 0.142924 0.756472 -0.652344 -0.0468725 0.756472 -0.652345 -0.0468575 0.810578 -0.544045 -0.216743 0.81058 -0.544047 -0.216731 0.801885 -0.448457 -0.3948 0.801872 -0.448447 -0.394837 0.761215 -0.333832 -0.555975 0.761252 -0.33386 -0.555907 0.690422 -0.204861 -0.693793 0.690426 -0.204863 -0.693789 0.592475 -0.0668854 -0.802807 0.592407 -0.0668448 -0.802861 0.471128 0.0748133 -0.878886 0.471228 0.0747606 -0.878837 0.331709 0.214198 -0.918743 0.331579 0.214258 -0.918776 0.179068 0.346157 -0.920929 0.179179 0.346114 -0.920924 0.0201223 0.46486 -0.885156 0.019994 0.464899 -0.885138 -0.139646 0.565918 -0.812549 -0.13955 0.565898 -0.812579 -0.292928 0.644735 -0.706053 -0.292902 0.644732 -0.706066 -0.433666 0.698024 -0.569821 -0.433723 0.698021 -0.569782 -0.555869 0.723421 -0.409478 -0.555859 0.723423 -0.409487 -0.654342 0.719837 -0.231669 -0.654339 0.719839 -0.231673 -0.72494 0.687409 -0.0439379 -0.724935 0.687414 -0.0439451 -0.764773 0.627583 0.145815 -0.764775 0.627579 0.145821 -0.772327 0.542959 0.329706 -0.772329 0.542952 0.329713 -0.747455 0.437148 0.500213 -0.747454 0.437168 0.500196 -0.691353 0.314629 0.650415 -0.691352 0.314622 0.650419 -0.606457 0.180403 0.77438 -0.606456 0.180399 0.774382 -0.496224 0.0398448 0.86728 -0.496224 0.0398439 0.86728 -0.365132 -0.101371 0.92542 -0.365132 -0.101371 0.92542 -0.218353 -0.237669 0.946486 -0.218361 -0.237656 0.946487 -0.0617419 -0.36355 0.929527 -0.0617314 -0.363565 0.929521 0.0984419 -0.473924 0.875046 0.0984458 -0.473929 0.875043 0.255666 -0.564178 0.785072 0.255659 -0.56417 0.78508 0.403423 -0.630482 0.663131 0.403437 -0.630498 0.663107 0.535523 -0.669991 0.514128 0.535513 -0.669981 0.514152 0.646378 -0.680937 0.344267 0.646374 -0.680934 0.344281 0.731313 -0.662856 0.160635 0.731313 -0.662855 0.160637 0.786779 -0.616554 -0.0289917 0.786779 -0.616553 -0.029014 0.838683 -0.507227 -0.198322 0.838681 -0.507225 -0.198337 0.830043 -0.411998 -0.375881 0.830046 -0.412002 -0.37587 0.789552 -0.297773 -0.536599 0.789554 -0.297775 -0.536596 0.719003 -0.169255 -0.674082 0.719003 -0.169255 -0.674082 0.621351 -0.0316534 -0.782893 0.621403 -0.031686 -0.78285 0.500491 0.109624 -0.858773 0.500469 0.109636 -0.858784 0.361424 0.248673 -0.898629 0.361457 0.248657 -0.89862 0.20947 0.380214 -0.900866 0.20925 0.380303 -0.90088 0.0505731 0.498848 -0.865213 0.0507512 0.49879 -0.865236 -0.108525 0.599674 -0.792851 -0.108576 0.599685 -0.792836 -0.261496 0.678357 -0.686624 -0.26149 0.678356 -0.686627 -0.401883 0.731559 -0.550737 -0.401894 0.731559 -0.550729 -0.523802 0.756935 -0.390744 -0.523792 0.756938 -0.390753 -0.622041 0.753355 -0.213359 -0.62204 0.753355 -0.21336 -0.692469 0.720976 -0.0260884 -0.692477 0.720969 -0.0260756 -0.732215 0.661226 0.163222 -0.732211 0.661233 0.163213 -0.739735 0.576748 0.346633 -0.739734 0.57675 0.346631 -0.714903 0.47113 0.516673 -0.714903 0.471133 0.51667 -0.65893 0.348874 0.666407 -0.658927 0.348852 0.666422 -0.574212 0.214923 0.789993 -0.574216 0.214935 0.789987 -0.464253 0.0747506 0.882543 -0.464245 0.0747312 0.882549 -0.333463 -0.0661014 0.940443 -0.333476 -0.0660773 0.94044 -0.1871 -0.201937 0.961361 -0.18709 -0.201954 0.961359 -0.0309157 -0.327413 0.944375 -0.0309188 -0.327409 0.944377 0.128798 -0.437375 0.890008 0.128797 -0.437374 0.890009 0.285533 -0.527274 0.800283 0.285537 -0.527279 0.800279 0.432824 -0.593316 0.678704 0.432822 -0.593315 0.678707 0.564504 -0.632652 0.530176 0.5645 -0.632648 0.530185 0.674984 -0.643555 0.36088 0.674984 -0.643555 0.360878 0.75963 -0.625558 0.177871 0.759635 -0.625561 0.177843 0.814936 -0.579443 -0.0112045 0.814935 -0.579444 -0.0111703 0.864442 -0.469542 -0.179639 0.864444 -0.469545 -0.179621 0.855893 -0.374909 -0.356217 0.855891 -0.374906 -0.356225 0.815669 -0.261371 -0.516109 0.815666 -0.261369 -0.516115 0.745554 -0.133585 -0.65292 0.745554 -0.133584 -0.65292 0.648484 0.00326151 -0.761221 0.648476 0.00326722 -0.761229 0.528351 0.143737 -0.836771 0.528276 0.143781 -0.836811 0.38994 0.282197 -0.876534 0.389987 0.282173 -0.876521 0.238789 0.413142 -0.878802 0.238853 0.413114 -0.878798 0.0808526 0.531265 -0.843339 0.0808306 0.531273 -0.843336 -0.0774984 0.631642 -0.771377 -0.0774907 0.63164 -0.77138 -0.229674 0.710011 -0.665683 -0.229689 0.710013 -0.665675 -0.369391 0.763007 -0.530444 -0.369387 0.763007 -0.530447 -0.490724 0.788289 -0.371201 -0.49071 0.788292 -0.371214 -0.588468 0.784725 -0.19471 -0.588488 0.784716 -0.194685 -0.658589 0.752457 -0.00829808 -0.658577 0.752467 -0.00831732 -0.698131 0.692957 0.180065 -0.698132 0.692955 0.180067 -0.705617 0.608814 0.362561 -0.705615 0.608819 0.362555 -0.680903 0.503672 0.531682 -0.680904 0.503641 0.53171 -0.625186 0.38191 0.680653 -0.625189 0.38193 0.680638 -0.540859 0.2486 0.803536 -0.540864 0.248615 0.803528 -0.431441 0.109129 0.895517 -0.431441 0.109129 0.895517 -0.301306 -0.0309777 0.953024 -0.301301 -0.0309875 0.953026 -0.155696 -0.166076 0.973744 -0.15569 -0.166085 0.973744 -0.000313415 -0.290838 0.956772 -0.000320352 -0.290828 0.956775 0.15853 -0.400128 0.902644 0.15853 -0.400128 0.902644 0.314415 -0.489474 0.813362 0.314401 -0.489459 0.813377 0.460856 -0.555071 0.692465 0.460862 -0.555076 0.692457 0.59177 -0.594149 0.544789 0.591784 -0.594161 0.54476 0.701638 -0.604995 0.376412 0.701632 -0.604991 0.37643 0.785805 -0.587112 0.19445 0.785802 -0.58711 0.194468 0.840808 -0.541294 0.00648631 0.840809 -0.541293 0.00646231 -0.114448 -0.156789 0.980979 -0.182713 -0.0839718 0.979574 -0.272196 0.000198717 0.962242 -0.272198 0.00020191 0.962241 -0.401484 0.139377 0.905199 -0.401487 0.139386 0.905196 -0.510197 0.277962 0.813902 -0.510198 0.277967 0.8139 -0.593983 0.410455 0.69189 -0.593984 0.410465 0.691883 -0.649354 0.531483 0.543935 -0.649355 0.531475 0.543942 -0.673911 0.636013 0.375941 -0.673913 0.636008 0.375946 -0.666471 0.719676 0.194634 -0.666465 0.719686 0.194621 -0.627165 0.778851 0.00748892 -0.627162 0.778853 0.00748432 -0.557488 0.810935 -0.17774 -0.557504 0.810928 -0.177721 -0.460361 0.814479 -0.353117 -0.460349 0.814481 -0.353128 -0.339798 0.789341 -0.51135 -0.339805 0.789341 -0.511345 -0.200987 0.736636 -0.645733 -0.200992 0.736637 -0.645731 -0.0498027 0.658712 -0.750745 -0.0497757 0.658706 -0.750752 0.107504 0.558918 -0.822225 0.107485 0.558924 -0.822223 0.264389 0.441506 -0.857421 0.264356 0.441519 -0.857425 0.414508 0.311366 -0.855122 0.41453 0.311356 -0.855115 0.551942 0.173768 -0.815577 0.551961 0.173757 -0.815566 0.671221 0.0342196 -0.740467 0.671189 0.0342392 -0.740495 0.76757 -0.101705 -0.632845 0.767589 -0.101717 -0.63282 0.837157 -0.228581 -0.49691 0.837137 -0.228566 -0.496951 0.877045 -0.341303 -0.338089 0.877058 -0.341313 -0.338045 0.885506 -0.435207 -0.162707 0.885504 -0.435204 -0.162727 0.862004 -0.506418 0.0221136 0.862004 -0.506418 0.0221153 0.80738 -0.551871 0.20875 0.807376 -0.551868 0.20877 0.723813 -0.569604 0.389418 0.723813 -0.569604 0.389418 0.614723 -0.558854 0.556595 0.614732 -0.558863 0.556576 0.484737 -0.520092 0.703231 0.48475 -0.520106 0.703212 0.339335 -0.455001 0.823302 0.339319 -0.454982 0.823318 0.184541 -0.366326 0.912003 0.184532 -0.366314 0.91201 0.0267933 -0.257834 0.965818 0.0268003 -0.257845 0.965815 -0.127546 -0.133968 0.982744 0.615319 0.703681 0.355268 0.615329 0.703673 0.355267 0.615337 0.703665 0.355268 0.615352 0.703653 0.355267 0.615337 0.703667 0.355266 0.615329 0.703673 0.355266 0.615338 0.703665 0.355267 0.615375 0.703634 0.355265 0.615334 0.703671 0.355262 0.615304 0.703696 0.355264 0.615347 0.703658 0.355266 0.615382 0.703628 0.355265 0.615371 0.703637 0.355264 0.615197 0.703785 0.355274 0.615347 0.703651 0.355278 0.615335 0.70367 0.355262 0.615335 0.70367 0.355262 0.615331 0.703675 0.355259 0.61536 0.703642 0.355274 0.615337 0.703666 0.355266 0.615325 0.703676 0.355268 0.615345 0.703658 0.355269 0.615369 0.703638 0.355267 0.615329 0.703674 0.355265 0.615344 0.703656 0.355275 0.615332 0.70367 0.355266 0.615341 0.70366 0.355271 0.615319 0.703684 0.355263 0.61534 0.703663 0.355267 0.61549 0.703527 0.355278 -0.710534 -0.703663 -8.07091e-07 -0.710527 -0.70367 -2.15976e-06 -0.710533 -0.703664 1.85441e-08 -0.710538 -0.703659 1.00761e-06 -0.710528 -0.703669 -2.6205e-06 -0.710543 -0.703654 2.88786e-07 -0.710544 -0.703653 6.29378e-07 -0.710525 -0.703672 -2.9639e-06 -0.710517 -0.70368 -5.57954e-06 -0.710515 -0.703682 -5.97648e-06 -0.710561 -0.703636 9.38563e-06 -0.710569 -0.703628 1.08769e-05 -0.710563 -0.703633 9.02888e-06 -0.710534 -0.703663 3.43401e-06 -0.710504 -0.703694 -6.68196e-06 -0.710608 -0.703588 1.3301e-05 -0.710544 -0.703653 -3.1872e-07 -0.710527 -0.70367 1.23902e-06 -0.710538 -0.703659 -1.31027e-06 -0.710516 -0.703681 6.7197e-06 -0.710528 -0.703669 4.93654e-07 -0.710527 -0.70367 1.43614e-06 -0.710682 -0.703513 6.03798e-05 -0.710583 -0.703613 1.20436e-05 -0.710509 -0.703688 -1.28312e-05 -0.710551 -0.703646 -4.84572e-06 -0.71056 -0.703636 -7.12207e-05 -0.710532 -0.703665 -1.45565e-06 -0.71055 -0.703647 -5.67457e-06 -0.710544 -0.703652 -5.15764e-06 0.448253 -0.681812 -0.578102 0.448167 -0.681779 -0.578207 0.357156 -0.59138 -0.722987 0.357276 -0.591435 -0.722882 0.248084 -0.483029 -0.839725 0.248042 -0.483007 -0.83975 0.124987 -0.360904 -0.92419 0.12474 -0.36077 -0.924276 -0.00741484 -0.229708 -0.973231 -0.00716159 -0.229848 -0.9732 -0.143525 -0.0947054 -0.985105 -0.143646 -0.0946379 -0.985094 -0.2791 0.0395264 -0.959448 -0.278941 0.0394397 -0.959498 -0.408392 0.167573 -0.897293 -0.408371 0.167562 -0.897305 -0.526866 0.28478 -0.80082 -0.526901 0.284796 -0.800791 -0.629929 0.38666 -0.67356 -0.630013 0.386692 -0.673464 -0.713607 0.469319 -0.5201 -0.713625 0.469324 -0.520072 -0.774384 0.529367 -0.346554 -0.77438 0.529367 -0.346564 -0.809919 0.564482 -0.159346 -0.809914 0.564484 -0.159366 -0.818719 0.573183 0.0340678 -0.818719 0.573183 0.0340688 -0.80044 0.55514 0.226086 -0.80044 0.555131 0.22611 -0.755807 0.511038 0.409386 -0.755806 0.511036 0.409389 -0.68669 0.442741 0.576573 -0.686681 0.442718 0.576602 -0.59585 0.352931 0.721389 -0.595854 0.352938 0.721383 -0.486877 0.245164 0.838359 -0.486876 0.245162 0.83836 -0.364004 0.123583 0.923162 -0.364002 0.123579 0.923163 -0.231932 -0.00717686 0.972705 -0.231934 -0.0071736 0.972705 -0.0956028 -0.142234 0.985205 -0.0955933 -0.142251 0.985204 0.039881 -0.276546 0.960173 0.0398665 -0.27652 0.960181 0.169392 -0.404998 0.898489 0.1694 -0.405013 0.898481 0.288092 -0.522811 0.802291 0.288086 -0.522799 0.802301 0.391374 -0.625362 0.675092 0.39138 -0.625377 0.675074 0.475195 -0.708639 0.521555 0.475195 -0.708636 0.52156 0.536189 -0.769243 0.347514 0.536186 -0.769201 0.347613 0.571824 -0.804638 0.159923 0.571821 -0.804645 0.159895 0.580659 -0.81343 -0.0341498 0.580652 -0.813434 -0.0341769 0.562301 -0.7952 -0.226879 0.562315 -0.7952 -0.226843 0.51755 -0.750709 -0.410583 0.517589 -0.750718 -0.410517 0.486132 -0.651901 -0.58198 0.486118 -0.651896 -0.581997 0.39446 -0.560946 -0.727833 0.394392 -0.560917 -0.727892 0.284482 -0.451892 -0.845496 0.284532 -0.451916 -0.845467 0.160422 -0.328847 -0.930658 0.160635 -0.328954 -0.930583 0.0275266 -0.197013 -0.980014 0.0272926 -0.196891 -0.980045 -0.109919 -0.0609431 -0.99207 -0.109823 -0.0609935 -0.992078 -0.246188 0.0740471 -0.966389 -0.246413 0.0741611 -0.966323 -0.376719 0.203156 -0.903776 -0.376673 0.203134 -0.9038 -0.496009 0.321218 -0.806718 -0.496038 0.321231 -0.806696 -0.599925 0.423997 -0.678467 -0.599837 0.423966 -0.678564 -0.684153 0.507339 -0.523967 -0.684131 0.507333 -0.524002 -0.745393 0.567888 -0.349131 -0.745374 0.567888 -0.349172 -0.781194 0.603278 -0.160598 -0.781208 0.603272 -0.160553 -0.790078 0.612045 0.0343214 -0.790079 0.612043 0.0343259 -0.771655 0.593824 0.227862 -0.771654 0.593851 0.227797 -0.726677 0.549406 0.412426 -0.726672 0.549379 0.41247 -0.657028 0.480526 0.580869 -0.657024 0.480514 0.580883 -0.565476 0.389982 0.72674 -0.56548 0.389992 0.726731 -0.455679 0.281376 0.844502 -0.455682 0.281382 0.844498 -0.331903 0.158889 0.929836 -0.331898 0.158879 0.929839 -0.198849 0.0271585 0.979654 -0.198855 0.02717 0.979652 -0.0615441 -0.108829 0.992154 -0.0615401 -0.108836 0.992153 0.07489 -0.244027 0.966872 0.0749071 -0.24406 0.966863 0.205351 -0.373373 0.904668 0.205338 -0.373347 0.904682 0.324878 -0.491901 0.807767 0.324877 -0.4919 0.807768 0.428885 -0.595089 0.679652 0.428881 -0.595078 0.679664 0.513282 -0.67884 0.52509 0.513285 -0.678855 0.525066 0.574682 -0.739802 0.349904 0.574683 -0.739831 0.349842 0.610559 -0.775441 0.160962 0.610563 -0.775432 0.16099 0.619467 -0.784269 -0.0344002 0.619473 -0.784265 -0.0343772 0.601017 -0.765929 -0.228323 0.600985 -0.765932 -0.228397 0.555892 -0.721171 -0.413395 0.555928 -0.721178 -0.413337 0.523222 -0.620085 -0.58458 0.523262 -0.620096 -0.584531 0.431172 -0.528793 -0.731074 0.431185 -0.528798 -0.731063 0.320706 -0.419287 -0.849321 0.320733 -0.419299 -0.849305 0.196232 -0.295913 -0.934842 0.196027 -0.295816 -0.934915 0.0623281 -0.163352 -0.984597 0.0624898 -0.163431 -0.984574 -0.0756131 -0.0266379 -0.996781 -0.0755431 -0.0266724 -0.996786 -0.212519 0.108966 -0.971062 -0.212494 0.108954 -0.971069 -0.343555 0.238696 -0.908292 -0.343659 0.238743 -0.90824 -0.463607 0.357466 -0.810732 -0.463553 0.357444 -0.810773 -0.568001 0.460797 -0.681939 -0.56801 0.4608 -0.68193 -0.652667 0.544556 -0.526768 -0.652734 0.544569 -0.526672 -0.714299 0.605487 -0.350944 -0.714296 0.605487 -0.35095 -0.750286 0.641104 -0.161422 -0.75028 0.641106 -0.161438 -0.759205 0.649938 0.0344838 -0.759208 0.649933 0.0345017 -0.740679 0.631599 0.22908 -0.740678 0.63161 0.229055 -0.695475 0.586893 0.414574 -0.695476 0.586897 0.414567 -0.625434 0.517607 0.58388 -0.625439 0.517626 0.583857 -0.533417 0.42658 0.730409 -0.533408 0.426559 0.730427 -0.423055 0.317352 0.848712 -0.423051 0.317345 0.848717 -0.298653 0.194212 0.934392 -0.298651 0.194209 0.934393 -0.164939 0.0618222 0.984364 -0.164938 0.0618193 0.984365 -0.0269527 -0.0748337 0.996832 -0.026965 -0.0748095 0.996833 0.110125 -0.210611 0.971347 0.110123 -0.210608 0.971348 0.241191 -0.340481 0.90879 0.241198 -0.340495 0.908783 0.361275 -0.459504 0.811379 0.361273 -0.4595 0.811383 0.46575 -0.563071 0.682662 0.465753 -0.56308 0.682653 0.550536 -0.647141 0.52737 0.550534 -0.647133 0.527382 0.612228 -0.70831 0.351388 0.612228 -0.708294 0.351421 0.648276 -0.744049 0.161644 0.648278 -0.744045 0.161656 0.657206 -0.752919 -0.0345332 0.657202 -0.752922 -0.0345484 0.63865 -0.73453 -0.22933 0.638659 -0.734529 -0.229309 0.593366 -0.689613 -0.415151 0.593342 -0.68961 -0.41519 0.559217 -0.586765 -0.585647 0.559148 -0.586747 -0.585731 0.466858 -0.495326 -0.732595 0.466905 -0.495343 -0.732554 0.356187 -0.385668 -0.851112 0.356204 -0.385675 -0.851101 0.231342 -0.261996 -0.936931 0.231489 -0.262064 -0.936875 0.0974138 -0.129267 -0.986813 0.0973106 -0.129218 -0.98683 -0.0408497 0.00761161 -0.999136 -0.0410478 0.00770676 -0.999127 -0.178442 0.143769 -0.97339 -0.178254 0.143681 -0.973438 -0.30961 0.27375 -0.910605 -0.309632 0.273759 -0.910596 -0.429968 0.392905 -0.812867 -0.429981 0.39291 -0.812858 -0.534681 0.496569 -0.683766 -0.53467 0.496565 -0.683777 -0.619605 0.58065 -0.528143 -0.61955 0.580639 -0.528221 -0.68135 0.641801 -0.351929 -0.681349 0.641801 -0.351929 -0.71746 0.677527 -0.161893 -0.717465 0.677525 -0.161879 -0.726419 0.686381 0.0346027 -0.726414 0.686387 0.0345814 -0.707825 0.668007 0.229672 -0.70783 0.667985 0.229726 -0.662504 0.623116 0.41571 -0.662503 0.623104 0.41573 -0.592258 0.553564 0.585489 -0.59226 0.553573 0.585479 -0.499983 0.462215 0.732375 -0.49999 0.462234 0.732359 -0.389329 0.352671 0.850909 -0.389326 0.352665 0.850913 -0.264585 0.229152 0.936741 -0.264594 0.22917 0.936734 -0.130549 0.0964333 0.986741 -0.130546 0.0964272 0.986742 0.00776844 -0.0405474 0.999147 0.00777263 -0.040556 0.999147 0.145147 -0.176611 0.97352 0.145157 -0.176631 0.973515 0.276536 -0.306758 0.910729 0.276524 -0.306733 0.910741 0.396859 -0.425933 0.813071 0.396866 -0.42595 0.813058 0.501577 -0.52968 0.684003 0.501568 -0.529653 0.68403 0.58652 -0.613817 0.528416 0.586522 -0.613829 0.528399 0.648327 -0.675062 0.352086 0.648327 -0.675075 0.352061 0.684439 -0.710851 0.161967 0.684437 -0.710857 0.16195 0.6934 -0.719721 -0.0346103 0.693403 -0.719719 -0.0345986 0.67481 -0.701299 -0.229807 0.674828 -0.701295 -0.229765 0.629479 -0.656348 -0.415889 0.629442 -0.656345 -0.41595 0.593721 -0.55209 -0.585399 0.593726 -0.552092 -0.585392 0.501389 -0.460679 -0.732382 0.501457 -0.460703 -0.73232 0.390882 -0.351217 -0.850799 0.390789 -0.351179 -0.850857 0.266013 -0.22763 -0.936708 0.265961 -0.227606 -0.936729 0.132071 -0.0950269 -0.986675 0.131995 -0.0949907 -0.986688 -0.00640495 0.0420685 -0.999094 -0.00616866 0.0419551 -0.9991 -0.143589 0.178054 -0.973488 -0.14376 0.178135 -0.973448 -0.274978 0.308108 -0.910745 -0.274995 0.308115 -0.910738 -0.395463 0.42745 -0.812955 -0.395326 0.427396 -0.81305 -0.500009 0.531093 -0.684055 -0.500098 0.531122 -0.683968 -0.58506 0.6153 -0.52831 -0.585045 0.615296 -0.52833 -0.646809 0.676491 -0.352134 -0.646844 0.676492 -0.352067 -0.682953 0.712289 -0.161925 -0.68294 0.712293 -0.161961 -0.691898 0.721165 0.0346219 -0.691897 0.721166 0.0346176 -0.673321 0.702736 0.229783 -0.67332 0.702743 0.229766 -0.627952 0.657783 0.415929 -0.627955 0.657818 0.41587 -0.557685 0.588197 0.585672 -0.557682 0.588187 0.585685 -0.46538 0.496746 0.732574 -0.46538 0.496745 0.732575 -0.354702 0.387104 0.85108 -0.354704 0.387107 0.851078 -0.22995 0.263534 0.936842 -0.229942 0.263516 0.936849 -0.0959028 0.130756 0.986765 -0.0959004 0.130752 0.986766 0.0424138 -0.00623031 0.999081 0.0424148 -0.00623236 0.999081 0.179802 -0.142286 0.973358 0.179787 -0.142255 0.973365 0.311132 -0.272313 0.910518 0.311145 -0.27234 0.910505 0.431439 -0.391445 0.812792 0.431432 -0.391426 0.812805 0.536102 -0.495052 0.683753 0.536109 -0.495073 0.683732 0.621013 -0.579123 0.528167 0.621011 -0.579116 0.528175 0.682794 -0.640275 0.351911 0.682794 -0.640274 0.351911 0.718892 -0.676011 0.161872 0.718894 -0.676007 0.161882 0.727842 -0.68487 -0.0346135 0.727848 -0.684866 -0.0345918 0.709267 -0.666473 -0.229683 0.709264 -0.666474 -0.229689 0.663925 -0.621601 -0.415711 0.663939 -0.621602 -0.415688 0.626607 -0.516277 -0.583799 0.626641 -0.516285 -0.583755 0.534638 -0.425251 -0.73029 0.534548 -0.425219 -0.730375 0.424253 -0.316079 -0.848589 0.42434 -0.316116 -0.848532 0.29983 -0.192873 -0.934292 0.299829 -0.192873 -0.934293 0.166269 -0.0606356 -0.984214 0.166244 -0.0606235 -0.984219 0.0281645 0.0761223 -0.996701 0.0281205 0.0761439 -0.9967 -0.108872 0.21185 -0.971219 -0.108768 0.2118 -0.971242 -0.239913 0.341747 -0.908653 -0.23977 0.341681 -0.908716 -0.359883 0.460721 -0.811308 -0.360029 0.460782 -0.811209 -0.464377 0.564226 -0.682644 -0.46439 0.564231 -0.682631 -0.549233 0.648355 -0.527237 -0.549233 0.648355 -0.527237 -0.610864 0.709475 -0.351412 -0.610854 0.709474 -0.351432 -0.646919 0.745233 -0.161626 -0.646926 0.745231 -0.161607 -0.655852 0.754099 0.0345388 -0.655855 0.754095 0.0345539 -0.637293 0.735698 0.22936 -0.63729 0.735711 0.229328 -0.592033 0.690847 0.415003 -0.592029 0.690795 0.415095 -0.521933 0.621286 0.584456 -0.52193 0.621273 0.584473 -0.429819 0.529947 0.731035 -0.42982 0.529947 0.731034 -0.319374 0.420463 0.849241 -0.319381 0.420479 0.849231 -0.19491 0.297121 0.934735 -0.194913 0.297127 0.934732 -0.0611727 0.164618 0.984459 -0.0611742 0.164621 0.984458 0.0768044 0.0279493 0.996654 0.0768057 0.0279467 0.996654 0.213845 -0.107756 0.970906 0.213848 -0.107762 0.970905 0.344821 -0.237421 0.908146 0.344826 -0.237431 0.908142 0.464815 -0.356187 0.810603 0.464815 -0.356186 0.810604 0.56918 -0.459458 0.681859 0.56918 -0.459456 0.681861 0.653856 -0.543229 0.526663 0.653854 -0.543222 0.526673 0.71544 -0.604143 0.350936 0.715442 -0.604162 0.3509 0.751443 -0.639758 0.16138 0.751445 -0.639749 0.161403 0.760364 -0.648579 -0.0345181 0.760365 -0.648578 -0.0345136 0.741857 -0.630258 -0.228961 0.741834 -0.630264 -0.229019 0.696624 -0.585548 -0.414546 0.696638 -0.585549 -0.414522 0.657803 -0.479639 -0.580725 0.657741 -0.479622 -0.580809 0.566196 -0.389102 -0.726651 0.566249 -0.389122 -0.726599 0.456502 -0.280555 -0.844331 0.456448 -0.280531 -0.844368 0.332521 -0.157901 -0.929783 0.332659 -0.157967 -0.929723 0.19972 -0.0263545 -0.979498 0.199768 -0.0263788 -0.979488 0.0624254 0.109659 -0.992007 0.0623154 0.109716 -0.992008 -0.0739706 0.244766 -0.966756 -0.0740855 0.244825 -0.966733 -0.20456 0.374174 -0.904516 -0.204529 0.374159 -0.904529 -0.324012 0.492661 -0.807652 -0.323966 0.49264 -0.807683 -0.427935 0.595796 -0.679632 -0.427935 0.595796 -0.679631 -0.51236 0.679583 -0.525028 -0.512427 0.679602 -0.524937 -0.573781 0.74052 -0.349864 -0.573767 0.740519 -0.34989 -0.609658 0.776164 -0.160894 -0.609645 0.776167 -0.160928 -0.61855 0.784991 0.0344089 -0.618546 0.784996 0.0343898 -0.600087 0.766657 0.228326 -0.60009 0.766641 0.22837 -0.55503 0.721884 0.413311 -0.555036 0.721942 0.413201 -0.485216 0.652639 0.581917 -0.485221 0.652656 0.581895 -0.393529 0.561664 0.727784 -0.393525 0.561654 0.727793 -0.283592 0.452597 0.845418 -0.283588 0.45259 0.845423 -0.159709 0.329747 0.930462 -0.159708 0.329745 0.930463 -0.0265989 0.197806 0.97988 -0.0266003 0.197808 0.97988 0.110709 0.0617678 0.991932 0.110713 0.0617592 0.991932 0.2471 -0.0733066 0.966213 0.247091 -0.0732899 0.966217 0.37741 -0.202288 0.903682 0.377414 -0.202296 0.903679 0.496814 -0.320439 0.806532 0.496805 -0.320419 0.806546 0.600622 -0.423104 0.678407 0.600627 -0.423116 0.678395 0.684853 -0.506397 0.523964 0.684855 -0.506404 0.523955 0.746125 -0.56697 0.349059 0.746122 -0.566941 0.349113 0.781925 -0.602339 0.160565 0.781922 -0.60235 0.160538 0.790798 -0.611116 -0.0342894 0.790788 -0.611127 -0.0343384 0.772359 -0.592923 -0.227822 0.772379 -0.592919 -0.227767 0.727398 -0.548455 -0.412418 0.727408 -0.548456 -0.4124 0.686842 -0.442392 -0.57666 0.686983 -0.442436 -0.576459 0.596186 -0.352667 -0.72124 0.596063 -0.352615 -0.721367 0.487164 -0.244923 -0.838263 0.487165 -0.244923 -0.838262 0.364093 -0.123149 -0.923185 0.364109 -0.123158 -0.923178 0.232256 0.00737903 -0.972627 0.232218 0.00739999 -0.972636 0.0958243 0.142519 -0.985143 0.0958996 0.142478 -0.985141 -0.0395388 0.27674 -0.960131 -0.0395047 0.276721 -0.960138 -0.169083 0.405253 -0.898432 -0.16918 0.405305 -0.898391 -0.2878 0.523033 -0.802251 -0.287823 0.523045 -0.802236 -0.391119 0.625618 -0.675003 -0.391013 0.625572 -0.675107 -0.474893 0.708895 -0.521483 -0.474843 0.708878 -0.521551 -0.535829 0.769466 -0.347577 -0.535839 0.769468 -0.347558 -0.571486 0.804886 -0.159885 -0.571503 0.804883 -0.159837 -0.580332 0.813662 0.0341747 -0.580334 0.813661 0.0341824 -0.561993 0.795432 0.226829 -0.561993 0.795434 0.226825 -0.517217 0.750932 0.410594 -0.517218 0.750937 0.410583 -0.447919 0.682077 0.578048 -0.447917 0.682068 0.57806 -0.356864 0.591631 0.722925 -0.356863 0.591628 0.722928 -0.247674 0.483225 0.839733 -0.247676 0.48323 0.83973 -0.124643 0.361147 0.924141 -0.124646 0.361153 0.924138 0.00753268 0.230072 0.973145 0.00753469 0.230068 0.973145 0.143891 0.0949265 0.98503 0.143877 0.094951 0.98503 0.279282 -0.0391609 0.95941 0.279295 -0.039183 0.959406 0.408676 -0.167252 0.897224 0.408662 -0.167227 0.897235 0.527166 -0.284462 0.800736 0.527184 -0.284499 0.80071 0.630225 -0.386386 0.673441 0.630217 -0.386369 0.673457 0.713828 -0.469007 0.52008 0.713821 -0.468987 0.520106 0.774606 -0.529046 0.346549 0.774613 -0.529085 0.346474 0.810136 -0.564168 0.159355 0.810137 -0.564162 0.159372 0.818946 -0.572859 -0.0340484 0.818949 -0.572856 -0.0340345 0.80067 -0.554799 -0.22611 0.800664 -0.5548 -0.226129 0.756067 -0.510741 -0.409276 0.75602 -0.510734 -0.409371 0.710515 0.703682 6.20014e-06 0.710545 0.703652 -3.6327e-06 0.710527 0.70367 4.78838e-06 0.710577 0.70362 8.10716e-06 0.710499 0.703698 1.04634e-06 0.71062 0.703576 1.67721e-05 0.710549 0.703648 -1.03009e-05 0.710549 0.703648 -1.03669e-05 0.710525 0.703672 1.46475e-05 0.710521 0.703676 1.91491e-05 0.710545 0.703652 -1.72591e-05 0.71045 0.703747 0.0001597 0.710533 0.703664 9.77439e-07 0.710528 0.703669 5.56856e-06 0.710537 0.70366 -3.54831e-06 0.71061 0.703587 3.63158e-05 0.710557 0.70364 1.63421e-05 0.710473 0.703725 -2.88403e-05 0.710559 0.703638 3.86279e-06 0.710534 0.703663 -6.60706e-07 0.710539 0.703658 -1.5398e-06 0.710526 0.703672 2.90018e-06 0.710544 0.703652 -6.35616e-06 0.710534 0.703663 6.21998e-07 0.710527 0.70367 5.89634e-06 0.71054 0.703657 -7.91824e-06 0.710529 0.703668 8.73005e-06 0.710529 0.703668 8.62048e-06 0.710538 0.703658 -5.50014e-06 0.710531 0.703666 -2.29526e-05 -0.615363 -0.703628 0.355297 -0.61536 -0.703633 0.355293 -0.615358 -0.703637 0.355289 -0.615347 -0.703654 0.355273 -0.61534 -0.703668 0.355258 -0.615326 -0.703691 0.355237 -0.615342 -0.703659 0.35527 -0.615339 -0.703665 0.355265 -0.615334 -0.703674 0.355256 -0.615345 -0.703657 0.355272 -0.615345 -0.703656 0.355273 -0.615333 -0.703676 0.355255 -0.615339 -0.703664 0.355267 -0.61534 -0.703664 0.355267 -0.615348 -0.703647 0.355285 -0.615326 -0.703684 0.35525 -0.615339 -0.703663 0.355269 -0.615341 -0.703661 0.35527 -0.615336 -0.703667 0.355267 -0.615324 -0.703682 0.355256 -0.615359 -0.703637 0.355286 -0.615345 -0.703658 0.355269 -0.615342 -0.703662 0.355267 -0.615333 -0.703671 0.355265 -0.615333 -0.703671 0.355265 -0.615352 -0.703652 0.35527 -0.615335 -0.70367 0.355262 -0.615383 -0.703613 0.355293 -0.615313 -0.70369 0.355262 -0.615318 -0.703685 0.355263 0.48848 -0.239696 0.839007 0.547543 -0.325261 0.770975 0.582643 -0.371047 0.723085 0.588193 -0.390822 0.708017 0.641927 -0.498865 0.582292 0.641926 -0.498842 0.582312 0.674502 -0.608119 0.418615 0.674501 -0.608127 0.418606 0.675223 -0.697528 0.23985 0.675214 -0.697546 0.239824 0.643885 -0.763265 0.0532814 0.643896 -0.763254 0.0533024 0.581657 -0.802433 -0.133331 0.581652 -0.802435 -0.133337 0.491057 -0.813297 -0.312108 0.491082 -0.813292 -0.312082 0.375924 -0.795366 -0.475473 0.375918 -0.795366 -0.475477 0.241076 -0.749443 -0.616618 0.241071 -0.749443 -0.61662 0.0923321 -0.677594 -0.729617 0.0923139 -0.677589 -0.729624 -0.0641877 -0.582893 -0.81001 -0.0641704 -0.582899 -0.810007 -0.22191 -0.469433 -0.854628 -0.221918 -0.469429 -0.854628 -0.37448 -0.341939 -0.861883 -0.374468 -0.341946 -0.861886 -0.51582 -0.205578 -0.831666 -0.51582 -0.205577 -0.831665 -0.640286 -0.0658822 -0.765306 -0.640281 -0.0658856 -0.76531 -0.742956 0.0715933 -0.665501 -0.742959 0.0715957 -0.665497 -0.819736 0.201404 -0.536162 -0.819736 0.201404 -0.536162 -0.867426 0.318274 -0.382459 -0.867427 0.318276 -0.382453 -0.883982 0.417468 -0.210466 -0.883982 0.417467 -0.210469 -0.86856 0.494839 -0.0271722 -0.86856 0.49484 -0.0271558 -0.821642 0.54711 0.159921 -0.821642 0.54711 0.159918 -0.745061 0.572031 0.343024 -0.74506 0.572031 0.343025 -0.641965 0.568511 0.514467 -0.641968 0.568514 0.51446 -0.516695 0.536713 0.667057 -0.51669 0.536709 0.667065 -0.374502 0.478008 0.794517 -0.374502 0.478007 0.794517 -0.221333 0.39491 0.89166 -0.221355 0.394934 0.891644 -0.0635781 0.290965 0.954619 -0.0635711 0.290956 0.954622 0.0923226 0.170459 0.98103 0.0923402 0.170434 0.981033 0.240156 0.03825 0.96998 0.240141 0.0382763 0.969983 0.37399 -0.100303 0.921993 0.37398 -0.100283 0.921999 0.488472 -0.239676 0.839017 0.123765 -0.646923 -0.752445 0.123824 -0.646936 -0.752424 -0.0337885 -0.551661 -0.833384 -0.0338039 -0.551656 -0.833387 -0.192668 -0.43748 -0.878345 -0.192659 -0.437484 -0.878345 -0.346234 -0.309261 -0.885709 -0.346374 -0.309192 -0.885678 -0.488801 -0.171884 -0.855295 -0.488762 -0.171906 -0.855313 -0.614208 -0.0311966 -0.788527 -0.61417 -0.0312213 -0.788556 -0.717645 0.107247 -0.688102 -0.717651 0.107251 -0.688095 -0.795057 0.238046 -0.55787 -0.795055 0.238045 -0.557873 -0.843153 0.355825 -0.40309 -0.843157 0.355829 -0.403078 -0.859883 0.455834 -0.229817 -0.859881 0.455831 -0.229832 -0.844374 0.533848 -0.0451593 -0.844374 0.533847 -0.0451684 -0.797113 0.586567 0.143357 -0.797114 0.586567 0.143347 -0.71996 0.611701 0.32784 -0.719955 0.611697 0.327858 -0.616061 0.608149 0.500623 -0.616063 0.608151 0.500618 -0.489818 0.576078 0.654379 -0.489824 0.576084 0.65437 -0.346547 0.516888 0.782772 -0.346541 0.516882 0.782778 -0.192221 0.433103 0.880609 -0.192216 0.433097 0.880613 -0.0333136 0.328322 0.943978 -0.0332988 0.328302 0.943986 0.12377 0.206835 0.970515 0.123746 0.206873 0.970511 0.272633 0.0736856 0.959292 0.272639 0.0736747 0.959291 0.407393 -0.0658705 0.910875 0.4074 -0.0658863 0.91087 0.522667 -0.206232 0.827217 0.522666 -0.206229 0.827218 0.613838 -0.34179 0.711606 0.613835 -0.341778 0.711614 0.677174 -0.46711 0.568546 0.677174 -0.467107 0.568548 0.709961 -0.57704 0.403708 0.709959 -0.577051 0.403696 0.710687 -0.667014 0.223645 0.710695 -0.666997 0.223668 0.679154 -0.733122 0.0358058 0.679154 -0.733122 0.0358069 0.616508 -0.772522 -0.152076 0.616506 -0.772524 -0.15208 0.525314 -0.78345 -0.332042 0.525289 -0.783456 -0.332067 0.409352 -0.765423 -0.496547 0.40937 -0.765422 -0.496534 0.273607 -0.719232 -0.638627 0.273592 -0.71923 -0.638635 0.155299 -0.614375 -0.77358 0.155247 -0.614365 -0.773598 -0.00314015 -0.518706 -0.854947 -0.00301724 -0.518743 -0.854925 -0.16259 -0.404164 -0.90012 -0.162657 -0.404138 -0.90012 -0.317121 -0.275262 -0.90756 -0.316924 -0.275352 -0.907601 -0.460098 -0.137437 -0.877166 -0.460209 -0.137379 -0.877118 -0.586332 0.00401518 -0.810061 -0.586256 0.00396983 -0.810116 -0.690261 0.143082 -0.709272 -0.690257 0.143079 -0.709277 -0.76808 0.274502 -0.578534 -0.768122 0.274534 -0.578463 -0.816515 0.392973 -0.422937 -0.816503 0.392964 -0.422968 -0.833356 0.49354 -0.248868 -0.833359 0.493543 -0.248853 -0.817802 0.57201 -0.0632835 -0.817802 0.572011 -0.0632639 -0.770309 0.625051 0.126233 -0.77031 0.625052 0.126224 -0.692756 0.65034 0.311685 -0.692759 0.650342 0.311674 -0.588326 0.646773 0.485342 -0.588317 0.646764 0.485365 -0.461411 0.614493 0.639921 -0.461412 0.614494 0.639919 -0.317383 0.554936 0.76897 -0.317394 0.554948 0.768956 -0.16229 0.470676 0.867252 -0.162285 0.47067 0.867256 -0.00256938 0.365284 0.930893 -0.00258355 0.365304 0.930885 0.155227 0.243195 0.957476 0.155251 0.243157 0.957482 0.304811 0.109305 0.94612 0.304803 0.109321 0.946121 0.440168 -0.030898 0.897384 0.440171 -0.0309061 0.897382 0.555959 -0.171899 0.813241 0.555958 -0.171899 0.813241 0.647523 -0.308046 0.697009 0.64752 -0.308029 0.697019 0.711117 -0.433852 0.553249 0.711117 -0.433857 0.553246 0.744038 -0.544206 0.387618 0.744039 -0.5442 0.387625 0.744769 -0.634482 0.206767 0.744758 -0.634504 0.206738 0.713082 -0.700848 0.0180571 0.713086 -0.700844 0.0180638 0.650175 -0.740377 -0.170631 0.650172 -0.740378 -0.170635 0.558587 -0.751343 -0.351375 0.558586 -0.751343 -0.351376 0.442091 -0.733239 -0.51664 0.442144 -0.733234 -0.5166 0.30589 -0.686926 -0.659215 0.305774 -0.686917 -0.659278 0.186441 -0.580192 -0.792853 0.186469 -0.580197 -0.792843 0.0277141 -0.484401 -0.874407 0.0277182 -0.484402 -0.874406 -0.132159 -0.369689 -0.919709 -0.132084 -0.369716 -0.919709 -0.286874 -0.240671 -0.927244 -0.286988 -0.240621 -0.927221 -0.430454 -0.102488 -0.896775 -0.430328 -0.102552 -0.896828 -0.556784 0.0391249 -0.829735 -0.556906 0.0391951 -0.82965 -0.661122 0.178546 -0.728724 -0.661154 0.178566 -0.728691 -0.739249 0.310443 -0.597608 -0.739171 0.310388 -0.597733 -0.787744 0.429189 -0.441878 -0.787773 0.429212 -0.441803 -0.804695 0.530103 -0.267313 -0.804693 0.530101 -0.267326 -0.789114 0.608848 -0.0812637 -0.789113 0.608847 -0.0812783 -0.741503 0.662081 0.108733 -0.741502 0.662081 0.108736 -0.663739 0.687461 0.294699 -0.663741 0.687463 0.294692 -0.559033 0.683881 0.468816 -0.559029 0.683878 0.468825 -0.431763 0.651485 0.623817 -0.431764 0.651486 0.623815 -0.287361 0.59172 0.753187 -0.287357 0.591716 0.753192 -0.131863 0.507162 0.851703 -0.131868 0.507169 0.851699 0.0282349 0.401448 0.915447 0.0282381 0.401443 0.915449 0.186394 0.278985 0.942032 0.186391 0.278991 0.942031 0.336301 0.144756 0.930563 0.336301 0.144756 0.930563 0.471919 0.00421929 0.881632 0.47192 0.00421503 0.881631 0.587931 -0.13709 0.79721 0.587926 -0.137076 0.797216 0.679633 -0.273451 0.680678 0.679637 -0.273472 0.680666 0.743326 -0.399481 0.536545 0.743326 -0.399475 0.53655 0.776288 -0.509964 0.37056 0.776286 -0.509974 0.37055 0.777 -0.600363 0.1893 0.777009 -0.600345 0.189322 0.745265 -0.666769 0.000242267 0.745267 -0.666767 0.000246101 0.682247 -0.706331 -0.188777 0.682243 -0.706333 -0.188782 0.590483 -0.717307 -0.369866 0.590499 -0.717302 -0.36985 0.473824 -0.699189 -0.535375 0.473784 -0.699193 -0.535405 0.337312 -0.652858 -0.678231 0.33732 -0.652858 -0.678227 0.216992 -0.544594 -0.810143 0.217099 -0.544612 -0.810102 0.0586354 -0.449075 -0.891568 0.0583949 -0.44901 -0.891617 -0.101466 -0.334396 -0.936955 -0.101412 -0.334415 -0.936954 -0.256086 -0.205546 -0.944548 -0.256113 -0.205534 -0.944543 -0.399589 -0.0674774 -0.914208 -0.399687 -0.0674277 -0.914168 -0.52609 0.0741515 -0.84719 -0.526043 0.0741251 -0.847221 -0.630364 0.213567 -0.746344 -0.63038 0.213577 -0.746329 -0.708525 0.345506 -0.615319 -0.70854 0.345517 -0.615296 -0.757099 0.464329 -0.459564 -0.757076 0.464311 -0.459621 -0.774036 0.565317 -0.285104 -0.774039 0.56532 -0.285092 -0.758473 0.644133 -0.0990567 -0.758473 0.644134 -0.099042 -0.710866 0.697419 0.0909703 -0.710865 0.697419 0.090979 -0.633088 0.722829 0.27698 -0.633087 0.722829 0.276982 -0.528343 0.71924 0.451162 -0.528353 0.71925 0.451136 -0.401056 0.686818 0.606164 -0.401057 0.68682 0.606161 -0.256651 0.626995 0.735532 -0.256643 0.626986 0.735542 -0.10114 0.542351 0.834042 -0.101143 0.542355 0.834039 0.0589229 0.436571 0.897738 0.058932 0.436558 0.897744 0.217066 0.31403 0.924266 0.217057 0.314045 0.924263 0.366897 0.179792 0.912722 0.3669 0.179785 0.912722 0.502456 0.039245 0.863712 0.502447 0.039265 0.863716 0.618374 -0.101987 0.779238 0.618376 -0.101992 0.779236 0.709991 -0.238262 0.662679 0.709992 -0.238269 0.662675 0.773621 -0.364178 0.518542 0.773621 -0.364177 0.518542 0.806531 -0.474535 0.352596 0.806532 -0.474529 0.352602 0.807228 -0.564797 0.171429 0.807225 -0.564803 0.171421 0.775496 -0.63111 -0.0175142 0.775494 -0.631113 -0.0175181 0.71251 -0.670611 -0.206421 0.71252 -0.670605 -0.206407 0.620831 -0.681558 -0.38736 0.620828 -0.681559 -0.387363 0.50429 -0.663487 -0.552699 0.504236 -0.663493 -0.552741 0.367747 -0.617192 -0.695584 0.367857 -0.617197 -0.695521 0.246946 -0.508018 -0.825188 0.24683 -0.507998 -0.825235 0.0887193 -0.412747 -0.906515 0.0889671 -0.412815 -0.90646 -0.0704672 -0.298598 -0.951774 -0.0706661 -0.298526 -0.951782 -0.22494 -0.17006 -0.959417 -0.224862 -0.170094 -0.95943 -0.368004 -0.0324163 -0.929259 -0.367987 -0.0324252 -0.929266 -0.494152 0.108835 -0.862536 -0.494165 0.108843 -0.862528 -0.598264 0.247974 -0.761964 -0.598193 0.247927 -0.762035 -0.676165 0.37954 -0.631467 -0.676203 0.379568 -0.631409 -0.724685 0.498175 -0.476081 -0.724676 0.498168 -0.476102 -0.741602 0.598958 -0.302118 -0.741608 0.598964 -0.302092 -0.726085 0.677667 -0.116478 -0.726083 0.677664 -0.11651 -0.678587 0.730878 0.0730521 -0.678586 0.730878 0.0730642 -0.600981 0.756256 0.258648 -0.600982 0.756256 0.258645 -0.49648 0.752674 0.432424 -0.496477 0.752671 0.432432 -0.369508 0.720293 0.587062 -0.369496 0.720281 0.587084 -0.225407 0.660529 0.716166 -0.225429 0.660553 0.716136 -0.0703177 0.576055 0.814381 -0.0703065 0.576041 0.814391 0.0893495 0.470438 0.877898 0.0893407 0.47045 0.877892 0.247049 0.348156 0.904298 0.247052 0.348152 0.904298 0.396454 0.214201 0.892716 0.396448 0.214212 0.892716 0.531581 0.0740315 0.843766 0.53159 0.0740127 0.843762 0.647126 -0.066827 0.759449 0.647128 -0.0668337 0.759446 0.738434 -0.20269 0.643142 0.738434 -0.202688 0.643143 0.801828 -0.328178 0.499371 0.801828 -0.328183 0.499367 0.834601 -0.438146 0.333871 0.834601 -0.438142 0.333875 0.835265 -0.528066 0.153232 0.835267 -0.52806 0.153239 0.803621 -0.594104 -0.0351131 0.803616 -0.59411 -0.0351231 0.740829 -0.633446 -0.223424 0.740825 -0.633449 -0.223429 0.649426 -0.644355 -0.403798 0.64944 -0.64435 -0.403784 0.533288 -0.626355 -0.56858 0.533274 -0.626357 -0.568591 0.397218 -0.580246 -0.711008 0.397171 -0.580244 -0.711036 0.275818 -0.470419 -0.838231 0.275972 -0.470446 -0.838165 0.118743 -0.375793 -0.919065 0.118608 -0.375754 -0.919098 -0.0398256 -0.262315 -0.96416 -0.0397765 -0.262333 -0.964157 -0.193359 -0.134515 -0.971863 -0.193427 -0.134484 -0.971854 -0.335888 0.0024976 -0.941899 -0.335765 0.00243145 -0.941943 -0.461224 0.142863 -0.875707 -0.461336 0.142931 -0.875637 -0.564922 0.281369 -0.77569 -0.56496 0.281395 -0.775653 -0.642568 0.412441 -0.645755 -0.642484 0.412375 -0.64588 -0.690774 0.530513 -0.491311 -0.690772 0.530512 -0.491316 -0.707629 0.630864 -0.318233 -0.70763 0.630865 -0.318229 -0.692192 0.709251 -0.133542 -0.692195 0.709256 -0.133498 -0.64492 0.762259 0.0551338 -0.644921 0.762259 0.0551213 -0.567678 0.787545 0.239821 -0.567675 0.787543 0.239834 -0.463665 0.783973 0.412797 -0.463667 0.783974 0.412793 -0.337313 0.751721 0.566689 -0.337306 0.751714 0.566702 -0.193907 0.692193 0.695175 -0.193899 0.692186 0.695185 -0.0395815 0.608037 0.792922 -0.0395861 0.608042 0.792917 0.119275 0.50287 0.856093 0.119277 0.502867 0.856094 0.276159 0.381113 0.88232 0.276156 0.381117 0.882319 0.424763 0.24778 0.870736 0.424765 0.247777 0.870736 0.559145 0.10829 0.821968 0.559147 0.108285 0.821966 0.67404 -0.0318458 0.738008 0.674041 -0.031847 0.738007 0.764815 -0.166979 0.622234 0.764813 -0.166971 0.622239 0.827817 -0.291749 0.479167 0.827816 -0.29174 0.479174 0.860366 -0.401047 0.314534 0.860365 -0.401054 0.314527 0.860993 -0.490414 0.13485 0.860993 -0.490414 0.134851 0.829506 -0.55603 -0.0524506 0.829502 -0.556034 -0.0524574 0.767053 -0.595124 -0.239702 0.767046 -0.595129 -0.239712 0.676164 -0.605973 -0.419046 0.676147 -0.605979 -0.419064 0.560597 -0.588098 -0.582985 0.560672 -0.58809 -0.582922 0.425355 -0.542271 -0.724579 0.425371 -0.542272 -0.72457 0.792145 -0.157034 0.589786 0.756698 -0.0844929 0.648281 0.696905 -0.000256169 0.717164 0.696903 -0.00025146 0.717165 0.582841 0.138945 0.800619 0.582848 0.138931 0.800617 0.449405 0.277534 0.849123 0.449399 0.277544 0.849123 0.301831 0.410043 0.860676 0.30184 0.410029 0.860679 0.14601 0.531062 0.834658 0.145995 0.531083 0.834648 -0.0117804 0.635622 0.771911 -0.0117752 0.635615 0.771916 -0.165093 0.719292 0.674806 -0.165103 0.719303 0.674791 -0.307564 0.778486 0.547142 -0.307554 0.778477 0.54716 -0.433109 0.810553 0.394233 -0.433108 0.810552 0.394237 -0.536463 0.814103 0.22236 -0.536468 0.814106 0.222334 -0.613206 0.788967 0.0388467 -0.613205 0.788967 0.0388572 -0.66019 0.736249 -0.148613 -0.66019 0.736249 -0.148618 -0.675539 0.658303 -0.33209 -0.675562 0.658324 -0.332003 -0.658829 0.558506 -0.503999 -0.658788 0.558473 -0.50409 -0.610876 0.441189 -0.657406 -0.610833 0.441158 -0.657467 -0.533711 0.310933 -0.78643 -0.53366 0.310901 -0.786478 -0.430688 0.173299 -0.885706 -0.430848 0.173389 -0.885611 -0.306188 0.0338516 -0.951369 -0.306156 0.0338357 -0.95138 -0.164607 -0.102232 -0.981047 -0.164777 -0.102161 -0.981026 -0.0121371 -0.229153 -0.973315 -0.0120035 -0.229198 -0.973306 0.145342 -0.341796 -0.928467 0.14522 -0.341765 -0.928498 0.301329 -0.435686 -0.848162 0.301605 -0.435726 -0.848043 0.449858 -0.506907 -0.735304 0.449844 -0.506907 -0.735313 0.584135 -0.55236 -0.594715 0.584095 -0.552366 -0.594748 0.698849 -0.570124 -0.431937 0.698826 -0.570133 -0.431962 0.789076 -0.559381 -0.253875 0.78908 -0.559378 -0.253868 0.851085 -0.520612 -0.0679509 0.851075 -0.520626 -0.0679714 0.882367 -0.455518 0.118031 0.882378 -0.455487 0.118069 0.881791 -0.366816 0.296464 0.881793 -0.366794 0.296485 0.849524 -0.258316 0.45998 0.849529 -0.258373 0.459939 0.787002 -0.134458 0.602121 0.615316 0.703704 -0.355227 0.615342 0.703656 -0.355279 0.615357 0.703632 -0.3553 0.615341 0.703662 -0.355269 0.615327 0.703683 -0.355249 0.615332 0.703676 -0.355258 0.61536 0.703629 -0.3553 0.615347 0.703654 -0.355273 0.615356 0.703639 -0.355287 0.615327 0.703694 -0.355229 0.615309 0.703723 -0.355202 0.61535 0.703645 -0.355285 0.615388 0.703584 -0.355341 0.615268 0.703809 -0.355103 0.61531 0.703714 -0.355218 0.615346 0.703653 -0.355276 0.615364 0.70362 -0.355312 0.615324 0.703685 -0.355252 0.615338 0.703667 -0.355263 0.615343 0.703662 -0.355266 0.615317 0.703696 -0.355244 0.615365 0.703632 -0.355286 0.615362 0.703636 -0.355282 0.615332 0.703686 -0.355237 0.615292 0.703739 -0.3552 0.615282 0.703753 -0.355189 0.615381 0.703592 -0.355336 0.615348 0.703649 -0.355283 0.615492 0.703377 -0.355569 0.615415 0.703553 -0.355357 -0.355295 -0.703626 0.615366 -0.355293 -0.703659 0.61533 -0.355279 -0.703454 0.615572 -0.355269 -0.703592 0.615421 -0.355275 -0.703693 0.615301 -0.355269 -0.703782 0.615204 -0.355261 -0.703667 0.61534 -0.355262 -0.703652 0.615356 -0.355264 -0.703674 0.615329 -0.355265 -0.703659 0.615346 -0.355265 -0.703662 0.615343 -0.355263 -0.703683 0.61532 -0.355262 -0.703665 0.615341 -0.355266 -0.703613 0.615398 -0.355268 -0.703648 0.615356 -0.355267 -0.703679 0.615322 -0.355268 -0.703672 0.61533 -0.355273 -0.703646 0.615357 -0.355274 -0.703644 0.615358 -0.355268 -0.703673 0.615329 -0.355271 -0.703664 0.615337 -0.35527 -0.703669 0.615332 -0.355275 -0.703653 0.615348 -0.355261 -0.703721 0.615278 -0.355253 -0.703743 0.615257 -0.355304 -0.703504 0.615501 -0.355263 -0.703624 0.615387 -0.355229 -0.703783 0.615225 -0.355242 -0.703746 0.61526 -0.355234 -0.703785 0.61522 0.842584 -0.239627 0.482318 0.85972 -0.325198 0.393862 0.866162 -0.370997 0.334849 0.863443 -0.390773 0.319003 0.847113 -0.498818 0.183251 0.847121 -0.498799 0.183267 0.793482 -0.608071 0.0252155 0.793498 -0.608049 0.0252353 0.70474 -0.697463 -0.129949 0.704712 -0.697487 -0.129973 0.584301 -0.763211 -0.275866 0.584315 -0.763203 -0.275857 0.437099 -0.802379 -0.406366 0.437131 -0.802368 -0.406352 0.269267 -0.813238 -0.515888 0.269221 -0.813244 -0.515901 0.0878563 -0.795314 -0.599797 0.087853 -0.795314 -0.599798 -0.0994509 -0.749398 -0.654608 -0.0994882 -0.749394 -0.654608 -0.284856 -0.677521 -0.678102 -0.284889 -0.677513 -0.678097 -0.460547 -0.582852 -0.669462 -0.460612 -0.582827 -0.669439 -0.619455 -0.469417 -0.629225 -0.619309 -0.469493 -0.629311 -0.755314 -0.341769 -0.559191 -0.755266 -0.341803 -0.559236 -0.862487 -0.205532 -0.462464 -0.86251 -0.20551 -0.46243 -0.937144 -0.0657651 -0.34269 -0.937109 -0.0658151 -0.342775 -0.976135 0.071674 -0.204994 -0.976179 0.0718031 -0.204742 -0.977976 0.20148 -0.0544908 -0.977976 0.201477 -0.0544976 -0.942458 0.318272 0.102354 -0.942429 0.318315 0.102482 -0.870705 0.417576 0.259815 -0.870758 0.417545 0.259686 -0.765819 0.494877 0.410631 -0.765855 0.49487 0.410573 -0.631523 0.54721 0.549308 -0.631519 0.54721 0.549313 -0.473711 0.572116 0.669539 -0.473735 0.572121 0.669517 -0.298752 0.568605 0.766443 -0.298718 0.568592 0.766467 -0.113895 0.536788 0.835994 -0.113884 0.536782 0.836 0.0729689 0.478084 0.875278 0.0729619 0.478089 0.875275 0.254175 0.395006 0.882817 0.254233 0.394953 0.882824 0.422283 0.291019 0.858478 0.422244 0.291064 0.858482 0.570513 0.170524 0.80339 0.570502 0.170543 0.803395 0.693035 0.0383092 0.719886 0.693029 0.038321 0.71989 0.784921 -0.100216 0.611438 0.784923 -0.100224 0.611434 0.842584 -0.239616 0.482325 -0.268889 -0.646755 -0.713728 -0.268926 -0.646746 -0.713721 -0.445931 -0.551449 -0.705018 -0.445854 -0.551475 -0.705046 -0.605873 -0.437335 -0.664572 -0.605914 -0.437315 -0.664547 -0.742697 -0.308986 -0.594078 -0.742819 -0.308907 -0.593966 -0.850855 -0.171748 -0.496536 -0.850837 -0.171764 -0.496561 -0.926154 -0.0309183 -0.375876 -0.926104 -0.0309842 -0.375994 -0.965468 0.107392 -0.237359 -0.96548 0.107424 -0.237294 -0.967415 0.238203 -0.0858365 -0.967414 0.238242 -0.0857391 -0.93167 0.356026 0.0723623 -0.931695 0.355986 0.0722342 -0.859492 0.456082 0.230786 -0.859462 0.456099 0.230864 -0.753804 0.53403 0.382873 -0.753819 0.534028 0.382847 -0.61854 0.586788 0.522578 -0.618523 0.586787 0.5226 -0.459458 0.611914 0.643785 -0.459493 0.611924 0.643751 -0.283145 0.608377 0.741422 -0.283179 0.608391 0.741397 -0.0969178 0.576302 0.81147 -0.0969076 0.576296 0.811475 0.091383 0.517096 0.851035 0.0913805 0.517098 0.851034 0.273939 0.433317 0.8586 0.273933 0.433322 0.858599 0.44327 0.328521 0.834018 0.443276 0.328514 0.834018 0.592553 0.207059 0.778465 0.592544 0.207073 0.778468 0.715882 0.0738779 0.694302 0.715892 0.0738545 0.694294 0.808382 -0.0656913 0.584982 0.808375 -0.0656662 0.584993 0.866383 -0.206027 0.4549 0.866383 -0.206035 0.454896 0.887533 -0.3416 0.309183 0.887536 -0.341584 0.309193 0.870853 -0.466923 0.153614 0.87085 -0.466931 0.153609 0.816825 -0.576859 -0.0055387 0.816813 -0.576876 -0.00555304 0.727425 -0.666831 -0.161832 0.727446 -0.666813 -0.161815 0.606183 -0.732946 -0.30876 0.606186 -0.732944 -0.308758 0.457995 -0.772344 -0.440143 0.457977 -0.77235 -0.44015 0.289007 -0.783275 -0.550414 0.289008 -0.783275 -0.550413 0.106352 -0.765242 -0.634896 0.106366 -0.765242 -0.634895 -0.0822612 -0.719057 -0.690065 -0.0822362 -0.719059 -0.690066 -0.252179 -0.614021 -0.74792 -0.252119 -0.614033 -0.747931 -0.429894 -0.518416 -0.739213 -0.429979 -0.51839 -0.739182 -0.590685 -0.403874 -0.698554 -0.590705 -0.403865 -0.698542 -0.728336 -0.274862 -0.627676 -0.728197 -0.274946 -0.627801 -0.836931 -0.137054 -0.52987 -0.836918 -0.137065 -0.529888 -0.912604 0.0042676 -0.408823 -0.912681 0.00435933 -0.408651 -0.952288 0.143343 -0.269444 -0.952281 0.143327 -0.269478 -0.954308 0.274889 -0.117187 -0.954307 0.274854 -0.117278 -0.918431 0.393375 0.0417162 -0.918441 0.393358 0.0416561 -0.846055 0.493859 0.200735 -0.845982 0.4939 0.20094 -0.739684 0.572382 0.353902 -0.739761 0.57237 0.353761 -0.603849 0.625429 0.494171 -0.60382 0.625426 0.49421 -0.443926 0.650708 0.616043 -0.443912 0.650705 0.616056 -0.266696 0.647136 0.714205 -0.266678 0.647128 0.714219 -0.0794607 0.614856 0.784626 -0.079473 0.614863 0.784619 0.109797 0.555301 0.82437 0.109794 0.555303 0.824369 0.293248 0.471041 0.831941 0.293261 0.471028 0.831944 0.463406 0.365636 0.807196 0.463404 0.365638 0.807196 0.613378 0.243517 0.75131 0.613372 0.243525 0.751312 0.737228 0.10966 0.666685 0.73723 0.109657 0.666684 0.830088 -0.0305607 0.556794 0.830094 -0.0305849 0.556783 0.888292 -0.171572 0.426028 0.888292 -0.17156 0.426034 0.909475 -0.307706 0.279593 0.909475 -0.307707 0.279592 0.892665 -0.433533 0.123279 0.892664 -0.433536 0.123277 0.838361 -0.543884 -0.0366215 0.83836 -0.543885 -0.0366228 0.748551 -0.634175 -0.193633 0.74855 -0.634176 -0.193634 0.626775 -0.700524 -0.341203 0.626766 -0.700529 -0.341208 0.477933 -0.740062 -0.473169 0.477937 -0.74006 -0.473167 0.308221 -0.751025 -0.583919 0.308227 -0.751024 -0.583917 0.124791 -0.732932 -0.668759 0.124785 -0.732932 -0.668759 -0.0646496 -0.686588 -0.724167 -0.0646518 -0.686588 -0.724167 -0.234704 -0.579724 -0.780278 -0.234752 -0.579716 -0.78027 -0.412894 -0.483997 -0.771535 -0.412843 -0.484012 -0.771553 -0.574001 -0.369282 -0.730858 -0.573987 -0.369288 -0.730866 -0.711884 -0.240166 -0.659955 -0.711995 -0.240102 -0.659859 -0.820931 -0.102082 -0.561829 -0.820922 -0.102088 -0.56184 -0.896861 0.0395452 -0.44054 -0.896849 0.0395312 -0.440567 -0.936706 0.179088 -0.300847 -0.936674 0.179026 -0.300983 -0.938779 0.310922 -0.148394 -0.938779 0.310921 -0.148397 -0.902918 0.429678 0.0108039 -0.902901 0.42971 0.0109126 -0.830345 0.530554 0.170412 -0.830379 0.530533 0.170308 -0.723809 0.609334 0.323749 -0.723757 0.609342 0.323849 -0.587534 0.66256 0.464563 -0.587577 0.662564 0.464502 -0.427259 0.687947 0.586668 -0.427227 0.687938 0.586702 -0.249482 0.684356 0.685139 -0.249507 0.684367 0.685119 -0.061777 0.651973 0.755721 -0.061771 0.651969 0.755725 0.127979 0.592199 0.795564 0.127977 0.592201 0.795563 0.311886 0.507651 0.80313 0.311879 0.507658 0.803128 0.482412 0.401935 0.778285 0.482423 0.401921 0.778285 0.632707 0.279439 0.722216 0.632701 0.279448 0.722217 0.756764 0.145243 0.637348 0.756769 0.145233 0.637345 0.849768 0.00466846 0.527137 0.849762 0.00468851 0.527145 0.908013 -0.136599 0.396046 0.908014 -0.136609 0.396041 0.929166 -0.272984 0.249259 0.929165 -0.272991 0.249255 0.91226 -0.399013 0.0925832 0.912262 -0.399006 0.0925874 0.857801 -0.509508 -0.0676649 0.85781 -0.509494 -0.0676543 0.767814 -0.599876 -0.224967 0.767802 -0.599888 -0.224977 0.645771 -0.666306 -0.372847 0.645799 -0.666289 -0.372831 0.496709 -0.705855 -0.505024 0.496687 -0.705864 -0.505033 0.326701 -0.716837 -0.615964 0.326676 -0.716842 -0.615971 0.14291 -0.698733 -0.700963 0.142924 -0.698732 -0.700961 -0.0468725 -0.652344 -0.756472 -0.0468575 -0.652345 -0.756472 -0.216743 -0.544045 -0.810578 -0.216731 -0.544047 -0.81058 -0.3948 -0.448457 -0.801885 -0.394837 -0.448447 -0.801872 -0.555975 -0.333832 -0.761215 -0.555907 -0.33386 -0.761252 -0.693793 -0.204861 -0.690422 -0.693789 -0.204863 -0.690426 -0.802807 -0.0668854 -0.592475 -0.802861 -0.0668448 -0.592407 -0.878886 0.0748133 -0.471128 -0.878837 0.0747606 -0.471228 -0.918743 0.214198 -0.331709 -0.918776 0.214258 -0.331579 -0.920929 0.346157 -0.179068 -0.920924 0.346114 -0.179179 -0.885156 0.46486 -0.0201223 -0.885138 0.464899 -0.019994 -0.812549 0.565918 0.139646 -0.812579 0.565898 0.13955 -0.706053 0.644735 0.292928 -0.706066 0.644732 0.292902 -0.569822 0.698024 0.433666 -0.569782 0.698021 0.433723 -0.409478 0.723421 0.555869 -0.409487 0.723423 0.555859 -0.231669 0.719837 0.654342 -0.231673 0.719839 0.654339 -0.0439379 0.687409 0.72494 -0.0439451 0.687414 0.724935 0.145815 0.627583 0.764773 0.145821 0.627579 0.764775 0.329706 0.542959 0.772327 0.329713 0.542952 0.772329 0.500213 0.437148 0.747455 0.500196 0.437168 0.747454 0.650415 0.314629 0.691353 0.650419 0.314622 0.691352 0.77438 0.180403 0.606457 0.774382 0.180399 0.606456 0.86728 0.0398448 0.496224 0.86728 0.0398439 0.496224 0.92542 -0.101371 0.365132 0.92542 -0.101371 0.365132 0.946486 -0.237669 0.218353 0.946487 -0.237656 0.218361 0.929527 -0.36355 0.0617419 0.929521 -0.363565 0.0617314 0.875046 -0.473924 -0.0984419 0.875043 -0.473929 -0.0984458 0.785072 -0.564178 -0.255666 0.78508 -0.56417 -0.255659 0.663131 -0.630482 -0.403423 0.663107 -0.630498 -0.403437 0.514128 -0.669991 -0.535523 0.514152 -0.669981 -0.535513 0.344267 -0.680937 -0.646378 0.344281 -0.680934 -0.646374 0.160635 -0.662856 -0.731313 0.160637 -0.662856 -0.731313 -0.0289917 -0.616554 -0.786779 -0.029014 -0.616553 -0.786779 -0.198322 -0.507227 -0.838683 -0.198337 -0.507225 -0.838681 -0.375881 -0.411998 -0.830043 -0.37587 -0.412002 -0.830046 -0.536599 -0.297773 -0.789552 -0.536596 -0.297775 -0.789554 -0.674082 -0.169255 -0.719003 -0.674082 -0.169255 -0.719003 -0.782893 -0.0316534 -0.621351 -0.78285 -0.031686 -0.621403 -0.858773 0.109624 -0.500491 -0.858784 0.109636 -0.500469 -0.898629 0.248673 -0.361424 -0.89862 0.248657 -0.361457 -0.900866 0.380214 -0.20947 -0.90088 0.380303 -0.20925 -0.865213 0.498848 -0.0505731 -0.865236 0.49879 -0.0507512 -0.792851 0.599674 0.108525 -0.792836 0.599685 0.108576 -0.686624 0.678357 0.261496 -0.686627 0.678356 0.26149 -0.550737 0.731559 0.401883 -0.550729 0.731559 0.401894 -0.390744 0.756935 0.523802 -0.390753 0.756938 0.523792 -0.213359 0.753355 0.622041 -0.21336 0.753355 0.62204 -0.0260884 0.720976 0.692469 -0.0260756 0.720969 0.692477 0.163222 0.661226 0.732215 0.163213 0.661233 0.732211 0.346633 0.576748 0.739735 0.346631 0.57675 0.739734 0.516673 0.47113 0.714903 0.51667 0.471133 0.714903 0.666407 0.348874 0.65893 0.666422 0.348852 0.658927 0.789993 0.214923 0.574212 0.789987 0.214935 0.574216 0.882543 0.0747506 0.464253 0.882549 0.0747312 0.464245 0.940443 -0.0661014 0.333463 0.94044 -0.0660773 0.333476 0.961361 -0.201937 0.1871 0.961359 -0.201954 0.18709 0.944375 -0.327413 0.0309157 0.944377 -0.327409 0.0309188 0.890008 -0.437375 -0.128798 0.890009 -0.437374 -0.128797 0.800283 -0.527274 -0.285533 0.800279 -0.527279 -0.285537 0.678704 -0.593316 -0.432824 0.678707 -0.593315 -0.432822 0.530176 -0.632652 -0.564504 0.530185 -0.632648 -0.5645 0.36088 -0.643555 -0.674984 0.360878 -0.643555 -0.674984 0.177871 -0.625558 -0.75963 0.177843 -0.625561 -0.759635 -0.0112045 -0.579443 -0.814936 -0.0111703 -0.579444 -0.814935 -0.179639 -0.469542 -0.864442 -0.179621 -0.469545 -0.864444 -0.356217 -0.374909 -0.855893 -0.356225 -0.374906 -0.855891 -0.516109 -0.261371 -0.815669 -0.516115 -0.261369 -0.815666 -0.65292 -0.133585 -0.745554 -0.65292 -0.133584 -0.745554 -0.761221 0.00326151 -0.648484 -0.761229 0.00326722 -0.648476 -0.836771 0.143737 -0.528351 -0.836811 0.143781 -0.528276 -0.876534 0.282197 -0.38994 -0.876521 0.282173 -0.389987 -0.878802 0.413142 -0.238789 -0.878798 0.413114 -0.238853 -0.843339 0.531265 -0.0808526 -0.843336 0.531273 -0.0808306 -0.771377 0.631642 0.0774984 -0.77138 0.63164 0.0774907 -0.665683 0.710011 0.229674 -0.665675 0.710013 0.229689 -0.530444 0.763007 0.369391 -0.530447 0.763007 0.369387 -0.371201 0.788289 0.490724 -0.371214 0.788292 0.49071 -0.19471 0.784725 0.588468 -0.194685 0.784716 0.588488 -0.00829808 0.752457 0.658589 -0.00831732 0.752467 0.658577 0.180065 0.692957 0.698131 0.180067 0.692955 0.698132 0.362561 0.608814 0.705617 0.362555 0.608819 0.705615 0.531682 0.503672 0.680903 0.53171 0.503641 0.680904 0.680653 0.38191 0.625186 0.680638 0.38193 0.625189 0.803535 0.2486 0.540859 0.803528 0.248615 0.540864 0.895517 0.109129 0.431441 0.895517 0.109129 0.431441 0.953024 -0.0309777 0.301306 0.953026 -0.0309875 0.301301 0.973744 -0.166076 0.155696 0.973744 -0.166085 0.15569 0.956772 -0.290838 0.000313415 0.956775 -0.290828 0.000320352 0.902644 -0.400128 -0.15853 0.902644 -0.400128 -0.15853 0.813362 -0.489474 -0.314415 0.813377 -0.489459 -0.314401 0.692465 -0.555071 -0.460856 0.692457 -0.555076 -0.460862 0.544789 -0.594149 -0.59177 0.54476 -0.594161 -0.591784 0.376412 -0.604995 -0.701638 0.37643 -0.604991 -0.701632 0.19445 -0.587111 -0.785805 0.194468 -0.58711 -0.785802 0.00648631 -0.541294 -0.840808 0.00646231 -0.541293 -0.840809 0.980979 -0.156789 0.114448 0.979574 -0.0839718 0.182713 0.962242 0.000198717 0.272196 0.962241 0.00020191 0.272198 0.905199 0.139377 0.401484 0.905196 0.139386 0.401487 0.813902 0.277962 0.510197 0.8139 0.277967 0.510198 0.69189 0.410455 0.593983 0.691883 0.410465 0.593984 0.543935 0.531483 0.649354 0.543942 0.531475 0.649355 0.375941 0.636013 0.673911 0.375946 0.636008 0.673913 0.194634 0.719676 0.666471 0.194621 0.719686 0.666465 0.00748892 0.778851 0.627165 0.00748432 0.778853 0.627162 -0.17774 0.810935 0.557488 -0.177721 0.810928 0.557504 -0.353117 0.814479 0.460361 -0.353128 0.814481 0.460349 -0.51135 0.789341 0.339798 -0.511345 0.789341 0.339805 -0.645733 0.736636 0.200987 -0.645731 0.736637 0.200992 -0.750745 0.658712 0.0498027 -0.750752 0.658706 0.0497757 -0.822225 0.558918 -0.107504 -0.822223 0.558924 -0.107485 -0.857421 0.441506 -0.264389 -0.857425 0.441519 -0.264356 -0.855122 0.311366 -0.414508 -0.855115 0.311356 -0.41453 -0.815577 0.173768 -0.551942 -0.815566 0.173757 -0.551961 -0.740467 0.0342196 -0.671221 -0.740495 0.0342392 -0.671189 -0.632845 -0.101705 -0.76757 -0.63282 -0.101717 -0.767589 -0.49691 -0.228581 -0.837157 -0.496951 -0.228566 -0.837137 -0.338089 -0.341303 -0.877045 -0.338045 -0.341313 -0.877058 -0.162707 -0.435207 -0.885506 -0.162727 -0.435204 -0.885504 0.0221136 -0.506418 -0.862004 0.0221153 -0.506418 -0.862004 0.20875 -0.551871 -0.80738 0.20877 -0.551868 -0.807376 0.389418 -0.569604 -0.723813 0.389418 -0.569604 -0.723813 0.556595 -0.558854 -0.614723 0.556576 -0.558863 -0.614732 0.703231 -0.520092 -0.484737 0.703212 -0.520106 -0.48475 0.823302 -0.455001 -0.339335 0.823318 -0.454982 -0.339319 0.912003 -0.366326 -0.184541 0.91201 -0.366314 -0.184532 0.965818 -0.257834 -0.0267933 0.965815 -0.257845 -0.0268003 0.982744 -0.133968 0.127546 0.355274 0.703785 -0.615197 0.355264 0.703637 -0.615371 0.355264 0.703628 -0.615382 0.355267 0.703657 -0.615347 0.355264 0.703696 -0.615305 0.355262 0.703671 -0.615334 0.355265 0.703634 -0.615375 0.355267 0.703665 -0.615338 0.355266 0.703673 -0.615329 0.355266 0.703667 -0.615337 0.355267 0.703653 -0.615351 0.355268 0.703665 -0.615337 0.355267 0.703673 -0.615329 0.355268 0.703681 -0.615319 0.355268 0.703676 -0.615325 0.355269 0.703658 -0.615345 0.355269 0.703666 -0.615336 0.355137 0.703598 -0.61549 0.355269 0.703659 -0.615344 0.355265 0.703673 -0.615331 0.355269 0.703655 -0.615348 0.355269 0.703659 -0.615344 0.355262 0.703639 -0.615371 0.355269 0.703674 -0.615326 0.355264 0.703675 -0.615329 0.355266 0.70367 -0.615332 0.355271 0.70366 -0.615341 0.355263 0.703684 -0.615319 0.355267 0.703663 -0.61534 0.355278 0.703527 -0.61549 8.54339e-06 -0.703685 0.710512 1.82775e-06 -0.703611 0.710586 3.37579e-06 -0.703618 0.710579 -3.54152e-05 -0.703665 0.710532 2.30739e-05 -0.703666 0.710531 5.9767e-05 -0.70368 0.710517 6.19203e-06 -0.703663 0.710534 5.99374e-06 -0.703664 0.710533 -3.96544e-05 -0.703669 0.710528 1.18471e-05 -0.703659 0.710538 9.78547e-06 -0.70366 0.710537 -1.73606e-05 -0.703669 0.710528 2.77708e-06 -0.70366 0.710537 2.13234e-06 -0.703661 0.710536 7.85655e-06 -0.703657 0.71054 -7.11133e-06 -0.703669 0.710528 -4.45153e-05 -0.703663 0.710534 1.08631e-05 -0.703668 0.710529 2.84306e-05 -0.703668 0.710529 1.09426e-05 -0.703701 0.710496 2.04668e-06 -0.703663 0.710534 1.4613e-05 -0.70366 0.710536 -2.28893e-05 -0.703665 0.710532 0.000118424 -0.703607 0.71059 1.44443e-05 -0.703663 0.710534 2.48107e-05 -0.703664 0.710533 -2.46817e-05 -0.703656 0.710541 -1.65546e-05 -0.703664 0.710533 -3.15306e-05 -0.703662 0.710535 2.42354e-05 -0.703667 0.71053 -0.578102 -0.681812 -0.448253 -0.578207 -0.681779 -0.448167 -0.722987 -0.59138 -0.357156 -0.722882 -0.591435 -0.357276 -0.839725 -0.483029 -0.248084 -0.83975 -0.483007 -0.248042 -0.92419 -0.360904 -0.124987 -0.924276 -0.36077 -0.12474 -0.973231 -0.229708 0.00741484 -0.9732 -0.229848 0.00716159 -0.985105 -0.0947054 0.143525 -0.985094 -0.0946379 0.143646 -0.959448 0.0395264 0.2791 -0.959498 0.0394397 0.278941 -0.897293 0.167573 0.408392 -0.897305 0.167562 0.408371 -0.80082 0.28478 0.526866 -0.800791 0.284796 0.526901 -0.67356 0.38666 0.629929 -0.673464 0.386692 0.630013 -0.5201 0.469319 0.713607 -0.520072 0.469324 0.713625 -0.346554 0.529367 0.774384 -0.346564 0.529367 0.77438 -0.159346 0.564482 0.809919 -0.159366 0.564484 0.809914 0.0340678 0.573183 0.818719 0.0340688 0.573183 0.818719 0.226086 0.55514 0.80044 0.22611 0.555131 0.80044 0.409386 0.511038 0.755807 0.409389 0.511036 0.755806 0.576573 0.442741 0.68669 0.576602 0.442718 0.686681 0.721389 0.352931 0.59585 0.721383 0.352938 0.595854 0.838359 0.245164 0.486877 0.83836 0.245162 0.486876 0.923162 0.123583 0.364004 0.923163 0.123579 0.364002 0.972705 -0.00717686 0.231932 0.972705 -0.0071736 0.231934 0.985205 -0.142234 0.0956028 0.985204 -0.142251 0.0955933 0.960173 -0.276546 -0.039881 0.960181 -0.27652 -0.0398665 0.898489 -0.404998 -0.169392 0.898481 -0.405013 -0.1694 0.802291 -0.522811 -0.288092 0.802301 -0.522799 -0.288086 0.675092 -0.625362 -0.391374 0.675074 -0.625377 -0.39138 0.521555 -0.708639 -0.475195 0.52156 -0.708636 -0.475195 0.347514 -0.769243 -0.536189 0.347613 -0.769201 -0.536186 0.159923 -0.804638 -0.571824 0.159895 -0.804645 -0.571821 -0.0341498 -0.81343 -0.580659 -0.0341769 -0.813434 -0.580652 -0.226879 -0.7952 -0.562301 -0.226843 -0.7952 -0.562315 -0.410583 -0.750709 -0.51755 -0.410517 -0.750718 -0.517589 -0.581981 -0.651901 -0.486132 -0.581997 -0.651896 -0.486118 -0.727833 -0.560946 -0.39446 -0.727892 -0.560917 -0.394392 -0.845496 -0.451892 -0.284482 -0.845467 -0.451916 -0.284532 -0.930658 -0.328847 -0.160422 -0.930583 -0.328954 -0.160635 -0.980014 -0.197013 -0.0275266 -0.980045 -0.196891 -0.0272926 -0.99207 -0.0609431 0.109919 -0.992078 -0.0609935 0.109823 -0.966389 0.0740471 0.246188 -0.966323 0.0741611 0.246413 -0.903776 0.203156 0.376719 -0.9038 0.203134 0.376673 -0.806718 0.321218 0.496009 -0.806696 0.321231 0.496038 -0.678467 0.423997 0.599925 -0.678564 0.423966 0.599837 -0.523967 0.507339 0.684153 -0.524002 0.507333 0.684131 -0.349131 0.567888 0.745393 -0.349172 0.567888 0.745374 -0.160598 0.603278 0.781194 -0.160553 0.603272 0.781208 0.0343214 0.612045 0.790078 0.0343259 0.612043 0.790079 0.227862 0.593824 0.771655 0.227797 0.593851 0.771654 0.412426 0.549405 0.726676 0.41247 0.549379 0.726672 0.580869 0.480526 0.657028 0.580883 0.480514 0.657024 0.72674 0.389982 0.565476 0.726731 0.389992 0.56548 0.844502 0.281376 0.455679 0.844498 0.281382 0.455682 0.929836 0.158889 0.331903 0.929839 0.158879 0.331898 0.979654 0.0271585 0.198849 0.979652 0.02717 0.198855 0.992154 -0.108829 0.0615441 0.992153 -0.108836 0.0615401 0.966872 -0.244027 -0.07489 0.966863 -0.24406 -0.0749071 0.904668 -0.373373 -0.205351 0.904682 -0.373347 -0.205338 0.807767 -0.491901 -0.324878 0.807768 -0.4919 -0.324877 0.679652 -0.595089 -0.428885 0.679664 -0.595078 -0.428881 0.52509 -0.67884 -0.513282 0.525066 -0.678855 -0.513285 0.349904 -0.739802 -0.574682 0.349842 -0.739831 -0.574683 0.160962 -0.775441 -0.610559 0.16099 -0.775432 -0.610563 -0.0344002 -0.784269 -0.619467 -0.0343772 -0.784265 -0.619473 -0.228323 -0.765929 -0.601017 -0.228397 -0.765932 -0.600985 -0.413395 -0.721171 -0.555892 -0.413337 -0.721178 -0.555928 -0.58458 -0.620085 -0.523222 -0.584531 -0.620096 -0.523262 -0.731074 -0.528793 -0.431172 -0.731063 -0.528798 -0.431185 -0.849321 -0.419287 -0.320706 -0.849305 -0.419299 -0.320733 -0.934842 -0.295913 -0.196232 -0.934915 -0.295816 -0.196027 -0.984597 -0.163352 -0.0623281 -0.984574 -0.163431 -0.0624898 -0.996781 -0.0266379 0.0756131 -0.996786 -0.0266724 0.0755431 -0.971062 0.108966 0.212519 -0.971069 0.108954 0.212494 -0.908292 0.238696 0.343555 -0.90824 0.238743 0.343659 -0.810732 0.357466 0.463607 -0.810773 0.357444 0.463553 -0.681939 0.460797 0.568001 -0.68193 0.4608 0.56801 -0.526768 0.544556 0.652667 -0.526672 0.544569 0.652734 -0.350944 0.605487 0.714299 -0.35095 0.605487 0.714296 -0.161422 0.641104 0.750286 -0.161438 0.641106 0.75028 0.0344838 0.649938 0.759205 0.0345017 0.649933 0.759208 0.22908 0.631599 0.740679 0.229055 0.63161 0.740678 0.414574 0.586893 0.695475 0.414567 0.586897 0.695476 0.58388 0.517607 0.625434 0.583857 0.517626 0.625439 0.730409 0.42658 0.533417 0.730427 0.426559 0.533408 0.848712 0.317352 0.423055 0.848717 0.317345 0.423051 0.934392 0.194212 0.298653 0.934393 0.194209 0.298651 0.984364 0.0618222 0.164939 0.984365 0.0618193 0.164938 0.996832 -0.0748337 0.0269527 0.996833 -0.0748095 0.026965 0.971347 -0.210611 -0.110125 0.971348 -0.210608 -0.110123 0.90879 -0.340481 -0.241191 0.908783 -0.340495 -0.241198 0.811379 -0.459504 -0.361275 0.811383 -0.4595 -0.361273 0.682662 -0.563071 -0.46575 0.682653 -0.56308 -0.465753 0.52737 -0.647141 -0.550536 0.527382 -0.647133 -0.550534 0.351388 -0.70831 -0.612228 0.351421 -0.708294 -0.612228 0.161644 -0.744049 -0.648276 0.161656 -0.744045 -0.648278 -0.0345332 -0.752919 -0.657206 -0.0345484 -0.752922 -0.657202 -0.22933 -0.73453 -0.63865 -0.229309 -0.734529 -0.638659 -0.415151 -0.689613 -0.593366 -0.41519 -0.68961 -0.593342 -0.585647 -0.586765 -0.559217 -0.585731 -0.586747 -0.559148 -0.732595 -0.495326 -0.466858 -0.732554 -0.495343 -0.466905 -0.851112 -0.385668 -0.356187 -0.851101 -0.385675 -0.356204 -0.936931 -0.261996 -0.231342 -0.936875 -0.262064 -0.231489 -0.986813 -0.129267 -0.0974138 -0.98683 -0.129218 -0.0973106 -0.999136 0.00761161 0.0408497 -0.999128 0.00770676 0.0410478 -0.97339 0.143769 0.178442 -0.973438 0.143681 0.178254 -0.910606 0.27375 0.309611 -0.910596 0.273759 0.309632 -0.812867 0.392905 0.429968 -0.812858 0.39291 0.429981 -0.683766 0.496569 0.534681 -0.683777 0.496565 0.53467 -0.528143 0.58065 0.619605 -0.528221 0.580639 0.61955 -0.351929 0.641801 0.68135 -0.351929 0.641801 0.681349 -0.161893 0.677527 0.71746 -0.161879 0.677525 0.717465 0.0346027 0.686381 0.726419 0.0345814 0.686387 0.726414 0.229672 0.668007 0.707825 0.229726 0.667985 0.70783 0.41571 0.623116 0.662504 0.41573 0.623104 0.662503 0.585489 0.553564 0.592258 0.585479 0.553573 0.59226 0.732375 0.462215 0.499983 0.732359 0.462234 0.49999 0.850909 0.352671 0.389329 0.850913 0.352665 0.389326 0.936741 0.229152 0.264585 0.936734 0.22917 0.264594 0.986741 0.0964333 0.130549 0.986742 0.0964272 0.130546 0.999147 -0.0405474 -0.00776844 0.999147 -0.040556 -0.00777263 0.97352 -0.176611 -0.145147 0.973515 -0.176631 -0.145157 0.910729 -0.306758 -0.276536 0.910741 -0.306733 -0.276524 0.813071 -0.425933 -0.396859 0.813058 -0.42595 -0.396866 0.684003 -0.52968 -0.501577 0.68403 -0.529653 -0.501568 0.528416 -0.613817 -0.58652 0.528399 -0.613829 -0.586522 0.352086 -0.675062 -0.648327 0.352061 -0.675075 -0.648327 0.161967 -0.710851 -0.684439 0.16195 -0.710857 -0.684437 -0.0346102 -0.719721 -0.6934 -0.0345986 -0.719719 -0.693403 -0.229807 -0.701299 -0.67481 -0.229765 -0.701295 -0.674828 -0.415889 -0.656348 -0.629479 -0.41595 -0.656345 -0.629442 -0.585399 -0.55209 -0.593721 -0.585392 -0.552092 -0.593726 -0.732382 -0.460679 -0.501389 -0.73232 -0.460703 -0.501457 -0.850799 -0.351217 -0.390882 -0.850857 -0.351179 -0.390789 -0.936708 -0.22763 -0.266013 -0.936729 -0.227606 -0.265961 -0.986675 -0.0950268 -0.132071 -0.986688 -0.0949907 -0.131995 -0.999094 0.0420685 0.00640495 -0.9991 0.0419551 0.00616866 -0.973488 0.178054 0.143589 -0.973448 0.178135 0.14376 -0.910745 0.308108 0.274978 -0.910738 0.308115 0.274995 -0.812955 0.42745 0.395463 -0.81305 0.427395 0.395326 -0.684055 0.531093 0.500009 -0.683968 0.531122 0.500098 -0.52831 0.6153 0.58506 -0.52833 0.615296 0.585045 -0.352134 0.676491 0.646809 -0.352067 0.676492 0.646844 -0.161925 0.712289 0.682953 -0.161961 0.712293 0.68294 0.0346219 0.721165 0.691898 0.0346176 0.721166 0.691897 0.229783 0.702736 0.673321 0.229766 0.702743 0.67332 0.415929 0.657783 0.627952 0.41587 0.657818 0.627955 0.585672 0.588197 0.557685 0.585685 0.588187 0.557682 0.732574 0.496746 0.46538 0.732575 0.496745 0.46538 0.85108 0.387104 0.354702 0.851078 0.387107 0.354704 0.936842 0.263534 0.22995 0.936849 0.263516 0.229942 0.986765 0.130756 0.0959028 0.986766 0.130752 0.0959004 0.999081 -0.00623031 -0.0424138 0.999081 -0.00623236 -0.0424148 0.973358 -0.142286 -0.179802 0.973365 -0.142255 -0.179787 0.910518 -0.272313 -0.311132 0.910505 -0.27234 -0.311145 0.812792 -0.391445 -0.431439 0.812805 -0.391426 -0.431432 0.683753 -0.495052 -0.536102 0.683732 -0.495073 -0.536109 0.528167 -0.579123 -0.621013 0.528175 -0.579116 -0.621011 0.351911 -0.640275 -0.682794 0.351911 -0.640274 -0.682794 0.161872 -0.676011 -0.718892 0.161882 -0.676007 -0.718894 -0.0346135 -0.68487 -0.727842 -0.0345918 -0.684866 -0.727848 -0.229683 -0.666473 -0.709267 -0.229689 -0.666474 -0.709264 -0.415711 -0.621601 -0.663925 -0.415688 -0.621602 -0.663939 -0.583799 -0.516277 -0.626607 -0.583755 -0.516285 -0.626641 -0.73029 -0.425251 -0.534638 -0.730375 -0.425219 -0.534548 -0.848589 -0.316079 -0.424253 -0.848532 -0.316116 -0.42434 -0.934292 -0.192873 -0.29983 -0.934293 -0.192873 -0.299829 -0.984214 -0.0606356 -0.166269 -0.984219 -0.0606235 -0.166244 -0.996701 0.0761223 -0.0281645 -0.9967 0.0761439 -0.0281205 -0.971219 0.21185 0.108872 -0.971242 0.2118 0.108768 -0.908653 0.341747 0.239913 -0.908716 0.341681 0.23977 -0.811308 0.460721 0.359883 -0.811209 0.460782 0.360029 -0.682644 0.564226 0.464377 -0.682631 0.564231 0.46439 -0.527237 0.648355 0.549233 -0.527237 0.648355 0.549233 -0.351412 0.709475 0.610864 -0.351432 0.709474 0.610854 -0.161626 0.745233 0.646919 -0.161607 0.745231 0.646926 0.0345388 0.754099 0.655852 0.0345539 0.754095 0.655855 0.22936 0.735698 0.637293 0.229328 0.735711 0.63729 0.415003 0.690847 0.592033 0.415095 0.690795 0.592029 0.584456 0.621286 0.521933 0.584473 0.621273 0.52193 0.731035 0.529947 0.429819 0.731034 0.529947 0.42982 0.849241 0.420463 0.319374 0.849231 0.420479 0.319381 0.934735 0.297121 0.19491 0.934732 0.297127 0.194913 0.984459 0.164618 0.0611727 0.984458 0.164621 0.0611742 0.996654 0.0279493 -0.0768044 0.996654 0.0279467 -0.0768057 0.970906 -0.107756 -0.213845 0.970905 -0.107762 -0.213848 0.908146 -0.237421 -0.344821 0.908142 -0.237431 -0.344826 0.810603 -0.356187 -0.464815 0.810604 -0.356186 -0.464815 0.681859 -0.459458 -0.56918 0.681861 -0.459456 -0.56918 0.526663 -0.543229 -0.653856 0.526673 -0.543222 -0.653854 0.350936 -0.604143 -0.71544 0.3509 -0.604162 -0.715442 0.16138 -0.639758 -0.751443 0.161403 -0.639749 -0.751445 -0.0345181 -0.648579 -0.760364 -0.0345136 -0.648578 -0.760365 -0.228961 -0.630258 -0.741857 -0.229019 -0.630264 -0.741834 -0.414546 -0.585548 -0.696624 -0.414522 -0.585549 -0.696638 -0.580725 -0.479639 -0.657803 -0.580809 -0.479622 -0.657741 -0.726651 -0.389102 -0.566196 -0.726599 -0.389122 -0.566249 -0.844331 -0.280555 -0.456502 -0.844368 -0.280531 -0.456448 -0.929783 -0.157901 -0.332521 -0.929723 -0.157967 -0.332659 -0.979498 -0.0263545 -0.19972 -0.979488 -0.0263788 -0.199768 -0.992007 0.109659 -0.0624254 -0.992008 0.109716 -0.0623154 -0.966756 0.244766 0.0739706 -0.966733 0.244825 0.0740855 -0.904516 0.374174 0.20456 -0.904529 0.374159 0.204529 -0.807652 0.492661 0.324012 -0.807683 0.49264 0.323966 -0.679632 0.595796 0.427935 -0.679631 0.595796 0.427935 -0.525028 0.679583 0.51236 -0.524937 0.679602 0.512427 -0.349864 0.74052 0.573781 -0.34989 0.740519 0.573767 -0.160894 0.776164 0.609658 -0.160928 0.776167 0.609645 0.0344089 0.784991 0.61855 0.0343898 0.784996 0.618546 0.228326 0.766657 0.600087 0.22837 0.766641 0.60009 0.413311 0.721884 0.55503 0.413201 0.721942 0.555036 0.581917 0.652639 0.485216 0.581895 0.652656 0.485221 0.727784 0.561664 0.393529 0.727793 0.561654 0.393525 0.845418 0.452597 0.283592 0.845423 0.45259 0.283588 0.930462 0.329747 0.159709 0.930463 0.329745 0.159708 0.97988 0.197806 0.0265989 0.97988 0.197808 0.0266003 0.991932 0.0617678 -0.110709 0.991932 0.0617592 -0.110713 0.966213 -0.0733066 -0.2471 0.966217 -0.0732899 -0.247091 0.903682 -0.202288 -0.37741 0.903679 -0.202296 -0.377414 0.806532 -0.320439 -0.496814 0.806546 -0.320419 -0.496805 0.678407 -0.423104 -0.600622 0.678395 -0.423116 -0.600627 0.523964 -0.506397 -0.684853 0.523955 -0.506404 -0.684855 0.349059 -0.56697 -0.746125 0.349113 -0.566941 -0.746122 0.160565 -0.602339 -0.781925 0.160538 -0.60235 -0.781922 -0.0342894 -0.611116 -0.790798 -0.0343384 -0.611127 -0.790788 -0.227822 -0.592923 -0.772359 -0.227767 -0.592919 -0.772379 -0.412418 -0.548455 -0.727398 -0.4124 -0.548456 -0.727408 -0.57666 -0.442392 -0.686842 -0.576459 -0.442436 -0.686983 -0.72124 -0.352667 -0.596186 -0.721367 -0.352615 -0.596063 -0.838263 -0.244923 -0.487164 -0.838262 -0.244923 -0.487165 -0.923185 -0.123149 -0.364093 -0.923178 -0.123158 -0.364109 -0.972627 0.00737903 -0.232256 -0.972636 0.00739999 -0.232218 -0.985143 0.142519 -0.0958243 -0.985141 0.142478 -0.0958996 -0.960131 0.27674 0.0395388 -0.960138 0.276721 0.0395047 -0.898432 0.405253 0.169083 -0.898391 0.405305 0.16918 -0.802251 0.523033 0.2878 -0.802236 0.523045 0.287823 -0.675003 0.625618 0.391119 -0.675107 0.625572 0.391013 -0.521483 0.708895 0.474893 -0.521551 0.708878 0.474843 -0.347577 0.769466 0.535829 -0.347558 0.769468 0.535839 -0.159885 0.804886 0.571486 -0.159837 0.804883 0.571503 0.0341747 0.813662 0.580332 0.0341824 0.813661 0.580334 0.226829 0.795432 0.561993 0.226825 0.795434 0.561993 0.410594 0.750932 0.517217 0.410583 0.750938 0.517218 0.578048 0.682077 0.447919 0.57806 0.682068 0.447917 0.722925 0.591631 0.356864 0.722928 0.591628 0.356863 0.839733 0.483225 0.247674 0.83973 0.48323 0.247676 0.924141 0.361147 0.124643 0.924138 0.361153 0.124646 0.973145 0.230072 -0.00753268 0.973145 0.230068 -0.00753469 0.98503 0.0949265 -0.143891 0.98503 0.094951 -0.143877 0.95941 -0.0391609 -0.279282 0.959406 -0.039183 -0.279295 0.897224 -0.167252 -0.408676 0.897235 -0.167227 -0.408662 0.800736 -0.284462 -0.527166 0.80071 -0.284499 -0.527184 0.673441 -0.386386 -0.630225 0.673457 -0.386369 -0.630217 0.52008 -0.469007 -0.713828 0.520106 -0.468987 -0.713821 0.346549 -0.529046 -0.774606 0.346474 -0.529085 -0.774613 0.159355 -0.564168 -0.810136 0.159372 -0.564162 -0.810137 -0.0340484 -0.572859 -0.818946 -0.0340345 -0.572856 -0.818949 -0.22611 -0.554799 -0.80067 -0.226129 -0.5548 -0.800664 -0.409276 -0.510741 -0.756067 -0.409371 -0.510734 -0.75602 3.15951e-06 0.703664 -0.710533 -1.39079e-05 0.703683 -0.710514 0 0.703663 -0.710534 1.8513e-06 0.70366 -0.710537 3.81072e-06 0.703654 -0.710543 3.50098e-07 0.703669 -0.710528 1.78007e-06 0.703653 -0.710544 -2.11404e-06 0.70367 -0.710527 8.6363e-05 0.703609 -0.710588 -8.46862e-06 0.703668 -0.710529 -5.64261e-06 0.703666 -0.710531 2.43804e-05 0.703638 -0.710559 -3.01335e-05 0.7037 -0.710497 -1.43617e-06 0.70367 -0.710527 5.39727e-06 0.703657 -0.710539 1.53566e-05 0.703631 -0.710566 6.84924e-06 0.703647 -0.71055 7.15157e-06 0.703649 -0.710548 4.50344e-06 0.703653 -0.710544 -2.47821e-06 0.703666 -0.710531 -0.000109118 0.703813 -0.710385 -2.64083e-05 0.703694 -0.710503 -1.02701e-06 0.703658 -0.710538 3.38624e-06 0.703652 -0.710545 -9.01105e-06 0.703676 -0.710521 -4.99007e-06 0.70367 -0.710527 4.24284e-07 0.703663 -0.710534 -1.3563e-06 0.703671 -0.710526 -1.87707e-06 0.703677 -0.71052 5.31292e-06 0.703645 -0.710551 0.355269 -0.703651 0.615352 0.355267 -0.703664 0.615339 0.355267 -0.703663 0.61534 0.355255 -0.703676 0.615333 0.355273 -0.703656 0.615345 0.355272 -0.703656 0.615345 0.355256 -0.703674 0.615334 0.355265 -0.703665 0.615339 0.35527 -0.703659 0.615342 0.355237 -0.703691 0.615326 0.355258 -0.703668 0.61534 0.355273 -0.703654 0.615347 0.355289 -0.703637 0.615358 0.355292 -0.703633 0.61536 0.355297 -0.703628 0.615363 0.355267 -0.703667 0.615336 0.355268 -0.70364 0.615366 0.355256 -0.703662 0.615348 0.35527 -0.703662 0.61534 0.355249 -0.703684 0.615326 0.355285 -0.703647 0.615348 0.355393 -0.70357 0.615374 0.355268 -0.70366 0.615344 0.355265 -0.703671 0.615333 0.355265 -0.703671 0.615333 0.35526 -0.703692 0.615311 0.355279 -0.703687 0.615306 0.355269 -0.703673 0.615327 0.355271 -0.703668 0.615333 0.355263 -0.703687 0.615315 0.839007 -0.239696 -0.48848 0.770975 -0.325261 -0.547543 0.723085 -0.371047 -0.582643 0.708017 -0.390822 -0.588193 0.582292 -0.498865 -0.641927 0.582312 -0.498842 -0.641926 0.418615 -0.608119 -0.674502 0.418606 -0.608127 -0.674501 0.23985 -0.697528 -0.675223 0.239824 -0.697546 -0.675214 0.0532814 -0.763265 -0.643885 0.0533024 -0.763254 -0.643896 -0.133331 -0.802433 -0.581657 -0.133337 -0.802435 -0.581652 -0.312108 -0.813297 -0.491057 -0.312082 -0.813292 -0.491082 -0.475473 -0.795366 -0.375924 -0.475477 -0.795366 -0.375918 -0.616618 -0.749443 -0.241076 -0.61662 -0.749443 -0.241071 -0.729617 -0.677594 -0.0923321 -0.729624 -0.677589 -0.0923139 -0.81001 -0.582893 0.0641877 -0.810007 -0.582899 0.0641704 -0.854628 -0.469433 0.22191 -0.854628 -0.469429 0.221918 -0.861883 -0.341939 0.37448 -0.861886 -0.341946 0.374468 -0.831666 -0.205578 0.51582 -0.831665 -0.205577 0.51582 -0.765306 -0.0658822 0.640286 -0.76531 -0.0658856 0.640281 -0.665501 0.0715933 0.742956 -0.665497 0.0715957 0.742959 -0.536162 0.201404 0.819736 -0.536162 0.201404 0.819736 -0.382459 0.318274 0.867426 -0.382453 0.318276 0.867427 -0.210466 0.417468 0.883982 -0.210469 0.417467 0.883982 -0.0271722 0.494839 0.86856 -0.0271558 0.49484 0.86856 0.159921 0.54711 0.821642 0.159918 0.54711 0.821642 0.343024 0.572031 0.745061 0.343025 0.572031 0.74506 0.514467 0.568511 0.641965 0.51446 0.568514 0.641968 0.667057 0.536713 0.516695 0.667065 0.536709 0.51669 0.794517 0.478008 0.374502 0.794517 0.478007 0.374502 0.89166 0.39491 0.221333 0.891644 0.394934 0.221355 0.954619 0.290965 0.0635781 0.954622 0.290956 0.0635711 0.98103 0.170459 -0.0923226 0.981033 0.170434 -0.0923402 0.96998 0.03825 -0.240156 0.969983 0.0382763 -0.240141 0.921993 -0.100303 -0.37399 0.921999 -0.100283 -0.37398 0.839017 -0.239676 -0.488472 -0.752445 -0.646923 -0.123765 -0.752424 -0.646936 -0.123824 -0.833384 -0.551661 0.0337885 -0.833387 -0.551656 0.0338039 -0.878345 -0.43748 0.192668 -0.878345 -0.437484 0.192659 -0.885709 -0.309261 0.346234 -0.885678 -0.309192 0.346374 -0.855295 -0.171884 0.488801 -0.855313 -0.171906 0.488762 -0.788527 -0.0311966 0.614208 -0.788556 -0.0312213 0.61417 -0.688102 0.107247 0.717645 -0.688095 0.107251 0.717651 -0.55787 0.238046 0.795057 -0.557873 0.238045 0.795055 -0.40309 0.355825 0.843153 -0.403078 0.355829 0.843157 -0.229817 0.455834 0.859883 -0.229832 0.455831 0.859881 -0.0451593 0.533848 0.844374 -0.0451684 0.533847 0.844374 0.143357 0.586567 0.797113 0.143347 0.586567 0.797114 0.32784 0.611701 0.71996 0.327858 0.611697 0.719955 0.500623 0.608149 0.616061 0.500618 0.608151 0.616063 0.654379 0.576078 0.489818 0.65437 0.576084 0.489824 0.782772 0.516888 0.346547 0.782778 0.516882 0.346541 0.880609 0.433103 0.192221 0.880613 0.433097 0.192216 0.943978 0.328322 0.0333136 0.943986 0.328302 0.0332988 0.970515 0.206835 -0.12377 0.970511 0.206873 -0.123746 0.959292 0.0736856 -0.272633 0.959291 0.0736747 -0.272639 0.910875 -0.0658705 -0.407393 0.91087 -0.0658863 -0.4074 0.827217 -0.206232 -0.522667 0.827218 -0.206229 -0.522666 0.711606 -0.34179 -0.613838 0.711614 -0.341778 -0.613835 0.568546 -0.46711 -0.677174 0.568548 -0.467107 -0.677174 0.403708 -0.57704 -0.709961 0.403696 -0.577051 -0.709959 0.223645 -0.667014 -0.710687 0.223668 -0.666997 -0.710695 0.0358058 -0.733122 -0.679154 0.0358069 -0.733122 -0.679154 -0.152076 -0.772522 -0.616508 -0.15208 -0.772524 -0.616506 -0.332042 -0.78345 -0.525314 -0.332067 -0.783456 -0.525289 -0.496547 -0.765423 -0.409352 -0.496534 -0.765422 -0.40937 -0.638627 -0.719232 -0.273607 -0.638635 -0.71923 -0.273592 -0.77358 -0.614375 -0.155299 -0.773598 -0.614365 -0.155247 -0.854947 -0.518706 0.00314015 -0.854925 -0.518743 0.00301724 -0.90012 -0.404164 0.16259 -0.90012 -0.404138 0.162657 -0.90756 -0.275262 0.317121 -0.907601 -0.275352 0.316924 -0.877166 -0.137437 0.460098 -0.877118 -0.137379 0.460209 -0.810061 0.00401518 0.586332 -0.810116 0.00396983 0.586256 -0.709272 0.143082 0.690261 -0.709277 0.143079 0.690257 -0.578534 0.274502 0.76808 -0.578463 0.274534 0.768122 -0.422937 0.392973 0.816515 -0.422968 0.392964 0.816503 -0.248868 0.49354 0.833356 -0.248853 0.493543 0.833359 -0.0632835 0.57201 0.817802 -0.0632639 0.572011 0.817802 0.126233 0.625051 0.770309 0.126224 0.625052 0.77031 0.311685 0.65034 0.692756 0.311674 0.650342 0.692759 0.485342 0.646773 0.588326 0.485365 0.646764 0.588317 0.639921 0.614493 0.461411 0.639919 0.614494 0.461412 0.76897 0.554936 0.317383 0.768956 0.554948 0.317394 0.867252 0.470676 0.16229 0.867256 0.47067 0.162285 0.930893 0.365284 0.00256938 0.930885 0.365304 0.00258355 0.957476 0.243195 -0.155227 0.957482 0.243157 -0.155251 0.94612 0.109305 -0.304811 0.946121 0.109321 -0.304803 0.897384 -0.030898 -0.440168 0.897382 -0.0309061 -0.440171 0.813241 -0.171899 -0.555959 0.813241 -0.171899 -0.555958 0.697009 -0.308046 -0.647523 0.697019 -0.308029 -0.64752 0.553249 -0.433852 -0.711117 0.553246 -0.433857 -0.711117 0.387618 -0.544206 -0.744038 0.387625 -0.5442 -0.744039 0.206767 -0.634482 -0.744769 0.206738 -0.634504 -0.744758 0.0180571 -0.700848 -0.713082 0.0180638 -0.700844 -0.713086 -0.170631 -0.740377 -0.650175 -0.170635 -0.740378 -0.650172 -0.351375 -0.751343 -0.558587 -0.351376 -0.751343 -0.558586 -0.51664 -0.733238 -0.44209 -0.5166 -0.733234 -0.442144 -0.659215 -0.686926 -0.30589 -0.659278 -0.686917 -0.305774 -0.792853 -0.580192 -0.186441 -0.792843 -0.580197 -0.186469 -0.874407 -0.484401 -0.0277141 -0.874406 -0.484402 -0.0277182 -0.919709 -0.369689 0.132159 -0.919709 -0.369716 0.132084 -0.927244 -0.240671 0.286874 -0.927221 -0.240621 0.286988 -0.896775 -0.102488 0.430454 -0.896828 -0.102552 0.430328 -0.829735 0.0391249 0.556784 -0.82965 0.0391951 0.556906 -0.728724 0.178546 0.661122 -0.728691 0.178566 0.661154 -0.597608 0.310443 0.739249 -0.597733 0.310388 0.739171 -0.441878 0.429189 0.787744 -0.441803 0.429212 0.787773 -0.267313 0.530103 0.804695 -0.267326 0.530101 0.804693 -0.0812637 0.608848 0.789114 -0.0812783 0.608847 0.789113 0.108733 0.662081 0.741503 0.108736 0.662081 0.741502 0.294699 0.687461 0.663739 0.294692 0.687463 0.663741 0.468816 0.683881 0.559033 0.468825 0.683878 0.559029 0.623817 0.651485 0.431763 0.623815 0.651486 0.431764 0.753187 0.59172 0.287361 0.753192 0.591716 0.287357 0.851703 0.507162 0.131863 0.851699 0.507169 0.131868 0.915447 0.401448 -0.0282349 0.915449 0.401443 -0.0282381 0.942032 0.278985 -0.186394 0.942031 0.278991 -0.186391 0.930563 0.144756 -0.336301 0.930563 0.144756 -0.336301 0.881632 0.00421929 -0.471919 0.881631 0.00421503 -0.47192 0.79721 -0.13709 -0.587931 0.797216 -0.137076 -0.587926 0.680678 -0.273451 -0.679633 0.680666 -0.273472 -0.679637 0.536545 -0.399481 -0.743326 0.53655 -0.399475 -0.743326 0.37056 -0.509964 -0.776288 0.37055 -0.509974 -0.776286 0.1893 -0.600363 -0.777 0.189322 -0.600345 -0.777009 0.000242267 -0.666769 -0.745264 0.000246101 -0.666767 -0.745267 -0.188777 -0.706331 -0.682247 -0.188782 -0.706333 -0.682243 -0.369866 -0.717307 -0.590483 -0.36985 -0.717302 -0.590499 -0.535375 -0.699189 -0.473824 -0.535405 -0.699193 -0.473784 -0.678231 -0.652858 -0.337312 -0.678227 -0.652858 -0.33732 -0.810143 -0.544594 -0.216992 -0.810102 -0.544612 -0.217099 -0.891568 -0.449075 -0.0586354 -0.891617 -0.44901 -0.0583949 -0.936955 -0.334396 0.101466 -0.936954 -0.334415 0.101412 -0.944548 -0.205546 0.256086 -0.944543 -0.205534 0.256113 -0.914208 -0.0674774 0.399589 -0.914168 -0.0674277 0.399687 -0.84719 0.0741515 0.52609 -0.847221 0.0741251 0.526043 -0.746344 0.213567 0.630364 -0.746329 0.213577 0.63038 -0.615319 0.345506 0.708525 -0.615296 0.345517 0.70854 -0.459564 0.464329 0.757099 -0.459621 0.464311 0.757076 -0.285104 0.565317 0.774036 -0.285092 0.56532 0.774039 -0.0990567 0.644133 0.758473 -0.099042 0.644134 0.758473 0.0909703 0.697419 0.710866 0.090979 0.697419 0.710865 0.27698 0.722829 0.633088 0.276982 0.722829 0.633087 0.451162 0.71924 0.528343 0.451136 0.71925 0.528353 0.606164 0.686818 0.401056 0.606161 0.68682 0.401057 0.735532 0.626995 0.256651 0.735542 0.626986 0.256643 0.834042 0.542351 0.10114 0.834039 0.542355 0.101143 0.897738 0.436571 -0.0589229 0.897744 0.436558 -0.058932 0.924266 0.31403 -0.217066 0.924263 0.314045 -0.217057 0.912722 0.179792 -0.366897 0.912722 0.179785 -0.3669 0.863712 0.039245 -0.502456 0.863716 0.039265 -0.502447 0.779238 -0.101987 -0.618374 0.779236 -0.101992 -0.618376 0.662679 -0.238262 -0.709991 0.662675 -0.238269 -0.709992 0.518542 -0.364178 -0.773621 0.518542 -0.364177 -0.773621 0.352596 -0.474535 -0.806531 0.352602 -0.474529 -0.806532 0.171429 -0.564797 -0.807228 0.171421 -0.564803 -0.807225 -0.0175142 -0.63111 -0.775496 -0.0175181 -0.631113 -0.775494 -0.206421 -0.670611 -0.71251 -0.206407 -0.670605 -0.71252 -0.38736 -0.681558 -0.620831 -0.387363 -0.681559 -0.620828 -0.552699 -0.663487 -0.50429 -0.552741 -0.663493 -0.504236 -0.695584 -0.617192 -0.367747 -0.695521 -0.617197 -0.367857 -0.825188 -0.508018 -0.246946 -0.825235 -0.507998 -0.24683 -0.906515 -0.412747 -0.0887193 -0.90646 -0.412815 -0.0889671 -0.951774 -0.298598 0.0704672 -0.951782 -0.298526 0.0706661 -0.959417 -0.17006 0.22494 -0.95943 -0.170094 0.224862 -0.929259 -0.0324163 0.368004 -0.929266 -0.0324252 0.367987 -0.862536 0.108835 0.494152 -0.862528 0.108843 0.494165 -0.761964 0.247974 0.598264 -0.762035 0.247927 0.598193 -0.631467 0.37954 0.676165 -0.631409 0.379568 0.676203 -0.476081 0.498175 0.724685 -0.476102 0.498168 0.724676 -0.302118 0.598958 0.741602 -0.302092 0.598964 0.741608 -0.116478 0.677667 0.726085 -0.11651 0.677664 0.726083 0.0730521 0.730878 0.678587 0.0730642 0.730878 0.678586 0.258648 0.756256 0.600981 0.258645 0.756256 0.600982 0.432424 0.752674 0.49648 0.432432 0.752671 0.496477 0.587062 0.720293 0.369508 0.587084 0.720281 0.369496 0.716166 0.660529 0.225407 0.716136 0.660553 0.225429 0.814381 0.576055 0.0703177 0.814391 0.576041 0.0703065 0.877898 0.470438 -0.0893495 0.877892 0.47045 -0.0893407 0.904298 0.348156 -0.247049 0.904298 0.348152 -0.247052 0.892716 0.214201 -0.396454 0.892716 0.214212 -0.396448 0.843766 0.0740315 -0.531581 0.843762 0.0740127 -0.53159 0.759449 -0.066827 -0.647126 0.759446 -0.0668337 -0.647128 0.643142 -0.20269 -0.738434 0.643143 -0.202688 -0.738434 0.499371 -0.328178 -0.801828 0.499367 -0.328183 -0.801828 0.333871 -0.438146 -0.834601 0.333875 -0.438142 -0.834601 0.153232 -0.528066 -0.835265 0.153239 -0.52806 -0.835267 -0.0351131 -0.594104 -0.803621 -0.0351231 -0.59411 -0.803616 -0.223424 -0.633446 -0.740829 -0.223429 -0.633449 -0.740825 -0.403798 -0.644355 -0.649426 -0.403784 -0.64435 -0.64944 -0.56858 -0.626355 -0.533288 -0.568591 -0.626357 -0.533274 -0.711008 -0.580246 -0.397218 -0.711036 -0.580244 -0.397171 -0.838231 -0.470419 -0.275818 -0.838165 -0.470446 -0.275972 -0.919065 -0.375793 -0.118743 -0.919098 -0.375754 -0.118608 -0.96416 -0.262315 0.0398256 -0.964157 -0.262333 0.0397765 -0.971863 -0.134515 0.193359 -0.971854 -0.134484 0.193427 -0.941898 0.0024976 0.335888 -0.941943 0.00243145 0.335765 -0.875707 0.142863 0.461224 -0.875637 0.142931 0.461336 -0.77569 0.281369 0.564922 -0.775653 0.281395 0.56496 -0.645755 0.412441 0.642568 -0.64588 0.412375 0.642484 -0.491311 0.530513 0.690774 -0.491316 0.530512 0.690772 -0.318233 0.630864 0.707629 -0.318229 0.630865 0.70763 -0.133542 0.709251 0.692192 -0.133498 0.709256 0.692195 0.0551338 0.762259 0.64492 0.0551213 0.762259 0.644921 0.239821 0.787545 0.567678 0.239834 0.787543 0.567675 0.412797 0.783973 0.463665 0.412793 0.783974 0.463667 0.566689 0.751721 0.337313 0.566701 0.751714 0.337306 0.695175 0.692193 0.193907 0.695185 0.692186 0.193899 0.792922 0.608037 0.0395815 0.792917 0.608042 0.0395861 0.856093 0.50287 -0.119275 0.856094 0.502867 -0.119277 0.88232 0.381113 -0.276159 0.882319 0.381117 -0.276156 0.870736 0.24778 -0.424763 0.870736 0.247777 -0.424765 0.821968 0.10829 -0.559145 0.821966 0.108285 -0.559147 0.738008 -0.0318458 -0.67404 0.738007 -0.031847 -0.674041 0.622234 -0.166979 -0.764815 0.622239 -0.166971 -0.764813 0.479167 -0.291749 -0.827817 0.479174 -0.29174 -0.827816 0.314534 -0.401047 -0.860366 0.314527 -0.401054 -0.860365 0.13485 -0.490414 -0.860993 0.134851 -0.490414 -0.860993 -0.0524506 -0.55603 -0.829506 -0.0524574 -0.556034 -0.829502 -0.239702 -0.595124 -0.767053 -0.239712 -0.595129 -0.767046 -0.419046 -0.605973 -0.676164 -0.419064 -0.605979 -0.676147 -0.582985 -0.588098 -0.560597 -0.582922 -0.58809 -0.560672 -0.724579 -0.542271 -0.425355 -0.72457 -0.542272 -0.425371 0.589786 -0.157034 -0.792145 0.648281 -0.0844929 -0.756698 0.717164 -0.000256169 -0.696905 0.717165 -0.00025146 -0.696903 0.800619 0.138945 -0.582841 0.800617 0.138931 -0.582848 0.849123 0.277534 -0.449405 0.849123 0.277544 -0.449399 0.860676 0.410043 -0.301831 0.860679 0.410029 -0.30184 0.834658 0.531062 -0.14601 0.834648 0.531083 -0.145995 0.771911 0.635622 0.0117804 0.771916 0.635615 0.0117752 0.674806 0.719292 0.165093 0.674791 0.719303 0.165103 0.547142 0.778486 0.307564 0.54716 0.778477 0.307554 0.394233 0.810553 0.433109 0.394237 0.810552 0.433108 0.22236 0.814103 0.536463 0.222334 0.814106 0.536468 0.0388467 0.788967 0.613206 0.0388572 0.788967 0.613205 -0.148613 0.736249 0.66019 -0.148618 0.736249 0.66019 -0.33209 0.658303 0.675539 -0.332003 0.658324 0.675562 -0.503999 0.558506 0.658829 -0.50409 0.558473 0.658788 -0.657406 0.441189 0.610876 -0.657467 0.441158 0.610833 -0.78643 0.310933 0.533711 -0.786478 0.310901 0.53366 -0.885706 0.173299 0.430688 -0.885611 0.173389 0.430848 -0.951369 0.0338516 0.306188 -0.95138 0.0338357 0.306156 -0.981047 -0.102232 0.164607 -0.981026 -0.102161 0.164777 -0.973315 -0.229153 0.0121371 -0.973306 -0.229198 0.0120035 -0.928467 -0.341796 -0.145342 -0.928498 -0.341765 -0.14522 -0.848162 -0.435686 -0.301329 -0.848043 -0.435726 -0.301605 -0.735304 -0.506907 -0.449858 -0.735313 -0.506907 -0.449844 -0.594715 -0.55236 -0.584135 -0.594748 -0.552366 -0.584095 -0.431937 -0.570124 -0.698849 -0.431962 -0.570133 -0.698826 -0.253875 -0.559381 -0.789076 -0.253868 -0.559378 -0.789081 -0.0679509 -0.520612 -0.851085 -0.0679714 -0.520626 -0.851075 0.118031 -0.455518 -0.882367 0.118069 -0.455487 -0.882378 0.296464 -0.366816 -0.881791 0.296485 -0.366794 -0.881793 0.45998 -0.258316 -0.849524 0.459939 -0.258373 -0.849529 0.602121 -0.134458 -0.787002 -0.355312 0.70362 -0.615364 -0.355103 0.703809 -0.615268 -0.355341 0.703583 -0.615389 -0.355285 0.703645 -0.61535 -0.355202 0.703723 -0.615309 -0.355229 0.703694 -0.615327 -0.355287 0.703639 -0.615356 -0.355273 0.703654 -0.615347 -0.3553 0.703629 -0.61536 -0.355257 0.703676 -0.615332 -0.355249 0.703683 -0.615327 -0.355269 0.703662 -0.615341 -0.3553 0.703632 -0.615357 -0.355279 0.703656 -0.615342 -0.355227 0.703704 -0.615316 -0.355218 0.703715 -0.615309 -0.355276 0.703653 -0.615346 -0.35527 0.703673 -0.615327 -0.355872 0.703384 -0.61531 -0.355083 0.703749 -0.615348 -0.355227 0.703671 -0.615354 -0.355274 0.70365 -0.615352 -0.355244 0.703696 -0.615317 -0.355252 0.703685 -0.615324 -0.355283 0.703628 -0.615372 -0.355281 0.703632 -0.615368 -0.355237 0.703716 -0.615297 -0.355184 0.703797 -0.615235 -0.355248 0.703715 -0.615292 -0.355646 0.703278 -0.615561 0.615398 -0.703613 0.355266 0.615341 -0.703665 0.355262 0.61532 -0.703683 0.355263 0.615343 -0.703662 0.355265 0.615346 -0.703659 0.355265 0.615329 -0.703675 0.355264 0.615356 -0.703652 0.355262 0.61534 -0.703667 0.355261 0.615204 -0.703781 0.355269 0.615301 -0.703693 0.355275 0.615421 -0.703592 0.355269 0.615572 -0.703454 0.355279 0.61533 -0.703659 0.355293 0.615366 -0.703626 0.355295 0.615356 -0.703648 0.355268 0.615322 -0.703679 0.355267 0.61533 -0.703672 0.355268 0.615447 -0.703642 0.355123 0.615343 -0.703659 0.355271 0.615336 -0.703668 0.355266 0.615304 -0.703706 0.355244 0.615406 -0.703568 0.355343 0.615307 -0.703719 0.355215 0.615322 -0.703693 0.355241 0.61541 -0.703428 0.35561 0.615255 -0.703826 0.355092 0.615337 -0.703662 0.355275 0.615346 -0.70364 0.355305 0.615349 -0.703627 0.355324 0.615337 -0.703659 0.355282 0.482318 -0.239627 -0.842584 0.393862 -0.325198 -0.85972 0.334849 -0.370997 -0.866162 0.319003 -0.390773 -0.863443 0.183251 -0.498818 -0.847113 0.183267 -0.498799 -0.847121 0.0252155 -0.608071 -0.793482 0.0252353 -0.608049 -0.793498 -0.129949 -0.697463 -0.70474 -0.129973 -0.697487 -0.704712 -0.275866 -0.763211 -0.584301 -0.275857 -0.763203 -0.584315 -0.406366 -0.802379 -0.437099 -0.406352 -0.802368 -0.437131 -0.515888 -0.813238 -0.269267 -0.515901 -0.813244 -0.269221 -0.599797 -0.795314 -0.0878563 -0.599798 -0.795314 -0.087853 -0.654608 -0.749398 0.0994509 -0.654608 -0.749394 0.0994882 -0.678102 -0.677521 0.284856 -0.678097 -0.677513 0.284889 -0.669462 -0.582852 0.460547 -0.669439 -0.582827 0.460612 -0.629225 -0.469417 0.619455 -0.629311 -0.469493 0.619309 -0.559191 -0.341769 0.755314 -0.559236 -0.341803 0.755266 -0.462464 -0.205532 0.862487 -0.46243 -0.20551 0.86251 -0.34269 -0.0657651 0.937144 -0.342775 -0.0658151 0.937109 -0.204994 0.071674 0.976135 -0.204742 0.0718031 0.976179 -0.0544908 0.20148 0.977976 -0.0544976 0.201477 0.977976 0.102354 0.318272 0.942458 0.102482 0.318315 0.942429 0.259815 0.417576 0.870705 0.259686 0.417545 0.870758 0.410631 0.494877 0.76582 0.410573 0.49487 0.765855 0.549308 0.54721 0.631523 0.549313 0.54721 0.631519 0.669539 0.572116 0.473711 0.669517 0.572121 0.473735 0.766443 0.568605 0.298752 0.766467 0.568592 0.298718 0.835994 0.536788 0.113895 0.836 0.536782 0.113884 0.875278 0.478084 -0.0729689 0.875275 0.478089 -0.0729619 0.882817 0.395006 -0.254175 0.882824 0.394953 -0.254233 0.858478 0.291019 -0.422283 0.858482 0.291064 -0.422244 0.80339 0.170524 -0.570513 0.803395 0.170543 -0.570502 0.719886 0.0383092 -0.693035 0.71989 0.038321 -0.693029 0.611438 -0.100216 -0.784921 0.611434 -0.100224 -0.784923 0.482325 -0.239616 -0.842584 -0.713728 -0.646755 0.268889 -0.713721 -0.646746 0.268926 -0.705018 -0.551449 0.445931 -0.705046 -0.551475 0.445854 -0.664572 -0.437335 0.605873 -0.664547 -0.437315 0.605914 -0.594078 -0.308986 0.742697 -0.593966 -0.308907 0.742819 -0.496536 -0.171748 0.850855 -0.496561 -0.171764 0.850837 -0.375876 -0.0309183 0.926154 -0.375994 -0.0309842 0.926104 -0.237359 0.107392 0.965468 -0.237294 0.107424 0.96548 -0.0858365 0.238203 0.967415 -0.0857391 0.238242 0.967414 0.0723623 0.356026 0.93167 0.0722342 0.355986 0.931695 0.230786 0.456082 0.859492 0.230864 0.456099 0.859462 0.382873 0.53403 0.753804 0.382847 0.534028 0.753819 0.522578 0.586788 0.61854 0.5226 0.586787 0.618523 0.643785 0.611914 0.459458 0.643751 0.611924 0.459493 0.741422 0.608377 0.283145 0.741397 0.608391 0.283179 0.81147 0.576302 0.0969178 0.811475 0.576296 0.0969076 0.851035 0.517096 -0.091383 0.851034 0.517098 -0.0913805 0.8586 0.433317 -0.273939 0.858599 0.433322 -0.273933 0.834018 0.328521 -0.44327 0.834018 0.328514 -0.443276 0.778465 0.207059 -0.592553 0.778468 0.207073 -0.592544 0.694302 0.0738779 -0.715882 0.694294 0.0738545 -0.715892 0.584982 -0.0656913 -0.808382 0.584993 -0.0656662 -0.808375 0.4549 -0.206027 -0.866383 0.454896 -0.206035 -0.866383 0.309183 -0.3416 -0.887533 0.309193 -0.341584 -0.887536 0.153614 -0.466923 -0.870853 0.153609 -0.466931 -0.87085 -0.0055387 -0.576859 -0.816825 -0.00555304 -0.576876 -0.816813 -0.161832 -0.666831 -0.727425 -0.161815 -0.666813 -0.727446 -0.30876 -0.732946 -0.606183 -0.308758 -0.732944 -0.606186 -0.440143 -0.772344 -0.457995 -0.44015 -0.77235 -0.457977 -0.550414 -0.783275 -0.289007 -0.550413 -0.783275 -0.289008 -0.634896 -0.765242 -0.106352 -0.634895 -0.765242 -0.106366 -0.690065 -0.719057 0.0822612 -0.690066 -0.719059 0.0822362 -0.74792 -0.614021 0.252179 -0.747931 -0.614033 0.252119 -0.739213 -0.518416 0.429894 -0.739182 -0.51839 0.429979 -0.698554 -0.403874 0.590685 -0.698542 -0.403865 0.590705 -0.627676 -0.274862 0.728336 -0.627801 -0.274946 0.728197 -0.52987 -0.137054 0.836931 -0.529888 -0.137065 0.836918 -0.408823 0.0042676 0.912604 -0.408651 0.00435933 0.912681 -0.269444 0.143343 0.952288 -0.269478 0.143327 0.952281 -0.117187 0.274889 0.954308 -0.117278 0.274854 0.954307 0.0417162 0.393375 0.918431 0.0416561 0.393358 0.918441 0.200735 0.493859 0.846055 0.20094 0.4939 0.845982 0.353902 0.572382 0.739684 0.353761 0.57237 0.739761 0.494171 0.625429 0.603849 0.49421 0.625426 0.60382 0.616043 0.650708 0.443926 0.616056 0.650705 0.443912 0.714205 0.647136 0.266696 0.714219 0.647128 0.266678 0.784626 0.614856 0.0794607 0.784619 0.614863 0.079473 0.82437 0.555301 -0.109797 0.824369 0.555303 -0.109794 0.831941 0.471041 -0.293248 0.831944 0.471028 -0.293261 0.807196 0.365636 -0.463406 0.807196 0.365638 -0.463404 0.75131 0.243517 -0.613378 0.751312 0.243525 -0.613372 0.666685 0.10966 -0.737228 0.666684 0.109657 -0.73723 0.556794 -0.0305607 -0.830088 0.556783 -0.0305849 -0.830094 0.426028 -0.171572 -0.888292 0.426034 -0.17156 -0.888292 0.279593 -0.307706 -0.909475 0.279592 -0.307707 -0.909475 0.123279 -0.433533 -0.892665 0.123277 -0.433536 -0.892664 -0.0366215 -0.543884 -0.838361 -0.0366228 -0.543885 -0.83836 -0.193633 -0.634175 -0.748551 -0.193634 -0.634176 -0.74855 -0.341203 -0.700524 -0.626775 -0.341208 -0.700529 -0.626766 -0.473169 -0.740062 -0.477933 -0.473167 -0.74006 -0.477937 -0.583919 -0.751025 -0.308221 -0.583917 -0.751024 -0.308227 -0.668759 -0.732932 -0.124791 -0.668759 -0.732932 -0.124785 -0.724167 -0.686588 0.0646496 -0.724167 -0.686588 0.0646518 -0.780278 -0.579724 0.234704 -0.78027 -0.579716 0.234752 -0.771535 -0.483997 0.412894 -0.771553 -0.484012 0.412843 -0.730858 -0.369282 0.574001 -0.730866 -0.369288 0.573987 -0.659955 -0.240166 0.711884 -0.659859 -0.240102 0.711995 -0.561829 -0.102082 0.820931 -0.56184 -0.102088 0.820922 -0.44054 0.0395452 0.896861 -0.440567 0.0395312 0.896849 -0.300847 0.179088 0.936706 -0.300983 0.179026 0.936674 -0.148394 0.310922 0.938779 -0.148397 0.310921 0.938779 0.0108039 0.429678 0.902918 0.0109126 0.42971 0.902901 0.170412 0.530554 0.830345 0.170308 0.530533 0.830379 0.323749 0.609334 0.723809 0.323849 0.609342 0.723757 0.464563 0.66256 0.587534 0.464502 0.662564 0.587577 0.586668 0.687947 0.427259 0.586702 0.687938 0.427227 0.685139 0.684356 0.249482 0.685119 0.684367 0.249507 0.755721 0.651973 0.061777 0.755725 0.651969 0.061771 0.795564 0.592199 -0.127979 0.795563 0.592201 -0.127977 0.80313 0.507651 -0.311886 0.803128 0.507658 -0.311879 0.778285 0.401935 -0.482412 0.778285 0.401921 -0.482423 0.722216 0.279439 -0.632707 0.722217 0.279448 -0.632701 0.637348 0.145243 -0.756764 0.637345 0.145233 -0.756769 0.527137 0.00466846 -0.849768 0.527145 0.00468851 -0.849762 0.396046 -0.136599 -0.908013 0.396041 -0.136609 -0.908014 0.249259 -0.272984 -0.929166 0.249255 -0.272991 -0.929165 0.0925832 -0.399013 -0.91226 0.0925874 -0.399006 -0.912262 -0.0676649 -0.509508 -0.857801 -0.0676543 -0.509494 -0.85781 -0.224967 -0.599876 -0.767814 -0.224977 -0.599888 -0.767802 -0.372847 -0.666306 -0.645771 -0.372831 -0.666289 -0.645799 -0.505024 -0.705855 -0.496709 -0.505033 -0.705864 -0.496687 -0.615964 -0.716836 -0.326701 -0.615971 -0.716842 -0.326676 -0.700963 -0.698733 -0.14291 -0.700961 -0.698732 -0.142924 -0.756472 -0.652344 0.0468725 -0.756472 -0.652345 0.0468575 -0.810578 -0.544045 0.216743 -0.81058 -0.544047 0.216731 -0.801885 -0.448457 0.3948 -0.801872 -0.448447 0.394837 -0.761215 -0.333832 0.555975 -0.761252 -0.33386 0.555907 -0.690422 -0.204861 0.693793 -0.690426 -0.204863 0.693789 -0.592475 -0.0668854 0.802807 -0.592407 -0.0668448 0.802861 -0.471128 0.0748133 0.878886 -0.471228 0.0747606 0.878837 -0.331709 0.214198 0.918743 -0.331579 0.214258 0.918776 -0.179068 0.346157 0.920929 -0.179179 0.346114 0.920924 -0.0201223 0.46486 0.885156 -0.019994 0.464899 0.885138 0.139646 0.565918 0.812549 0.13955 0.565898 0.812579 0.292928 0.644735 0.706053 0.292902 0.644732 0.706066 0.433666 0.698024 0.569821 0.433723 0.698021 0.569782 0.555869 0.723421 0.409478 0.555859 0.723423 0.409487 0.654342 0.719837 0.231669 0.654339 0.719839 0.231673 0.72494 0.687409 0.0439379 0.724935 0.687414 0.0439451 0.764773 0.627583 -0.145815 0.764775 0.627579 -0.145821 0.772327 0.542959 -0.329706 0.772329 0.542952 -0.329713 0.747455 0.437148 -0.500213 0.747454 0.437168 -0.500196 0.691353 0.314629 -0.650415 0.691352 0.314622 -0.650419 0.606457 0.180403 -0.77438 0.606456 0.180399 -0.774382 0.496224 0.0398448 -0.86728 0.496224 0.0398439 -0.86728 0.365132 -0.101371 -0.92542 0.365132 -0.101371 -0.92542 0.218353 -0.237669 -0.946486 0.218361 -0.237656 -0.946487 0.0617419 -0.36355 -0.929527 0.0617314 -0.363565 -0.929521 -0.0984419 -0.473924 -0.875046 -0.0984458 -0.473929 -0.875043 -0.255666 -0.564178 -0.785072 -0.255659 -0.56417 -0.78508 -0.403423 -0.630482 -0.663131 -0.403437 -0.630498 -0.663107 -0.535523 -0.669991 -0.514128 -0.535513 -0.669981 -0.514152 -0.646378 -0.680937 -0.344267 -0.646374 -0.680934 -0.344281 -0.731313 -0.662856 -0.160635 -0.731313 -0.662855 -0.160637 -0.786779 -0.616554 0.0289917 -0.786779 -0.616553 0.029014 -0.838683 -0.507227 0.198322 -0.838681 -0.507225 0.198337 -0.830043 -0.411998 0.375881 -0.830046 -0.412002 0.37587 -0.789552 -0.297773 0.536599 -0.789554 -0.297775 0.536596 -0.719003 -0.169255 0.674082 -0.719003 -0.169255 0.674082 -0.621351 -0.0316534 0.782893 -0.621403 -0.031686 0.78285 -0.500491 0.109624 0.858773 -0.500469 0.109636 0.858784 -0.361424 0.248673 0.898629 -0.361457 0.248657 0.89862 -0.20947 0.380214 0.900866 -0.20925 0.380303 0.90088 -0.0505731 0.498848 0.865213 -0.0507512 0.49879 0.865236 0.108525 0.599674 0.792851 0.108576 0.599685 0.792836 0.261496 0.678357 0.686624 0.26149 0.678356 0.686627 0.401883 0.731559 0.550737 0.401894 0.731559 0.550729 0.523802 0.756935 0.390744 0.523792 0.756938 0.390753 0.622041 0.753355 0.213359 0.62204 0.753355 0.21336 0.692469 0.720976 0.0260884 0.692477 0.720969 0.0260756 0.732215 0.661226 -0.163222 0.732211 0.661233 -0.163213 0.739735 0.576748 -0.346633 0.739734 0.57675 -0.346631 0.714903 0.47113 -0.516673 0.714903 0.471133 -0.51667 0.65893 0.348874 -0.666407 0.658927 0.348852 -0.666422 0.574212 0.214923 -0.789993 0.574216 0.214935 -0.789987 0.464253 0.0747506 -0.882543 0.464245 0.0747312 -0.882549 0.333463 -0.0661014 -0.940443 0.333476 -0.0660773 -0.94044 0.1871 -0.201937 -0.961361 0.18709 -0.201954 -0.961359 0.0309157 -0.327413 -0.944375 0.0309188 -0.327409 -0.944377 -0.128798 -0.437375 -0.890008 -0.128797 -0.437374 -0.890009 -0.285533 -0.527274 -0.800283 -0.285537 -0.527279 -0.800279 -0.432824 -0.593316 -0.678704 -0.432822 -0.593315 -0.678707 -0.564504 -0.632652 -0.530176 -0.5645 -0.632648 -0.530185 -0.674984 -0.643555 -0.36088 -0.674984 -0.643555 -0.360878 -0.75963 -0.625558 -0.177871 -0.759635 -0.625561 -0.177843 -0.814936 -0.579443 0.0112045 -0.814935 -0.579444 0.0111703 -0.864442 -0.469542 0.179639 -0.864444 -0.469545 0.179621 -0.855893 -0.374909 0.356217 -0.855891 -0.374906 0.356225 -0.815669 -0.261371 0.516109 -0.815666 -0.261369 0.516115 -0.745554 -0.133585 0.65292 -0.745554 -0.133584 0.65292 -0.648484 0.00326151 0.761221 -0.648476 0.00326722 0.761229 -0.528351 0.143737 0.836771 -0.528276 0.143781 0.836811 -0.38994 0.282197 0.876534 -0.389987 0.282173 0.876521 -0.238789 0.413142 0.878802 -0.238853 0.413114 0.878798 -0.0808526 0.531265 0.843339 -0.0808306 0.531273 0.843336 0.0774984 0.631642 0.771377 0.0774907 0.63164 0.77138 0.229674 0.710011 0.665683 0.229689 0.710013 0.665675 0.369391 0.763007 0.530444 0.369387 0.763007 0.530447 0.490724 0.788289 0.371201 0.49071 0.788292 0.371214 0.588468 0.784725 0.19471 0.588488 0.784716 0.194685 0.658589 0.752457 0.00829808 0.658577 0.752467 0.00831732 0.698131 0.692957 -0.180065 0.698132 0.692955 -0.180067 0.705617 0.608814 -0.362561 0.705615 0.608819 -0.362555 0.680903 0.503672 -0.531682 0.680904 0.503641 -0.53171 0.625186 0.38191 -0.680653 0.625189 0.38193 -0.680638 0.540859 0.2486 -0.803536 0.540864 0.248615 -0.803528 0.431441 0.109129 -0.895517 0.431441 0.109129 -0.895517 0.301306 -0.0309777 -0.953024 0.301301 -0.0309875 -0.953026 0.155696 -0.166076 -0.973744 0.15569 -0.166085 -0.973744 0.000313415 -0.290838 -0.956772 0.000320352 -0.290828 -0.956775 -0.15853 -0.400128 -0.902644 -0.15853 -0.400128 -0.902644 -0.314415 -0.489474 -0.813362 -0.314401 -0.489459 -0.813377 -0.460856 -0.555071 -0.692465 -0.460862 -0.555076 -0.692457 -0.59177 -0.594149 -0.544789 -0.591784 -0.594161 -0.54476 -0.701638 -0.604995 -0.376412 -0.701632 -0.604991 -0.37643 -0.785805 -0.587112 -0.19445 -0.785802 -0.58711 -0.194468 -0.840808 -0.541294 -0.00648631 -0.840809 -0.541293 -0.00646231 0.114448 -0.156789 -0.980979 0.182713 -0.0839718 -0.979574 0.272196 0.000198717 -0.962242 0.272198 0.00020191 -0.962241 0.401484 0.139377 -0.905199 0.401487 0.139386 -0.905196 0.510197 0.277962 -0.813902 0.510198 0.277967 -0.8139 0.593983 0.410455 -0.69189 0.593984 0.410465 -0.691883 0.649354 0.531483 -0.543935 0.649355 0.531475 -0.543942 0.673911 0.636013 -0.375941 0.673913 0.636008 -0.375946 0.666471 0.719676 -0.194634 0.666465 0.719686 -0.194621 0.627165 0.778851 -0.00748892 0.627162 0.778853 -0.00748432 0.557488 0.810935 0.17774 0.557504 0.810928 0.177721 0.460361 0.814479 0.353117 0.460349 0.814481 0.353128 0.339798 0.789341 0.51135 0.339805 0.789341 0.511345 0.200987 0.736636 0.645733 0.200992 0.736637 0.645731 0.0498027 0.658712 0.750745 0.0497757 0.658706 0.750752 -0.107504 0.558918 0.822225 -0.107485 0.558924 0.822223 -0.264389 0.441506 0.857421 -0.264356 0.441519 0.857425 -0.414508 0.311366 0.855122 -0.41453 0.311356 0.855115 -0.551942 0.173768 0.815577 -0.551961 0.173757 0.815566 -0.671221 0.0342196 0.740467 -0.671189 0.0342392 0.740495 -0.76757 -0.101705 0.632845 -0.767589 -0.101717 0.63282 -0.837157 -0.228581 0.49691 -0.837137 -0.228566 0.496951 -0.877045 -0.341303 0.338089 -0.877058 -0.341313 0.338045 -0.885506 -0.435207 0.162707 -0.885504 -0.435204 0.162727 -0.862004 -0.506418 -0.0221136 -0.862004 -0.506418 -0.0221153 -0.80738 -0.551871 -0.20875 -0.807376 -0.551868 -0.20877 -0.723813 -0.569604 -0.389418 -0.723813 -0.569604 -0.389418 -0.614723 -0.558854 -0.556595 -0.614732 -0.558863 -0.556576 -0.484737 -0.520092 -0.703231 -0.48475 -0.520106 -0.703212 -0.339335 -0.455001 -0.823302 -0.339319 -0.454982 -0.823318 -0.184541 -0.366326 -0.912003 -0.184532 -0.366314 -0.91201 -0.0267933 -0.257834 -0.965818 -0.0268003 -0.257845 -0.965815 0.127546 -0.133968 -0.982744 -0.615369 0.703638 -0.355267 -0.615197 0.703785 -0.355274 -0.615371 0.703637 -0.355264 -0.615382 0.703628 -0.355264 -0.615347 0.703657 -0.355267 -0.615305 0.703696 -0.355264 -0.615334 0.703671 -0.355262 -0.615375 0.703634 -0.355265 -0.615338 0.703665 -0.355267 -0.615329 0.703673 -0.355266 -0.615337 0.703667 -0.355266 -0.615351 0.703653 -0.355267 -0.615337 0.703665 -0.355268 -0.615329 0.703673 -0.355267 -0.615319 0.703681 -0.355268 -0.615325 0.703676 -0.355268 -0.615345 0.703658 -0.355269 -0.615353 0.703642 -0.355286 -0.61536 0.703642 -0.355274 -0.615337 0.703666 -0.355266 -0.615329 0.703674 -0.355265 -0.61536 0.703628 -0.355303 -0.615331 0.703675 -0.355259 -0.615335 0.70367 -0.355262 -0.615336 0.703669 -0.355262 -0.615348 0.70363 -0.355318 -0.61534 0.703657 -0.355278 -0.615346 0.703646 -0.355291 -0.615339 0.703665 -0.355267 -0.615329 0.703684 -0.355245 0.710526 -0.703671 2.98906e-06 0.710537 -0.703659 -8.29226e-07 0.710527 -0.70367 1.13581e-06 0.710533 -0.703664 8.36647e-07 0.710546 -0.703651 8.5647e-06 0.710538 -0.703658 -1.00141e-06 0.71045 -0.703747 0.000159623 0.710535 -0.703662 1.01355e-06 0.710543 -0.703654 3.81091e-06 0.710528 -0.703669 3.54642e-07 0.710527 -0.70367 -8.41608e-06 0.710543 -0.703654 8.78588e-06 0.710534 -0.703663 -3.14596e-06 0.710524 -0.703673 -1.3638e-05 0.710539 -0.703658 -1.68456e-06 0.710514 -0.703683 1.40838e-05 0.710544 -0.703652 -5.96444e-06 0.710526 -0.703671 1.2341e-07 0.710544 -0.703653 -3.1715e-06 0.710537 -0.703659 -1.10099e-06 0.710584 -0.703612 8.1986e-05 0.710529 -0.703668 -7.4853e-06 0.710478 -0.70372 -2.69661e-05 0.710549 -0.703648 -1.03666e-05 0.71062 -0.703576 1.67717e-05 0.71048 -0.703717 4.85219e-05 0.710443 -0.703754 9.47804e-05 0.71054 -0.703657 -4.23669e-06 0.710549 -0.703648 -1.58508e-05 0.710543 -0.703653 -1.00906e-05 -0.448253 -0.681812 0.578102 -0.448167 -0.681779 0.578207 -0.357156 -0.59138 0.722987 -0.357276 -0.591435 0.722882 -0.248084 -0.483029 0.839725 -0.248042 -0.483007 0.83975 -0.124987 -0.360904 0.92419 -0.12474 -0.36077 0.924276 0.00741484 -0.229708 0.973231 0.00716159 -0.229848 0.9732 0.143525 -0.0947054 0.985105 0.143646 -0.0946379 0.985094 0.2791 0.0395264 0.959448 0.278941 0.0394397 0.959498 0.408392 0.167573 0.897293 0.408371 0.167562 0.897305 0.526866 0.28478 0.80082 0.526901 0.284796 0.800791 0.629929 0.38666 0.67356 0.630013 0.386692 0.673464 0.713607 0.469319 0.5201 0.713625 0.469324 0.520072 0.774384 0.529367 0.346554 0.77438 0.529367 0.346564 0.809919 0.564482 0.159346 0.809914 0.564484 0.159366 0.818719 0.573183 -0.0340678 0.818719 0.573183 -0.0340688 0.80044 0.55514 -0.226086 0.80044 0.555131 -0.22611 0.755807 0.511038 -0.409386 0.755806 0.511036 -0.409389 0.68669 0.442741 -0.576573 0.686681 0.442718 -0.576602 0.59585 0.352931 -0.721389 0.595854 0.352938 -0.721383 0.486877 0.245164 -0.838359 0.486876 0.245162 -0.83836 0.364004 0.123583 -0.923162 0.364002 0.123579 -0.923163 0.231932 -0.00717686 -0.972705 0.231934 -0.0071736 -0.972705 0.0956028 -0.142234 -0.985205 0.0955933 -0.142251 -0.985204 -0.039881 -0.276546 -0.960173 -0.0398665 -0.27652 -0.960181 -0.169392 -0.404998 -0.898489 -0.1694 -0.405013 -0.898481 -0.288092 -0.522811 -0.802291 -0.288086 -0.522799 -0.802301 -0.391374 -0.625362 -0.675092 -0.39138 -0.625377 -0.675074 -0.475195 -0.708639 -0.521555 -0.475195 -0.708636 -0.52156 -0.536189 -0.769243 -0.347514 -0.536186 -0.769201 -0.347613 -0.571824 -0.804638 -0.159923 -0.571821 -0.804645 -0.159895 -0.580659 -0.81343 0.0341498 -0.580652 -0.813434 0.0341769 -0.562301 -0.7952 0.226879 -0.562315 -0.7952 0.226843 -0.51755 -0.750709 0.410583 -0.517589 -0.750718 0.410517 -0.486132 -0.651901 0.58198 -0.486118 -0.651896 0.581997 -0.39446 -0.560946 0.727833 -0.394392 -0.560917 0.727892 -0.284482 -0.451892 0.845496 -0.284532 -0.451916 0.845467 -0.160422 -0.328847 0.930658 -0.160635 -0.328954 0.930583 -0.0275266 -0.197013 0.980014 -0.0272926 -0.196891 0.980045 0.109919 -0.0609431 0.99207 0.109823 -0.0609935 0.992078 0.246188 0.0740471 0.966389 0.246413 0.0741611 0.966323 0.376719 0.203156 0.903776 0.376673 0.203134 0.9038 0.496009 0.321218 0.806718 0.496038 0.321231 0.806696 0.599925 0.423997 0.678467 0.599837 0.423966 0.678564 0.684153 0.507339 0.523967 0.684131 0.507333 0.524002 0.745393 0.567888 0.349131 0.745374 0.567888 0.349172 0.781194 0.603278 0.160598 0.781208 0.603272 0.160553 0.790078 0.612045 -0.0343214 0.790079 0.612043 -0.0343259 0.771655 0.593824 -0.227862 0.771654 0.593851 -0.227797 0.726677 0.549406 -0.412426 0.726672 0.549379 -0.41247 0.657028 0.480526 -0.580869 0.657024 0.480514 -0.580883 0.565476 0.389982 -0.72674 0.56548 0.389992 -0.726731 0.455679 0.281376 -0.844502 0.455682 0.281382 -0.844498 0.331903 0.158889 -0.929836 0.331898 0.158879 -0.929839 0.198849 0.0271585 -0.979654 0.198855 0.02717 -0.979652 0.0615441 -0.108829 -0.992154 0.0615401 -0.108836 -0.992153 -0.07489 -0.244027 -0.966872 -0.0749071 -0.24406 -0.966863 -0.205351 -0.373373 -0.904668 -0.205338 -0.373347 -0.904682 -0.324878 -0.491901 -0.807767 -0.324877 -0.4919 -0.807768 -0.428885 -0.595089 -0.679652 -0.428881 -0.595078 -0.679664 -0.513282 -0.67884 -0.52509 -0.513285 -0.678855 -0.525066 -0.574682 -0.739802 -0.349904 -0.574683 -0.739831 -0.349842 -0.610559 -0.775441 -0.160962 -0.610563 -0.775432 -0.16099 -0.619467 -0.784269 0.0344002 -0.619473 -0.784265 0.0343772 -0.601017 -0.765929 0.228323 -0.600985 -0.765932 0.228397 -0.555892 -0.721171 0.413395 -0.555928 -0.721178 0.413337 -0.523222 -0.620085 0.58458 -0.523262 -0.620096 0.584531 -0.431172 -0.528793 0.731074 -0.431185 -0.528798 0.731063 -0.320706 -0.419287 0.849321 -0.320733 -0.419299 0.849305 -0.196232 -0.295913 0.934842 -0.196027 -0.295816 0.934915 -0.0623281 -0.163352 0.984597 -0.0624898 -0.163431 0.984574 0.0756131 -0.0266379 0.996781 0.0755431 -0.0266724 0.996786 0.212519 0.108966 0.971062 0.212494 0.108954 0.971069 0.343555 0.238696 0.908292 0.343659 0.238743 0.90824 0.463607 0.357466 0.810732 0.463553 0.357444 0.810773 0.568001 0.460797 0.681939 0.56801 0.4608 0.68193 0.652667 0.544556 0.526768 0.652734 0.544569 0.526672 0.714299 0.605487 0.350944 0.714296 0.605487 0.35095 0.750286 0.641104 0.161422 0.75028 0.641106 0.161438 0.759205 0.649938 -0.0344838 0.759208 0.649933 -0.0345017 0.740679 0.631599 -0.22908 0.740678 0.63161 -0.229055 0.695475 0.586893 -0.414574 0.695476 0.586897 -0.414567 0.625434 0.517607 -0.58388 0.625439 0.517626 -0.583857 0.533417 0.42658 -0.730409 0.533408 0.426559 -0.730427 0.423055 0.317352 -0.848712 0.423051 0.317345 -0.848717 0.298653 0.194212 -0.934392 0.298651 0.194209 -0.934393 0.164939 0.0618222 -0.984364 0.164938 0.0618193 -0.984365 0.0269527 -0.0748337 -0.996832 0.026965 -0.0748095 -0.996833 -0.110125 -0.210611 -0.971347 -0.110123 -0.210608 -0.971348 -0.241191 -0.340481 -0.90879 -0.241198 -0.340495 -0.908783 -0.361275 -0.459504 -0.811379 -0.361273 -0.4595 -0.811383 -0.46575 -0.563071 -0.682662 -0.465753 -0.56308 -0.682653 -0.550536 -0.647141 -0.52737 -0.550534 -0.647133 -0.527382 -0.612228 -0.70831 -0.351388 -0.612228 -0.708294 -0.351421 -0.648276 -0.744049 -0.161644 -0.648278 -0.744045 -0.161656 -0.657206 -0.752919 0.0345332 -0.657202 -0.752922 0.0345484 -0.63865 -0.73453 0.22933 -0.638659 -0.734529 0.229309 -0.593366 -0.689613 0.415151 -0.593342 -0.68961 0.41519 -0.559217 -0.586765 0.585647 -0.559148 -0.586747 0.585731 -0.466858 -0.495326 0.732595 -0.466905 -0.495343 0.732554 -0.356187 -0.385668 0.851112 -0.356204 -0.385675 0.851101 -0.231342 -0.261996 0.936931 -0.231489 -0.262064 0.936875 -0.0974138 -0.129267 0.986813 -0.0973106 -0.129218 0.98683 0.0408497 0.00761161 0.999136 0.0410478 0.00770676 0.999127 0.178442 0.143769 0.97339 0.178254 0.143681 0.973438 0.30961 0.27375 0.910605 0.309632 0.273759 0.910596 0.429968 0.392905 0.812867 0.429981 0.39291 0.812858 0.534681 0.496569 0.683766 0.53467 0.496565 0.683777 0.619605 0.58065 0.528143 0.61955 0.580639 0.528221 0.68135 0.641801 0.351929 0.681349 0.641801 0.351929 0.71746 0.677527 0.161893 0.717465 0.677525 0.161879 0.726419 0.686381 -0.0346027 0.726414 0.686387 -0.0345814 0.707825 0.668007 -0.229672 0.70783 0.667985 -0.229726 0.662504 0.623116 -0.41571 0.662503 0.623104 -0.41573 0.592258 0.553564 -0.585489 0.59226 0.553573 -0.585479 0.499983 0.462215 -0.732375 0.49999 0.462234 -0.732359 0.389329 0.352671 -0.850909 0.389326 0.352665 -0.850913 0.264585 0.229152 -0.936741 0.264594 0.22917 -0.936734 0.130549 0.0964333 -0.986741 0.130546 0.0964272 -0.986742 -0.00776844 -0.0405474 -0.999147 -0.00777263 -0.040556 -0.999147 -0.145147 -0.176611 -0.97352 -0.145157 -0.176631 -0.973515 -0.276536 -0.306758 -0.910729 -0.276524 -0.306733 -0.910741 -0.396859 -0.425933 -0.813071 -0.396866 -0.42595 -0.813058 -0.501577 -0.52968 -0.684003 -0.501568 -0.529653 -0.68403 -0.58652 -0.613817 -0.528416 -0.586522 -0.613829 -0.528399 -0.648327 -0.675062 -0.352086 -0.648327 -0.675075 -0.352061 -0.684439 -0.710851 -0.161967 -0.684437 -0.710857 -0.16195 -0.6934 -0.719721 0.0346103 -0.693403 -0.719719 0.0345986 -0.67481 -0.701299 0.229807 -0.674828 -0.701295 0.229765 -0.629479 -0.656348 0.415889 -0.629442 -0.656345 0.41595 -0.593721 -0.55209 0.585399 -0.593726 -0.552092 0.585392 -0.501389 -0.460679 0.732382 -0.501457 -0.460703 0.73232 -0.390882 -0.351217 0.850799 -0.390789 -0.351179 0.850857 -0.266013 -0.22763 0.936708 -0.265961 -0.227606 0.936729 -0.132071 -0.0950269 0.986675 -0.131995 -0.0949907 0.986688 0.00640495 0.0420685 0.999094 0.00616866 0.0419551 0.9991 0.143589 0.178054 0.973488 0.14376 0.178135 0.973448 0.274978 0.308108 0.910745 0.274995 0.308115 0.910738 0.395463 0.42745 0.812955 0.395326 0.427396 0.81305 0.500009 0.531093 0.684055 0.500098 0.531122 0.683968 0.58506 0.6153 0.52831 0.585045 0.615296 0.52833 0.646809 0.676491 0.352134 0.646844 0.676492 0.352067 0.682953 0.712289 0.161925 0.68294 0.712293 0.161961 0.691898 0.721165 -0.0346219 0.691897 0.721166 -0.0346176 0.673321 0.702736 -0.229783 0.67332 0.702743 -0.229766 0.627952 0.657783 -0.415929 0.627955 0.657818 -0.41587 0.557685 0.588197 -0.585672 0.557682 0.588187 -0.585685 0.46538 0.496746 -0.732574 0.46538 0.496745 -0.732575 0.354702 0.387104 -0.85108 0.354704 0.387107 -0.851078 0.22995 0.263534 -0.936842 0.229942 0.263516 -0.936849 0.0959028 0.130756 -0.986765 0.0959004 0.130752 -0.986766 -0.0424138 -0.00623031 -0.999081 -0.0424148 -0.00623236 -0.999081 -0.179802 -0.142286 -0.973358 -0.179787 -0.142255 -0.973365 -0.311132 -0.272313 -0.910518 -0.311145 -0.27234 -0.910505 -0.431439 -0.391445 -0.812792 -0.431432 -0.391426 -0.812805 -0.536102 -0.495052 -0.683753 -0.536109 -0.495073 -0.683732 -0.621013 -0.579123 -0.528167 -0.621011 -0.579116 -0.528175 -0.682794 -0.640275 -0.351911 -0.682794 -0.640274 -0.351911 -0.718892 -0.676011 -0.161872 -0.718894 -0.676007 -0.161882 -0.727842 -0.68487 0.0346135 -0.727848 -0.684866 0.0345918 -0.709267 -0.666473 0.229683 -0.709264 -0.666474 0.229689 -0.663925 -0.621601 0.415711 -0.663939 -0.621602 0.415688 -0.626607 -0.516277 0.583799 -0.626641 -0.516285 0.583755 -0.534638 -0.425251 0.73029 -0.534548 -0.425219 0.730375 -0.424253 -0.316079 0.848589 -0.42434 -0.316116 0.848532 -0.29983 -0.192873 0.934292 -0.299829 -0.192873 0.934293 -0.166269 -0.0606356 0.984214 -0.166244 -0.0606235 0.984219 -0.0281645 0.0761223 0.996701 -0.0281205 0.0761439 0.9967 0.108872 0.21185 0.971219 0.108768 0.2118 0.971242 0.239913 0.341747 0.908653 0.23977 0.341681 0.908716 0.359883 0.460721 0.811308 0.360029 0.460782 0.811209 0.464377 0.564226 0.682644 0.46439 0.564231 0.682631 0.549233 0.648355 0.527237 0.549233 0.648355 0.527237 0.610864 0.709475 0.351412 0.610854 0.709474 0.351432 0.646919 0.745233 0.161626 0.646926 0.745231 0.161607 0.655852 0.754099 -0.0345388 0.655855 0.754095 -0.0345539 0.637293 0.735698 -0.22936 0.63729 0.735711 -0.229328 0.592033 0.690847 -0.415003 0.592029 0.690795 -0.415095 0.521933 0.621286 -0.584456 0.52193 0.621273 -0.584473 0.429819 0.529947 -0.731035 0.42982 0.529947 -0.731034 0.319374 0.420463 -0.849241 0.319381 0.420479 -0.849231 0.19491 0.297121 -0.934735 0.194913 0.297127 -0.934732 0.0611727 0.164618 -0.984459 0.0611742 0.164621 -0.984458 -0.0768044 0.0279493 -0.996654 -0.0768057 0.0279467 -0.996654 -0.213845 -0.107756 -0.970906 -0.213848 -0.107762 -0.970905 -0.344821 -0.237421 -0.908146 -0.344826 -0.237431 -0.908142 -0.464815 -0.356187 -0.810603 -0.464815 -0.356186 -0.810604 -0.56918 -0.459458 -0.681859 -0.56918 -0.459456 -0.681861 -0.653856 -0.543229 -0.526663 -0.653854 -0.543222 -0.526673 -0.71544 -0.604143 -0.350936 -0.715442 -0.604162 -0.3509 -0.751443 -0.639758 -0.16138 -0.751445 -0.639749 -0.161403 -0.760364 -0.648579 0.0345181 -0.760365 -0.648578 0.0345136 -0.741857 -0.630258 0.228961 -0.741834 -0.630264 0.229019 -0.696624 -0.585548 0.414546 -0.696638 -0.585549 0.414522 -0.657803 -0.479639 0.580725 -0.657741 -0.479622 0.580809 -0.566196 -0.389102 0.726651 -0.566249 -0.389122 0.726599 -0.456502 -0.280555 0.844331 -0.456448 -0.280531 0.844368 -0.332521 -0.157901 0.929783 -0.332659 -0.157967 0.929723 -0.19972 -0.0263545 0.979498 -0.199768 -0.0263788 0.979488 -0.0624254 0.109659 0.992007 -0.0623154 0.109716 0.992008 0.0739706 0.244766 0.966756 0.0740855 0.244825 0.966733 0.20456 0.374174 0.904516 0.204529 0.374159 0.904529 0.324012 0.492661 0.807652 0.323966 0.49264 0.807683 0.427935 0.595796 0.679632 0.427935 0.595796 0.679631 0.51236 0.679583 0.525028 0.512427 0.679602 0.524937 0.573781 0.74052 0.349864 0.573767 0.740519 0.34989 0.609658 0.776164 0.160894 0.609645 0.776167 0.160928 0.61855 0.784991 -0.0344089 0.618546 0.784996 -0.0343898 0.600087 0.766657 -0.228326 0.60009 0.766641 -0.22837 0.55503 0.721884 -0.413311 0.555036 0.721942 -0.413201 0.485216 0.652639 -0.581917 0.485221 0.652656 -0.581895 0.393529 0.561664 -0.727784 0.393525 0.561654 -0.727793 0.283592 0.452597 -0.845418 0.283588 0.45259 -0.845423 0.159709 0.329747 -0.930462 0.159708 0.329745 -0.930463 0.0265989 0.197806 -0.97988 0.0266003 0.197808 -0.97988 -0.110709 0.0617678 -0.991932 -0.110713 0.0617592 -0.991932 -0.2471 -0.0733066 -0.966213 -0.247091 -0.0732899 -0.966217 -0.37741 -0.202288 -0.903682 -0.377414 -0.202296 -0.903679 -0.496814 -0.320439 -0.806532 -0.496805 -0.320419 -0.806546 -0.600622 -0.423104 -0.678407 -0.600627 -0.423116 -0.678395 -0.684853 -0.506397 -0.523964 -0.684855 -0.506404 -0.523955 -0.746125 -0.56697 -0.349059 -0.746122 -0.566941 -0.349113 -0.781925 -0.602339 -0.160565 -0.781922 -0.60235 -0.160538 -0.790798 -0.611116 0.0342894 -0.790788 -0.611127 0.0343384 -0.772359 -0.592923 0.227822 -0.772379 -0.592919 0.227767 -0.727398 -0.548455 0.412418 -0.727408 -0.548456 0.4124 -0.686842 -0.442392 0.57666 -0.686983 -0.442436 0.576459 -0.596186 -0.352667 0.72124 -0.596063 -0.352615 0.721367 -0.487164 -0.244923 0.838263 -0.487165 -0.244923 0.838262 -0.364093 -0.123149 0.923185 -0.364109 -0.123158 0.923178 -0.232256 0.00737903 0.972627 -0.232218 0.00739999 0.972636 -0.0958243 0.142519 0.985143 -0.0958996 0.142478 0.985141 0.0395388 0.27674 0.960131 0.0395047 0.276721 0.960138 0.169083 0.405253 0.898432 0.16918 0.405305 0.898391 0.2878 0.523033 0.802251 0.287823 0.523045 0.802236 0.391119 0.625618 0.675003 0.391013 0.625572 0.675107 0.474893 0.708895 0.521483 0.474843 0.708878 0.521551 0.535829 0.769466 0.347577 0.535839 0.769468 0.347558 0.571486 0.804886 0.159885 0.571503 0.804883 0.159837 0.580332 0.813662 -0.0341747 0.580334 0.813661 -0.0341824 0.561993 0.795432 -0.226829 0.561993 0.795434 -0.226825 0.517217 0.750932 -0.410594 0.517218 0.750937 -0.410583 0.447919 0.682077 -0.578048 0.447917 0.682068 -0.57806 0.356864 0.591631 -0.722925 0.356863 0.591628 -0.722928 0.247674 0.483225 -0.839733 0.247676 0.48323 -0.83973 0.124643 0.361147 -0.924141 0.124646 0.361153 -0.924138 -0.00753268 0.230072 -0.973145 -0.00753469 0.230068 -0.973145 -0.143891 0.0949265 -0.98503 -0.143877 0.094951 -0.98503 -0.279282 -0.0391609 -0.95941 -0.279295 -0.039183 -0.959406 -0.408676 -0.167252 -0.897224 -0.408662 -0.167227 -0.897235 -0.527166 -0.284462 -0.800736 -0.527184 -0.284499 -0.80071 -0.630225 -0.386386 -0.673441 -0.630217 -0.386369 -0.673457 -0.713828 -0.469007 -0.52008 -0.713821 -0.468987 -0.520106 -0.774606 -0.529046 -0.346549 -0.774613 -0.529085 -0.346474 -0.810136 -0.564168 -0.159355 -0.810137 -0.564162 -0.159372 -0.818946 -0.572859 0.0340484 -0.818949 -0.572856 0.0340345 -0.80067 -0.554799 0.22611 -0.800664 -0.5548 0.226129 -0.756067 -0.510741 0.409276 -0.75602 -0.510734 0.409371 -0.710536 0.703661 3.29212e-06 -0.71053 0.703667 3.02637e-05 -0.710533 0.703663 -8.15366e-06 -0.710595 0.703602 3.52334e-06 -0.710466 0.703731 -2.81409e-06 -0.710688 0.703508 3.93842e-05 -0.710547 0.70365 1.98669e-05 -0.71045 0.703747 -0.0001597 -0.710551 0.703645 2.87638e-05 -0.710547 0.70365 1.93489e-05 -0.710525 0.703672 -2.12705e-05 -0.710528 0.703669 -1.45848e-05 -0.710533 0.703664 -5.34102e-06 -0.71053 0.703667 -1.30924e-05 -0.71054 0.703657 5.97221e-06 -0.710512 0.703685 8.54246e-06 -0.710515 0.703682 6.98031e-05 -0.710521 0.703676 4.50672e-05 -0.710536 0.703661 3.07243e-07 -0.710531 0.703666 -1.07997e-05 -0.710535 0.703661 2.67025e-06 -0.710535 0.703662 -1.65373e-06 -0.71053 0.703667 1.43089e-05 -0.710542 0.703655 -1.51691e-05 -0.710562 0.703635 -5.22415e-05 -0.710531 0.703666 2.29526e-05 -0.710534 0.703663 1.28396e-06 -0.710523 0.703674 1.82432e-05 -0.710502 0.703695 4.65335e-05 -0.710558 0.703639 -4.34924e-05</float_array>
                    <technique_common>
                        <accessor count="12488" source="#shape0-lib-normals-array" stride="3">
                            <param name="X" type="float"/>
                            <param name="Y" type="float"/>
                            <param name="Z" type="float"/>
                        </accessor>
                    </technique_common>
                </source>
                <vertices id="shape0-lib-vertices">
                    <input semantic="POSITION" source="#shape0-lib-positions"/>
                </vertices>
                <triangles count="12488">
                    <input offset="0" semantic="VERTEX" source="#shape0-lib-vertices"/>
                    <input offset="1" semantic="NORMAL" source="#shape0-lib-normals"/>
                    <p>0 0 1 0 2 0 2 1 3 1 0 1 0 2 3 2 4 2 0 3 4 3 5 3 5 4 4 4 6 4 5 5 6 5 7 5 7 6 6 6 8 6 7 7 8 7 9 7 9 8 8 8 10 8 9 9 10 9 11 9 11 10 10 10 12 10 11 11 12 11 13 11 13 12 12 12 14 12 13 13 14 13 15 13 15 14 14 14 16 14 15 15 16 15 17 15 17 16 16 16 18 16 17 17 18 17 19 17 19 18 18 18 20 18 19 19 20 19 21 19 21 20 20 20 2 20 21 21 2 21 22 21 22 22 2 22 1 22 4 23 3 23 23 23 23 24 3 24 24 24 25 25 2 25 26 25 26 26 2 26 20 26 27 27 25 27 28 27 28 28 25 28 26 28 28 29 26 29 29 29 29 30 26 30 30 30 29 31 30 31 31 31 31 32 30 32 32 32 31 33 32 33 33 33 33 34 32 34 34 34 33 35 34 35 35 35 35 36 34 36 36 36 35 37 36 37 37 37 37 38 36 38 38 38 37 39 38 39 39 39 39 40 38 40 40 40 39 41 40 41 41 41 40 42 42 42 41 42 41 43 42 43 23 43 41 44 23 44 43 44 43 45 23 45 24 45 43 46 24 46 44 46 44 47 24 47 25 47 44 48 25 48 45 48 45 49 25 49 27 49 46 50 47 50 48 50 48 51 47 51 49 51 48 52 49 52 50 52 50 53 49 53 51 53 46 54 52 54 47 54 47 55 52 55 53 55 54 56 53 56 55 56 55 57 53 57 52 57 56 58 57 58 58 58 59 59 60 59 61 59 62 60 63 60 64 60 64 61 63 61 65 61 64 62 65 62 66 62 66 63 67 63 64 63 64 64 67 64 68 64 64 65 68 65 69 65 68 66 70 66 69 66 69 67 70 67 71 67 69 68 71 68 72 68 72 69 71 69 73 69 72 70 73 70 74 70 74 71 73 71 75 71 76 72 77 72 78 72 78 73 77 73 79 73 78 74 79 74 80 74 81 75 82 75 83 75 83 76 82 76 84 76 83 77 84 77 77 77 77 78 84 78 85 78 77 79 85 79 79 79 78 80 86 80 87 80 88 81 89 81 86 81 86 82 89 82 90 82 86 83 90 83 87 83 87 84 91 84 78 84 78 85 91 85 92 85 78 86 92 86 93 86 93 87 94 87 78 87 78 88 94 88 95 88 78 89 95 89 76 89 76 90 95 90 96 90 97 91 98 91 88 91 88 92 98 92 99 92 88 93 99 93 89 93 88 94 100 94 101 94 102 95 103 95 100 95 100 96 103 96 104 96 100 97 104 97 101 97 101 98 105 98 88 98 88 99 105 99 106 99 88 100 106 100 97 100 107 101 108 101 109 101 106 102 110 102 97 102 97 103 110 103 111 103 97 104 111 104 112 104 112 105 111 105 107 105 112 106 107 106 113 106 113 107 107 107 109 107 114 108 100 108 115 108 115 109 100 109 116 109 117 110 118 110 119 110 120 111 121 111 116 111 121 112 122 112 116 112 116 113 122 113 123 113 116 114 123 114 115 114 114 115 124 115 100 115 100 116 124 116 125 116 100 117 125 117 102 117 102 118 125 118 126 118 102 119 126 119 127 119 127 120 126 120 128 120 127 121 128 121 129 121 129 122 128 122 117 122 129 123 117 123 130 123 130 124 117 124 119 124 131 125 132 125 116 125 116 126 132 126 133 126 118 127 120 127 119 127 119 128 120 128 116 128 119 129 116 129 134 129 134 130 116 130 133 130 135 131 136 131 116 131 116 132 136 132 137 132 116 133 137 133 131 133 134 134 138 134 119 134 119 135 138 135 139 135 119 136 139 136 140 136 140 137 139 137 141 137 140 138 141 138 142 138 142 139 141 139 143 139 135 140 144 140 145 140 145 141 146 141 135 141 135 142 146 142 147 142 135 143 147 143 136 143 148 144 149 144 150 144 150 145 149 145 151 145 150 146 151 146 145 146 145 147 151 147 152 147 145 148 152 148 146 148 153 149 154 149 135 149 135 150 154 150 155 150 135 151 155 151 156 151 157 152 158 152 159 152 159 153 158 153 160 153 159 154 160 154 153 154 156 155 161 155 135 155 135 156 161 156 162 156 135 157 162 157 144 157 144 158 162 158 163 158 164 159 165 159 157 159 157 160 165 160 166 160 157 161 166 161 158 161 157 162 167 162 168 162 169 163 170 163 167 163 167 164 170 164 171 164 167 165 171 165 168 165 168 166 172 166 157 166 157 167 172 167 173 167 157 168 173 168 164 168 174 169 175 169 176 169 177 170 174 170 178 170 178 171 174 171 176 171 178 172 176 172 179 172 179 173 176 173 164 173 179 174 164 174 180 174 180 175 164 175 173 175 181 176 182 176 183 176 184 177 185 177 167 177 186 178 187 178 188 178 187 179 189 179 188 179 188 180 189 180 190 180 188 181 190 181 184 181 183 182 191 182 181 182 181 183 191 183 192 183 181 184 192 184 193 184 193 185 192 185 194 185 193 186 194 186 195 186 195 187 194 187 169 187 195 188 169 188 196 188 196 189 169 189 167 189 196 190 167 190 197 190 197 191 167 191 185 191 198 192 199 192 188 192 188 193 199 193 200 193 182 194 186 194 183 194 183 195 186 195 188 195 183 196 188 196 201 196 201 197 188 197 200 197 201 198 202 198 183 198 183 199 202 199 203 199 183 200 203 200 204 200 204 201 203 201 205 201 204 202 205 202 206 202 206 203 205 203 207 203 208 204 209 204 188 204 188 205 209 205 210 205 188 206 210 206 198 206 208 207 211 207 212 207 212 208 213 208 208 208 208 209 213 209 214 209 208 210 214 210 209 210 215 211 216 211 217 211 217 212 216 212 218 212 217 213 218 213 212 213 212 214 218 214 219 214 212 215 219 215 213 215 208 216 220 216 221 216 61 217 60 217 222 217 221 218 223 218 208 218 208 219 223 219 224 219 208 220 224 220 211 220 211 221 224 221 225 221 60 222 226 222 222 222 222 223 226 223 227 223 222 224 227 224 208 224 208 225 227 225 228 225 208 226 228 226 220 226 229 227 230 227 61 227 61 228 230 228 231 228 61 229 231 229 59 229 232 230 233 230 61 230 61 231 233 231 234 231 61 232 234 232 229 232 235 233 236 233 237 233 238 234 239 234 232 234 232 235 239 235 240 235 232 236 240 236 233 236 241 237 235 237 242 237 242 238 235 238 237 238 242 239 237 239 243 239 243 240 237 240 230 240 243 241 230 241 244 241 244 242 230 242 229 242 245 243 246 243 232 243 232 244 246 244 247 244 232 245 247 245 238 245 238 246 247 246 248 246 238 247 248 247 249 247 249 248 248 248 250 248 249 249 250 249 251 249 251 250 250 250 252 250 253 251 254 251 252 251 252 252 254 252 255 252 252 253 255 253 251 253 245 254 232 254 256 254 256 255 232 255 58 255 256 256 58 256 257 256 258 257 259 257 58 257 58 258 259 258 260 258 58 259 260 259 257 259 261 260 262 260 58 260 253 261 258 261 254 261 254 262 258 262 58 262 254 263 58 263 263 263 263 264 58 264 262 264 264 265 265 265 58 265 58 266 265 266 266 266 58 267 266 267 261 267 263 268 267 268 254 268 254 269 267 269 268 269 254 270 268 270 269 270 269 271 268 271 270 271 269 272 270 272 271 272 271 273 270 273 272 273 273 274 274 274 275 274 275 275 274 275 276 275 275 276 276 276 277 276 278 277 279 277 280 277 280 278 279 278 281 278 280 279 281 279 274 279 274 280 281 280 282 280 274 281 282 281 276 281 275 282 283 282 284 282 285 283 286 283 287 283 284 284 288 284 275 284 275 285 288 285 289 285 275 286 289 286 273 286 273 287 289 287 290 287 287 288 291 288 285 288 285 289 291 289 292 289 285 290 292 290 275 290 275 291 292 291 293 291 275 292 293 292 283 292 294 293 295 293 286 293 286 294 295 294 296 294 286 295 296 295 287 295 297 296 298 296 299 296 286 297 300 297 301 297 301 298 302 298 286 298 286 299 302 299 303 299 286 300 303 300 294 300 48 301 50 301 300 301 300 302 50 302 304 302 300 303 304 303 301 303 305 304 297 304 306 304 306 305 297 305 299 305 306 306 299 306 307 306 307 307 299 307 294 307 307 308 294 308 308 308 308 309 294 309 303 309 309 310 310 310 64 310 64 311 310 311 311 311 312 312 313 312 300 312 300 313 313 313 314 313 300 314 314 314 48 314 48 315 314 315 315 315 48 316 315 316 46 316 46 317 315 317 316 317 46 318 316 318 52 318 52 319 316 319 317 319 52 320 317 320 55 320 55 321 317 321 69 321 317 322 318 322 69 322 69 323 318 323 319 323 69 324 319 324 64 324 64 325 319 325 320 325 64 326 320 326 309 326 321 327 322 327 78 327 64 328 323 328 324 328 325 329 326 329 327 329 327 330 326 330 328 330 327 331 328 331 64 331 64 332 328 332 329 332 64 333 329 333 323 333 86 334 330 334 325 334 80 335 62 335 78 335 78 336 62 336 64 336 78 337 64 337 321 337 321 338 64 338 324 338 322 339 331 339 78 339 78 340 331 340 332 340 78 341 332 341 86 341 86 342 332 342 333 342 86 343 333 343 330 343 334 344 335 344 300 344 336 345 337 345 285 345 285 346 337 346 338 346 285 347 338 347 286 347 286 348 338 348 339 348 286 349 339 349 340 349 300 350 335 350 341 350 341 351 335 351 342 351 341 352 342 352 343 352 340 353 344 353 286 353 286 354 344 354 345 354 286 355 345 355 300 355 300 356 345 356 346 356 300 357 346 357 334 357 347 358 348 358 100 358 349 359 86 359 350 359 350 360 86 360 351 360 350 361 351 361 352 361 352 362 351 362 348 362 349 363 353 363 86 363 86 364 353 364 354 364 86 365 354 365 88 365 88 366 354 366 355 366 88 367 355 367 356 367 356 368 357 368 88 368 88 369 357 369 358 369 88 370 358 370 100 370 100 371 358 371 359 371 100 372 359 372 347 372 56 373 58 373 360 373 361 374 362 374 275 374 363 375 364 375 285 375 277 376 264 376 275 376 275 377 264 377 58 377 275 378 58 378 361 378 361 379 58 379 57 379 285 380 364 380 365 380 365 381 364 381 366 381 365 382 366 382 367 382 362 383 368 383 275 383 275 384 368 384 369 384 275 385 369 385 285 385 285 386 369 386 370 386 285 387 370 387 363 387 371 388 372 388 135 388 153 389 135 389 159 389 159 390 135 390 372 390 159 391 372 391 373 391 373 392 374 392 159 392 159 393 374 393 375 393 159 394 375 394 376 394 376 395 375 395 377 395 376 396 377 396 378 396 116 397 379 397 380 397 348 398 351 398 100 398 100 399 351 399 376 399 100 400 376 400 116 400 116 401 376 401 378 401 116 402 378 402 379 402 380 403 381 403 116 403 116 404 381 404 382 404 116 405 382 405 135 405 135 406 382 406 383 406 135 407 383 407 371 407 384 408 385 408 232 408 61 409 386 409 387 409 387 410 388 410 61 410 61 411 388 411 389 411 61 412 389 412 232 412 232 413 389 413 390 413 232 414 390 414 384 414 385 415 391 415 232 415 232 416 391 416 365 416 232 417 365 417 58 417 58 418 365 418 367 418 58 419 367 419 360 419 386 420 61 420 392 420 392 421 61 421 222 421 392 422 222 422 393 422 385 423 394 423 391 423 391 424 394 424 395 424 391 425 395 425 222 425 222 426 395 426 396 426 222 427 396 427 393 427 167 428 397 428 398 428 325 429 327 429 86 429 86 430 327 430 399 430 86 431 399 431 351 431 351 432 399 432 400 432 351 433 400 433 376 433 376 434 400 434 401 434 376 435 401 435 159 435 159 436 401 436 402 436 159 437 402 437 403 437 167 438 398 438 401 438 401 439 398 439 404 439 401 440 404 440 402 440 403 441 405 441 159 441 159 442 405 442 406 442 159 443 406 443 157 443 157 444 406 444 407 444 157 445 407 445 408 445 408 446 409 446 157 446 157 447 409 447 410 447 157 448 410 448 167 448 167 449 410 449 411 449 167 450 411 450 397 450 184 451 167 451 188 451 188 452 167 452 401 452 188 453 401 453 412 453 412 454 401 454 400 454 412 455 400 455 413 455 413 456 400 456 399 456 413 457 399 457 414 457 414 458 399 458 327 458 414 459 327 459 341 459 341 460 327 460 64 460 341 461 64 461 300 461 300 462 64 462 311 462 300 463 311 463 312 463 208 464 415 464 416 464 417 465 418 465 222 465 418 466 412 466 222 466 222 467 412 467 413 467 222 468 413 468 391 468 391 469 413 469 414 469 391 470 414 470 365 470 365 471 414 471 341 471 365 472 341 472 285 472 285 473 341 473 343 473 285 474 343 474 336 474 208 475 416 475 222 475 222 476 416 476 419 476 222 477 419 477 417 477 418 478 420 478 412 478 412 479 420 479 421 479 412 480 421 480 188 480 188 481 421 481 422 481 188 482 422 482 423 482 423 483 424 483 188 483 188 484 424 484 425 484 188 485 425 485 208 485 208 486 425 486 426 486 208 487 426 487 415 487 74 488 75 488 427 488 427 489 75 489 428 489 429 490 430 490 431 490 432 491 433 491 434 491 435 492 436 492 437 492 438 493 439 493 440 493 441 494 442 494 443 494 49 495 47 495 444 495 445 496 446 496 447 496 448 497 449 497 54 497 54 498 449 498 450 498 451 499 452 499 453 499 453 500 452 500 454 500 453 501 454 501 455 501 444 502 47 502 450 502 450 503 47 503 53 503 450 504 53 504 54 504 446 505 456 505 447 505 447 506 456 506 457 506 447 507 457 507 448 507 448 508 457 508 458 508 448 509 458 509 449 509 459 510 460 510 461 510 462 511 459 511 463 511 463 512 459 512 461 512 463 513 461 513 464 513 464 514 461 514 465 514 466 515 467 515 468 515 469 516 470 516 453 516 453 517 470 517 471 517 444 518 451 518 49 518 49 519 451 519 453 519 49 520 453 520 51 520 51 521 453 521 471 521 465 522 466 522 464 522 464 523 466 523 468 523 464 524 468 524 472 524 472 525 468 525 473 525 443 526 474 526 475 526 475 527 476 527 443 527 443 528 476 528 477 528 443 529 477 529 478 529 474 530 443 530 479 530 479 531 443 531 442 531 479 532 442 532 480 532 477 533 481 533 478 533 478 534 481 534 482 534 478 535 482 535 468 535 468 536 482 536 483 536 468 537 483 537 473 537 484 538 441 538 485 538 485 539 441 539 486 539 485 540 486 540 487 540 488 541 489 541 490 541 490 542 489 542 491 542 492 543 493 543 494 543 495 544 496 544 497 544 497 545 496 545 492 545 497 546 492 546 498 546 498 547 492 547 494 547 491 548 499 548 490 548 490 549 499 549 500 549 490 550 500 550 443 550 443 551 500 551 501 551 501 552 502 552 443 552 443 553 502 553 503 553 443 554 503 554 441 554 441 555 503 555 504 555 441 556 504 556 486 556 505 557 506 557 507 557 508 558 509 558 510 558 510 559 509 559 511 559 511 560 512 560 510 560 510 561 512 561 513 561 510 562 513 562 490 562 490 563 513 563 514 563 490 564 514 564 515 564 507 565 506 565 516 565 515 566 517 566 490 566 490 567 517 567 494 567 490 568 494 568 488 568 488 569 494 569 493 569 517 570 518 570 494 570 494 571 518 571 519 571 494 572 519 572 520 572 520 573 519 573 516 573 520 574 516 574 521 574 521 575 516 575 506 575 522 576 523 576 524 576 525 577 526 577 527 577 528 578 529 578 510 578 510 579 529 579 530 579 531 580 525 580 532 580 532 581 525 581 527 581 532 582 527 582 533 582 533 583 527 583 534 583 507 584 508 584 505 584 505 585 508 585 510 585 505 586 510 586 535 586 535 587 510 587 530 587 534 588 522 588 533 588 533 589 522 589 524 589 533 590 524 590 536 590 536 591 524 591 537 591 440 592 538 592 539 592 539 593 540 593 440 593 440 594 540 594 541 594 440 595 541 595 542 595 538 596 440 596 543 596 543 597 440 597 439 597 543 598 439 598 544 598 541 599 545 599 542 599 542 600 545 600 546 600 542 601 546 601 524 601 524 602 546 602 547 602 524 603 547 603 537 603 548 604 438 604 549 604 549 605 438 605 550 605 549 606 550 606 551 606 552 607 553 607 554 607 555 608 556 608 557 608 555 609 557 609 558 609 559 610 560 610 561 610 561 611 560 611 552 611 561 612 552 612 562 612 562 613 552 613 554 613 556 614 563 614 557 614 557 615 563 615 564 615 557 616 564 616 440 616 440 617 564 617 565 617 565 618 566 618 440 618 440 619 566 619 567 619 440 620 567 620 438 620 438 621 567 621 568 621 438 622 568 622 550 622 569 623 570 623 557 623 571 624 572 624 573 624 574 625 575 625 576 625 576 626 575 626 577 626 572 627 578 627 573 627 573 628 578 628 579 628 573 629 579 629 580 629 570 630 581 630 557 630 557 631 581 631 554 631 557 632 554 632 558 632 558 633 554 633 553 633 581 634 582 634 554 634 554 635 582 635 583 635 554 636 583 636 584 636 584 637 583 637 574 637 584 638 574 638 585 638 585 639 574 639 576 639 586 640 587 640 588 640 589 641 590 641 591 641 591 642 590 642 592 642 591 643 592 643 573 643 573 644 592 644 593 644 573 645 593 645 594 645 575 646 571 646 577 646 577 647 571 647 573 647 577 648 573 648 595 648 595 649 573 649 594 649 596 650 586 650 597 650 597 651 586 651 588 651 597 652 588 652 598 652 598 653 588 653 599 653 599 654 589 654 598 654 598 655 589 655 591 655 598 656 591 656 600 656 600 657 591 657 601 657 602 658 603 658 437 658 603 659 604 659 437 659 437 660 604 660 605 660 437 661 605 661 606 661 602 662 437 662 607 662 607 663 437 663 436 663 607 664 436 664 608 664 605 665 609 665 606 665 606 666 609 666 610 666 606 667 610 667 591 667 591 668 610 668 611 668 591 669 611 669 601 669 612 670 435 670 613 670 613 671 435 671 614 671 613 672 614 672 615 672 616 673 617 673 618 673 619 674 620 674 621 674 619 675 621 675 622 675 623 676 624 676 625 676 625 677 624 677 616 677 625 678 616 678 626 678 626 679 616 679 618 679 620 680 627 680 621 680 621 681 627 681 628 681 621 682 628 682 437 682 437 683 628 683 629 683 629 684 630 684 437 684 437 685 630 685 631 685 437 686 631 686 435 686 435 687 631 687 632 687 435 688 632 688 614 688 633 689 634 689 635 689 636 690 637 690 638 690 638 691 637 691 639 691 638 692 639 692 640 692 641 693 642 693 621 693 621 694 642 694 643 694 643 695 644 695 621 695 621 696 644 696 618 696 621 697 618 697 622 697 622 698 618 698 617 698 635 699 634 699 645 699 644 700 646 700 618 700 618 701 646 701 647 701 618 702 647 702 648 702 648 703 647 703 645 703 648 704 645 704 649 704 649 705 645 705 634 705 650 706 651 706 638 706 638 707 651 707 652 707 653 708 654 708 655 708 655 709 654 709 656 709 655 710 656 710 657 710 657 711 656 711 658 711 657 712 658 712 659 712 660 713 661 713 431 713 635 714 636 714 633 714 633 715 636 715 638 715 633 716 638 716 662 716 662 717 638 717 652 717 656 718 660 718 658 718 658 719 660 719 431 719 658 720 431 720 663 720 663 721 431 721 664 721 433 722 665 722 666 722 667 723 668 723 434 723 434 724 668 724 669 724 434 725 669 725 670 725 433 726 666 726 434 726 434 727 666 727 671 727 434 728 671 728 667 728 669 729 672 729 670 729 670 730 672 730 673 730 670 731 673 731 431 731 431 732 673 732 674 732 431 733 674 733 664 733 675 734 432 734 676 734 676 735 432 735 677 735 676 736 677 736 678 736 428 737 679 737 427 737 427 738 679 738 680 738 427 739 680 739 681 739 681 740 680 740 448 740 680 741 682 741 448 741 448 742 682 742 683 742 448 743 683 743 447 743 447 744 683 744 684 744 447 745 684 745 685 745 685 746 686 746 447 746 447 747 686 747 687 747 447 748 687 748 434 748 434 749 687 749 688 749 688 750 689 750 434 750 434 751 689 751 690 751 434 752 690 752 432 752 432 753 690 753 691 753 432 754 691 754 677 754 692 755 693 755 606 755 606 756 693 756 694 756 692 757 606 757 695 757 695 758 606 758 591 758 695 759 591 759 696 759 697 760 698 760 699 760 697 761 699 761 573 761 573 762 699 762 700 762 573 763 700 763 701 763 701 764 702 764 573 764 573 765 702 765 703 765 573 766 703 766 591 766 591 767 703 767 704 767 591 768 704 768 696 768 705 769 706 769 542 769 707 770 708 770 705 770 708 771 707 771 709 771 709 772 707 772 557 772 709 773 557 773 710 773 706 774 711 774 542 774 542 775 711 775 712 775 542 776 712 776 440 776 440 777 712 777 713 777 440 778 713 778 714 778 714 779 715 779 440 779 440 780 715 780 716 780 440 781 716 781 557 781 557 782 716 782 717 782 557 783 717 783 710 783 718 784 719 784 437 784 437 785 719 785 720 785 437 786 720 786 621 786 621 787 720 787 721 787 621 788 721 788 722 788 723 789 724 789 725 789 725 790 724 790 726 790 725 791 726 791 606 791 606 792 726 792 727 792 727 793 728 793 606 793 606 794 728 794 729 794 606 795 729 795 437 795 437 796 729 796 730 796 437 797 730 797 718 797 731 798 725 798 732 798 732 799 725 799 606 799 732 800 606 800 697 800 697 801 606 801 694 801 697 802 694 802 698 802 733 803 734 803 735 803 734 804 733 804 736 804 736 805 733 805 542 805 736 806 542 806 737 806 735 807 738 807 510 807 510 808 738 808 739 808 510 809 739 809 740 809 741 810 742 810 524 810 523 811 528 811 524 811 524 812 528 812 510 812 524 813 510 813 741 813 741 814 510 814 740 814 742 815 743 815 524 815 524 816 743 816 744 816 524 817 744 817 542 817 542 818 744 818 745 818 542 819 745 819 737 819 640 820 641 820 638 820 638 821 641 821 621 821 638 822 621 822 746 822 747 823 731 823 748 823 748 824 731 824 732 824 748 825 732 825 749 825 749 826 732 826 697 826 749 827 697 827 707 827 707 828 697 828 573 828 707 829 573 829 557 829 557 830 573 830 580 830 557 831 580 831 569 831 750 832 751 832 638 832 661 833 650 833 431 833 431 834 650 834 638 834 431 835 638 835 429 835 429 836 638 836 751 836 430 837 752 837 431 837 431 838 752 838 753 838 431 839 753 839 670 839 670 840 753 840 754 840 670 841 754 841 755 841 756 842 757 842 746 842 746 843 757 843 758 843 746 844 758 844 638 844 638 845 758 845 759 845 638 846 759 846 750 846 755 847 756 847 670 847 670 848 756 848 746 848 670 849 746 849 760 849 761 850 478 850 762 850 762 851 478 851 763 851 762 852 763 852 764 852 761 853 765 853 478 853 478 854 765 854 766 854 478 855 766 855 443 855 443 856 766 856 767 856 443 857 767 857 768 857 490 858 769 858 770 858 768 859 771 859 443 859 443 860 771 860 772 860 443 861 772 861 490 861 490 862 772 862 773 862 490 863 773 863 769 863 735 864 510 864 733 864 733 865 510 865 490 865 733 866 490 866 763 866 763 867 490 867 770 867 763 868 770 868 764 868 447 869 774 869 775 869 776 870 777 870 434 870 434 871 777 871 778 871 434 872 778 872 447 872 447 873 778 873 779 873 447 874 779 874 774 874 780 875 670 875 781 875 781 876 670 876 760 876 781 877 760 877 782 877 780 878 783 878 670 878 670 879 783 879 784 879 670 880 784 880 434 880 434 881 784 881 785 881 434 882 785 882 776 882 455 883 445 883 453 883 453 884 445 884 447 884 453 885 447 885 760 885 760 886 447 886 775 886 760 887 775 887 782 887 747 888 786 888 787 888 788 889 789 889 453 889 453 890 789 890 790 890 468 891 791 891 792 891 478 892 793 892 794 892 722 893 723 893 621 893 621 894 723 894 725 894 621 895 725 895 746 895 746 896 725 896 731 896 746 897 731 897 760 897 760 898 731 898 747 898 760 899 747 899 453 899 453 900 747 900 787 900 453 901 787 901 788 901 467 902 469 902 468 902 468 903 469 903 453 903 468 904 453 904 791 904 791 905 453 905 790 905 792 906 795 906 468 906 468 907 795 907 796 907 468 908 796 908 478 908 478 909 796 909 797 909 478 910 797 910 793 910 705 911 542 911 707 911 707 912 542 912 733 912 707 913 733 913 749 913 749 914 733 914 763 914 749 915 763 915 748 915 748 916 763 916 478 916 748 917 478 917 747 917 747 918 478 918 794 918 747 919 794 919 786 919 65 920 63 920 687 920 680 921 679 921 73 921 687 922 686 922 65 922 65 923 686 923 685 923 65 924 685 924 66 924 66 925 685 925 684 925 66 926 684 926 67 926 67 927 684 927 683 927 67 928 683 928 68 928 68 929 683 929 682 929 68 930 682 930 70 930 70 931 682 931 680 931 70 932 680 932 71 932 71 933 680 933 73 933 428 934 75 934 798 934 798 935 75 935 799 935 798 936 799 936 25 936 25 937 799 937 2 937 800 938 801 938 802 938 802 939 801 939 73 939 802 940 73 940 679 940 24 941 3 941 803 941 803 942 3 942 804 942 803 943 804 943 800 943 800 944 804 944 801 944 3 945 2 945 804 945 804 946 2 946 799 946 804 947 799 947 801 947 801 948 799 948 75 948 801 949 75 949 73 949 802 950 679 950 428 950 25 951 24 951 798 951 798 952 24 952 803 952 798 953 803 953 428 953 428 954 803 954 800 954 428 955 800 955 802 955 15 956 33 956 13 956 13 957 33 957 35 957 13 958 35 958 11 958 11 959 35 959 37 959 11 960 37 960 9 960 9 961 37 961 39 961 9 962 39 962 7 962 7 963 39 963 41 963 7 964 41 964 5 964 5 965 41 965 43 965 5 966 43 966 0 966 0 967 43 967 44 967 0 968 44 968 1 968 1 969 44 969 45 969 1 970 45 970 22 970 22 971 45 971 27 971 22 972 27 972 21 972 21 973 27 973 28 973 21 974 28 974 19 974 19 975 28 975 29 975 19 976 29 976 17 976 17 977 29 977 31 977 17 978 31 978 15 978 15 979 31 979 33 979 10 980 38 980 36 980 10 981 36 981 12 981 12 982 36 982 34 982 12 983 34 983 14 983 14 984 34 984 32 984 14 985 32 985 16 985 16 986 32 986 30 986 16 987 30 987 18 987 18 988 30 988 26 988 18 989 26 989 20 989 40 990 38 990 8 990 8 991 38 991 10 991 74 992 427 992 681 992 54 993 55 993 448 993 448 994 55 994 69 994 448 995 69 995 681 995 681 996 69 996 72 996 681 997 72 997 74 997 40 998 8 998 6 998 40 999 6 999 42 999 42 1000 6 1000 4 1000 42 1001 4 1001 23 1001 62 1002 688 1002 63 1002 63 1003 688 1003 687 1003 805 1004 806 1004 807 1004 807 1005 808 1005 805 1005 805 1006 808 1006 809 1006 805 1007 809 1007 810 1007 810 1008 809 1008 811 1008 810 1009 811 1009 812 1009 812 1010 811 1010 813 1010 812 1011 813 1011 814 1011 814 1012 813 1012 815 1012 814 1013 815 1013 816 1013 816 1014 815 1014 817 1014 816 1015 817 1015 818 1015 806 1016 819 1016 807 1016 807 1017 819 1017 820 1017 807 1018 820 1018 821 1018 821 1019 820 1019 822 1019 821 1020 822 1020 823 1020 823 1021 822 1021 824 1021 823 1022 824 1022 825 1022 825 1023 824 1023 826 1023 825 1024 826 1024 818 1024 818 1025 826 1025 827 1025 818 1026 827 1026 816 1026 809 1027 808 1027 828 1027 828 1028 808 1028 829 1028 830 1029 807 1029 831 1029 831 1030 807 1030 821 1030 832 1031 833 1031 830 1031 830 1032 833 1032 834 1032 830 1033 834 1033 829 1033 829 1034 834 1034 835 1034 829 1035 835 1035 828 1035 828 1036 835 1036 836 1036 832 1037 830 1037 837 1037 837 1038 830 1038 831 1038 837 1039 831 1039 838 1039 838 1040 831 1040 839 1040 838 1041 839 1041 840 1041 840 1042 839 1042 841 1042 840 1043 841 1043 842 1043 842 1044 841 1044 843 1044 842 1045 843 1045 844 1045 844 1046 843 1046 845 1046 844 1047 845 1047 846 1047 846 1048 845 1048 847 1048 846 1049 847 1049 848 1049 848 1050 847 1050 849 1050 848 1051 849 1051 836 1051 836 1052 849 1052 850 1052 836 1053 850 1053 828 1053 62 1054 80 1054 688 1054 688 1055 80 1055 689 1055 689 1056 80 1056 690 1056 690 1057 80 1057 79 1057 690 1058 79 1058 691 1058 691 1059 79 1059 85 1059 691 1060 85 1060 677 1060 677 1061 85 1061 84 1061 81 1062 83 1062 676 1062 676 1063 83 1063 675 1063 87 1064 90 1064 673 1064 666 1065 665 1065 96 1065 673 1066 672 1066 87 1066 87 1067 672 1067 669 1067 87 1068 669 1068 91 1068 91 1069 669 1069 668 1069 91 1070 668 1070 92 1070 92 1071 668 1071 667 1071 92 1072 667 1072 93 1072 93 1073 667 1073 671 1073 93 1074 671 1074 94 1074 94 1075 671 1075 666 1075 94 1076 666 1076 95 1076 95 1077 666 1077 96 1077 675 1078 83 1078 851 1078 851 1079 83 1079 852 1079 851 1080 852 1080 830 1080 830 1081 852 1081 807 1081 96 1082 665 1082 853 1082 853 1083 665 1083 854 1083 853 1084 854 1084 855 1084 829 1085 808 1085 856 1085 856 1086 808 1086 857 1086 856 1087 857 1087 855 1087 855 1088 857 1088 853 1088 96 1089 853 1089 76 1089 76 1090 853 1090 77 1090 808 1091 807 1091 857 1091 857 1092 807 1092 852 1092 857 1093 852 1093 853 1093 853 1094 852 1094 83 1094 853 1095 83 1095 77 1095 854 1096 665 1096 433 1096 856 1097 851 1097 829 1097 829 1098 851 1098 830 1098 675 1099 851 1099 432 1099 432 1100 851 1100 856 1100 432 1101 856 1101 433 1101 433 1102 856 1102 855 1102 433 1103 855 1103 854 1103 826 1104 842 1104 827 1104 827 1105 842 1105 844 1105 827 1106 844 1106 816 1106 816 1107 844 1107 846 1107 816 1108 846 1108 814 1108 814 1109 846 1109 848 1109 814 1110 848 1110 812 1110 812 1111 848 1111 836 1111 812 1112 836 1112 810 1112 810 1113 836 1113 835 1113 810 1114 835 1114 805 1114 805 1115 835 1115 834 1115 805 1116 834 1116 806 1116 806 1117 834 1117 833 1117 806 1118 833 1118 819 1118 819 1119 833 1119 832 1119 819 1120 832 1120 820 1120 820 1121 832 1121 837 1121 820 1122 837 1122 822 1122 822 1123 837 1123 838 1123 822 1124 838 1124 824 1124 824 1125 838 1125 840 1125 824 1126 840 1126 826 1126 826 1127 840 1127 842 1127 815 1128 847 1128 845 1128 815 1129 845 1129 817 1129 817 1130 845 1130 843 1130 817 1131 843 1131 818 1131 818 1132 843 1132 841 1132 818 1133 841 1133 825 1133 825 1134 841 1134 839 1134 825 1135 839 1135 823 1135 823 1136 839 1136 831 1136 823 1137 831 1137 821 1137 849 1138 847 1138 813 1138 813 1139 847 1139 815 1139 81 1140 676 1140 678 1140 81 1141 678 1141 82 1141 82 1142 678 1142 677 1142 82 1143 677 1143 84 1143 849 1144 813 1144 811 1144 849 1145 811 1145 850 1145 850 1146 811 1146 809 1146 850 1147 809 1147 828 1147 99 1148 664 1148 89 1148 89 1149 664 1149 674 1149 89 1150 674 1150 90 1150 90 1151 674 1151 673 1151 858 1152 859 1152 860 1152 859 1153 861 1153 860 1153 860 1154 861 1154 862 1154 860 1155 862 1155 863 1155 863 1156 862 1156 864 1156 863 1157 864 1157 865 1157 865 1158 864 1158 866 1158 865 1159 866 1159 867 1159 867 1160 866 1160 868 1160 867 1161 868 1161 869 1161 869 1162 868 1162 870 1162 869 1163 870 1163 871 1163 871 1164 870 1164 872 1164 871 1165 872 1165 873 1165 873 1166 872 1166 874 1166 873 1167 874 1167 875 1167 875 1168 874 1168 876 1168 875 1169 876 1169 877 1169 877 1170 876 1170 878 1170 877 1171 878 1171 879 1171 879 1172 878 1172 858 1172 879 1173 858 1173 880 1173 880 1174 858 1174 860 1174 879 1175 880 1175 881 1175 881 1176 880 1176 882 1176 883 1177 860 1177 884 1177 884 1178 860 1178 863 1178 885 1179 886 1179 883 1179 887 1180 888 1180 884 1180 884 1181 888 1181 889 1181 884 1182 889 1182 883 1182 883 1183 886 1183 882 1183 882 1184 886 1184 890 1184 882 1185 890 1185 881 1185 881 1186 890 1186 891 1186 881 1187 891 1187 892 1187 892 1188 891 1188 893 1188 893 1189 891 1189 894 1189 893 1190 894 1190 895 1190 895 1191 894 1191 896 1191 895 1192 896 1192 897 1192 897 1193 896 1193 898 1193 897 1194 898 1194 889 1194 889 1195 898 1195 899 1195 889 1196 899 1196 900 1196 900 1197 901 1197 889 1197 889 1198 901 1198 902 1198 889 1199 902 1199 883 1199 883 1200 902 1200 903 1200 883 1201 903 1201 885 1201 99 1202 98 1202 664 1202 664 1203 98 1203 663 1203 663 1204 98 1204 658 1204 658 1205 98 1205 97 1205 658 1206 97 1206 659 1206 659 1207 97 1207 112 1207 109 1208 108 1208 655 1208 655 1209 108 1209 653 1209 104 1210 103 1210 662 1210 656 1211 654 1211 107 1211 662 1212 652 1212 104 1212 104 1213 652 1213 651 1213 104 1214 651 1214 101 1214 101 1215 651 1215 650 1215 101 1216 650 1216 105 1216 105 1217 650 1217 661 1217 105 1218 661 1218 106 1218 106 1219 661 1219 660 1219 106 1220 660 1220 110 1220 110 1221 660 1221 656 1221 110 1222 656 1222 111 1222 111 1223 656 1223 107 1223 653 1224 108 1224 904 1224 904 1225 108 1225 905 1225 904 1226 905 1226 883 1226 883 1227 905 1227 860 1227 107 1228 654 1228 906 1228 906 1229 654 1229 907 1229 906 1230 907 1230 908 1230 882 1231 880 1231 909 1231 909 1232 880 1232 910 1232 909 1233 910 1233 908 1233 908 1234 910 1234 906 1234 880 1235 860 1235 910 1235 910 1236 860 1236 905 1236 910 1237 905 1237 906 1237 906 1238 905 1238 108 1238 906 1239 108 1239 107 1239 907 1240 654 1240 653 1240 883 1241 882 1241 904 1241 904 1242 882 1242 909 1242 904 1243 909 1243 653 1243 653 1244 909 1244 908 1244 653 1245 908 1245 907 1245 868 1246 899 1246 870 1246 870 1247 899 1247 898 1247 870 1248 898 1248 872 1248 872 1249 898 1249 896 1249 872 1250 896 1250 874 1250 874 1251 896 1251 894 1251 874 1252 894 1252 876 1252 876 1253 894 1253 891 1253 876 1254 891 1254 878 1254 878 1255 891 1255 890 1255 878 1256 890 1256 858 1256 858 1257 890 1257 886 1257 858 1258 886 1258 859 1258 859 1259 886 1259 885 1259 859 1260 885 1260 861 1260 861 1261 885 1261 903 1261 861 1262 903 1262 862 1262 862 1263 903 1263 902 1263 862 1264 902 1264 864 1264 864 1265 902 1265 901 1265 864 1266 901 1266 866 1266 866 1267 901 1267 900 1267 866 1268 900 1268 868 1268 868 1269 900 1269 899 1269 873 1270 895 1270 897 1270 873 1271 897 1271 871 1271 871 1272 897 1272 889 1272 871 1273 889 1273 869 1273 869 1274 889 1274 888 1274 869 1275 888 1275 867 1275 867 1276 888 1276 887 1276 867 1277 887 1277 865 1277 865 1278 887 1278 884 1278 865 1279 884 1279 863 1279 893 1280 895 1280 875 1280 875 1281 895 1281 873 1281 109 1282 655 1282 657 1282 109 1283 657 1283 113 1283 113 1284 657 1284 659 1284 113 1285 659 1285 112 1285 893 1286 875 1286 877 1286 893 1287 877 1287 892 1287 892 1288 877 1288 879 1288 892 1289 879 1289 881 1289 127 1290 634 1290 102 1290 102 1291 634 1291 633 1291 102 1292 633 1292 103 1292 103 1293 633 1293 662 1293 911 1294 912 1294 913 1294 912 1295 914 1295 913 1295 913 1296 914 1296 915 1296 913 1297 915 1297 916 1297 916 1298 915 1298 917 1298 916 1299 917 1299 918 1299 918 1300 917 1300 919 1300 918 1301 919 1301 920 1301 920 1302 919 1302 921 1302 920 1303 921 1303 922 1303 922 1304 921 1304 923 1304 922 1305 923 1305 924 1305 924 1306 923 1306 925 1306 924 1307 925 1307 926 1307 926 1308 925 1308 927 1308 926 1309 927 1309 928 1309 928 1310 927 1310 929 1310 928 1311 929 1311 930 1311 930 1312 929 1312 931 1312 930 1313 931 1313 932 1313 932 1314 931 1314 911 1314 932 1315 911 1315 933 1315 933 1316 911 1316 913 1316 932 1317 933 1317 934 1317 934 1318 933 1318 935 1318 936 1319 913 1319 937 1319 937 1320 913 1320 916 1320 938 1321 939 1321 936 1321 936 1322 939 1322 940 1322 936 1323 940 1323 935 1323 935 1324 940 1324 941 1324 935 1325 941 1325 934 1325 934 1326 941 1326 942 1326 938 1327 936 1327 943 1327 943 1328 936 1328 937 1328 943 1329 937 1329 944 1329 944 1330 937 1330 945 1330 944 1331 945 1331 946 1331 946 1332 945 1332 947 1332 946 1333 947 1333 948 1333 948 1334 947 1334 949 1334 948 1335 949 1335 950 1335 950 1336 949 1336 951 1336 950 1337 951 1337 952 1337 952 1338 951 1338 953 1338 952 1339 953 1339 954 1339 954 1340 953 1340 955 1340 954 1341 955 1341 942 1341 942 1342 955 1342 956 1342 942 1343 956 1343 934 1343 127 1344 129 1344 634 1344 634 1345 129 1345 649 1345 648 1346 649 1346 130 1346 130 1347 649 1347 129 1347 142 1348 143 1348 625 1348 625 1349 143 1349 623 1349 131 1350 137 1350 628 1350 616 1351 624 1351 141 1351 628 1352 627 1352 131 1352 131 1353 627 1353 620 1353 131 1354 620 1354 132 1354 132 1355 620 1355 619 1355 132 1356 619 1356 133 1356 133 1357 619 1357 622 1357 133 1358 622 1358 134 1358 134 1359 622 1359 617 1359 134 1360 617 1360 138 1360 138 1361 617 1361 616 1361 138 1362 616 1362 139 1362 139 1363 616 1363 141 1363 623 1364 143 1364 957 1364 957 1365 143 1365 958 1365 957 1366 958 1366 936 1366 936 1367 958 1367 913 1367 959 1368 960 1368 961 1368 961 1369 960 1369 141 1369 961 1370 141 1370 624 1370 935 1371 933 1371 962 1371 962 1372 933 1372 963 1372 962 1373 963 1373 959 1373 959 1374 963 1374 960 1374 933 1375 913 1375 963 1375 963 1376 913 1376 958 1376 963 1377 958 1377 960 1377 960 1378 958 1378 143 1378 960 1379 143 1379 141 1379 961 1380 624 1380 623 1380 936 1381 935 1381 957 1381 957 1382 935 1382 962 1382 957 1383 962 1383 623 1383 623 1384 962 1384 959 1384 623 1385 959 1385 961 1385 921 1386 948 1386 923 1386 923 1387 948 1387 950 1387 923 1388 950 1388 925 1388 925 1389 950 1389 952 1389 925 1390 952 1390 927 1390 927 1391 952 1391 954 1391 927 1392 954 1392 929 1392 929 1393 954 1393 942 1393 929 1394 942 1394 931 1394 931 1395 942 1395 941 1395 931 1396 941 1396 911 1396 911 1397 941 1397 940 1397 911 1398 940 1398 912 1398 912 1399 940 1399 939 1399 912 1400 939 1400 914 1400 914 1401 939 1401 938 1401 914 1402 938 1402 915 1402 915 1403 938 1403 943 1403 915 1404 943 1404 917 1404 917 1405 943 1405 944 1405 917 1406 944 1406 919 1406 919 1407 944 1407 946 1407 919 1408 946 1408 921 1408 921 1409 946 1409 948 1409 926 1410 953 1410 951 1410 926 1411 951 1411 924 1411 924 1412 951 1412 949 1412 924 1413 949 1413 922 1413 922 1414 949 1414 947 1414 922 1415 947 1415 920 1415 920 1416 947 1416 945 1416 920 1417 945 1417 918 1417 918 1418 945 1418 937 1418 918 1419 937 1419 916 1419 955 1420 953 1420 928 1420 928 1421 953 1421 926 1421 142 1422 625 1422 626 1422 648 1423 130 1423 618 1423 618 1424 130 1424 119 1424 618 1425 119 1425 626 1425 626 1426 119 1426 140 1426 626 1427 140 1427 142 1427 955 1428 928 1428 930 1428 955 1429 930 1429 956 1429 956 1430 930 1430 932 1430 956 1431 932 1431 934 1431 136 1432 629 1432 137 1432 137 1433 629 1433 628 1433 964 1434 965 1434 966 1434 966 1435 967 1435 964 1435 964 1436 967 1436 968 1436 964 1437 968 1437 969 1437 969 1438 968 1438 970 1438 969 1439 970 1439 971 1439 971 1440 970 1440 972 1440 971 1441 972 1441 973 1441 973 1442 972 1442 974 1442 973 1443 974 1443 975 1443 975 1444 974 1444 976 1444 975 1445 976 1445 977 1445 977 1446 976 1446 978 1446 977 1447 978 1447 979 1447 979 1448 978 1448 980 1448 979 1449 980 1449 981 1449 981 1450 980 1450 982 1450 981 1451 982 1451 983 1451 983 1452 982 1452 984 1452 983 1453 984 1453 985 1453 985 1454 984 1454 966 1454 985 1455 966 1455 986 1455 986 1456 966 1456 965 1456 968 1457 967 1457 987 1457 987 1458 967 1458 988 1458 989 1459 966 1459 990 1459 990 1460 966 1460 984 1460 991 1461 992 1461 989 1461 989 1462 992 1462 993 1462 989 1463 993 1463 988 1463 988 1464 993 1464 994 1464 988 1465 994 1465 987 1465 987 1466 994 1466 995 1466 991 1467 989 1467 996 1467 996 1468 989 1468 990 1468 996 1469 990 1469 997 1469 997 1470 990 1470 998 1470 997 1471 998 1471 999 1471 999 1472 998 1472 1000 1472 999 1473 1000 1473 1001 1473 1001 1474 1000 1474 1002 1474 1001 1475 1002 1475 1003 1475 1003 1476 1002 1476 1004 1476 1003 1477 1004 1477 1005 1477 1005 1478 1004 1478 1006 1478 1005 1479 1006 1479 1007 1479 1007 1480 1006 1480 1008 1480 1007 1481 1008 1481 995 1481 995 1482 1008 1482 1009 1482 995 1483 1009 1483 987 1483 136 1484 147 1484 629 1484 629 1485 147 1485 630 1485 630 1486 147 1486 631 1486 631 1487 147 1487 146 1487 631 1488 146 1488 632 1488 632 1489 146 1489 152 1489 632 1490 152 1490 614 1490 614 1491 152 1491 151 1491 148 1492 150 1492 613 1492 613 1493 150 1493 612 1493 153 1494 160 1494 610 1494 607 1495 608 1495 163 1495 610 1496 609 1496 153 1496 153 1497 609 1497 605 1497 153 1498 605 1498 154 1498 154 1499 605 1499 604 1499 154 1500 604 1500 155 1500 155 1501 604 1501 603 1501 155 1502 603 1502 156 1502 156 1503 603 1503 602 1503 156 1504 602 1504 161 1504 161 1505 602 1505 607 1505 161 1506 607 1506 162 1506 162 1507 607 1507 163 1507 612 1508 150 1508 1010 1508 1010 1509 150 1509 1011 1509 1010 1510 1011 1510 989 1510 989 1511 1011 1511 966 1511 1012 1512 1013 1512 1014 1512 1014 1513 1013 1513 163 1513 1014 1514 163 1514 608 1514 988 1515 967 1515 1015 1515 1015 1516 967 1516 1016 1516 1015 1517 1016 1517 1012 1517 1012 1518 1016 1518 1013 1518 163 1519 1013 1519 144 1519 144 1520 1013 1520 145 1520 967 1521 966 1521 1016 1521 1016 1522 966 1522 1011 1522 1016 1523 1011 1523 1013 1523 1013 1524 1011 1524 150 1524 1013 1525 150 1525 145 1525 1014 1526 608 1526 436 1526 1015 1527 1010 1527 988 1527 988 1528 1010 1528 989 1528 612 1529 1010 1529 435 1529 435 1530 1010 1530 1015 1530 435 1531 1015 1531 436 1531 436 1532 1015 1532 1012 1532 436 1533 1012 1533 1014 1533 979 1534 1001 1534 977 1534 977 1535 1001 1535 1003 1535 977 1536 1003 1536 975 1536 975 1537 1003 1537 1005 1537 975 1538 1005 1538 973 1538 973 1539 1005 1539 1007 1539 973 1540 1007 1540 971 1540 971 1541 1007 1541 995 1541 971 1542 995 1542 969 1542 969 1543 995 1543 994 1543 969 1544 994 1544 964 1544 964 1545 994 1545 993 1545 964 1546 993 1546 965 1546 965 1547 993 1547 992 1547 965 1548 992 1548 986 1548 986 1549 992 1549 991 1549 986 1550 991 1550 985 1550 985 1551 991 1551 996 1551 985 1552 996 1552 983 1552 983 1553 996 1553 997 1553 983 1554 997 1554 981 1554 981 1555 997 1555 999 1555 981 1556 999 1556 979 1556 979 1557 999 1557 1001 1557 974 1558 1006 1558 1004 1558 974 1559 1004 1559 976 1559 976 1560 1004 1560 1002 1560 976 1561 1002 1561 978 1561 978 1562 1002 1562 1000 1562 978 1563 1000 1563 980 1563 980 1564 1000 1564 998 1564 980 1565 998 1565 982 1565 982 1566 998 1566 990 1566 982 1567 990 1567 984 1567 1008 1568 1006 1568 972 1568 972 1569 1006 1569 974 1569 148 1570 613 1570 615 1570 148 1571 615 1571 149 1571 149 1572 615 1572 614 1572 149 1573 614 1573 151 1573 1008 1574 972 1574 970 1574 1008 1575 970 1575 1009 1575 1009 1576 970 1576 968 1576 1009 1577 968 1577 987 1577 166 1578 601 1578 158 1578 158 1579 601 1579 611 1579 158 1580 611 1580 160 1580 160 1581 611 1581 610 1581 1017 1582 1018 1582 1019 1582 1019 1583 1020 1583 1017 1583 1017 1584 1020 1584 1021 1584 1017 1585 1021 1585 1022 1585 1022 1586 1021 1586 1023 1586 1022 1587 1023 1587 1024 1587 1024 1588 1023 1588 1025 1588 1024 1589 1025 1589 1026 1589 1026 1590 1025 1590 1027 1590 1026 1591 1027 1591 1028 1591 1028 1592 1027 1592 1029 1592 1028 1593 1029 1593 1030 1593 1030 1594 1029 1594 1031 1594 1030 1595 1031 1595 1032 1595 1032 1596 1031 1596 1033 1596 1032 1597 1033 1597 1034 1597 1034 1598 1033 1598 1035 1598 1034 1599 1035 1599 1036 1599 1036 1600 1035 1600 1037 1600 1036 1601 1037 1601 1038 1601 1038 1602 1037 1602 1019 1602 1038 1603 1019 1603 1039 1603 1039 1604 1019 1604 1018 1604 1021 1605 1020 1605 1040 1605 1040 1606 1020 1606 1041 1606 1042 1607 1019 1607 1043 1607 1043 1608 1019 1608 1037 1608 1044 1609 1045 1609 1042 1609 1042 1610 1045 1610 1046 1610 1042 1611 1046 1611 1041 1611 1041 1612 1046 1612 1047 1612 1041 1613 1047 1613 1040 1613 1040 1614 1047 1614 1048 1614 1044 1615 1042 1615 1049 1615 1049 1616 1042 1616 1043 1616 1049 1617 1043 1617 1050 1617 1050 1618 1043 1618 1051 1618 1050 1619 1051 1619 1052 1619 1052 1620 1051 1620 1053 1620 1052 1621 1053 1621 1054 1621 1054 1622 1053 1622 1055 1622 1054 1623 1055 1623 1056 1623 1056 1624 1055 1624 1057 1624 1056 1625 1057 1625 1058 1625 1058 1626 1057 1626 1059 1626 1058 1627 1059 1627 1060 1627 1060 1628 1059 1628 1061 1628 1060 1629 1061 1629 1048 1629 1048 1630 1061 1630 1062 1630 1048 1631 1062 1631 1040 1631 166 1632 165 1632 601 1632 601 1633 165 1633 600 1633 600 1634 165 1634 598 1634 598 1635 165 1635 164 1635 598 1636 164 1636 597 1636 597 1637 164 1637 176 1637 174 1638 177 1638 586 1638 586 1639 177 1639 587 1639 171 1640 170 1640 595 1640 599 1641 588 1641 178 1641 595 1642 594 1642 171 1642 171 1643 594 1643 593 1643 171 1644 593 1644 168 1644 168 1645 593 1645 592 1645 168 1646 592 1646 172 1646 172 1647 592 1647 590 1647 172 1648 590 1648 173 1648 173 1649 590 1649 589 1649 173 1650 589 1650 180 1650 180 1651 589 1651 599 1651 180 1652 599 1652 179 1652 179 1653 599 1653 178 1653 587 1654 177 1654 1063 1654 1063 1655 177 1655 1064 1655 1063 1656 1064 1656 1042 1656 1042 1657 1064 1657 1019 1657 178 1658 588 1658 1065 1658 1065 1659 588 1659 1066 1659 1065 1660 1066 1660 1067 1660 1041 1661 1020 1661 1068 1661 1068 1662 1020 1662 1069 1662 1068 1663 1069 1663 1067 1663 1067 1664 1069 1664 1065 1664 1020 1665 1019 1665 1069 1665 1069 1666 1019 1666 1064 1666 1069 1667 1064 1667 1065 1667 1065 1668 1064 1668 177 1668 1065 1669 177 1669 178 1669 1066 1670 588 1670 587 1670 1042 1671 1041 1671 1063 1671 1063 1672 1041 1672 1068 1672 1063 1673 1068 1673 587 1673 587 1674 1068 1674 1067 1674 587 1675 1067 1675 1066 1675 1032 1676 1054 1676 1030 1676 1030 1677 1054 1677 1056 1677 1030 1678 1056 1678 1028 1678 1028 1679 1056 1679 1058 1679 1028 1680 1058 1680 1026 1680 1026 1681 1058 1681 1060 1681 1026 1682 1060 1682 1024 1682 1024 1683 1060 1683 1048 1683 1024 1684 1048 1684 1022 1684 1022 1685 1048 1685 1047 1685 1022 1686 1047 1686 1017 1686 1017 1687 1047 1687 1046 1687 1017 1688 1046 1688 1018 1688 1018 1689 1046 1689 1045 1689 1018 1690 1045 1690 1039 1690 1039 1691 1045 1691 1044 1691 1039 1692 1044 1692 1038 1692 1038 1693 1044 1693 1049 1693 1038 1694 1049 1694 1036 1694 1036 1695 1049 1695 1050 1695 1036 1696 1050 1696 1034 1696 1034 1697 1050 1697 1052 1697 1034 1698 1052 1698 1032 1698 1032 1699 1052 1699 1054 1699 1027 1700 1059 1700 1057 1700 1027 1701 1057 1701 1029 1701 1029 1702 1057 1702 1055 1702 1029 1703 1055 1703 1031 1703 1031 1704 1055 1704 1053 1704 1031 1705 1053 1705 1033 1705 1033 1706 1053 1706 1051 1706 1033 1707 1051 1707 1035 1707 1035 1708 1051 1708 1043 1708 1035 1709 1043 1709 1037 1709 1061 1710 1059 1710 1025 1710 1025 1711 1059 1711 1027 1711 174 1712 586 1712 596 1712 174 1713 596 1713 175 1713 175 1714 596 1714 597 1714 175 1715 597 1715 176 1715 1061 1716 1025 1716 1023 1716 1061 1717 1023 1717 1062 1717 1062 1718 1023 1718 1021 1718 1062 1719 1021 1719 1040 1719 194 1720 576 1720 169 1720 169 1721 576 1721 577 1721 169 1722 577 1722 170 1722 170 1723 577 1723 595 1723 1070 1724 1071 1724 1072 1724 1071 1725 1073 1725 1072 1725 1072 1726 1073 1726 1074 1726 1072 1727 1074 1727 1075 1727 1075 1728 1074 1728 1076 1728 1075 1729 1076 1729 1077 1729 1077 1730 1076 1730 1078 1730 1077 1731 1078 1731 1079 1731 1079 1732 1078 1732 1080 1732 1079 1733 1080 1733 1081 1733 1081 1734 1080 1734 1082 1734 1081 1735 1082 1735 1083 1735 1083 1736 1082 1736 1084 1736 1083 1737 1084 1737 1085 1737 1085 1738 1084 1738 1086 1738 1085 1739 1086 1739 1087 1739 1087 1740 1086 1740 1088 1740 1087 1741 1088 1741 1089 1741 1089 1742 1088 1742 1090 1742 1089 1743 1090 1743 1091 1743 1091 1744 1090 1744 1070 1744 1091 1745 1070 1745 1092 1745 1092 1746 1070 1746 1072 1746 1091 1747 1092 1747 1093 1747 1093 1748 1092 1748 1094 1748 1095 1749 1072 1749 1096 1749 1096 1750 1072 1750 1075 1750 1095 1751 1097 1751 1098 1751 1095 1752 1098 1752 1094 1752 1094 1753 1098 1753 1099 1753 1094 1754 1099 1754 1093 1754 1093 1755 1099 1755 1100 1755 1093 1756 1100 1756 1101 1756 1101 1757 1100 1757 1102 1757 1102 1758 1100 1758 1103 1758 1102 1759 1103 1759 1104 1759 1104 1760 1103 1760 1105 1760 1104 1761 1105 1761 1106 1761 1106 1762 1105 1762 1107 1762 1106 1763 1107 1763 1108 1763 1108 1764 1107 1764 1109 1764 1108 1765 1109 1765 1110 1765 1110 1766 1109 1766 1111 1766 1110 1767 1111 1767 1112 1767 1112 1768 1111 1768 1113 1768 1112 1769 1113 1769 1096 1769 1096 1770 1113 1770 1114 1770 1096 1771 1114 1771 1095 1771 1095 1772 1114 1772 1115 1772 1095 1773 1115 1773 1097 1773 194 1774 192 1774 576 1774 576 1775 192 1775 585 1775 584 1776 585 1776 191 1776 191 1777 585 1777 192 1777 206 1778 207 1778 561 1778 561 1779 207 1779 559 1779 198 1780 210 1780 564 1780 552 1781 560 1781 205 1781 564 1782 563 1782 198 1782 198 1783 563 1783 556 1783 198 1784 556 1784 199 1784 199 1785 556 1785 555 1785 199 1786 555 1786 200 1786 200 1787 555 1787 558 1787 200 1788 558 1788 201 1788 201 1789 558 1789 553 1789 201 1790 553 1790 202 1790 202 1791 553 1791 552 1791 202 1792 552 1792 203 1792 203 1793 552 1793 205 1793 559 1794 207 1794 1116 1794 1116 1795 207 1795 1117 1795 1116 1796 1117 1796 1095 1796 1095 1797 1117 1797 1072 1797 205 1798 560 1798 1118 1798 1118 1799 560 1799 1119 1799 1118 1800 1119 1800 1120 1800 1094 1801 1092 1801 1121 1801 1121 1802 1092 1802 1122 1802 1121 1803 1122 1803 1120 1803 1120 1804 1122 1804 1118 1804 1092 1805 1072 1805 1122 1805 1122 1806 1072 1806 1117 1806 1122 1807 1117 1807 1118 1807 1118 1808 1117 1808 207 1808 1118 1809 207 1809 205 1809 1119 1810 560 1810 559 1810 1095 1811 1094 1811 1116 1811 1116 1812 1094 1812 1121 1812 1116 1813 1121 1813 559 1813 559 1814 1121 1814 1120 1814 559 1815 1120 1815 1119 1815 1080 1816 1109 1816 1082 1816 1082 1817 1109 1817 1107 1817 1082 1818 1107 1818 1084 1818 1084 1819 1107 1819 1105 1819 1084 1820 1105 1820 1086 1820 1086 1821 1105 1821 1103 1821 1086 1822 1103 1822 1088 1822 1088 1823 1103 1823 1100 1823 1088 1824 1100 1824 1090 1824 1090 1825 1100 1825 1099 1825 1090 1826 1099 1826 1070 1826 1070 1827 1099 1827 1098 1827 1070 1828 1098 1828 1071 1828 1071 1829 1098 1829 1097 1829 1071 1830 1097 1830 1073 1830 1073 1831 1097 1831 1115 1831 1073 1832 1115 1832 1074 1832 1074 1833 1115 1833 1114 1833 1074 1834 1114 1834 1076 1834 1076 1835 1114 1835 1113 1835 1076 1836 1113 1836 1078 1836 1078 1837 1113 1837 1111 1837 1078 1838 1111 1838 1080 1838 1080 1839 1111 1839 1109 1839 1085 1840 1104 1840 1106 1840 1085 1841 1106 1841 1083 1841 1083 1842 1106 1842 1108 1842 1083 1843 1108 1843 1081 1843 1081 1844 1108 1844 1110 1844 1081 1845 1110 1845 1079 1845 1079 1846 1110 1846 1112 1846 1079 1847 1112 1847 1077 1847 1077 1848 1112 1848 1096 1848 1077 1849 1096 1849 1075 1849 1102 1850 1104 1850 1087 1850 1087 1851 1104 1851 1085 1851 206 1852 561 1852 562 1852 584 1853 191 1853 554 1853 554 1854 191 1854 183 1854 554 1855 183 1855 562 1855 562 1856 183 1856 204 1856 562 1857 204 1857 206 1857 1102 1858 1087 1858 1089 1858 1102 1859 1089 1859 1101 1859 1101 1860 1089 1860 1091 1860 1101 1861 1091 1861 1093 1861 209 1862 565 1862 210 1862 210 1863 565 1863 564 1863 1123 1864 1124 1864 1125 1864 1125 1865 1126 1865 1123 1865 1123 1866 1126 1866 1127 1866 1123 1867 1127 1867 1128 1867 1128 1868 1127 1868 1129 1868 1128 1869 1129 1869 1130 1869 1130 1870 1129 1870 1131 1870 1130 1871 1131 1871 1132 1871 1132 1872 1131 1872 1133 1872 1132 1873 1133 1873 1134 1873 1134 1874 1133 1874 1135 1874 1134 1875 1135 1875 1136 1875 1136 1876 1135 1876 1137 1876 1136 1877 1137 1877 1138 1877 1138 1878 1137 1878 1139 1878 1138 1879 1139 1879 1140 1879 1140 1880 1139 1880 1141 1880 1140 1881 1141 1881 1142 1881 1142 1882 1141 1882 1143 1882 1142 1883 1143 1883 1144 1883 1144 1884 1143 1884 1125 1884 1144 1885 1125 1885 1145 1885 1145 1886 1125 1886 1124 1886 1127 1887 1126 1887 1146 1887 1146 1888 1126 1888 1147 1888 1148 1889 1125 1889 1149 1889 1149 1890 1125 1890 1143 1890 1150 1891 1151 1891 1152 1891 1152 1892 1151 1892 1153 1892 1153 1893 1151 1893 1154 1893 1153 1894 1154 1894 1155 1894 1156 1895 1148 1895 1157 1895 1157 1896 1148 1896 1149 1896 1157 1897 1149 1897 1158 1897 1158 1898 1149 1898 1159 1898 1158 1899 1159 1899 1160 1899 1160 1900 1159 1900 1161 1900 1160 1901 1161 1901 1162 1901 1162 1902 1161 1902 1163 1902 1162 1903 1163 1903 1155 1903 1155 1904 1163 1904 1164 1904 1155 1905 1164 1905 1153 1905 1152 1906 1165 1906 1150 1906 1150 1907 1165 1907 1146 1907 1150 1908 1146 1908 1166 1908 1166 1909 1146 1909 1147 1909 1166 1910 1147 1910 1167 1910 1167 1911 1147 1911 1148 1911 1167 1912 1148 1912 1168 1912 1168 1913 1148 1913 1156 1913 209 1914 214 1914 565 1914 565 1915 214 1915 566 1915 566 1916 214 1916 567 1916 567 1917 214 1917 213 1917 567 1918 213 1918 568 1918 568 1919 213 1919 219 1919 568 1920 219 1920 550 1920 550 1921 219 1921 218 1921 215 1922 217 1922 549 1922 549 1923 217 1923 548 1923 227 1924 226 1924 546 1924 543 1925 544 1925 225 1925 546 1926 545 1926 227 1926 227 1927 545 1927 541 1927 227 1928 541 1928 228 1928 228 1929 541 1929 540 1929 228 1930 540 1930 220 1930 220 1931 540 1931 539 1931 220 1932 539 1932 221 1932 221 1933 539 1933 538 1933 221 1934 538 1934 223 1934 223 1935 538 1935 543 1935 223 1936 543 1936 224 1936 224 1937 543 1937 225 1937 548 1938 217 1938 1169 1938 1169 1939 217 1939 1170 1939 1169 1940 1170 1940 1148 1940 1148 1941 1170 1941 1125 1941 225 1942 544 1942 1171 1942 1171 1943 544 1943 1172 1943 1171 1944 1172 1944 1173 1944 1147 1945 1126 1945 1174 1945 1174 1946 1126 1946 1175 1946 1174 1947 1175 1947 1173 1947 1173 1948 1175 1948 1171 1948 225 1949 1171 1949 211 1949 211 1950 1171 1950 212 1950 1126 1951 1125 1951 1175 1951 1175 1952 1125 1952 1170 1952 1175 1953 1170 1953 1171 1953 1171 1954 1170 1954 217 1954 1171 1955 217 1955 212 1955 1172 1956 544 1956 439 1956 1174 1957 1169 1957 1147 1957 1147 1958 1169 1958 1148 1958 548 1959 1169 1959 438 1959 438 1960 1169 1960 1174 1960 438 1961 1174 1961 439 1961 439 1962 1174 1962 1173 1962 439 1963 1173 1963 1172 1963 1138 1964 1162 1964 1136 1964 1136 1965 1162 1965 1155 1965 1136 1966 1155 1966 1134 1966 1134 1967 1155 1967 1154 1967 1134 1968 1154 1968 1132 1968 1132 1969 1154 1969 1151 1969 1132 1970 1151 1970 1130 1970 1130 1971 1151 1971 1150 1971 1130 1972 1150 1972 1128 1972 1128 1973 1150 1973 1166 1973 1128 1974 1166 1974 1123 1974 1123 1975 1166 1975 1167 1975 1123 1976 1167 1976 1124 1976 1124 1977 1167 1977 1168 1977 1124 1978 1168 1978 1145 1978 1145 1979 1168 1979 1156 1979 1145 1980 1156 1980 1144 1980 1144 1981 1156 1981 1157 1981 1144 1982 1157 1982 1142 1982 1142 1983 1157 1983 1158 1983 1142 1984 1158 1984 1140 1984 1140 1985 1158 1985 1160 1985 1140 1986 1160 1986 1138 1986 1138 1987 1160 1987 1162 1987 1133 1988 1153 1988 1164 1988 1133 1989 1164 1989 1135 1989 1135 1990 1164 1990 1163 1990 1135 1991 1163 1991 1137 1991 1137 1992 1163 1992 1161 1992 1137 1993 1161 1993 1139 1993 1139 1994 1161 1994 1159 1994 1139 1995 1159 1995 1141 1995 1141 1996 1159 1996 1149 1996 1141 1997 1149 1997 1143 1997 1152 1998 1153 1998 1131 1998 1131 1999 1153 1999 1133 1999 215 2000 549 2000 551 2000 215 2001 551 2001 216 2001 216 2002 551 2002 550 2002 216 2003 550 2003 218 2003 1152 2004 1131 2004 1129 2004 1152 2005 1129 2005 1165 2005 1165 2006 1129 2006 1127 2006 1165 2007 1127 2007 1146 2007 59 2008 537 2008 60 2008 60 2009 537 2009 547 2009 60 2010 547 2010 226 2010 226 2011 547 2011 546 2011 1176 2012 1177 2012 1178 2012 1177 2013 1179 2013 1178 2013 1178 2014 1179 2014 1180 2014 1178 2015 1180 2015 1181 2015 1181 2016 1180 2016 1182 2016 1181 2017 1182 2017 1183 2017 1183 2018 1182 2018 1184 2018 1183 2019 1184 2019 1185 2019 1185 2020 1184 2020 1186 2020 1185 2021 1186 2021 1187 2021 1187 2022 1186 2022 1188 2022 1187 2023 1188 2023 1189 2023 1189 2024 1188 2024 1190 2024 1189 2025 1190 2025 1191 2025 1191 2026 1190 2026 1192 2026 1191 2027 1192 2027 1193 2027 1193 2028 1192 2028 1194 2028 1193 2029 1194 2029 1195 2029 1195 2030 1194 2030 1196 2030 1195 2031 1196 2031 1197 2031 1197 2032 1196 2032 1176 2032 1197 2033 1176 2033 1198 2033 1198 2034 1176 2034 1178 2034 1197 2035 1198 2035 1199 2035 1199 2036 1198 2036 1200 2036 1201 2037 1178 2037 1202 2037 1202 2038 1178 2038 1181 2038 1203 2039 1204 2039 1201 2039 1201 2040 1204 2040 1205 2040 1201 2041 1205 2041 1200 2041 1200 2042 1205 2042 1206 2042 1200 2043 1206 2043 1199 2043 1199 2044 1206 2044 1207 2044 1203 2045 1201 2045 1208 2045 1208 2046 1201 2046 1202 2046 1208 2047 1202 2047 1209 2047 1209 2048 1202 2048 1210 2048 1209 2049 1210 2049 1211 2049 1211 2050 1210 2050 1212 2050 1211 2051 1212 2051 1213 2051 1213 2052 1212 2052 1214 2052 1213 2053 1214 2053 1215 2053 1215 2054 1214 2054 1216 2054 1215 2055 1216 2055 1217 2055 1217 2056 1216 2056 1218 2056 1217 2057 1218 2057 1219 2057 1219 2058 1218 2058 1220 2058 1219 2059 1220 2059 1207 2059 1207 2060 1220 2060 1221 2060 1207 2061 1221 2061 1199 2061 59 2062 231 2062 537 2062 537 2063 231 2063 536 2063 536 2064 231 2064 533 2064 533 2065 231 2065 230 2065 533 2066 230 2066 532 2066 532 2067 230 2067 237 2067 235 2068 241 2068 525 2068 525 2069 241 2069 526 2069 240 2070 239 2070 535 2070 534 2071 527 2071 242 2071 535 2072 530 2072 240 2072 240 2073 530 2073 529 2073 240 2074 529 2074 233 2074 233 2075 529 2075 528 2075 233 2076 528 2076 234 2076 234 2077 528 2077 523 2077 234 2078 523 2078 229 2078 229 2079 523 2079 522 2079 229 2080 522 2080 244 2080 244 2081 522 2081 534 2081 244 2082 534 2082 243 2082 243 2083 534 2083 242 2083 526 2084 241 2084 1222 2084 1222 2085 241 2085 1223 2085 1222 2086 1223 2086 1201 2086 1201 2087 1223 2087 1178 2087 242 2088 527 2088 1224 2088 1224 2089 527 2089 1225 2089 1224 2090 1225 2090 1226 2090 1200 2091 1198 2091 1227 2091 1227 2092 1198 2092 1228 2092 1227 2093 1228 2093 1226 2093 1226 2094 1228 2094 1224 2094 1198 2095 1178 2095 1228 2095 1228 2096 1178 2096 1223 2096 1228 2097 1223 2097 1224 2097 1224 2098 1223 2098 241 2098 1224 2099 241 2099 242 2099 1225 2100 527 2100 526 2100 1201 2101 1200 2101 1222 2101 1222 2102 1200 2102 1227 2102 1222 2103 1227 2103 526 2103 526 2104 1227 2104 1226 2104 526 2105 1226 2105 1225 2105 1186 2106 1213 2106 1188 2106 1188 2107 1213 2107 1215 2107 1188 2108 1215 2108 1190 2108 1190 2109 1215 2109 1217 2109 1190 2110 1217 2110 1192 2110 1192 2111 1217 2111 1219 2111 1192 2112 1219 2112 1194 2112 1194 2113 1219 2113 1207 2113 1194 2114 1207 2114 1196 2114 1196 2115 1207 2115 1206 2115 1196 2116 1206 2116 1176 2116 1176 2117 1206 2117 1205 2117 1176 2118 1205 2118 1177 2118 1177 2119 1205 2119 1204 2119 1177 2120 1204 2120 1179 2120 1179 2121 1204 2121 1203 2121 1179 2122 1203 2122 1180 2122 1180 2123 1203 2123 1208 2123 1180 2124 1208 2124 1182 2124 1182 2125 1208 2125 1209 2125 1182 2126 1209 2126 1184 2126 1184 2127 1209 2127 1211 2127 1184 2128 1211 2128 1186 2128 1186 2129 1211 2129 1213 2129 1191 2130 1218 2130 1216 2130 1191 2131 1216 2131 1189 2131 1189 2132 1216 2132 1214 2132 1189 2133 1214 2133 1187 2133 1187 2134 1214 2134 1212 2134 1187 2135 1212 2135 1185 2135 1185 2136 1212 2136 1210 2136 1185 2137 1210 2137 1183 2137 1183 2138 1210 2138 1202 2138 1183 2139 1202 2139 1181 2139 1220 2140 1218 2140 1193 2140 1193 2141 1218 2141 1191 2141 235 2142 525 2142 531 2142 235 2143 531 2143 236 2143 236 2144 531 2144 532 2144 236 2145 532 2145 237 2145 1220 2146 1193 2146 1195 2146 1220 2147 1195 2147 1221 2147 1221 2148 1195 2148 1197 2148 1221 2149 1197 2149 1199 2149 249 2150 506 2150 238 2150 238 2151 506 2151 505 2151 238 2152 505 2152 239 2152 239 2153 505 2153 535 2153 1229 2154 1230 2154 1231 2154 1231 2155 1232 2155 1229 2155 1229 2156 1232 2156 1233 2156 1229 2157 1233 2157 1234 2157 1234 2158 1233 2158 1235 2158 1234 2159 1235 2159 1236 2159 1236 2160 1235 2160 1237 2160 1236 2161 1237 2161 1238 2161 1238 2162 1237 2162 1239 2162 1238 2163 1239 2163 1240 2163 1240 2164 1239 2164 1241 2164 1240 2165 1241 2165 1242 2165 1242 2166 1241 2166 1243 2166 1242 2167 1243 2167 1244 2167 1244 2168 1243 2168 1245 2168 1244 2169 1245 2169 1246 2169 1246 2170 1245 2170 1247 2170 1246 2171 1247 2171 1248 2171 1248 2172 1247 2172 1249 2172 1248 2173 1249 2173 1250 2173 1250 2174 1249 2174 1231 2174 1250 2175 1231 2175 1251 2175 1251 2176 1231 2176 1230 2176 1233 2177 1232 2177 1252 2177 1252 2178 1232 2178 1253 2178 1254 2179 1231 2179 1255 2179 1255 2180 1231 2180 1249 2180 1256 2181 1257 2181 1254 2181 1254 2182 1257 2182 1258 2182 1254 2183 1258 2183 1253 2183 1253 2184 1258 2184 1259 2184 1253 2185 1259 2185 1252 2185 1252 2186 1259 2186 1260 2186 1256 2187 1254 2187 1261 2187 1261 2188 1254 2188 1255 2188 1261 2189 1255 2189 1262 2189 1262 2190 1255 2190 1263 2190 1262 2191 1263 2191 1264 2191 1264 2192 1263 2192 1265 2192 1264 2193 1265 2193 1266 2193 1266 2194 1265 2194 1267 2194 1266 2195 1267 2195 1268 2195 1268 2196 1267 2196 1269 2196 1268 2197 1269 2197 1270 2197 1270 2198 1269 2198 1271 2198 1270 2199 1271 2199 1272 2199 1272 2200 1271 2200 1273 2200 1272 2201 1273 2201 1260 2201 1260 2202 1273 2202 1274 2202 1260 2203 1274 2203 1252 2203 249 2204 251 2204 506 2204 506 2205 251 2205 521 2205 520 2206 521 2206 255 2206 255 2207 521 2207 251 2207 271 2208 272 2208 497 2208 497 2209 272 2209 495 2209 266 2210 265 2210 500 2210 492 2211 496 2211 270 2211 500 2212 499 2212 266 2212 266 2213 499 2213 491 2213 266 2214 491 2214 261 2214 261 2215 491 2215 489 2215 261 2216 489 2216 262 2216 262 2217 489 2217 488 2217 262 2218 488 2218 263 2218 263 2219 488 2219 493 2219 263 2220 493 2220 267 2220 267 2221 493 2221 492 2221 267 2222 492 2222 268 2222 268 2223 492 2223 270 2223 495 2224 272 2224 1275 2224 1275 2225 272 2225 1276 2225 1275 2226 1276 2226 1254 2226 1254 2227 1276 2227 1231 2227 1277 2228 1278 2228 1279 2228 1279 2229 1278 2229 270 2229 1279 2230 270 2230 496 2230 1253 2231 1232 2231 1280 2231 1280 2232 1232 2232 1281 2232 1280 2233 1281 2233 1277 2233 1277 2234 1281 2234 1278 2234 1232 2235 1231 2235 1281 2235 1281 2236 1231 2236 1276 2236 1281 2237 1276 2237 1278 2237 1278 2238 1276 2238 272 2238 1278 2239 272 2239 270 2239 1279 2240 496 2240 495 2240 1254 2241 1253 2241 1275 2241 1275 2242 1253 2242 1280 2242 1275 2243 1280 2243 495 2243 495 2244 1280 2244 1277 2244 495 2245 1277 2245 1279 2245 1244 2246 1266 2246 1242 2246 1242 2247 1266 2247 1268 2247 1242 2248 1268 2248 1240 2248 1240 2249 1268 2249 1270 2249 1240 2250 1270 2250 1238 2250 1238 2251 1270 2251 1272 2251 1238 2252 1272 2252 1236 2252 1236 2253 1272 2253 1260 2253 1236 2254 1260 2254 1234 2254 1234 2255 1260 2255 1259 2255 1234 2256 1259 2256 1229 2256 1229 2257 1259 2257 1258 2257 1229 2258 1258 2258 1230 2258 1230 2259 1258 2259 1257 2259 1230 2260 1257 2260 1251 2260 1251 2261 1257 2261 1256 2261 1251 2262 1256 2262 1250 2262 1250 2263 1256 2263 1261 2263 1250 2264 1261 2264 1248 2264 1248 2265 1261 2265 1262 2265 1248 2266 1262 2266 1246 2266 1246 2267 1262 2267 1264 2267 1246 2268 1264 2268 1244 2268 1244 2269 1264 2269 1266 2269 1239 2270 1271 2270 1269 2270 1239 2271 1269 2271 1241 2271 1241 2272 1269 2272 1267 2272 1241 2273 1267 2273 1243 2273 1243 2274 1267 2274 1265 2274 1243 2275 1265 2275 1245 2275 1245 2276 1265 2276 1263 2276 1245 2277 1263 2277 1247 2277 1247 2278 1263 2278 1255 2278 1247 2279 1255 2279 1249 2279 1273 2280 1271 2280 1237 2280 1237 2281 1271 2281 1239 2281 271 2282 497 2282 498 2282 520 2283 255 2283 494 2283 494 2284 255 2284 254 2284 494 2285 254 2285 498 2285 498 2286 254 2286 269 2286 498 2287 269 2287 271 2287 1273 2288 1237 2288 1235 2288 1273 2289 1235 2289 1274 2289 1274 2290 1235 2290 1233 2290 1274 2291 1233 2291 1252 2291 264 2292 501 2292 265 2292 265 2293 501 2293 500 2293 1282 2294 1283 2294 1284 2294 1283 2295 1285 2295 1284 2295 1284 2296 1285 2296 1286 2296 1284 2297 1286 2297 1287 2297 1287 2298 1286 2298 1288 2298 1287 2299 1288 2299 1289 2299 1289 2300 1288 2300 1290 2300 1289 2301 1290 2301 1291 2301 1291 2302 1290 2302 1292 2302 1291 2303 1292 2303 1293 2303 1293 2304 1292 2304 1294 2304 1293 2305 1294 2305 1295 2305 1295 2306 1294 2306 1296 2306 1295 2307 1296 2307 1297 2307 1297 2308 1296 2308 1298 2308 1297 2309 1298 2309 1299 2309 1299 2310 1298 2310 1300 2310 1299 2311 1300 2311 1301 2311 1301 2312 1300 2312 1302 2312 1301 2313 1302 2313 1303 2313 1303 2314 1302 2314 1282 2314 1303 2315 1282 2315 1304 2315 1304 2316 1282 2316 1284 2316 1303 2317 1304 2317 1305 2317 1305 2318 1304 2318 1306 2318 1307 2319 1284 2319 1308 2319 1308 2320 1284 2320 1287 2320 1309 2321 1307 2321 1310 2321 1310 2322 1307 2322 1308 2322 1310 2323 1308 2323 1311 2323 1311 2324 1308 2324 1312 2324 1311 2325 1312 2325 1313 2325 1313 2326 1312 2326 1314 2326 1313 2327 1314 2327 1315 2327 1315 2328 1314 2328 1316 2328 1315 2329 1316 2329 1317 2329 1317 2330 1316 2330 1318 2330 1317 2331 1318 2331 1319 2331 1319 2332 1318 2332 1320 2332 1319 2333 1320 2333 1321 2333 1321 2334 1320 2334 1322 2334 1321 2335 1322 2335 1323 2335 1322 2336 1324 2336 1323 2336 1323 2337 1324 2337 1305 2337 1323 2338 1305 2338 1325 2338 1325 2339 1305 2339 1306 2339 1325 2340 1306 2340 1326 2340 1326 2341 1306 2341 1307 2341 1326 2342 1307 2342 1327 2342 1327 2343 1307 2343 1309 2343 264 2344 277 2344 501 2344 501 2345 277 2345 502 2345 502 2346 277 2346 503 2346 503 2347 277 2347 276 2347 503 2348 276 2348 504 2348 504 2349 276 2349 282 2349 504 2350 282 2350 486 2350 486 2351 282 2351 281 2351 278 2352 280 2352 485 2352 485 2353 280 2353 484 2353 292 2354 291 2354 482 2354 479 2355 480 2355 290 2355 482 2356 481 2356 292 2356 292 2357 481 2357 477 2357 292 2358 477 2358 293 2358 293 2359 477 2359 476 2359 293 2360 476 2360 283 2360 283 2361 476 2361 475 2361 283 2362 475 2362 284 2362 284 2363 475 2363 474 2363 284 2364 474 2364 288 2364 288 2365 474 2365 479 2365 288 2366 479 2366 289 2366 289 2367 479 2367 290 2367 484 2368 280 2368 1328 2368 1328 2369 280 2369 1329 2369 1328 2370 1329 2370 1307 2370 1307 2371 1329 2371 1284 2371 1330 2372 1331 2372 1332 2372 1332 2373 1331 2373 290 2373 1332 2374 290 2374 480 2374 1306 2375 1304 2375 1333 2375 1333 2376 1304 2376 1334 2376 1333 2377 1334 2377 1330 2377 1330 2378 1334 2378 1331 2378 273 2379 290 2379 1331 2379 273 2380 1331 2380 274 2380 1304 2381 1284 2381 1334 2381 1334 2382 1284 2382 1329 2382 1334 2383 1329 2383 1331 2383 1331 2384 1329 2384 280 2384 1331 2385 280 2385 274 2385 1332 2386 480 2386 442 2386 1333 2387 1328 2387 1306 2387 1306 2388 1328 2388 1307 2388 484 2389 1328 2389 441 2389 441 2390 1328 2390 1333 2390 441 2391 1333 2391 442 2391 442 2392 1333 2392 1330 2392 442 2393 1330 2393 1332 2393 1292 2394 1315 2394 1294 2394 1294 2395 1315 2395 1317 2395 1294 2396 1317 2396 1296 2396 1296 2397 1317 2397 1319 2397 1296 2398 1319 2398 1298 2398 1298 2399 1319 2399 1321 2399 1298 2400 1321 2400 1300 2400 1300 2401 1321 2401 1323 2401 1300 2402 1323 2402 1302 2402 1302 2403 1323 2403 1325 2403 1302 2404 1325 2404 1282 2404 1282 2405 1325 2405 1326 2405 1282 2406 1326 2406 1283 2406 1283 2407 1326 2407 1327 2407 1283 2408 1327 2408 1285 2408 1285 2409 1327 2409 1309 2409 1285 2410 1309 2410 1286 2410 1286 2411 1309 2411 1310 2411 1286 2412 1310 2412 1288 2412 1288 2413 1310 2413 1311 2413 1288 2414 1311 2414 1290 2414 1290 2415 1311 2415 1313 2415 1290 2416 1313 2416 1292 2416 1292 2417 1313 2417 1315 2417 1297 2418 1320 2418 1318 2418 1297 2419 1318 2419 1295 2419 1295 2420 1318 2420 1316 2420 1295 2421 1316 2421 1293 2421 1293 2422 1316 2422 1314 2422 1293 2423 1314 2423 1291 2423 1291 2424 1314 2424 1312 2424 1291 2425 1312 2425 1289 2425 1289 2426 1312 2426 1308 2426 1289 2427 1308 2427 1287 2427 1322 2428 1320 2428 1299 2428 1299 2429 1320 2429 1297 2429 278 2430 485 2430 487 2430 278 2431 487 2431 279 2431 279 2432 487 2432 486 2432 279 2433 486 2433 281 2433 1322 2434 1299 2434 1301 2434 1322 2435 1301 2435 1324 2435 1324 2436 1301 2436 1303 2436 1324 2437 1303 2437 1305 2437 296 2438 473 2438 287 2438 287 2439 473 2439 483 2439 287 2440 483 2440 291 2440 291 2441 483 2441 482 2441 1335 2442 1336 2442 1337 2442 1336 2443 1338 2443 1337 2443 1337 2444 1338 2444 1339 2444 1337 2445 1339 2445 1340 2445 1340 2446 1339 2446 1341 2446 1340 2447 1341 2447 1342 2447 1342 2448 1341 2448 1343 2448 1342 2449 1343 2449 1344 2449 1344 2450 1343 2450 1345 2450 1344 2451 1345 2451 1346 2451 1346 2452 1345 2452 1347 2452 1346 2453 1347 2453 1348 2453 1348 2454 1347 2454 1349 2454 1348 2455 1349 2455 1350 2455 1350 2456 1349 2456 1351 2456 1350 2457 1351 2457 1352 2457 1352 2458 1351 2458 1353 2458 1352 2459 1353 2459 1354 2459 1354 2460 1353 2460 1355 2460 1354 2461 1355 2461 1356 2461 1356 2462 1355 2462 1335 2462 1356 2463 1335 2463 1357 2463 1357 2464 1335 2464 1337 2464 1356 2465 1357 2465 1358 2465 1358 2466 1357 2466 1359 2466 1360 2467 1337 2467 1361 2467 1361 2468 1337 2468 1340 2468 1362 2469 1363 2469 1360 2469 1360 2470 1363 2470 1364 2470 1360 2471 1364 2471 1359 2471 1359 2472 1364 2472 1365 2472 1359 2473 1365 2473 1358 2473 1358 2474 1365 2474 1366 2474 1362 2475 1360 2475 1367 2475 1367 2476 1360 2476 1361 2476 1367 2477 1361 2477 1368 2477 1368 2478 1361 2478 1369 2478 1368 2479 1369 2479 1370 2479 1370 2480 1369 2480 1371 2480 1370 2481 1371 2481 1372 2481 1372 2482 1371 2482 1373 2482 1372 2483 1373 2483 1374 2483 1374 2484 1373 2484 1375 2484 1374 2485 1375 2485 1376 2485 1376 2486 1375 2486 1377 2486 1376 2487 1377 2487 1378 2487 1378 2488 1377 2488 1379 2488 1378 2489 1379 2489 1366 2489 1366 2490 1379 2490 1380 2490 1366 2491 1380 2491 1358 2491 296 2492 295 2492 473 2492 473 2493 295 2493 472 2493 472 2494 295 2494 464 2494 464 2495 295 2495 294 2495 464 2496 294 2496 463 2496 463 2497 294 2497 299 2497 297 2498 305 2498 459 2498 459 2499 305 2499 460 2499 304 2500 50 2500 51 2500 465 2501 461 2501 306 2501 51 2502 471 2502 304 2502 304 2503 471 2503 470 2503 304 2504 470 2504 301 2504 301 2505 470 2505 469 2505 301 2506 469 2506 302 2506 302 2507 469 2507 467 2507 302 2508 467 2508 303 2508 303 2509 467 2509 466 2509 303 2510 466 2510 308 2510 308 2511 466 2511 465 2511 308 2512 465 2512 307 2512 307 2513 465 2513 306 2513 460 2514 305 2514 1381 2514 1381 2515 305 2515 1382 2515 1381 2516 1382 2516 1360 2516 1360 2517 1382 2517 1337 2517 306 2518 461 2518 1383 2518 1383 2519 461 2519 1384 2519 1383 2520 1384 2520 1385 2520 1359 2521 1357 2521 1386 2521 1386 2522 1357 2522 1387 2522 1386 2523 1387 2523 1385 2523 1385 2524 1387 2524 1383 2524 1357 2525 1337 2525 1387 2525 1387 2526 1337 2526 1382 2526 1387 2527 1382 2527 1383 2527 1383 2528 1382 2528 305 2528 1383 2529 305 2529 306 2529 1384 2530 461 2530 460 2530 1360 2531 1359 2531 1381 2531 1381 2532 1359 2532 1386 2532 1381 2533 1386 2533 460 2533 460 2534 1386 2534 1385 2534 460 2535 1385 2535 1384 2535 1345 2536 1372 2536 1347 2536 1347 2537 1372 2537 1374 2537 1347 2538 1374 2538 1349 2538 1349 2539 1374 2539 1376 2539 1349 2540 1376 2540 1351 2540 1351 2541 1376 2541 1378 2541 1351 2542 1378 2542 1353 2542 1353 2543 1378 2543 1366 2543 1353 2544 1366 2544 1355 2544 1355 2545 1366 2545 1365 2545 1355 2546 1365 2546 1335 2546 1335 2547 1365 2547 1364 2547 1335 2548 1364 2548 1336 2548 1336 2549 1364 2549 1363 2549 1336 2550 1363 2550 1338 2550 1338 2551 1363 2551 1362 2551 1338 2552 1362 2552 1339 2552 1339 2553 1362 2553 1367 2553 1339 2554 1367 2554 1341 2554 1341 2555 1367 2555 1368 2555 1341 2556 1368 2556 1343 2556 1343 2557 1368 2557 1370 2557 1343 2558 1370 2558 1345 2558 1345 2559 1370 2559 1372 2559 1350 2560 1377 2560 1375 2560 1350 2561 1375 2561 1348 2561 1348 2562 1375 2562 1373 2562 1348 2563 1373 2563 1346 2563 1346 2564 1373 2564 1371 2564 1346 2565 1371 2565 1344 2565 1344 2566 1371 2566 1369 2566 1344 2567 1369 2567 1342 2567 1342 2568 1369 2568 1361 2568 1342 2569 1361 2569 1340 2569 1379 2570 1377 2570 1352 2570 1352 2571 1377 2571 1350 2571 297 2572 459 2572 462 2572 297 2573 462 2573 298 2573 298 2574 462 2574 463 2574 298 2575 463 2575 299 2575 1379 2576 1352 2576 1354 2576 1379 2577 1354 2577 1380 2577 1380 2578 1354 2578 1356 2578 1380 2579 1356 2579 1358 2579 346 2580 789 2580 334 2580 334 2581 789 2581 788 2581 334 2582 788 2582 335 2582 335 2583 788 2583 787 2583 335 2584 787 2584 342 2584 342 2585 787 2585 1388 2585 342 2586 1388 2586 1389 2586 1389 2587 1388 2587 794 2587 1389 2588 794 2588 336 2588 336 2589 794 2589 793 2589 336 2590 793 2590 337 2590 337 2591 793 2591 797 2591 337 2592 797 2592 338 2592 338 2593 797 2593 796 2593 338 2594 796 2594 339 2594 339 2595 796 2595 795 2595 339 2596 795 2596 340 2596 340 2597 795 2597 1390 2597 340 2598 1390 2598 1391 2598 1391 2599 1390 2599 791 2599 1391 2600 791 2600 345 2600 345 2601 791 2601 790 2601 345 2602 790 2602 346 2602 346 2603 790 2603 789 2603 319 2604 457 2604 320 2604 320 2605 457 2605 456 2605 320 2606 456 2606 309 2606 309 2607 456 2607 446 2607 309 2608 446 2608 310 2608 310 2609 446 2609 445 2609 310 2610 445 2610 311 2610 311 2611 445 2611 455 2611 311 2612 455 2612 312 2612 312 2613 455 2613 454 2613 312 2614 454 2614 313 2614 313 2615 454 2615 452 2615 313 2616 452 2616 314 2616 314 2617 452 2617 451 2617 314 2618 451 2618 315 2618 315 2619 451 2619 444 2619 315 2620 444 2620 316 2620 316 2621 444 2621 450 2621 316 2622 450 2622 317 2622 317 2623 450 2623 449 2623 317 2624 449 2624 318 2624 318 2625 449 2625 458 2625 318 2626 458 2626 319 2626 319 2627 458 2627 457 2627 332 2628 784 2628 333 2628 333 2629 784 2629 783 2629 333 2630 783 2630 330 2630 330 2631 783 2631 780 2631 330 2632 780 2632 325 2632 325 2633 780 2633 781 2633 325 2634 781 2634 326 2634 326 2635 781 2635 782 2635 326 2636 782 2636 328 2636 328 2637 782 2637 775 2637 328 2638 775 2638 329 2638 329 2639 775 2639 774 2639 329 2640 774 2640 323 2640 323 2641 774 2641 779 2641 323 2642 779 2642 324 2642 324 2643 779 2643 778 2643 324 2644 778 2644 321 2644 321 2645 778 2645 777 2645 321 2646 777 2646 322 2646 322 2647 777 2647 776 2647 322 2648 776 2648 331 2648 331 2649 776 2649 785 2649 331 2650 785 2650 332 2650 332 2651 785 2651 784 2651 359 2652 750 2652 347 2652 347 2653 750 2653 759 2653 347 2654 759 2654 348 2654 348 2655 759 2655 758 2655 348 2656 758 2656 352 2656 352 2657 758 2657 1392 2657 352 2658 1392 2658 1393 2658 1393 2659 1392 2659 756 2659 1393 2660 756 2660 349 2660 349 2661 756 2661 755 2661 349 2662 755 2662 353 2662 353 2663 755 2663 754 2663 353 2664 754 2664 354 2664 354 2665 754 2665 753 2665 354 2666 753 2666 355 2666 355 2667 753 2667 752 2667 355 2668 752 2668 356 2668 356 2669 752 2669 1394 2669 356 2670 1394 2670 1395 2670 1395 2671 1394 2671 429 2671 1395 2672 429 2672 358 2672 358 2673 429 2673 751 2673 358 2674 751 2674 359 2674 359 2675 751 2675 750 2675 120 2676 644 2676 121 2676 121 2677 644 2677 643 2677 121 2678 643 2678 122 2678 122 2679 643 2679 642 2679 122 2680 642 2680 123 2680 123 2681 642 2681 641 2681 123 2682 641 2682 115 2682 115 2683 641 2683 640 2683 115 2684 640 2684 114 2684 114 2685 640 2685 639 2685 114 2686 639 2686 124 2686 124 2687 639 2687 637 2687 124 2688 637 2688 125 2688 125 2689 637 2689 636 2689 125 2690 636 2690 126 2690 126 2691 636 2691 635 2691 126 2692 635 2692 128 2692 128 2693 635 2693 645 2693 128 2694 645 2694 117 2694 117 2695 645 2695 647 2695 117 2696 647 2696 118 2696 118 2697 647 2697 646 2697 118 2698 646 2698 120 2698 120 2699 646 2699 644 2699 372 2700 729 2700 373 2700 373 2701 729 2701 728 2701 373 2702 728 2702 374 2702 374 2703 728 2703 727 2703 374 2704 727 2704 375 2704 375 2705 727 2705 726 2705 375 2706 726 2706 377 2706 377 2707 726 2707 724 2707 377 2708 724 2708 378 2708 378 2709 724 2709 723 2709 378 2710 723 2710 379 2710 379 2711 723 2711 722 2711 379 2712 722 2712 380 2712 380 2713 722 2713 721 2713 380 2714 721 2714 381 2714 381 2715 721 2715 720 2715 381 2716 720 2716 382 2716 382 2717 720 2717 719 2717 382 2718 719 2718 383 2718 383 2719 719 2719 718 2719 383 2720 718 2720 371 2720 371 2721 718 2721 730 2721 371 2722 730 2722 372 2722 372 2723 730 2723 729 2723 411 2724 701 2724 397 2724 397 2725 701 2725 700 2725 397 2726 700 2726 398 2726 398 2727 700 2727 699 2727 398 2728 699 2728 404 2728 404 2729 699 2729 1396 2729 404 2730 1396 2730 1397 2730 1397 2731 1396 2731 694 2731 1397 2732 694 2732 403 2732 403 2733 694 2733 693 2733 403 2734 693 2734 405 2734 405 2735 693 2735 692 2735 405 2736 692 2736 406 2736 406 2737 692 2737 695 2737 406 2738 695 2738 407 2738 407 2739 695 2739 696 2739 407 2740 696 2740 408 2740 408 2741 696 2741 1398 2741 408 2742 1398 2742 1399 2742 1399 2743 1398 2743 703 2743 1399 2744 703 2744 410 2744 410 2745 703 2745 702 2745 410 2746 702 2746 411 2746 411 2747 702 2747 701 2747 186 2748 581 2748 187 2748 187 2749 581 2749 570 2749 187 2750 570 2750 189 2750 189 2751 570 2751 569 2751 189 2752 569 2752 190 2752 190 2753 569 2753 580 2753 190 2754 580 2754 184 2754 184 2755 580 2755 579 2755 184 2756 579 2756 185 2756 185 2757 579 2757 578 2757 185 2758 578 2758 197 2758 197 2759 578 2759 572 2759 197 2760 572 2760 196 2760 196 2761 572 2761 571 2761 196 2762 571 2762 195 2762 195 2763 571 2763 575 2763 195 2764 575 2764 193 2764 193 2765 575 2765 574 2765 193 2766 574 2766 181 2766 181 2767 574 2767 583 2767 181 2768 583 2768 182 2768 182 2769 583 2769 582 2769 182 2770 582 2770 186 2770 186 2771 582 2771 581 2771 416 2772 712 2772 419 2772 419 2773 712 2773 711 2773 419 2774 711 2774 417 2774 417 2775 711 2775 706 2775 417 2776 706 2776 418 2776 418 2777 706 2777 705 2777 418 2778 705 2778 420 2778 420 2779 705 2779 708 2779 420 2780 708 2780 421 2780 421 2781 708 2781 709 2781 421 2782 709 2782 422 2782 422 2783 709 2783 710 2783 422 2784 710 2784 423 2784 423 2785 710 2785 717 2785 423 2786 717 2786 424 2786 424 2787 717 2787 716 2787 424 2788 716 2788 425 2788 425 2789 716 2789 715 2789 425 2790 715 2790 426 2790 426 2791 715 2791 714 2791 426 2792 714 2792 415 2792 415 2793 714 2793 713 2793 415 2794 713 2794 416 2794 416 2795 713 2795 712 2795 390 2796 739 2796 384 2796 384 2797 739 2797 738 2797 384 2798 738 2798 385 2798 385 2799 738 2799 735 2799 385 2800 735 2800 394 2800 394 2801 735 2801 1400 2801 394 2802 1400 2802 1401 2802 1401 2803 1400 2803 736 2803 1401 2804 736 2804 396 2804 396 2805 736 2805 737 2805 396 2806 737 2806 393 2806 393 2807 737 2807 745 2807 393 2808 745 2808 392 2808 392 2809 745 2809 744 2809 392 2810 744 2810 386 2810 386 2811 744 2811 743 2811 386 2812 743 2812 387 2812 387 2813 743 2813 1402 2813 387 2814 1402 2814 1403 2814 1403 2815 1402 2815 741 2815 1403 2816 741 2816 389 2816 389 2817 741 2817 740 2817 389 2818 740 2818 390 2818 390 2819 740 2819 739 2819 258 2820 517 2820 259 2820 259 2821 517 2821 515 2821 259 2822 515 2822 260 2822 260 2823 515 2823 514 2823 260 2824 514 2824 257 2824 257 2825 514 2825 513 2825 257 2826 513 2826 256 2826 256 2827 513 2827 512 2827 256 2828 512 2828 245 2828 245 2829 512 2829 511 2829 245 2830 511 2830 246 2830 246 2831 511 2831 509 2831 246 2832 509 2832 247 2832 247 2833 509 2833 508 2833 247 2834 508 2834 248 2834 248 2835 508 2835 507 2835 248 2836 507 2836 250 2836 250 2837 507 2837 516 2837 250 2838 516 2838 252 2838 252 2839 516 2839 519 2839 252 2840 519 2840 253 2840 253 2841 519 2841 518 2841 253 2842 518 2842 258 2842 258 2843 518 2843 517 2843 369 2844 766 2844 370 2844 370 2845 766 2845 765 2845 370 2846 765 2846 363 2846 363 2847 765 2847 761 2847 363 2848 761 2848 364 2848 364 2849 761 2849 762 2849 364 2850 762 2850 366 2850 366 2851 762 2851 764 2851 366 2852 764 2852 367 2852 367 2853 764 2853 770 2853 367 2854 770 2854 360 2854 360 2855 770 2855 769 2855 360 2856 769 2856 56 2856 56 2857 769 2857 773 2857 56 2858 773 2858 57 2858 57 2859 773 2859 772 2859 57 2860 772 2860 361 2860 361 2861 772 2861 771 2861 361 2862 771 2862 362 2862 362 2863 771 2863 768 2863 362 2864 768 2864 368 2864 368 2865 768 2865 767 2865 368 2866 767 2866 369 2866 369 2867 767 2867 766 2867 1404 2868 1405 2868 1406 2868 1406 2869 1405 2869 1407 2869 1406 2870 1407 2870 1408 2870 1408 2871 1407 2871 1409 2871 1408 2872 1409 2872 1410 2872 1410 2873 1409 2873 1411 2873 1404 2874 1406 2874 1412 2874 1412 2875 1406 2875 1413 2875 1412 2876 1413 2876 1414 2876 1414 2877 1413 2877 1415 2877 1414 2878 1415 2878 1416 2878 1416 2879 1415 2879 1417 2879 1416 2880 1417 2880 1418 2880 1418 2881 1417 2881 1419 2881 1418 2882 1419 2882 1420 2882 1420 2883 1419 2883 1421 2883 1420 2884 1421 2884 1422 2884 1422 2885 1421 2885 1423 2885 1422 2886 1423 2886 1424 2886 1424 2887 1423 2887 1425 2887 1424 2888 1425 2888 1411 2888 1411 2889 1425 2889 1426 2889 1411 2890 1426 2890 1410 2890 1406 2891 1427 2891 1413 2891 1413 2892 1427 2892 1428 2892 1429 2893 1430 2893 1410 2893 1410 2894 1430 2894 1408 2894 1431 2895 1432 2895 1427 2895 1432 2896 1433 2896 1427 2896 1427 2897 1433 2897 1434 2897 1427 2898 1434 2898 1428 2898 1428 2899 1434 2899 1435 2899 1428 2900 1435 2900 1436 2900 1436 2901 1435 2901 1437 2901 1436 2902 1437 2902 1438 2902 1438 2903 1437 2903 1439 2903 1438 2904 1439 2904 1440 2904 1440 2905 1439 2905 1441 2905 1440 2906 1441 2906 1442 2906 1442 2907 1441 2907 1443 2907 1442 2908 1443 2908 1444 2908 1444 2909 1443 2909 1445 2909 1444 2910 1445 2910 1446 2910 1446 2911 1445 2911 1447 2911 1446 2912 1447 2912 1448 2912 1448 2913 1447 2913 1449 2913 1448 2914 1449 2914 1429 2914 1429 2915 1449 2915 1431 2915 1429 2916 1431 2916 1430 2916 1430 2917 1431 2917 1427 2917 1450 2918 1451 2918 1452 2918 1452 2919 1451 2919 1453 2919 1452 2920 1453 2920 1454 2920 1454 2921 1453 2921 1455 2921 1450 2922 1456 2922 1451 2922 1451 2923 1456 2923 1457 2923 1458 2924 1457 2924 1459 2924 1459 2925 1457 2925 1456 2925 1460 2926 1461 2926 1462 2926 1462 2927 1461 2927 1463 2927 1462 2928 1463 2928 1464 2928 1464 2929 1465 2929 1462 2929 1462 2930 1465 2930 1466 2930 1462 2931 1466 2931 1467 2931 1466 2932 1468 2932 1467 2932 1467 2933 1468 2933 1469 2933 1467 2934 1469 2934 1470 2934 1470 2935 1469 2935 1471 2935 1470 2936 1471 2936 1472 2936 1472 2937 1471 2937 1473 2937 1474 2938 1475 2938 1476 2938 1476 2939 1475 2939 1477 2939 1476 2940 1477 2940 1478 2940 1479 2941 1480 2941 1481 2941 1481 2942 1480 2942 1482 2942 1481 2943 1482 2943 1475 2943 1475 2944 1482 2944 1483 2944 1475 2945 1483 2945 1477 2945 1484 2946 1485 2946 1476 2946 1485 2947 1486 2947 1476 2947 1476 2948 1486 2948 1487 2948 1476 2949 1487 2949 1474 2949 1474 2950 1487 2950 1488 2950 1489 2951 1490 2951 1491 2951 1491 2952 1492 2952 1489 2952 1489 2953 1492 2953 1493 2953 1489 2954 1493 2954 1476 2954 1476 2955 1493 2955 1494 2955 1476 2956 1494 2956 1484 2956 1495 2957 1496 2957 1490 2957 1490 2958 1496 2958 1497 2958 1490 2959 1497 2959 1491 2959 1498 2960 1499 2960 1500 2960 1500 2961 1499 2961 1501 2961 1502 2962 1503 2962 1490 2962 1490 2963 1503 2963 1504 2963 1490 2964 1504 2964 1495 2964 1505 2965 1506 2965 1507 2965 1508 2966 1505 2966 1509 2966 1509 2967 1505 2967 1507 2967 1509 2968 1507 2968 1510 2968 1510 2969 1507 2969 1495 2969 1510 2970 1495 2970 1511 2970 1511 2971 1495 2971 1504 2971 1512 2972 1499 2972 1513 2972 1513 2973 1499 2973 1514 2973 1513 2974 1514 2974 1515 2974 1516 2975 1517 2975 1514 2975 1514 2976 1517 2976 1518 2976 1514 2977 1518 2977 1515 2977 1512 2978 1519 2978 1499 2978 1499 2979 1519 2979 1520 2979 1499 2980 1520 2980 1501 2980 1501 2981 1520 2981 1521 2981 1501 2982 1521 2982 1522 2982 1522 2983 1521 2983 1523 2983 1522 2984 1523 2984 1524 2984 1524 2985 1523 2985 1525 2985 1526 2986 1527 2986 1525 2986 1525 2987 1527 2987 1528 2987 1525 2988 1528 2988 1524 2988 1529 2989 1530 2989 1514 2989 1514 2990 1530 2990 1531 2990 1526 2991 1516 2991 1527 2991 1527 2992 1516 2992 1514 2992 1527 2993 1514 2993 1532 2993 1532 2994 1514 2994 1531 2994 1533 2995 1534 2995 1514 2995 1514 2996 1534 2996 1535 2996 1514 2997 1535 2997 1529 2997 1532 2998 1536 2998 1527 2998 1527 2999 1536 2999 1537 2999 1527 3000 1537 3000 1538 3000 1538 3001 1537 3001 1539 3001 1538 3002 1539 3002 1540 3002 1540 3003 1539 3003 1541 3003 1533 3004 1542 3004 1543 3004 1543 3005 1544 3005 1533 3005 1533 3006 1544 3006 1545 3006 1533 3007 1545 3007 1534 3007 1546 3008 1547 3008 1548 3008 1548 3009 1547 3009 1549 3009 1548 3010 1549 3010 1543 3010 1543 3011 1549 3011 1550 3011 1543 3012 1550 3012 1544 3012 1551 3013 1552 3013 1533 3013 1533 3014 1552 3014 1553 3014 1533 3015 1553 3015 1554 3015 1555 3016 1556 3016 1557 3016 1557 3017 1556 3017 1558 3017 1557 3018 1558 3018 1551 3018 1554 3019 1559 3019 1533 3019 1533 3020 1559 3020 1560 3020 1533 3021 1560 3021 1542 3021 1542 3022 1560 3022 1561 3022 1562 3023 1563 3023 1555 3023 1555 3024 1563 3024 1564 3024 1555 3025 1564 3025 1556 3025 1565 3026 1566 3026 1567 3026 1567 3027 1568 3027 1565 3027 1565 3028 1568 3028 1569 3028 1565 3029 1569 3029 1555 3029 1570 3030 1571 3030 1572 3030 1569 3031 1573 3031 1555 3031 1555 3032 1573 3032 1574 3032 1555 3033 1574 3033 1562 3033 1575 3034 1570 3034 1576 3034 1576 3035 1570 3035 1572 3035 1576 3036 1572 3036 1577 3036 1577 3037 1572 3037 1562 3037 1577 3038 1562 3038 1578 3038 1578 3039 1562 3039 1574 3039 1579 3040 1580 3040 1565 3040 1581 3041 1582 3041 1583 3041 1584 3042 1585 3042 1586 3042 1585 3043 1587 3043 1586 3043 1586 3044 1587 3044 1588 3044 1586 3045 1588 3045 1579 3045 1580 3046 1589 3046 1565 3046 1565 3047 1589 3047 1590 3047 1565 3048 1590 3048 1566 3048 1566 3049 1590 3049 1591 3049 1566 3050 1591 3050 1592 3050 1592 3051 1591 3051 1593 3051 1592 3052 1593 3052 1594 3052 1594 3053 1593 3053 1581 3053 1594 3054 1581 3054 1595 3054 1595 3055 1581 3055 1583 3055 1596 3056 1597 3056 1586 3056 1596 3057 1586 3057 1598 3057 1582 3058 1584 3058 1583 3058 1583 3059 1584 3059 1586 3059 1583 3060 1586 3060 1599 3060 1599 3061 1586 3061 1597 3061 1599 3062 1600 3062 1583 3062 1583 3063 1600 3063 1601 3063 1583 3064 1601 3064 1602 3064 1602 3065 1601 3065 1603 3065 1602 3066 1603 3066 1604 3066 1604 3067 1603 3067 1605 3067 1606 3068 1607 3068 1586 3068 1586 3069 1607 3069 1608 3069 1586 3070 1608 3070 1598 3070 1606 3071 1609 3071 1610 3071 1610 3072 1611 3072 1606 3072 1606 3073 1611 3073 1612 3073 1606 3074 1612 3074 1607 3074 1613 3075 1614 3075 1615 3075 1615 3076 1614 3076 1616 3076 1615 3077 1616 3077 1610 3077 1610 3078 1616 3078 1617 3078 1610 3079 1617 3079 1611 3079 1618 3080 1619 3080 1606 3080 1606 3081 1619 3081 1620 3081 1606 3082 1620 3082 1621 3082 1622 3083 1623 3083 1624 3083 1624 3084 1623 3084 1625 3084 1624 3085 1625 3085 1626 3085 1621 3086 1627 3086 1606 3086 1606 3087 1627 3087 1628 3087 1606 3088 1628 3088 1609 3088 1609 3089 1628 3089 1629 3089 1630 3090 1631 3090 1625 3090 1625 3091 1631 3091 1632 3091 1625 3092 1632 3092 1626 3092 1633 3093 1634 3093 1635 3093 1635 3094 1636 3094 1633 3094 1633 3095 1636 3095 1637 3095 1633 3096 1637 3096 1625 3096 1625 3097 1637 3097 1638 3097 1625 3098 1638 3098 1630 3098 1639 3099 1640 3099 1641 3099 1642 3100 1639 3100 1643 3100 1643 3101 1639 3101 1641 3101 1643 3102 1641 3102 1644 3102 1644 3103 1641 3103 1631 3103 1644 3104 1631 3104 1645 3104 1645 3105 1631 3105 1630 3105 1646 3106 1647 3106 1648 3106 1649 3107 1650 3107 1651 3107 1651 3108 1650 3108 1652 3108 1651 3109 1652 3109 1653 3109 1653 3110 1652 3110 1634 3110 1653 3111 1634 3111 1654 3111 1654 3112 1634 3112 1633 3112 1654 3113 1633 3113 1655 3113 1656 3114 1657 3114 1649 3114 1649 3115 1657 3115 1658 3115 1649 3116 1658 3116 1650 3116 1646 3117 1648 3117 1659 3117 1647 3118 1660 3118 1648 3118 1648 3119 1660 3119 1661 3119 1648 3120 1661 3120 1633 3120 1633 3121 1661 3121 1662 3121 1633 3122 1662 3122 1655 3122 1648 3123 1663 3123 1664 3123 1665 3124 1666 3124 1648 3124 1648 3125 1666 3125 1667 3125 1648 3126 1667 3126 1663 3126 1656 3127 1659 3127 1657 3127 1657 3128 1659 3128 1648 3128 1657 3129 1648 3129 1668 3129 1668 3130 1648 3130 1664 3130 1668 3131 1669 3131 1657 3131 1657 3132 1669 3132 1670 3132 1657 3133 1670 3133 1671 3133 1671 3134 1670 3134 1672 3134 1671 3135 1672 3135 1673 3135 1673 3136 1672 3136 1674 3136 1675 3137 1676 3137 1677 3137 1677 3138 1678 3138 1675 3138 1675 3139 1678 3139 1679 3139 1675 3140 1679 3140 1665 3140 1680 3141 1681 3141 1682 3141 1682 3142 1681 3142 1683 3142 1682 3143 1683 3143 1677 3143 1677 3144 1683 3144 1684 3144 1677 3145 1684 3145 1678 3145 1685 3146 1686 3146 1675 3146 1687 3147 1688 3147 1689 3147 1689 3148 1690 3148 1687 3148 1687 3149 1690 3149 1691 3149 1687 3150 1691 3150 1675 3150 1675 3151 1691 3151 1692 3151 1675 3152 1692 3152 1685 3152 1686 3153 1693 3153 1675 3153 1675 3154 1693 3154 1694 3154 1675 3155 1694 3155 1676 3155 1676 3156 1694 3156 1695 3156 1696 3157 1697 3157 1688 3157 1688 3158 1697 3158 1698 3158 1688 3159 1698 3159 1689 3159 1699 3160 1700 3160 1701 3160 1688 3161 1702 3161 1703 3161 1703 3162 1704 3162 1688 3162 1688 3163 1704 3163 1705 3163 1688 3164 1705 3164 1696 3164 1452 3165 1454 3165 1702 3165 1702 3166 1454 3166 1706 3166 1702 3167 1706 3167 1703 3167 1707 3168 1699 3168 1708 3168 1708 3169 1699 3169 1701 3169 1708 3170 1701 3170 1709 3170 1709 3171 1701 3171 1696 3171 1709 3172 1696 3172 1710 3172 1710 3173 1696 3173 1705 3173 1711 3174 1712 3174 1702 3174 1702 3175 1712 3175 1713 3175 1702 3176 1713 3176 1452 3176 1452 3177 1713 3177 1714 3177 1452 3178 1714 3178 1450 3178 1450 3179 1714 3179 1715 3179 1450 3180 1715 3180 1456 3180 1456 3181 1715 3181 1716 3181 1456 3182 1716 3182 1459 3182 1459 3183 1716 3183 1467 3183 1717 3184 1462 3184 1718 3184 1718 3185 1462 3185 1467 3185 1718 3186 1467 3186 1719 3186 1719 3187 1467 3187 1716 3187 1717 3188 1720 3188 1462 3188 1462 3189 1720 3189 1721 3189 1462 3190 1721 3190 1722 3190 1489 3191 1723 3191 1724 3191 1462 3192 1725 3192 1726 3192 1476 3193 1727 3193 1728 3193 1724 3194 1729 3194 1730 3194 1730 3195 1729 3195 1731 3195 1730 3196 1731 3196 1462 3196 1462 3197 1731 3197 1732 3197 1462 3198 1732 3198 1725 3198 1478 3199 1460 3199 1476 3199 1476 3200 1460 3200 1462 3200 1476 3201 1462 3201 1727 3201 1727 3202 1462 3202 1726 3202 1728 3203 1733 3203 1476 3203 1476 3204 1733 3204 1734 3204 1476 3205 1734 3205 1489 3205 1489 3206 1734 3206 1735 3206 1489 3207 1735 3207 1723 3207 1736 3208 1737 3208 1702 3208 1738 3209 1739 3209 1687 3209 1702 3210 1737 3210 1740 3210 1740 3211 1737 3211 1741 3211 1740 3212 1741 3212 1738 3212 1739 3213 1742 3213 1687 3213 1687 3214 1742 3214 1743 3214 1687 3215 1743 3215 1688 3215 1688 3216 1743 3216 1744 3216 1688 3217 1744 3217 1745 3217 1745 3218 1746 3218 1688 3218 1688 3219 1746 3219 1747 3219 1688 3220 1747 3220 1702 3220 1702 3221 1747 3221 1748 3221 1702 3222 1748 3222 1736 3222 1749 3223 1750 3223 1490 3223 1751 3224 1489 3224 1752 3224 1752 3225 1489 3225 1753 3225 1752 3226 1753 3226 1754 3226 1754 3227 1753 3227 1755 3227 1751 3228 1756 3228 1489 3228 1489 3229 1756 3229 1757 3229 1489 3230 1757 3230 1490 3230 1490 3231 1757 3231 1758 3231 1490 3232 1758 3232 1749 3232 1750 3233 1759 3233 1490 3233 1490 3234 1759 3234 1499 3234 1490 3235 1499 3235 1502 3235 1502 3236 1499 3236 1498 3236 1759 3237 1760 3237 1499 3237 1499 3238 1760 3238 1761 3238 1499 3239 1761 3239 1755 3239 1665 3240 1648 3240 1675 3240 1675 3241 1648 3241 1762 3241 1675 3242 1762 3242 1763 3242 1764 3243 1765 3243 1766 3243 1766 3244 1765 3244 1767 3244 1766 3245 1767 3245 1768 3245 1763 3246 1769 3246 1675 3246 1675 3247 1769 3247 1770 3247 1675 3248 1770 3248 1687 3248 1687 3249 1770 3249 1771 3249 1771 3250 1772 3250 1687 3250 1687 3251 1772 3251 1773 3251 1687 3252 1773 3252 1766 3252 1766 3253 1773 3253 1774 3253 1766 3254 1774 3254 1764 3254 1533 3255 1775 3255 1776 3255 1551 3256 1533 3256 1557 3256 1557 3257 1533 3257 1776 3257 1557 3258 1776 3258 1777 3258 1777 3259 1778 3259 1557 3259 1557 3260 1778 3260 1779 3260 1557 3261 1779 3261 1780 3261 1780 3262 1779 3262 1781 3262 1780 3263 1781 3263 1782 3263 1783 3264 1784 3264 1514 3264 1784 3265 1785 3265 1514 3265 1514 3266 1785 3266 1786 3266 1514 3267 1786 3267 1533 3267 1533 3268 1786 3268 1787 3268 1533 3269 1787 3269 1775 3269 1755 3270 1753 3270 1499 3270 1499 3271 1753 3271 1780 3271 1499 3272 1780 3272 1514 3272 1514 3273 1780 3273 1782 3273 1514 3274 1782 3274 1783 3274 1724 3275 1730 3275 1489 3275 1489 3276 1730 3276 1788 3276 1489 3277 1788 3277 1753 3277 1753 3278 1788 3278 1789 3278 1753 3279 1789 3279 1780 3279 1780 3280 1789 3280 1790 3280 1780 3281 1790 3281 1557 3281 1625 3282 1791 3282 1792 3282 1793 3283 1794 3283 1633 3283 1791 3284 1625 3284 1795 3284 1795 3285 1625 3285 1623 3285 1795 3286 1623 3286 1796 3286 1792 3287 1797 3287 1625 3287 1625 3288 1797 3288 1798 3288 1625 3289 1798 3289 1633 3289 1633 3290 1798 3290 1799 3290 1633 3291 1799 3291 1793 3291 1794 3292 1800 3292 1633 3292 1633 3293 1800 3293 1766 3293 1633 3294 1766 3294 1648 3294 1648 3295 1766 3295 1768 3295 1648 3296 1768 3296 1762 3296 1794 3297 1801 3297 1800 3297 1800 3298 1801 3298 1802 3298 1800 3299 1802 3299 1623 3299 1623 3300 1802 3300 1803 3300 1623 3301 1803 3301 1796 3301 1565 3302 1804 3302 1805 3302 1555 3303 1806 3303 1807 3303 1565 3304 1805 3304 1790 3304 1806 3305 1555 3305 1808 3305 1808 3306 1555 3306 1557 3306 1808 3307 1557 3307 1809 3307 1805 3308 1810 3308 1790 3308 1790 3309 1810 3309 1811 3309 1790 3310 1811 3310 1557 3310 1557 3311 1811 3311 1812 3311 1557 3312 1812 3312 1809 3312 1807 3313 1813 3313 1555 3313 1555 3314 1813 3314 1814 3314 1555 3315 1814 3315 1565 3315 1565 3316 1814 3316 1815 3316 1565 3317 1815 3317 1804 3317 1579 3318 1565 3318 1586 3318 1586 3319 1565 3319 1790 3319 1586 3320 1790 3320 1816 3320 1816 3321 1790 3321 1789 3321 1816 3322 1789 3322 1817 3322 1817 3323 1789 3323 1788 3323 1817 3324 1788 3324 1818 3324 1818 3325 1788 3325 1730 3325 1818 3326 1730 3326 1740 3326 1740 3327 1730 3327 1462 3327 1740 3328 1462 3328 1702 3328 1702 3329 1462 3329 1722 3329 1702 3330 1722 3330 1711 3330 1819 3331 1820 3331 1606 3331 1606 3332 1820 3332 1623 3332 1606 3333 1623 3333 1618 3333 1618 3334 1623 3334 1622 3334 1821 3335 1822 3335 1816 3335 1820 3336 1823 3336 1623 3336 1623 3337 1823 3337 1824 3337 1623 3338 1824 3338 1825 3338 1816 3339 1822 3339 1586 3339 1586 3340 1822 3340 1826 3340 1586 3341 1826 3341 1827 3341 1738 3342 1687 3342 1740 3342 1740 3343 1687 3343 1766 3343 1740 3344 1766 3344 1818 3344 1818 3345 1766 3345 1800 3345 1818 3346 1800 3346 1817 3346 1817 3347 1800 3347 1623 3347 1817 3348 1623 3348 1816 3348 1816 3349 1623 3349 1825 3349 1816 3350 1825 3350 1821 3350 1827 3351 1828 3351 1586 3351 1586 3352 1828 3352 1829 3352 1586 3353 1829 3353 1606 3353 1606 3354 1829 3354 1830 3354 1606 3355 1830 3355 1819 3355 1472 3356 1473 3356 1831 3356 1831 3357 1473 3357 1832 3357 1833 3358 1834 3358 1835 3358 1836 3359 1837 3359 1838 3359 1838 3360 1839 3360 1840 3360 1841 3361 1842 3361 1843 3361 1843 3362 1844 3362 1845 3362 1846 3363 1847 3363 1848 3363 1848 3364 1849 3364 1850 3364 1851 3365 1852 3365 1853 3365 1854 3366 1855 3366 1856 3366 1857 3367 1858 3367 1859 3367 1860 3368 1861 3368 1451 3368 1451 3369 1861 3369 1453 3369 1862 3370 1863 3370 1835 3370 1835 3371 1863 3371 1864 3371 1835 3372 1864 3372 1865 3372 1858 3373 1866 3373 1859 3373 1859 3374 1866 3374 1867 3374 1859 3375 1867 3375 1868 3375 1867 3376 1869 3376 1868 3376 1868 3377 1869 3377 1870 3377 1868 3378 1870 3378 1458 3378 1458 3379 1870 3379 1860 3379 1458 3380 1860 3380 1457 3380 1457 3381 1860 3381 1451 3381 1871 3382 1872 3382 1873 3382 1856 3383 1874 3383 1875 3383 1876 3384 1871 3384 1877 3384 1877 3385 1871 3385 1873 3385 1877 3386 1873 3386 1874 3386 1874 3387 1873 3387 1878 3387 1874 3388 1878 3388 1875 3388 1875 3389 1879 3389 1856 3389 1856 3390 1879 3390 1880 3390 1856 3391 1880 3391 1835 3391 1835 3392 1880 3392 1881 3392 1835 3393 1881 3393 1882 3393 1861 3394 1862 3394 1453 3394 1453 3395 1862 3395 1835 3395 1453 3396 1835 3396 1455 3396 1455 3397 1835 3397 1882 3397 1855 3398 1883 3398 1856 3398 1856 3399 1883 3399 1884 3399 1856 3400 1884 3400 1874 3400 1885 3401 1886 3401 1853 3401 1886 3402 1887 3402 1853 3402 1853 3403 1887 3403 1888 3403 1853 3404 1888 3404 1889 3404 1889 3405 1888 3405 1890 3405 1885 3406 1853 3406 1891 3406 1891 3407 1853 3407 1852 3407 1891 3408 1852 3408 1892 3408 1893 3409 1851 3409 1894 3409 1894 3410 1851 3410 1895 3410 1894 3411 1895 3411 1896 3411 1897 3412 1898 3412 1899 3412 1900 3413 1901 3413 1902 3413 1900 3414 1902 3414 1903 3414 1904 3415 1905 3415 1906 3415 1906 3416 1905 3416 1897 3416 1906 3417 1897 3417 1907 3417 1907 3418 1897 3418 1899 3418 1901 3419 1908 3419 1902 3419 1902 3420 1908 3420 1909 3420 1902 3421 1909 3421 1853 3421 1853 3422 1909 3422 1910 3422 1910 3423 1911 3423 1853 3423 1853 3424 1911 3424 1912 3424 1853 3425 1912 3425 1851 3425 1851 3426 1912 3426 1913 3426 1851 3427 1913 3427 1895 3427 1914 3428 1915 3428 1916 3428 1917 3429 1918 3429 1919 3429 1919 3430 1918 3430 1920 3430 1920 3431 1921 3431 1919 3431 1919 3432 1921 3432 1922 3432 1919 3433 1922 3433 1902 3433 1902 3434 1922 3434 1923 3434 1902 3435 1923 3435 1924 3435 1916 3436 1915 3436 1925 3436 1924 3437 1926 3437 1902 3437 1902 3438 1926 3438 1899 3438 1902 3439 1899 3439 1903 3439 1903 3440 1899 3440 1898 3440 1926 3441 1927 3441 1899 3441 1899 3442 1927 3442 1928 3442 1899 3443 1928 3443 1929 3443 1929 3444 1928 3444 1925 3444 1929 3445 1925 3445 1930 3445 1930 3446 1925 3446 1915 3446 1931 3447 1932 3447 1933 3447 1934 3448 1935 3448 1936 3448 1937 3449 1938 3449 1919 3449 1919 3450 1938 3450 1939 3450 1916 3451 1917 3451 1914 3451 1914 3452 1917 3452 1919 3452 1914 3453 1919 3453 1940 3453 1940 3454 1919 3454 1939 3454 1941 3455 1934 3455 1942 3455 1942 3456 1934 3456 1936 3456 1942 3457 1936 3457 1943 3457 1943 3458 1936 3458 1944 3458 1944 3459 1931 3459 1943 3459 1943 3460 1931 3460 1933 3460 1943 3461 1933 3461 1945 3461 1945 3462 1933 3462 1946 3462 1947 3463 1948 3463 1850 3463 1948 3464 1949 3464 1850 3464 1850 3465 1949 3465 1950 3465 1850 3466 1950 3466 1951 3466 1947 3467 1850 3467 1952 3467 1952 3468 1850 3468 1849 3468 1952 3469 1849 3469 1953 3469 1950 3470 1954 3470 1951 3470 1951 3471 1954 3471 1955 3471 1951 3472 1955 3472 1933 3472 1933 3473 1955 3473 1956 3473 1933 3474 1956 3474 1946 3474 1957 3475 1958 3475 1959 3475 1960 3476 1961 3476 1962 3476 1963 3477 1964 3477 1965 3477 1965 3478 1964 3478 1966 3478 1967 3479 1968 3479 1969 3479 1969 3480 1968 3480 1960 3480 1969 3481 1960 3481 1970 3481 1970 3482 1960 3482 1962 3482 1966 3483 1971 3483 1965 3483 1965 3484 1971 3484 1972 3484 1965 3485 1972 3485 1850 3485 1850 3486 1972 3486 1973 3486 1959 3487 1846 3487 1957 3487 1957 3488 1846 3488 1848 3488 1957 3489 1848 3489 1974 3489 1974 3490 1848 3490 1850 3490 1974 3491 1850 3491 1975 3491 1975 3492 1850 3492 1973 3492 1976 3493 1977 3493 1978 3493 1979 3494 1980 3494 1965 3494 1981 3495 1982 3495 1983 3495 1983 3496 1982 3496 1984 3496 1977 3497 1985 3497 1978 3497 1978 3498 1985 3498 1986 3498 1978 3499 1986 3499 1987 3499 1980 3500 1988 3500 1965 3500 1965 3501 1988 3501 1962 3501 1965 3502 1962 3502 1963 3502 1963 3503 1962 3503 1961 3503 1982 3504 1989 3504 1984 3504 1984 3505 1989 3505 1990 3505 1984 3506 1990 3506 1991 3506 1991 3507 1990 3507 1962 3507 1991 3508 1962 3508 1992 3508 1992 3509 1962 3509 1988 3509 1993 3510 1994 3510 1995 3510 1983 3511 1976 3511 1981 3511 1981 3512 1976 3512 1978 3512 1981 3513 1978 3513 1996 3513 1996 3514 1978 3514 1997 3514 1998 3515 1993 3515 1999 3515 1999 3516 1993 3516 1995 3516 1999 3517 1995 3517 2000 3517 2000 3518 1995 3518 2001 3518 2002 3519 2003 3519 2004 3519 2004 3520 2003 3520 2005 3520 2004 3521 2005 3521 1978 3521 1978 3522 2005 3522 2006 3522 1978 3523 2006 3523 1997 3523 2001 3524 2002 3524 2000 3524 2000 3525 2002 3525 2004 3525 2000 3526 2004 3526 2007 3526 2007 3527 2004 3527 2008 3527 2009 3528 2010 3528 1845 3528 2010 3529 2011 3529 1845 3529 1845 3530 2011 3530 2012 3530 1845 3531 2012 3531 2013 3531 2009 3532 1845 3532 2014 3532 2014 3533 1845 3533 1844 3533 2014 3534 1844 3534 2015 3534 2012 3535 2016 3535 2013 3535 2013 3536 2016 3536 2017 3536 2013 3537 2017 3537 2004 3537 2004 3538 2017 3538 2018 3538 2004 3539 2018 3539 2008 3539 2019 3540 2020 3540 2021 3540 2022 3541 2023 3541 2024 3541 2024 3542 2023 3542 2025 3542 2024 3543 2025 3543 2026 3543 2026 3544 2025 3544 2027 3544 2025 3545 2028 3545 2027 3545 2027 3546 2028 3546 2029 3546 2027 3547 2029 3547 2030 3547 2030 3548 2029 3548 2031 3548 2030 3549 2031 3549 2032 3549 2032 3550 2033 3550 2030 3550 2030 3551 2033 3551 2034 3551 2030 3552 2034 3552 1845 3552 1845 3553 2034 3553 2035 3553 2021 3554 1841 3554 2019 3554 2019 3555 1841 3555 1843 3555 2019 3556 1843 3556 2036 3556 2036 3557 1843 3557 1845 3557 2036 3558 1845 3558 2037 3558 2037 3559 1845 3559 2035 3559 2038 3560 2039 3560 2040 3560 2041 3561 2042 3561 2030 3561 2043 3562 2044 3562 2045 3562 2045 3563 2044 3563 2046 3563 2045 3564 2046 3564 2047 3564 2048 3565 2049 3565 2050 3565 2050 3566 2049 3566 2027 3566 2040 3567 2039 3567 2048 3567 2048 3568 2039 3568 2051 3568 2048 3569 2051 3569 2049 3569 2042 3570 2052 3570 2030 3570 2030 3571 2052 3571 2053 3571 2030 3572 2053 3572 2027 3572 2027 3573 2053 3573 2054 3573 2027 3574 2054 3574 2050 3574 2055 3575 2056 3575 2057 3575 2058 3576 2059 3576 2060 3576 2060 3577 2059 3577 2061 3577 2060 3578 2061 3578 2045 3578 2045 3579 2061 3579 2062 3579 2045 3580 2062 3580 2063 3580 2040 3581 2043 3581 2038 3581 2038 3582 2043 3582 2045 3582 2038 3583 2045 3583 2064 3583 2064 3584 2045 3584 2063 3584 2065 3585 2055 3585 2066 3585 2066 3586 2055 3586 2057 3586 2066 3587 2057 3587 2067 3587 2067 3588 2057 3588 2068 3588 2068 3589 2058 3589 2067 3589 2067 3590 2058 3590 2060 3590 2067 3591 2060 3591 2069 3591 2069 3592 2060 3592 2070 3592 2071 3593 2072 3593 1840 3593 2071 3594 1840 3594 2073 3594 2073 3595 1840 3595 1839 3595 2073 3596 1839 3596 2074 3596 2072 3597 2075 3597 1840 3597 1840 3598 2075 3598 2076 3598 1840 3599 2076 3599 2077 3599 2076 3600 2078 3600 2077 3600 2077 3601 2078 3601 2079 3601 2077 3602 2079 3602 2060 3602 2060 3603 2079 3603 2080 3603 2060 3604 2080 3604 2070 3604 2081 3605 2082 3605 2083 3605 1859 3606 2084 3606 2085 3606 2086 3607 2087 3607 1868 3607 1868 3608 2087 3608 2088 3608 1868 3609 2088 3609 1859 3609 1859 3610 2088 3610 2089 3610 1859 3611 2089 3611 2084 3611 1832 3612 2090 3612 1831 3612 1831 3613 2090 3613 2086 3613 1831 3614 2086 3614 2091 3614 2091 3615 2086 3615 1868 3615 2092 3616 2093 3616 1840 3616 2083 3617 1836 3617 2081 3617 2081 3618 1836 3618 1838 3618 2081 3619 1838 3619 2094 3619 2094 3620 1838 3620 1840 3620 2094 3621 1840 3621 2095 3621 2095 3622 1840 3622 2093 3622 2096 3623 2097 3623 2013 3623 2013 3624 2097 3624 2098 3624 2096 3625 2013 3625 2099 3625 2099 3626 2013 3626 2004 3626 2099 3627 2004 3627 2100 3627 1978 3628 2101 3628 2102 3628 2101 3629 1978 3629 2103 3629 2103 3630 1978 3630 2104 3630 2103 3631 2104 3631 2105 3631 2102 3632 2106 3632 1978 3632 1978 3633 2106 3633 2107 3633 1978 3634 2107 3634 2004 3634 2004 3635 2107 3635 2108 3635 2004 3636 2108 3636 2100 3636 2109 3637 2110 3637 1951 3637 2111 3638 2112 3638 2109 3638 2112 3639 2111 3639 2113 3639 2113 3640 2111 3640 1965 3640 2113 3641 1965 3641 2114 3641 2110 3642 2115 3642 1951 3642 1951 3643 2115 3643 2116 3643 1951 3644 2116 3644 1850 3644 1850 3645 2116 3645 2117 3645 1850 3646 2117 3646 2118 3646 2118 3647 2119 3647 1850 3647 1850 3648 2119 3648 2120 3648 1850 3649 2120 3649 1965 3649 1965 3650 2120 3650 2121 3650 1965 3651 2121 3651 2114 3651 2122 3652 2013 3652 2123 3652 2123 3653 2013 3653 2124 3653 2123 3654 2124 3654 2125 3654 2125 3655 2124 3655 2126 3655 2127 3656 2128 3656 1845 3656 1845 3657 2128 3657 2129 3657 1845 3658 2129 3658 2030 3658 2030 3659 2129 3659 2130 3659 2030 3660 2130 3660 2131 3660 2122 3661 2132 3661 2013 3661 2013 3662 2132 3662 2133 3662 2013 3663 2133 3663 1845 3663 1845 3664 2133 3664 2134 3664 1845 3665 2134 3665 2127 3665 2135 3666 2124 3666 2136 3666 2136 3667 2124 3667 2013 3667 2136 3668 2013 3668 2104 3668 2104 3669 2013 3669 2098 3669 2104 3670 2098 3670 2105 3670 2137 3671 2138 3671 2139 3671 2140 3672 2141 3672 1933 3672 2138 3673 2137 3673 2142 3673 2142 3674 2137 3674 1951 3674 2142 3675 1951 3675 2143 3675 2144 3676 1919 3676 2145 3676 2145 3677 1919 3677 2146 3677 1932 3678 1937 3678 1933 3678 1933 3679 1937 3679 1919 3679 1933 3680 1919 3680 2140 3680 2140 3681 1919 3681 2144 3681 2141 3682 2147 3682 1933 3682 1933 3683 2147 3683 2148 3683 1933 3684 2148 3684 1951 3684 1951 3685 2148 3685 2149 3685 1951 3686 2149 3686 2143 3686 2047 3687 2041 3687 2045 3687 2045 3688 2041 3688 2030 3688 2045 3689 2030 3689 2150 3689 2151 3690 2135 3690 2152 3690 2152 3691 2135 3691 2136 3691 2152 3692 2136 3692 2153 3692 2153 3693 2136 3693 2104 3693 2153 3694 2104 3694 2111 3694 2111 3695 2104 3695 1978 3695 2111 3696 1978 3696 1965 3696 1965 3697 1978 3697 1987 3697 1965 3698 1987 3698 1979 3698 2154 3699 2155 3699 2150 3699 2156 3700 2077 3700 2157 3700 2157 3701 2077 3701 2158 3701 2158 3702 2077 3702 2159 3702 2159 3703 2077 3703 2060 3703 2159 3704 2060 3704 2160 3704 2161 3705 2162 3705 2045 3705 2045 3706 2162 3706 2163 3706 2045 3707 2163 3707 2060 3707 2060 3708 2163 3708 2164 3708 2060 3709 2164 3709 2160 3709 2150 3710 2155 3710 2045 3710 2045 3711 2155 3711 2165 3711 2045 3712 2165 3712 2161 3712 1889 3713 2166 3713 2167 3713 2168 3714 2169 3714 1902 3714 1889 3715 2167 3715 1853 3715 1853 3716 2167 3716 2170 3716 1853 3717 2170 3717 2171 3717 2169 3718 2172 3718 1902 3718 1902 3719 2172 3719 2137 3719 1902 3720 2137 3720 1919 3720 1919 3721 2137 3721 2139 3721 1919 3722 2139 3722 2146 3722 2171 3723 2173 3723 1853 3723 1853 3724 2173 3724 2174 3724 1853 3725 2174 3725 1902 3725 1902 3726 2174 3726 2175 3726 1902 3727 2175 3727 2168 3727 2169 3728 2176 3728 2172 3728 2172 3729 2176 3729 2177 3729 2172 3730 2177 3730 1889 3730 1889 3731 2177 3731 2178 3731 1889 3732 2178 3732 2166 3732 1840 3733 2179 3733 2180 3733 2180 3734 2181 3734 1840 3734 1840 3735 2181 3735 1859 3735 1840 3736 1859 3736 2092 3736 2092 3737 1859 3737 2085 3737 2181 3738 2182 3738 1859 3738 1859 3739 2182 3739 2183 3739 1859 3740 2183 3740 2184 3740 2185 3741 2186 3741 2077 3741 2186 3742 2187 3742 2077 3742 2077 3743 2187 3743 2188 3743 2077 3744 2188 3744 1840 3744 1840 3745 2188 3745 2189 3745 1840 3746 2189 3746 2179 3746 2190 3747 2185 3747 2191 3747 2191 3748 2185 3748 2077 3748 2191 3749 2077 3749 2150 3749 2150 3750 2077 3750 2156 3750 2150 3751 2156 3751 2154 3751 1865 3752 1857 3752 1835 3752 1835 3753 1857 3753 1859 3753 1835 3754 1859 3754 2191 3754 2191 3755 1859 3755 2184 3755 2191 3756 2184 3756 2190 3756 2192 3757 2193 3757 1856 3757 1856 3758 2193 3758 1889 3758 1856 3759 1889 3759 1854 3759 1854 3760 1889 3760 1890 3760 2151 3761 2194 3761 2195 3761 2131 3762 2126 3762 2030 3762 2030 3763 2126 3763 2124 3763 2030 3764 2124 3764 2150 3764 2150 3765 2124 3765 2135 3765 2150 3766 2135 3766 2191 3766 2191 3767 2135 3767 2151 3767 2191 3768 2151 3768 1835 3768 1835 3769 2151 3769 2195 3769 1835 3770 2195 3770 1833 3770 1834 3771 2196 3771 1835 3771 1835 3772 2196 3772 2197 3772 1835 3773 2197 3773 1856 3773 1856 3774 2197 3774 2198 3774 1856 3775 2198 3775 2192 3775 2193 3776 2199 3776 1889 3776 1889 3777 2199 3777 2200 3777 1889 3778 2200 3778 2201 3778 2109 3779 1951 3779 2111 3779 2111 3780 1951 3780 2137 3780 2111 3781 2137 3781 2153 3781 2153 3782 2137 3782 2172 3782 2153 3783 2172 3783 2152 3783 2152 3784 2172 3784 1889 3784 2152 3785 1889 3785 2151 3785 2151 3786 1889 3786 2201 3786 2151 3787 2201 3787 2194 3787 1463 3788 1461 3788 2092 3788 2086 3789 2090 3789 1471 3789 2092 3790 2085 3790 1463 3790 1463 3791 2085 3791 2084 3791 1463 3792 2084 3792 1464 3792 1464 3793 2084 3793 2089 3793 1464 3794 2089 3794 1465 3794 1465 3795 2089 3795 2088 3795 1465 3796 2088 3796 1466 3796 1466 3797 2088 3797 2087 3797 1466 3798 2087 3798 1468 3798 1468 3799 2087 3799 2086 3799 1468 3800 2086 3800 1469 3800 1469 3801 2086 3801 1471 3801 2202 3802 2203 3802 2204 3802 2204 3803 2203 3803 1471 3803 2204 3804 1471 3804 2090 3804 1408 3805 1430 3805 2205 3805 2205 3806 1430 3806 2206 3806 2205 3807 2206 3807 2202 3807 2202 3808 2206 3808 2203 3808 1832 3809 1473 3809 2207 3809 2207 3810 1473 3810 2208 3810 2207 3811 2208 3811 1406 3811 1406 3812 2208 3812 1427 3812 1427 3813 2208 3813 1430 3813 1430 3814 2208 3814 2206 3814 2206 3815 2208 3815 2203 3815 2203 3816 2208 3816 1473 3816 2203 3817 1473 3817 1471 3817 2205 3818 2202 3818 1832 3818 1832 3819 2202 3819 2204 3819 1832 3820 2204 3820 2090 3820 1832 3821 2207 3821 2205 3821 2205 3822 2207 3822 1406 3822 2205 3823 1406 3823 1408 3823 1439 3824 1418 3824 1441 3824 1441 3825 1418 3825 1420 3825 1441 3826 1420 3826 1443 3826 1443 3827 1420 3827 1422 3827 1443 3828 1422 3828 1445 3828 1445 3829 1422 3829 1424 3829 1445 3830 1424 3830 1447 3830 1447 3831 1424 3831 1411 3831 1447 3832 1411 3832 1449 3832 1449 3833 1411 3833 1409 3833 1449 3834 1409 3834 1431 3834 1431 3835 1409 3835 1407 3835 1431 3836 1407 3836 1432 3836 1432 3837 1407 3837 1405 3837 1432 3838 1405 3838 1433 3838 1433 3839 1405 3839 1404 3839 1433 3840 1404 3840 1434 3840 1434 3841 1404 3841 1412 3841 1434 3842 1412 3842 1435 3842 1435 3843 1412 3843 1414 3843 1435 3844 1414 3844 1437 3844 1437 3845 1414 3845 1416 3845 1437 3846 1416 3846 1439 3846 1439 3847 1416 3847 1418 3847 1444 3848 1423 3848 1421 3848 1444 3849 1421 3849 1442 3849 1442 3850 1421 3850 1419 3850 1442 3851 1419 3851 1440 3851 1440 3852 1419 3852 1417 3852 1440 3853 1417 3853 1438 3853 1438 3854 1417 3854 1415 3854 1438 3855 1415 3855 1436 3855 1436 3856 1415 3856 1413 3856 1436 3857 1413 3857 1428 3857 1425 3858 1423 3858 1446 3858 1446 3859 1423 3859 1444 3859 1472 3860 1831 3860 2091 3860 1458 3861 1459 3861 1868 3861 1868 3862 1459 3862 1467 3862 1868 3863 1467 3863 2091 3863 2091 3864 1467 3864 1470 3864 2091 3865 1470 3865 1472 3865 1425 3866 1446 3866 1448 3866 1425 3867 1448 3867 1426 3867 1426 3868 1448 3868 1429 3868 1426 3869 1429 3869 1410 3869 1460 3870 2093 3870 1461 3870 1461 3871 2093 3871 2092 3871 2209 3872 2210 3872 2211 3872 2211 3873 2210 3873 2212 3873 2211 3874 2212 3874 2213 3874 2213 3875 2212 3875 2214 3875 2213 3876 2214 3876 2215 3876 2215 3877 2214 3877 2216 3877 2209 3878 2211 3878 2217 3878 2217 3879 2211 3879 2218 3879 2217 3880 2218 3880 2219 3880 2219 3881 2218 3881 2220 3881 2219 3882 2220 3882 2221 3882 2221 3883 2220 3883 2222 3883 2221 3884 2222 3884 2223 3884 2223 3885 2222 3885 2224 3885 2223 3886 2224 3886 2225 3886 2225 3887 2224 3887 2226 3887 2225 3888 2226 3888 2227 3888 2227 3889 2226 3889 2228 3889 2227 3890 2228 3890 2229 3890 2229 3891 2228 3891 2230 3891 2229 3892 2230 3892 2216 3892 2216 3893 2230 3893 2231 3893 2216 3894 2231 3894 2215 3894 2211 3895 2232 3895 2218 3895 2218 3896 2232 3896 2233 3896 2234 3897 2235 3897 2215 3897 2215 3898 2235 3898 2213 3898 2236 3899 2237 3899 2232 3899 2237 3900 2238 3900 2232 3900 2232 3901 2238 3901 2239 3901 2232 3902 2239 3902 2233 3902 2233 3903 2239 3903 2240 3903 2233 3904 2240 3904 2241 3904 2241 3905 2240 3905 2242 3905 2241 3906 2242 3906 2243 3906 2243 3907 2242 3907 2244 3907 2243 3908 2244 3908 2245 3908 2245 3909 2244 3909 2246 3909 2245 3910 2246 3910 2247 3910 2247 3911 2246 3911 2248 3911 2247 3912 2248 3912 2249 3912 2249 3913 2248 3913 2250 3913 2249 3914 2250 3914 2251 3914 2251 3915 2250 3915 2252 3915 2251 3916 2252 3916 2253 3916 2253 3917 2252 3917 2254 3917 2253 3918 2254 3918 2234 3918 2234 3919 2254 3919 2236 3919 2234 3920 2236 3920 2235 3920 2235 3921 2236 3921 2232 3921 1460 3922 1478 3922 2093 3922 2093 3923 1478 3923 2095 3923 2095 3924 1478 3924 2094 3924 2094 3925 1478 3925 1477 3925 2094 3926 1477 3926 2081 3926 2081 3927 1477 3927 1483 3927 2081 3928 1483 3928 2082 3928 2082 3929 1483 3929 1482 3929 1479 3930 1481 3930 1836 3930 1836 3931 1481 3931 1837 3931 1493 3932 1492 3932 2079 3932 2073 3933 2074 3933 1488 3933 2079 3934 2078 3934 1493 3934 1493 3935 2078 3935 2076 3935 1493 3936 2076 3936 1494 3936 1494 3937 2076 3937 2075 3937 1494 3938 2075 3938 1484 3938 1484 3939 2075 3939 2072 3939 1484 3940 2072 3940 1485 3940 1485 3941 2072 3941 2071 3941 1485 3942 2071 3942 1486 3942 1486 3943 2071 3943 2073 3943 1486 3944 2073 3944 1487 3944 1487 3945 2073 3945 1488 3945 2255 3946 2256 3946 2257 3946 2257 3947 2256 3947 1488 3947 2257 3948 1488 3948 2074 3948 2213 3949 2235 3949 2258 3949 2258 3950 2235 3950 2259 3950 2258 3951 2259 3951 2255 3951 2255 3952 2259 3952 2256 3952 1837 3953 1481 3953 2260 3953 2260 3954 1481 3954 2261 3954 2260 3955 2261 3955 2211 3955 2211 3956 2261 3956 2232 3956 2232 3957 2261 3957 2235 3957 2235 3958 2261 3958 2259 3958 1488 3959 2256 3959 1474 3959 1474 3960 2256 3960 1475 3960 2259 3961 2261 3961 2256 3961 2256 3962 2261 3962 1481 3962 2256 3963 1481 3963 1475 3963 1838 3964 1837 3964 2260 3964 1839 3965 1838 3965 2258 3965 2258 3966 2255 3966 1839 3966 1839 3967 2255 3967 2257 3967 1839 3968 2257 3968 2074 3968 1838 3969 2260 3969 2258 3969 2258 3970 2260 3970 2211 3970 2258 3971 2211 3971 2213 3971 2244 3972 2223 3972 2246 3972 2246 3973 2223 3973 2225 3973 2246 3974 2225 3974 2248 3974 2248 3975 2225 3975 2227 3975 2248 3976 2227 3976 2250 3976 2250 3977 2227 3977 2229 3977 2250 3978 2229 3978 2252 3978 2252 3979 2229 3979 2216 3979 2252 3980 2216 3980 2254 3980 2254 3981 2216 3981 2214 3981 2254 3982 2214 3982 2236 3982 2236 3983 2214 3983 2212 3983 2236 3984 2212 3984 2237 3984 2237 3985 2212 3985 2210 3985 2237 3986 2210 3986 2238 3986 2238 3987 2210 3987 2209 3987 2238 3988 2209 3988 2239 3988 2239 3989 2209 3989 2217 3989 2239 3990 2217 3990 2240 3990 2240 3991 2217 3991 2219 3991 2240 3992 2219 3992 2242 3992 2242 3993 2219 3993 2221 3993 2242 3994 2221 3994 2244 3994 2244 3995 2221 3995 2223 3995 2249 3996 2228 3996 2226 3996 2249 3997 2226 3997 2247 3997 2247 3998 2226 3998 2224 3998 2247 3999 2224 3999 2245 3999 2245 4000 2224 4000 2222 4000 2245 4001 2222 4001 2243 4001 2243 4002 2222 4002 2220 4002 2243 4003 2220 4003 2241 4003 2241 4004 2220 4004 2218 4004 2241 4005 2218 4005 2233 4005 2230 4006 2228 4006 2251 4006 2251 4007 2228 4007 2249 4007 1479 4008 1836 4008 2083 4008 1479 4009 2083 4009 1480 4009 1480 4010 2083 4010 2082 4010 1480 4011 2082 4011 1482 4011 2230 4012 2251 4012 2253 4012 2230 4013 2253 4013 2231 4013 2231 4014 2253 4014 2234 4014 2231 4015 2234 4015 2215 4015 1497 4016 2070 4016 1491 4016 1491 4017 2070 4017 2080 4017 1491 4018 2080 4018 1492 4018 1492 4019 2080 4019 2079 4019 2262 4020 2263 4020 2264 4020 2264 4021 2263 4021 2265 4021 2264 4022 2265 4022 2266 4022 2266 4023 2265 4023 2267 4023 2266 4024 2267 4024 2268 4024 2268 4025 2267 4025 2269 4025 2262 4026 2264 4026 2270 4026 2270 4027 2264 4027 2271 4027 2270 4028 2271 4028 2272 4028 2272 4029 2271 4029 2273 4029 2272 4030 2273 4030 2274 4030 2274 4031 2273 4031 2275 4031 2274 4032 2275 4032 2276 4032 2276 4033 2275 4033 2277 4033 2276 4034 2277 4034 2278 4034 2278 4035 2277 4035 2279 4035 2278 4036 2279 4036 2280 4036 2280 4037 2279 4037 2281 4037 2280 4038 2281 4038 2282 4038 2282 4039 2281 4039 2283 4039 2282 4040 2283 4040 2269 4040 2269 4041 2283 4041 2284 4041 2269 4042 2284 4042 2268 4042 2264 4043 2285 4043 2271 4043 2271 4044 2285 4044 2286 4044 2287 4045 2288 4045 2268 4045 2268 4046 2288 4046 2266 4046 2289 4047 2290 4047 2285 4047 2290 4048 2291 4048 2285 4048 2285 4049 2291 4049 2292 4049 2285 4050 2292 4050 2286 4050 2286 4051 2292 4051 2293 4051 2286 4052 2293 4052 2294 4052 2294 4053 2293 4053 2295 4053 2294 4054 2295 4054 2296 4054 2296 4055 2295 4055 2297 4055 2296 4056 2297 4056 2298 4056 2298 4057 2297 4057 2299 4057 2298 4058 2299 4058 2300 4058 2300 4059 2299 4059 2301 4059 2300 4060 2301 4060 2302 4060 2302 4061 2301 4061 2303 4061 2302 4062 2303 4062 2304 4062 2304 4063 2303 4063 2305 4063 2304 4064 2305 4064 2306 4064 2306 4065 2305 4065 2307 4065 2306 4066 2307 4066 2287 4066 2287 4067 2307 4067 2289 4067 2287 4068 2289 4068 2288 4068 2288 4069 2289 4069 2285 4069 1497 4070 1496 4070 2070 4070 2070 4071 1496 4071 2069 4071 2069 4072 1496 4072 2067 4072 2067 4073 1496 4073 1495 4073 2067 4074 1495 4074 2066 4074 2066 4075 1495 4075 1507 4075 1505 4076 1508 4076 2055 4076 2055 4077 1508 4077 2056 4077 1498 4078 1500 4078 2064 4078 2068 4079 2057 4079 1509 4079 2064 4080 2063 4080 1498 4080 1498 4081 2063 4081 2062 4081 1498 4082 2062 4082 1502 4082 1502 4083 2062 4083 2061 4083 1502 4084 2061 4084 1503 4084 1503 4085 2061 4085 2059 4085 1503 4086 2059 4086 1504 4086 1504 4087 2059 4087 2058 4087 1504 4088 2058 4088 1511 4088 1511 4089 2058 4089 2068 4089 1511 4090 2068 4090 1510 4090 1510 4091 2068 4091 1509 4091 2308 4092 2309 4092 2310 4092 2310 4093 2309 4093 1509 4093 2310 4094 1509 4094 2057 4094 2266 4095 2288 4095 2311 4095 2311 4096 2288 4096 2312 4096 2311 4097 2312 4097 2308 4097 2308 4098 2312 4098 2309 4098 2056 4099 1508 4099 2313 4099 2313 4100 1508 4100 2314 4100 2313 4101 2314 4101 2264 4101 2264 4102 2314 4102 2285 4102 2285 4103 2314 4103 2288 4103 2288 4104 2314 4104 2312 4104 2312 4105 2314 4105 2309 4105 2309 4106 2314 4106 1508 4106 2309 4107 1508 4107 1509 4107 2311 4108 2308 4108 2056 4108 2056 4109 2308 4109 2310 4109 2056 4110 2310 4110 2057 4110 2056 4111 2313 4111 2311 4111 2311 4112 2313 4112 2264 4112 2311 4113 2264 4113 2266 4113 2297 4114 2276 4114 2299 4114 2299 4115 2276 4115 2278 4115 2299 4116 2278 4116 2301 4116 2301 4117 2278 4117 2280 4117 2301 4118 2280 4118 2303 4118 2303 4119 2280 4119 2282 4119 2303 4120 2282 4120 2305 4120 2305 4121 2282 4121 2269 4121 2305 4122 2269 4122 2307 4122 2307 4123 2269 4123 2267 4123 2307 4124 2267 4124 2289 4124 2289 4125 2267 4125 2265 4125 2289 4126 2265 4126 2290 4126 2290 4127 2265 4127 2263 4127 2290 4128 2263 4128 2291 4128 2291 4129 2263 4129 2262 4129 2291 4130 2262 4130 2292 4130 2292 4131 2262 4131 2270 4131 2292 4132 2270 4132 2293 4132 2293 4133 2270 4133 2272 4133 2293 4134 2272 4134 2295 4134 2295 4135 2272 4135 2274 4135 2295 4136 2274 4136 2297 4136 2297 4137 2274 4137 2276 4137 2302 4138 2281 4138 2279 4138 2302 4139 2279 4139 2300 4139 2300 4140 2279 4140 2277 4140 2300 4141 2277 4141 2298 4141 2298 4142 2277 4142 2275 4142 2298 4143 2275 4143 2296 4143 2296 4144 2275 4144 2273 4144 2296 4145 2273 4145 2294 4145 2294 4146 2273 4146 2271 4146 2294 4147 2271 4147 2286 4147 2283 4148 2281 4148 2304 4148 2304 4149 2281 4149 2302 4149 1505 4150 2055 4150 2065 4150 1505 4151 2065 4151 1506 4151 1506 4152 2065 4152 2066 4152 1506 4153 2066 4153 1507 4153 2283 4154 2304 4154 2306 4154 2283 4155 2306 4155 2284 4155 2284 4156 2306 4156 2287 4156 2284 4157 2287 4157 2268 4157 1522 4158 2039 4158 1501 4158 1501 4159 2039 4159 2038 4159 1501 4160 2038 4160 1500 4160 1500 4161 2038 4161 2064 4161 2315 4162 2316 4162 2317 4162 2317 4163 2316 4163 2318 4163 2317 4164 2318 4164 2319 4164 2319 4165 2318 4165 2320 4165 2319 4166 2320 4166 2321 4166 2321 4167 2320 4167 2322 4167 2321 4168 2322 4168 2323 4168 2323 4169 2322 4169 2324 4169 2323 4170 2324 4170 2325 4170 2325 4171 2324 4171 2326 4171 2325 4172 2326 4172 2327 4172 2327 4173 2326 4173 2328 4173 2327 4174 2328 4174 2329 4174 2329 4175 2328 4175 2330 4175 2329 4176 2330 4176 2331 4176 2315 4177 2332 4177 2316 4177 2316 4178 2332 4178 2333 4178 2316 4179 2333 4179 2334 4179 2334 4180 2333 4180 2335 4180 2334 4181 2335 4181 2336 4181 2336 4182 2335 4182 2331 4182 2336 4183 2331 4183 2337 4183 2337 4184 2331 4184 2330 4184 2316 4185 2338 4185 2318 4185 2318 4186 2338 4186 2339 4186 2340 4187 2341 4187 2336 4187 2336 4188 2341 4188 2334 4188 2342 4189 2343 4189 2338 4189 2343 4190 2344 4190 2338 4190 2338 4191 2344 4191 2345 4191 2338 4192 2345 4192 2339 4192 2339 4193 2345 4193 2346 4193 2339 4194 2346 4194 2347 4194 2347 4195 2346 4195 2348 4195 2347 4196 2348 4196 2349 4196 2349 4197 2348 4197 2350 4197 2349 4198 2350 4198 2351 4198 2351 4199 2350 4199 2352 4199 2351 4200 2352 4200 2353 4200 2353 4201 2352 4201 2354 4201 2353 4202 2354 4202 2355 4202 2355 4203 2354 4203 2356 4203 2355 4204 2356 4204 2357 4204 2357 4205 2356 4205 2358 4205 2357 4206 2358 4206 2359 4206 2359 4207 2358 4207 2360 4207 2359 4208 2360 4208 2340 4208 2340 4209 2360 4209 2342 4209 2340 4210 2342 4210 2341 4210 2341 4211 2342 4211 2338 4211 1522 4212 1524 4212 2039 4212 2039 4213 1524 4213 2051 4213 2049 4214 2051 4214 1528 4214 1528 4215 2051 4215 1524 4215 1540 4216 1541 4216 2024 4216 2024 4217 1541 4217 2022 4217 1529 4218 1535 4218 2034 4218 2025 4219 2023 4219 1539 4219 2034 4220 2033 4220 1529 4220 1529 4221 2033 4221 2032 4221 1529 4222 2032 4222 1530 4222 1530 4223 2032 4223 2031 4223 1530 4224 2031 4224 1531 4224 1531 4225 2031 4225 2029 4225 1531 4226 2029 4226 1532 4226 1532 4227 2029 4227 2028 4227 1532 4228 2028 4228 1536 4228 1536 4229 2028 4229 2025 4229 1536 4230 2025 4230 1537 4230 1537 4231 2025 4231 1539 4231 2361 4232 2362 4232 2363 4232 2363 4233 2362 4233 1539 4233 2363 4234 1539 4234 2023 4234 2334 4235 2341 4235 2364 4235 2364 4236 2341 4236 2365 4236 2364 4237 2365 4237 2361 4237 2361 4238 2365 4238 2362 4238 2022 4239 1541 4239 2366 4239 2366 4240 1541 4240 2367 4240 2366 4241 2367 4241 2316 4241 2316 4242 2367 4242 2338 4242 2338 4243 2367 4243 2341 4243 2341 4244 2367 4244 2365 4244 2365 4245 2367 4245 2362 4245 2362 4246 2367 4246 1541 4246 2362 4247 1541 4247 1539 4247 2364 4248 2361 4248 2022 4248 2022 4249 2361 4249 2363 4249 2022 4250 2363 4250 2023 4250 2022 4251 2366 4251 2364 4251 2364 4252 2366 4252 2316 4252 2364 4253 2316 4253 2334 4253 2350 4254 2323 4254 2352 4254 2352 4255 2323 4255 2325 4255 2352 4256 2325 4256 2354 4256 2354 4257 2325 4257 2327 4257 2354 4258 2327 4258 2356 4258 2356 4259 2327 4259 2329 4259 2356 4260 2329 4260 2358 4260 2358 4261 2329 4261 2331 4261 2358 4262 2331 4262 2360 4262 2360 4263 2331 4263 2335 4263 2360 4264 2335 4264 2342 4264 2342 4265 2335 4265 2333 4265 2342 4266 2333 4266 2343 4266 2343 4267 2333 4267 2332 4267 2343 4268 2332 4268 2344 4268 2344 4269 2332 4269 2315 4269 2344 4270 2315 4270 2345 4270 2345 4271 2315 4271 2317 4271 2345 4272 2317 4272 2346 4272 2346 4273 2317 4273 2319 4273 2346 4274 2319 4274 2348 4274 2348 4275 2319 4275 2321 4275 2348 4276 2321 4276 2350 4276 2350 4277 2321 4277 2323 4277 2355 4278 2328 4278 2326 4278 2355 4279 2326 4279 2353 4279 2353 4280 2326 4280 2324 4280 2353 4281 2324 4281 2351 4281 2351 4282 2324 4282 2322 4282 2351 4283 2322 4283 2349 4283 2349 4284 2322 4284 2320 4284 2349 4285 2320 4285 2347 4285 2347 4286 2320 4286 2318 4286 2347 4287 2318 4287 2339 4287 2330 4288 2328 4288 2357 4288 2357 4289 2328 4289 2355 4289 1540 4290 2024 4290 2026 4290 2049 4291 1528 4291 2027 4291 2027 4292 1528 4292 1527 4292 2027 4293 1527 4293 2026 4293 2026 4294 1527 4294 1538 4294 2026 4295 1538 4295 1540 4295 2330 4296 2357 4296 2359 4296 2330 4297 2359 4297 2337 4297 2337 4298 2359 4298 2340 4298 2337 4299 2340 4299 2336 4299 1534 4300 2035 4300 1535 4300 1535 4301 2035 4301 2034 4301 2368 4302 2369 4302 2370 4302 2370 4303 2369 4303 2371 4303 2370 4304 2371 4304 2372 4304 2372 4305 2371 4305 2373 4305 2372 4306 2373 4306 2374 4306 2374 4307 2373 4307 2375 4307 2368 4308 2370 4308 2376 4308 2376 4309 2370 4309 2377 4309 2376 4310 2377 4310 2378 4310 2378 4311 2377 4311 2379 4311 2378 4312 2379 4312 2380 4312 2380 4313 2379 4313 2381 4313 2380 4314 2381 4314 2382 4314 2382 4315 2381 4315 2383 4315 2382 4316 2383 4316 2384 4316 2384 4317 2383 4317 2385 4317 2384 4318 2385 4318 2386 4318 2386 4319 2385 4319 2387 4319 2386 4320 2387 4320 2388 4320 2388 4321 2387 4321 2389 4321 2388 4322 2389 4322 2375 4322 2375 4323 2389 4323 2390 4323 2375 4324 2390 4324 2374 4324 2370 4325 2391 4325 2377 4325 2377 4326 2391 4326 2392 4326 2393 4327 2394 4327 2374 4327 2374 4328 2394 4328 2372 4328 2395 4329 2396 4329 2391 4329 2396 4330 2397 4330 2391 4330 2391 4331 2397 4331 2398 4331 2391 4332 2398 4332 2392 4332 2392 4333 2398 4333 2399 4333 2392 4334 2399 4334 2400 4334 2400 4335 2399 4335 2401 4335 2400 4336 2401 4336 2402 4336 2402 4337 2401 4337 2403 4337 2402 4338 2403 4338 2404 4338 2404 4339 2403 4339 2405 4339 2404 4340 2405 4340 2406 4340 2406 4341 2405 4341 2407 4341 2406 4342 2407 4342 2408 4342 2408 4343 2407 4343 2409 4343 2408 4344 2409 4344 2410 4344 2410 4345 2409 4345 2411 4345 2410 4346 2411 4346 2412 4346 2412 4347 2411 4347 2413 4347 2412 4348 2413 4348 2393 4348 2393 4349 2413 4349 2395 4349 2393 4350 2395 4350 2394 4350 2394 4351 2395 4351 2391 4351 1534 4352 1545 4352 2035 4352 2035 4353 1545 4353 2037 4353 2037 4354 1545 4354 2036 4354 2036 4355 1545 4355 1544 4355 2036 4356 1544 4356 2019 4356 2019 4357 1544 4357 1550 4357 2019 4358 1550 4358 2020 4358 2020 4359 1550 4359 1549 4359 1546 4360 1548 4360 1841 4360 1841 4361 1548 4361 1842 4361 1551 4362 1558 4362 2017 4362 2014 4363 2015 4363 1561 4363 2017 4364 2016 4364 1551 4364 1551 4365 2016 4365 2012 4365 1551 4366 2012 4366 1552 4366 1552 4367 2012 4367 2011 4367 1552 4368 2011 4368 1553 4368 1553 4369 2011 4369 2010 4369 1553 4370 2010 4370 1554 4370 1554 4371 2010 4371 2009 4371 1554 4372 2009 4372 1559 4372 1559 4373 2009 4373 2014 4373 1559 4374 2014 4374 1560 4374 1560 4375 2014 4375 1561 4375 2414 4376 2415 4376 2416 4376 2416 4377 2415 4377 1561 4377 2416 4378 1561 4378 2015 4378 2372 4379 2394 4379 2417 4379 2417 4380 2394 4380 2418 4380 2417 4381 2418 4381 2414 4381 2414 4382 2418 4382 2415 4382 1842 4383 1548 4383 2419 4383 2419 4384 1548 4384 2420 4384 2419 4385 2420 4385 2370 4385 2370 4386 2420 4386 2391 4386 2391 4387 2420 4387 2394 4387 2394 4388 2420 4388 2418 4388 1542 4389 1561 4389 2415 4389 1542 4390 2415 4390 1543 4390 2418 4391 2420 4391 2415 4391 2415 4392 2420 4392 1548 4392 2415 4393 1548 4393 1543 4393 1843 4394 1842 4394 2419 4394 1844 4395 1843 4395 2417 4395 2417 4396 2414 4396 1844 4396 1844 4397 2414 4397 2416 4397 1844 4398 2416 4398 2015 4398 1843 4399 2419 4399 2417 4399 2417 4400 2419 4400 2370 4400 2417 4401 2370 4401 2372 4401 2403 4402 2382 4402 2405 4402 2405 4403 2382 4403 2384 4403 2405 4404 2384 4404 2407 4404 2407 4405 2384 4405 2386 4405 2407 4406 2386 4406 2409 4406 2409 4407 2386 4407 2388 4407 2409 4408 2388 4408 2411 4408 2411 4409 2388 4409 2375 4409 2411 4410 2375 4410 2413 4410 2413 4411 2375 4411 2373 4411 2413 4412 2373 4412 2395 4412 2395 4413 2373 4413 2371 4413 2395 4414 2371 4414 2396 4414 2396 4415 2371 4415 2369 4415 2396 4416 2369 4416 2397 4416 2397 4417 2369 4417 2368 4417 2397 4418 2368 4418 2398 4418 2398 4419 2368 4419 2376 4419 2398 4420 2376 4420 2399 4420 2399 4421 2376 4421 2378 4421 2399 4422 2378 4422 2401 4422 2401 4423 2378 4423 2380 4423 2401 4424 2380 4424 2403 4424 2403 4425 2380 4425 2382 4425 2408 4426 2387 4426 2385 4426 2408 4427 2385 4427 2406 4427 2406 4428 2385 4428 2383 4428 2406 4429 2383 4429 2404 4429 2404 4430 2383 4430 2381 4430 2404 4431 2381 4431 2402 4431 2402 4432 2381 4432 2379 4432 2402 4433 2379 4433 2400 4433 2400 4434 2379 4434 2377 4434 2400 4435 2377 4435 2392 4435 2389 4436 2387 4436 2410 4436 2410 4437 2387 4437 2408 4437 1546 4438 1841 4438 2021 4438 1546 4439 2021 4439 1547 4439 1547 4440 2021 4440 2020 4440 1547 4441 2020 4441 1549 4441 2389 4442 2410 4442 2412 4442 2389 4443 2412 4443 2390 4443 2390 4444 2412 4444 2393 4444 2390 4445 2393 4445 2374 4445 1564 4446 2008 4446 1556 4446 1556 4447 2008 4447 2018 4447 1556 4448 2018 4448 1558 4448 1558 4449 2018 4449 2017 4449 2421 4450 2422 4450 2423 4450 2423 4451 2422 4451 2424 4451 2424 4452 2422 4452 2425 4452 2424 4453 2425 4453 2426 4453 2426 4454 2425 4454 2427 4454 2426 4455 2427 4455 2428 4455 2428 4456 2427 4456 2429 4456 2429 4457 2427 4457 2430 4457 2429 4458 2430 4458 2431 4458 2431 4459 2430 4459 2432 4459 2431 4460 2432 4460 2433 4460 2433 4461 2432 4461 2434 4461 2433 4462 2434 4462 2435 4462 2435 4463 2434 4463 2436 4463 2435 4464 2436 4464 2437 4464 2437 4465 2436 4465 2438 4465 2437 4466 2438 4466 2439 4466 2439 4467 2438 4467 2440 4467 2439 4468 2440 4468 2441 4468 2441 4469 2440 4469 2442 4469 2441 4470 2442 4470 2423 4470 2423 4471 2442 4471 2443 4471 2423 4472 2443 4472 2421 4472 2423 4473 2444 4473 2441 4473 2441 4474 2444 4474 2445 4474 2446 4475 2447 4475 2426 4475 2426 4476 2447 4476 2424 4476 2448 4477 2449 4477 2444 4477 2444 4478 2447 4478 2448 4478 2448 4479 2447 4479 2446 4479 2448 4480 2446 4480 2450 4480 2450 4481 2446 4481 2451 4481 2450 4482 2451 4482 2452 4482 2452 4483 2451 4483 2453 4483 2452 4484 2453 4484 2454 4484 2454 4485 2453 4485 2455 4485 2454 4486 2455 4486 2456 4486 2456 4487 2455 4487 2457 4487 2456 4488 2457 4488 2458 4488 2458 4489 2457 4489 2459 4489 2458 4490 2459 4490 2460 4490 2460 4491 2459 4491 2461 4491 2460 4492 2461 4492 2462 4492 2462 4493 2461 4493 2463 4493 2462 4494 2463 4494 2464 4494 2464 4495 2463 4495 2445 4495 2464 4496 2445 4496 2465 4496 2465 4497 2445 4497 2444 4497 2465 4498 2444 4498 2466 4498 2466 4499 2444 4499 2449 4499 1564 4500 1563 4500 2008 4500 2008 4501 1563 4501 2007 4501 2007 4502 1563 4502 2000 4502 2000 4503 1563 4503 1562 4503 2000 4504 1562 4504 1999 4504 1999 4505 1562 4505 1572 4505 1570 4506 1575 4506 1993 4506 1993 4507 1575 4507 1994 4507 1568 4508 1567 4508 1996 4508 2001 4509 1995 4509 1576 4509 1996 4510 1997 4510 1568 4510 1568 4511 1997 4511 2006 4511 1568 4512 2006 4512 1569 4512 1569 4513 2006 4513 2005 4513 1569 4514 2005 4514 1573 4514 1573 4515 2005 4515 2003 4515 1573 4516 2003 4516 1574 4516 1574 4517 2003 4517 2002 4517 1574 4518 2002 4518 1578 4518 1578 4519 2002 4519 2001 4519 1578 4520 2001 4520 1577 4520 1577 4521 2001 4521 1576 4521 2467 4522 2468 4522 2469 4522 2469 4523 2468 4523 1576 4523 2469 4524 1576 4524 1995 4524 2424 4525 2447 4525 2470 4525 2470 4526 2447 4526 2471 4526 2470 4527 2471 4527 2467 4527 2467 4528 2471 4528 2468 4528 1994 4529 1575 4529 2472 4529 2472 4530 1575 4530 2473 4530 2472 4531 2473 4531 2423 4531 2423 4532 2473 4532 2444 4532 2444 4533 2473 4533 2447 4533 2447 4534 2473 4534 2471 4534 2471 4535 2473 4535 2468 4535 2468 4536 2473 4536 1575 4536 2468 4537 1575 4537 1576 4537 2470 4538 2467 4538 1994 4538 1994 4539 2467 4539 2469 4539 1994 4540 2469 4540 1995 4540 1994 4541 2472 4541 2470 4541 2470 4542 2472 4542 2423 4542 2470 4543 2423 4543 2424 4543 2460 4544 2436 4544 2458 4544 2458 4545 2436 4545 2434 4545 2458 4546 2434 4546 2456 4546 2456 4547 2434 4547 2432 4547 2456 4548 2432 4548 2454 4548 2454 4549 2432 4549 2430 4549 2454 4550 2430 4550 2452 4550 2452 4551 2430 4551 2427 4551 2452 4552 2427 4552 2450 4552 2450 4553 2427 4553 2425 4553 2450 4554 2425 4554 2448 4554 2448 4555 2425 4555 2422 4555 2448 4556 2422 4556 2449 4556 2449 4557 2422 4557 2421 4557 2449 4558 2421 4558 2466 4558 2466 4559 2421 4559 2443 4559 2466 4560 2443 4560 2465 4560 2465 4561 2443 4561 2442 4561 2465 4562 2442 4562 2464 4562 2464 4563 2442 4563 2440 4563 2464 4564 2440 4564 2462 4564 2462 4565 2440 4565 2438 4565 2462 4566 2438 4566 2460 4566 2460 4567 2438 4567 2436 4567 2455 4568 2431 4568 2433 4568 2455 4569 2433 4569 2457 4569 2457 4570 2433 4570 2435 4570 2457 4571 2435 4571 2459 4571 2459 4572 2435 4572 2437 4572 2459 4573 2437 4573 2461 4573 2461 4574 2437 4574 2439 4574 2461 4575 2439 4575 2463 4575 2463 4576 2439 4576 2441 4576 2463 4577 2441 4577 2445 4577 2429 4578 2431 4578 2453 4578 2453 4579 2431 4579 2455 4579 1570 4580 1993 4580 1998 4580 1570 4581 1998 4581 1571 4581 1571 4582 1998 4582 1999 4582 1571 4583 1999 4583 1572 4583 2429 4584 2453 4584 2451 4584 2429 4585 2451 4585 2428 4585 2428 4586 2451 4586 2446 4586 2428 4587 2446 4587 2426 4587 1592 4588 1982 4588 1566 4588 1566 4589 1982 4589 1981 4589 1566 4590 1981 4590 1567 4590 1567 4591 1981 4591 1996 4591 2474 4592 2475 4592 2476 4592 2476 4593 2475 4593 2477 4593 2476 4594 2477 4594 2478 4594 2478 4595 2477 4595 2479 4595 2478 4596 2479 4596 2480 4596 2480 4597 2479 4597 2481 4597 2481 4598 2479 4598 2482 4598 2482 4599 2479 4599 2483 4599 2482 4600 2483 4600 2484 4600 2484 4601 2483 4601 2485 4601 2484 4602 2485 4602 2486 4602 2486 4603 2485 4603 2487 4603 2486 4604 2487 4604 2488 4604 2488 4605 2487 4605 2489 4605 2488 4606 2489 4606 2490 4606 2490 4607 2489 4607 2491 4607 2490 4608 2491 4608 2492 4608 2492 4609 2491 4609 2493 4609 2492 4610 2493 4610 2494 4610 2494 4611 2493 4611 2495 4611 2494 4612 2495 4612 2474 4612 2474 4613 2495 4613 2496 4613 2474 4614 2496 4614 2475 4614 2479 4615 2497 4615 2483 4615 2483 4616 2497 4616 2498 4616 2499 4617 2500 4617 2475 4617 2475 4618 2500 4618 2477 4618 2501 4619 2502 4619 2497 4619 2502 4620 2503 4620 2497 4620 2497 4621 2503 4621 2504 4621 2497 4622 2504 4622 2498 4622 2498 4623 2504 4623 2505 4623 2498 4624 2505 4624 2506 4624 2506 4625 2505 4625 2507 4625 2506 4626 2507 4626 2508 4626 2508 4627 2507 4627 2509 4627 2508 4628 2509 4628 2510 4628 2510 4629 2509 4629 2511 4629 2510 4630 2511 4630 2512 4630 2512 4631 2511 4631 2513 4631 2512 4632 2513 4632 2514 4632 2514 4633 2513 4633 2515 4633 2514 4634 2515 4634 2516 4634 2516 4635 2515 4635 2517 4635 2516 4636 2517 4636 2518 4636 2518 4637 2517 4637 2519 4637 2518 4638 2519 4638 2499 4638 2499 4639 2519 4639 2501 4639 2499 4640 2501 4640 2500 4640 2500 4641 2501 4641 2497 4641 1592 4642 1594 4642 1982 4642 1982 4643 1594 4643 1989 4643 1990 4644 1989 4644 1595 4644 1595 4645 1989 4645 1594 4645 1604 4646 1605 4646 1969 4646 1969 4647 1605 4647 1967 4647 1598 4648 1608 4648 1972 4648 1960 4649 1968 4649 1603 4649 1972 4650 1971 4650 1598 4650 1598 4651 1971 4651 1966 4651 1598 4652 1966 4652 1596 4652 1596 4653 1966 4653 1964 4653 1596 4654 1964 4654 1597 4654 1597 4655 1964 4655 1963 4655 1597 4656 1963 4656 1599 4656 1599 4657 1963 4657 1961 4657 1599 4658 1961 4658 1600 4658 1600 4659 1961 4659 1960 4659 1600 4660 1960 4660 1601 4660 1601 4661 1960 4661 1603 4661 2520 4662 2521 4662 2522 4662 2522 4663 2521 4663 1603 4663 2522 4664 1603 4664 1968 4664 2477 4665 2500 4665 2523 4665 2523 4666 2500 4666 2524 4666 2523 4667 2524 4667 2520 4667 2520 4668 2524 4668 2521 4668 1967 4669 1605 4669 2525 4669 2525 4670 1605 4670 2526 4670 2525 4671 2526 4671 2479 4671 2479 4672 2526 4672 2497 4672 2497 4673 2526 4673 2500 4673 2500 4674 2526 4674 2524 4674 2524 4675 2526 4675 2521 4675 2521 4676 2526 4676 1605 4676 2521 4677 1605 4677 1603 4677 2523 4678 2520 4678 1967 4678 1967 4679 2520 4679 2522 4679 1967 4680 2522 4680 1968 4680 1967 4681 2525 4681 2523 4681 2523 4682 2525 4682 2479 4682 2523 4683 2479 4683 2477 4683 2509 4684 2488 4684 2511 4684 2511 4685 2488 4685 2490 4685 2511 4686 2490 4686 2513 4686 2513 4687 2490 4687 2492 4687 2513 4688 2492 4688 2515 4688 2515 4689 2492 4689 2494 4689 2515 4690 2494 4690 2517 4690 2517 4691 2494 4691 2474 4691 2517 4692 2474 4692 2519 4692 2519 4693 2474 4693 2476 4693 2519 4694 2476 4694 2501 4694 2501 4695 2476 4695 2478 4695 2501 4696 2478 4696 2502 4696 2502 4697 2478 4697 2480 4697 2502 4698 2480 4698 2503 4698 2503 4699 2480 4699 2481 4699 2503 4700 2481 4700 2504 4700 2504 4701 2481 4701 2482 4701 2504 4702 2482 4702 2505 4702 2505 4703 2482 4703 2484 4703 2505 4704 2484 4704 2507 4704 2507 4705 2484 4705 2486 4705 2507 4706 2486 4706 2509 4706 2509 4707 2486 4707 2488 4707 2514 4708 2493 4708 2491 4708 2514 4709 2491 4709 2512 4709 2512 4710 2491 4710 2489 4710 2512 4711 2489 4711 2510 4711 2510 4712 2489 4712 2487 4712 2510 4713 2487 4713 2508 4713 2508 4714 2487 4714 2485 4714 2508 4715 2485 4715 2506 4715 2506 4716 2485 4716 2483 4716 2506 4717 2483 4717 2498 4717 2495 4718 2493 4718 2516 4718 2516 4719 2493 4719 2514 4719 1604 4720 1969 4720 1970 4720 1990 4721 1595 4721 1962 4721 1962 4722 1595 4722 1583 4722 1962 4723 1583 4723 1970 4723 1970 4724 1583 4724 1602 4724 1970 4725 1602 4725 1604 4725 2495 4726 2516 4726 2518 4726 2495 4727 2518 4727 2496 4727 2496 4728 2518 4728 2499 4728 2496 4729 2499 4729 2475 4729 1607 4730 1973 4730 1608 4730 1608 4731 1973 4731 1972 4731 2527 4732 2528 4732 2529 4732 2529 4733 2528 4733 2530 4733 2529 4734 2530 4734 2531 4734 2531 4735 2530 4735 2532 4735 2531 4736 2532 4736 2533 4736 2533 4737 2532 4737 2534 4737 2527 4738 2529 4738 2535 4738 2535 4739 2529 4739 2536 4739 2535 4740 2536 4740 2537 4740 2537 4741 2536 4741 2538 4741 2537 4742 2538 4742 2539 4742 2539 4743 2538 4743 2540 4743 2539 4744 2540 4744 2541 4744 2541 4745 2540 4745 2542 4745 2541 4746 2542 4746 2543 4746 2543 4747 2542 4747 2544 4747 2543 4748 2544 4748 2545 4748 2545 4749 2544 4749 2546 4749 2545 4750 2546 4750 2547 4750 2547 4751 2546 4751 2548 4751 2547 4752 2548 4752 2534 4752 2534 4753 2548 4753 2549 4753 2534 4754 2549 4754 2533 4754 2529 4755 2550 4755 2536 4755 2536 4756 2550 4756 2551 4756 2552 4757 2553 4757 2533 4757 2533 4758 2553 4758 2531 4758 2554 4759 2555 4759 2550 4759 2555 4760 2556 4760 2550 4760 2550 4761 2556 4761 2557 4761 2550 4762 2557 4762 2551 4762 2551 4763 2557 4763 2558 4763 2551 4764 2558 4764 2559 4764 2559 4765 2558 4765 2560 4765 2559 4766 2560 4766 2561 4766 2561 4767 2560 4767 2562 4767 2561 4768 2562 4768 2563 4768 2563 4769 2562 4769 2564 4769 2563 4770 2564 4770 2565 4770 2565 4771 2564 4771 2566 4771 2565 4772 2566 4772 2567 4772 2567 4773 2566 4773 2568 4773 2567 4774 2568 4774 2569 4774 2569 4775 2568 4775 2570 4775 2569 4776 2570 4776 2571 4776 2571 4777 2570 4777 2572 4777 2571 4778 2572 4778 2552 4778 2552 4779 2572 4779 2554 4779 2552 4780 2554 4780 2553 4780 2553 4781 2554 4781 2550 4781 1607 4782 1612 4782 1973 4782 1973 4783 1612 4783 1975 4783 1975 4784 1612 4784 1974 4784 1974 4785 1612 4785 1611 4785 1974 4786 1611 4786 1957 4786 1957 4787 1611 4787 1617 4787 1957 4788 1617 4788 1958 4788 1958 4789 1617 4789 1616 4789 1613 4790 1615 4790 1846 4790 1846 4791 1615 4791 1847 4791 1618 4792 1622 4792 1955 4792 1952 4793 1953 4793 1629 4793 1955 4794 1954 4794 1618 4794 1618 4795 1954 4795 1950 4795 1618 4796 1950 4796 1619 4796 1619 4797 1950 4797 1949 4797 1619 4798 1949 4798 1620 4798 1620 4799 1949 4799 1948 4799 1620 4800 1948 4800 1621 4800 1621 4801 1948 4801 1947 4801 1621 4802 1947 4802 1627 4802 1627 4803 1947 4803 1952 4803 1627 4804 1952 4804 1628 4804 1628 4805 1952 4805 1629 4805 1629 4806 1953 4806 2573 4806 2573 4807 1953 4807 2574 4807 2573 4808 2574 4808 2575 4808 2531 4809 2553 4809 2576 4809 2576 4810 2553 4810 2577 4810 2576 4811 2577 4811 2575 4811 2575 4812 2577 4812 2573 4812 1847 4813 1615 4813 2578 4813 2578 4814 1615 4814 2579 4814 2578 4815 2579 4815 2529 4815 2529 4816 2579 4816 2550 4816 2550 4817 2579 4817 2553 4817 2553 4818 2579 4818 2577 4818 1629 4819 2573 4819 1609 4819 1609 4820 2573 4820 1610 4820 2577 4821 2579 4821 2573 4821 2573 4822 2579 4822 1615 4822 2573 4823 1615 4823 1610 4823 1848 4824 1847 4824 2578 4824 1849 4825 1848 4825 2576 4825 2576 4826 2575 4826 1849 4826 1849 4827 2575 4827 2574 4827 1849 4828 2574 4828 1953 4828 1848 4829 2578 4829 2576 4829 2576 4830 2578 4830 2529 4830 2576 4831 2529 4831 2531 4831 2562 4832 2541 4832 2564 4832 2564 4833 2541 4833 2543 4833 2564 4834 2543 4834 2566 4834 2566 4835 2543 4835 2545 4835 2566 4836 2545 4836 2568 4836 2568 4837 2545 4837 2547 4837 2568 4838 2547 4838 2570 4838 2570 4839 2547 4839 2534 4839 2570 4840 2534 4840 2572 4840 2572 4841 2534 4841 2532 4841 2572 4842 2532 4842 2554 4842 2554 4843 2532 4843 2530 4843 2554 4844 2530 4844 2555 4844 2555 4845 2530 4845 2528 4845 2555 4846 2528 4846 2556 4846 2556 4847 2528 4847 2527 4847 2556 4848 2527 4848 2557 4848 2557 4849 2527 4849 2535 4849 2557 4850 2535 4850 2558 4850 2558 4851 2535 4851 2537 4851 2558 4852 2537 4852 2560 4852 2560 4853 2537 4853 2539 4853 2560 4854 2539 4854 2562 4854 2562 4855 2539 4855 2541 4855 2567 4856 2546 4856 2544 4856 2567 4857 2544 4857 2565 4857 2565 4858 2544 4858 2542 4858 2565 4859 2542 4859 2563 4859 2563 4860 2542 4860 2540 4860 2563 4861 2540 4861 2561 4861 2561 4862 2540 4862 2538 4862 2561 4863 2538 4863 2559 4863 2559 4864 2538 4864 2536 4864 2559 4865 2536 4865 2551 4865 2548 4866 2546 4866 2569 4866 2569 4867 2546 4867 2567 4867 1613 4868 1846 4868 1959 4868 1613 4869 1959 4869 1614 4869 1614 4870 1959 4870 1958 4870 1614 4871 1958 4871 1616 4871 2548 4872 2569 4872 2571 4872 2548 4873 2571 4873 2549 4873 2549 4874 2571 4874 2552 4874 2549 4875 2552 4875 2533 4875 1626 4876 1946 4876 1624 4876 1624 4877 1946 4877 1956 4877 1624 4878 1956 4878 1622 4878 1622 4879 1956 4879 1955 4879 2580 4880 2581 4880 2582 4880 2582 4881 2581 4881 2583 4881 2582 4882 2583 4882 2584 4882 2584 4883 2583 4883 2585 4883 2584 4884 2585 4884 2586 4884 2586 4885 2585 4885 2587 4885 2580 4886 2582 4886 2588 4886 2588 4887 2582 4887 2589 4887 2588 4888 2589 4888 2590 4888 2590 4889 2589 4889 2591 4889 2590 4890 2591 4890 2592 4890 2592 4891 2591 4891 2593 4891 2592 4892 2593 4892 2594 4892 2594 4893 2593 4893 2595 4893 2594 4894 2595 4894 2596 4894 2596 4895 2595 4895 2597 4895 2596 4896 2597 4896 2598 4896 2598 4897 2597 4897 2599 4897 2598 4898 2599 4898 2600 4898 2600 4899 2599 4899 2601 4899 2600 4900 2601 4900 2587 4900 2587 4901 2601 4901 2602 4901 2587 4902 2602 4902 2586 4902 2582 4903 2603 4903 2589 4903 2589 4904 2603 4904 2604 4904 2605 4905 2606 4905 2586 4905 2586 4906 2606 4906 2584 4906 2607 4907 2608 4907 2603 4907 2608 4908 2609 4908 2603 4908 2603 4909 2609 4909 2610 4909 2603 4910 2610 4910 2604 4910 2604 4911 2610 4911 2611 4911 2604 4912 2611 4912 2612 4912 2612 4913 2611 4913 2613 4913 2612 4914 2613 4914 2614 4914 2614 4915 2613 4915 2615 4915 2614 4916 2615 4916 2616 4916 2616 4917 2615 4917 2617 4917 2616 4918 2617 4918 2618 4918 2618 4919 2617 4919 2619 4919 2618 4920 2619 4920 2620 4920 2620 4921 2619 4921 2621 4921 2620 4922 2621 4922 2622 4922 2622 4923 2621 4923 2623 4923 2622 4924 2623 4924 2624 4924 2624 4925 2623 4925 2625 4925 2624 4926 2625 4926 2605 4926 2605 4927 2625 4927 2607 4927 2605 4928 2607 4928 2606 4928 2606 4929 2607 4929 2603 4929 1626 4930 1632 4930 1946 4930 1946 4931 1632 4931 1945 4931 1945 4932 1632 4932 1943 4932 1943 4933 1632 4933 1631 4933 1943 4934 1631 4934 1942 4934 1942 4935 1631 4935 1641 4935 1639 4936 1642 4936 1934 4936 1934 4937 1642 4937 1935 4937 1636 4938 1635 4938 1940 4938 1944 4939 1936 4939 1643 4939 1940 4940 1939 4940 1636 4940 1636 4941 1939 4941 1938 4941 1636 4942 1938 4942 1637 4942 1637 4943 1938 4943 1937 4943 1637 4944 1937 4944 1638 4944 1638 4945 1937 4945 1932 4945 1638 4946 1932 4946 1630 4946 1630 4947 1932 4947 1931 4947 1630 4948 1931 4948 1645 4948 1645 4949 1931 4949 1944 4949 1645 4950 1944 4950 1644 4950 1644 4951 1944 4951 1643 4951 1643 4952 1936 4952 2626 4952 2626 4953 1936 4953 2627 4953 2626 4954 2627 4954 2628 4954 2584 4955 2606 4955 2629 4955 2629 4956 2606 4956 2630 4956 2629 4957 2630 4957 2628 4957 2628 4958 2630 4958 2626 4958 1935 4959 1642 4959 2631 4959 2631 4960 1642 4960 2632 4960 2631 4961 2632 4961 2582 4961 2582 4962 2632 4962 2603 4962 2603 4963 2632 4963 2606 4963 2606 4964 2632 4964 2630 4964 2630 4965 2632 4965 2626 4965 2626 4966 2632 4966 1642 4966 2626 4967 1642 4967 1643 4967 2629 4968 2628 4968 1935 4968 1935 4969 2628 4969 2627 4969 1935 4970 2627 4970 1936 4970 1935 4971 2631 4971 2629 4971 2629 4972 2631 4972 2582 4972 2629 4973 2582 4973 2584 4973 2615 4974 2594 4974 2617 4974 2617 4975 2594 4975 2596 4975 2617 4976 2596 4976 2619 4976 2619 4977 2596 4977 2598 4977 2619 4978 2598 4978 2621 4978 2621 4979 2598 4979 2600 4979 2621 4980 2600 4980 2623 4980 2623 4981 2600 4981 2587 4981 2623 4982 2587 4982 2625 4982 2625 4983 2587 4983 2585 4983 2625 4984 2585 4984 2607 4984 2607 4985 2585 4985 2583 4985 2607 4986 2583 4986 2608 4986 2608 4987 2583 4987 2581 4987 2608 4988 2581 4988 2609 4988 2609 4989 2581 4989 2580 4989 2609 4990 2580 4990 2610 4990 2610 4991 2580 4991 2588 4991 2610 4992 2588 4992 2611 4992 2611 4993 2588 4993 2590 4993 2611 4994 2590 4994 2613 4994 2613 4995 2590 4995 2592 4995 2613 4996 2592 4996 2615 4996 2615 4997 2592 4997 2594 4997 2620 4998 2599 4998 2597 4998 2620 4999 2597 4999 2618 4999 2618 5000 2597 5000 2595 5000 2618 5001 2595 5001 2616 5001 2616 5002 2595 5002 2593 5002 2616 5003 2593 5003 2614 5003 2614 5004 2593 5004 2591 5004 2614 5005 2591 5005 2612 5005 2612 5006 2591 5006 2589 5006 2612 5007 2589 5007 2604 5007 2601 5008 2599 5008 2622 5008 2622 5009 2599 5009 2620 5009 1639 5010 1934 5010 1941 5010 1639 5011 1941 5011 1640 5011 1640 5012 1941 5012 1942 5012 1640 5013 1942 5013 1641 5013 2601 5014 2622 5014 2624 5014 2601 5015 2624 5015 2602 5015 2602 5016 2624 5016 2605 5016 2602 5017 2605 5017 2586 5017 1652 5018 1915 5018 1634 5018 1634 5019 1915 5019 1914 5019 1634 5020 1914 5020 1635 5020 1635 5021 1914 5021 1940 5021 2633 5022 2634 5022 2635 5022 2635 5023 2634 5023 2636 5023 2635 5024 2636 5024 2637 5024 2637 5025 2636 5025 2638 5025 2637 5026 2638 5026 2639 5026 2639 5027 2638 5027 2640 5027 2640 5028 2638 5028 2641 5028 2641 5029 2638 5029 2642 5029 2641 5030 2642 5030 2643 5030 2643 5031 2642 5031 2644 5031 2643 5032 2644 5032 2645 5032 2645 5033 2644 5033 2646 5033 2645 5034 2646 5034 2647 5034 2647 5035 2646 5035 2648 5035 2647 5036 2648 5036 2649 5036 2649 5037 2648 5037 2650 5037 2649 5038 2650 5038 2651 5038 2651 5039 2650 5039 2652 5039 2651 5040 2652 5040 2653 5040 2653 5041 2652 5041 2654 5041 2653 5042 2654 5042 2633 5042 2633 5043 2654 5043 2655 5043 2633 5044 2655 5044 2634 5044 2638 5045 2656 5045 2642 5045 2642 5046 2656 5046 2657 5046 2658 5047 2659 5047 2634 5047 2634 5048 2659 5048 2636 5048 2660 5049 2661 5049 2656 5049 2656 5050 2659 5050 2660 5050 2660 5051 2659 5051 2658 5051 2660 5052 2658 5052 2662 5052 2662 5053 2658 5053 2663 5053 2662 5054 2663 5054 2664 5054 2664 5055 2663 5055 2665 5055 2664 5056 2665 5056 2666 5056 2666 5057 2665 5057 2667 5057 2666 5058 2667 5058 2668 5058 2668 5059 2667 5059 2669 5059 2668 5060 2669 5060 2670 5060 2670 5061 2669 5061 2671 5061 2670 5062 2671 5062 2672 5062 2672 5063 2671 5063 2673 5063 2672 5064 2673 5064 2674 5064 2674 5065 2673 5065 2675 5065 2674 5066 2675 5066 2676 5066 2676 5067 2675 5067 2657 5067 2676 5068 2657 5068 2677 5068 2677 5069 2657 5069 2656 5069 2677 5070 2656 5070 2678 5070 2678 5071 2656 5071 2661 5071 1652 5072 1650 5072 1915 5072 1915 5073 1650 5073 1930 5073 1929 5074 1930 5074 1658 5074 1658 5075 1930 5075 1650 5075 1673 5076 1674 5076 1906 5076 1906 5077 1674 5077 1904 5077 1667 5078 1666 5078 1909 5078 1897 5079 1905 5079 1672 5079 1909 5080 1908 5080 1667 5080 1667 5081 1908 5081 1901 5081 1667 5082 1901 5082 1663 5082 1663 5083 1901 5083 1900 5083 1663 5084 1900 5084 1664 5084 1664 5085 1900 5085 1903 5085 1664 5086 1903 5086 1668 5086 1668 5087 1903 5087 1898 5087 1668 5088 1898 5088 1669 5088 1669 5089 1898 5089 1897 5089 1669 5090 1897 5090 1670 5090 1670 5091 1897 5091 1672 5091 1672 5092 1905 5092 2679 5092 2679 5093 1905 5093 2680 5093 2679 5094 2680 5094 2681 5094 2636 5095 2659 5095 2682 5095 2682 5096 2659 5096 2683 5096 2682 5097 2683 5097 2681 5097 2681 5098 2683 5098 2679 5098 1904 5099 1674 5099 2684 5099 2684 5100 1674 5100 2685 5100 2684 5101 2685 5101 2638 5101 2638 5102 2685 5102 2656 5102 2656 5103 2685 5103 2659 5103 2659 5104 2685 5104 2683 5104 2683 5105 2685 5105 2679 5105 2679 5106 2685 5106 1674 5106 2679 5107 1674 5107 1672 5107 2682 5108 2681 5108 1904 5108 1904 5109 2681 5109 2680 5109 1904 5110 2680 5110 1905 5110 1904 5111 2684 5111 2682 5111 2682 5112 2684 5112 2638 5112 2682 5113 2638 5113 2636 5113 2672 5114 2647 5114 2670 5114 2670 5115 2647 5115 2649 5115 2670 5116 2649 5116 2668 5116 2668 5117 2649 5117 2651 5117 2668 5118 2651 5118 2666 5118 2666 5119 2651 5119 2653 5119 2666 5120 2653 5120 2664 5120 2664 5121 2653 5121 2633 5121 2664 5122 2633 5122 2662 5122 2662 5123 2633 5123 2635 5123 2662 5124 2635 5124 2660 5124 2660 5125 2635 5125 2637 5125 2660 5126 2637 5126 2661 5126 2661 5127 2637 5127 2639 5127 2661 5128 2639 5128 2678 5128 2678 5129 2639 5129 2640 5129 2678 5130 2640 5130 2677 5130 2677 5131 2640 5131 2641 5131 2677 5132 2641 5132 2676 5132 2676 5133 2641 5133 2643 5133 2676 5134 2643 5134 2674 5134 2674 5135 2643 5135 2645 5135 2674 5136 2645 5136 2672 5136 2672 5137 2645 5137 2647 5137 2667 5138 2652 5138 2650 5138 2667 5139 2650 5139 2669 5139 2669 5140 2650 5140 2648 5140 2669 5141 2648 5141 2671 5141 2671 5142 2648 5142 2646 5142 2671 5143 2646 5143 2673 5143 2673 5144 2646 5144 2644 5144 2673 5145 2644 5145 2675 5145 2675 5146 2644 5146 2642 5146 2675 5147 2642 5147 2657 5147 2654 5148 2652 5148 2665 5148 2665 5149 2652 5149 2667 5149 1673 5150 1906 5150 1907 5150 1929 5151 1658 5151 1899 5151 1899 5152 1658 5152 1657 5152 1899 5153 1657 5153 1907 5153 1907 5154 1657 5154 1671 5154 1907 5155 1671 5155 1673 5155 2654 5156 2665 5156 2663 5156 2654 5157 2663 5157 2655 5157 2655 5158 2663 5158 2658 5158 2655 5159 2658 5159 2634 5159 1665 5160 1910 5160 1666 5160 1666 5161 1910 5161 1909 5161 2686 5162 2687 5162 2688 5162 2688 5163 2687 5163 2689 5163 2688 5164 2689 5164 2690 5164 2690 5165 2689 5165 2691 5165 2690 5166 2691 5166 2692 5166 2692 5167 2691 5167 2693 5167 2686 5168 2688 5168 2694 5168 2694 5169 2688 5169 2695 5169 2694 5170 2695 5170 2696 5170 2696 5171 2695 5171 2697 5171 2696 5172 2697 5172 2698 5172 2698 5173 2697 5173 2699 5173 2698 5174 2699 5174 2700 5174 2700 5175 2699 5175 2701 5175 2700 5176 2701 5176 2702 5176 2702 5177 2701 5177 2703 5177 2702 5178 2703 5178 2704 5178 2704 5179 2703 5179 2705 5179 2704 5180 2705 5180 2706 5180 2706 5181 2705 5181 2707 5181 2706 5182 2707 5182 2693 5182 2693 5183 2707 5183 2708 5183 2693 5184 2708 5184 2692 5184 2688 5185 2709 5185 2695 5185 2695 5186 2709 5186 2710 5186 2711 5187 2712 5187 2692 5187 2692 5188 2712 5188 2690 5188 2713 5189 2714 5189 2709 5189 2714 5190 2715 5190 2709 5190 2709 5191 2715 5191 2716 5191 2709 5192 2716 5192 2710 5192 2710 5193 2716 5193 2717 5193 2710 5194 2717 5194 2718 5194 2718 5195 2717 5195 2719 5195 2718 5196 2719 5196 2720 5196 2720 5197 2719 5197 2721 5197 2720 5198 2721 5198 2722 5198 2722 5199 2721 5199 2723 5199 2722 5200 2723 5200 2724 5200 2724 5201 2723 5201 2725 5201 2724 5202 2725 5202 2726 5202 2726 5203 2725 5203 2727 5203 2726 5204 2727 5204 2728 5204 2728 5205 2727 5205 2729 5205 2728 5206 2729 5206 2730 5206 2730 5207 2729 5207 2731 5207 2730 5208 2731 5208 2711 5208 2711 5209 2731 5209 2713 5209 2711 5210 2713 5210 2712 5210 2712 5211 2713 5211 2709 5211 1665 5212 1679 5212 1910 5212 1910 5213 1679 5213 1911 5213 1911 5214 1679 5214 1912 5214 1912 5215 1679 5215 1678 5215 1912 5216 1678 5216 1913 5216 1913 5217 1678 5217 1684 5217 1913 5218 1684 5218 1895 5218 1895 5219 1684 5219 1683 5219 1680 5220 1682 5220 1894 5220 1894 5221 1682 5221 1893 5221 1691 5222 1690 5222 1854 5222 1891 5223 1892 5223 1695 5223 1854 5224 1890 5224 1691 5224 1691 5225 1890 5225 1888 5225 1691 5226 1888 5226 1692 5226 1692 5227 1888 5227 1887 5227 1692 5228 1887 5228 1685 5228 1685 5229 1887 5229 1886 5229 1685 5230 1886 5230 1686 5230 1686 5231 1886 5231 1885 5231 1686 5232 1885 5232 1693 5232 1693 5233 1885 5233 1891 5233 1693 5234 1891 5234 1694 5234 1694 5235 1891 5235 1695 5235 1695 5236 1892 5236 2732 5236 2732 5237 1892 5237 2733 5237 2732 5238 2733 5238 2734 5238 2690 5239 2712 5239 2735 5239 2735 5240 2712 5240 2736 5240 2735 5241 2736 5241 2734 5241 2734 5242 2736 5242 2732 5242 1893 5243 1682 5243 2737 5243 2737 5244 1682 5244 2738 5244 2737 5245 2738 5245 2688 5245 2688 5246 2738 5246 2709 5246 2709 5247 2738 5247 2712 5247 2712 5248 2738 5248 2736 5248 1695 5249 2732 5249 1676 5249 1676 5250 2732 5250 1677 5250 2736 5251 2738 5251 2732 5251 2732 5252 2738 5252 1682 5252 2732 5253 1682 5253 1677 5253 1851 5254 1893 5254 2737 5254 1852 5255 1851 5255 2735 5255 2735 5256 2734 5256 1852 5256 1852 5257 2734 5257 2733 5257 1852 5258 2733 5258 1892 5258 1851 5259 2737 5259 2735 5259 2735 5260 2737 5260 2688 5260 2735 5261 2688 5261 2690 5261 2721 5262 2700 5262 2723 5262 2723 5263 2700 5263 2702 5263 2723 5264 2702 5264 2725 5264 2725 5265 2702 5265 2704 5265 2725 5266 2704 5266 2727 5266 2727 5267 2704 5267 2706 5267 2727 5268 2706 5268 2729 5268 2729 5269 2706 5269 2693 5269 2729 5270 2693 5270 2731 5270 2731 5271 2693 5271 2691 5271 2731 5272 2691 5272 2713 5272 2713 5273 2691 5273 2689 5273 2713 5274 2689 5274 2714 5274 2714 5275 2689 5275 2687 5275 2714 5276 2687 5276 2715 5276 2715 5277 2687 5277 2686 5277 2715 5278 2686 5278 2716 5278 2716 5279 2686 5279 2694 5279 2716 5280 2694 5280 2717 5280 2717 5281 2694 5281 2696 5281 2717 5282 2696 5282 2719 5282 2719 5283 2696 5283 2698 5283 2719 5284 2698 5284 2721 5284 2721 5285 2698 5285 2700 5285 2726 5286 2705 5286 2703 5286 2726 5287 2703 5287 2724 5287 2724 5288 2703 5288 2701 5288 2724 5289 2701 5289 2722 5289 2722 5290 2701 5290 2699 5290 2722 5291 2699 5291 2720 5291 2720 5292 2699 5292 2697 5292 2720 5293 2697 5293 2718 5293 2718 5294 2697 5294 2695 5294 2718 5295 2695 5295 2710 5295 2707 5296 2705 5296 2728 5296 2728 5297 2705 5297 2726 5297 1680 5298 1894 5298 1896 5298 1680 5299 1896 5299 1681 5299 1681 5300 1896 5300 1895 5300 1681 5301 1895 5301 1683 5301 2707 5302 2728 5302 2730 5302 2707 5303 2730 5303 2708 5303 2708 5304 2730 5304 2711 5304 2708 5305 2711 5305 2692 5305 1698 5306 1883 5306 1689 5306 1689 5307 1883 5307 1855 5307 1689 5308 1855 5308 1690 5308 1690 5309 1855 5309 1854 5309 2739 5310 2740 5310 2741 5310 2741 5311 2740 5311 2742 5311 2741 5312 2742 5312 2743 5312 2743 5313 2742 5313 2744 5313 2743 5314 2744 5314 2745 5314 2745 5315 2744 5315 2746 5315 2739 5316 2741 5316 2747 5316 2747 5317 2741 5317 2748 5317 2747 5318 2748 5318 2749 5318 2749 5319 2748 5319 2750 5319 2749 5320 2750 5320 2751 5320 2751 5321 2750 5321 2752 5321 2751 5322 2752 5322 2753 5322 2753 5323 2752 5323 2754 5323 2753 5324 2754 5324 2755 5324 2755 5325 2754 5325 2756 5325 2755 5326 2756 5326 2757 5326 2757 5327 2756 5327 2758 5327 2757 5328 2758 5328 2759 5328 2759 5329 2758 5329 2760 5329 2759 5330 2760 5330 2746 5330 2746 5331 2760 5331 2761 5331 2746 5332 2761 5332 2745 5332 2741 5333 2762 5333 2748 5333 2748 5334 2762 5334 2763 5334 2764 5335 2765 5335 2745 5335 2745 5336 2765 5336 2743 5336 2766 5337 2767 5337 2762 5337 2767 5338 2768 5338 2762 5338 2762 5339 2768 5339 2769 5339 2762 5340 2769 5340 2763 5340 2763 5341 2769 5341 2770 5341 2763 5342 2770 5342 2771 5342 2771 5343 2770 5343 2772 5343 2771 5344 2772 5344 2773 5344 2773 5345 2772 5345 2774 5345 2773 5346 2774 5346 2775 5346 2775 5347 2774 5347 2776 5347 2775 5348 2776 5348 2777 5348 2777 5349 2776 5349 2778 5349 2777 5350 2778 5350 2779 5350 2779 5351 2778 5351 2780 5351 2779 5352 2780 5352 2781 5352 2781 5353 2780 5353 2782 5353 2781 5354 2782 5354 2783 5354 2783 5355 2782 5355 2784 5355 2783 5356 2784 5356 2764 5356 2764 5357 2784 5357 2766 5357 2764 5358 2766 5358 2765 5358 2765 5359 2766 5359 2762 5359 1698 5360 1697 5360 1883 5360 1883 5361 1697 5361 1884 5361 1884 5362 1697 5362 1874 5362 1874 5363 1697 5363 1696 5363 1874 5364 1696 5364 1877 5364 1877 5365 1696 5365 1701 5365 1699 5366 1707 5366 1871 5366 1871 5367 1707 5367 1872 5367 1706 5368 1454 5368 1455 5368 1878 5369 1873 5369 1708 5369 1455 5370 1882 5370 1706 5370 1706 5371 1882 5371 1881 5371 1706 5372 1881 5372 1703 5372 1703 5373 1881 5373 1880 5373 1703 5374 1880 5374 1704 5374 1704 5375 1880 5375 1879 5375 1704 5376 1879 5376 1705 5376 1705 5377 1879 5377 1875 5377 1705 5378 1875 5378 1710 5378 1710 5379 1875 5379 1878 5379 1710 5380 1878 5380 1709 5380 1709 5381 1878 5381 1708 5381 2785 5382 2786 5382 2787 5382 2787 5383 2786 5383 1708 5383 2787 5384 1708 5384 1873 5384 2743 5385 2765 5385 2788 5385 2788 5386 2765 5386 2789 5386 2788 5387 2789 5387 2785 5387 2785 5388 2789 5388 2786 5388 1872 5389 1707 5389 2790 5389 2790 5390 1707 5390 2791 5390 2790 5391 2791 5391 2741 5391 2741 5392 2791 5392 2762 5392 2762 5393 2791 5393 2765 5393 2765 5394 2791 5394 2789 5394 2789 5395 2791 5395 2786 5395 2786 5396 2791 5396 1707 5396 2786 5397 1707 5397 1708 5397 2788 5398 2785 5398 1872 5398 1872 5399 2785 5399 2787 5399 1872 5400 2787 5400 1873 5400 1872 5401 2790 5401 2788 5401 2788 5402 2790 5402 2741 5402 2788 5403 2741 5403 2743 5403 2774 5404 2753 5404 2776 5404 2776 5405 2753 5405 2755 5405 2776 5406 2755 5406 2778 5406 2778 5407 2755 5407 2757 5407 2778 5408 2757 5408 2780 5408 2780 5409 2757 5409 2759 5409 2780 5410 2759 5410 2782 5410 2782 5411 2759 5411 2746 5411 2782 5412 2746 5412 2784 5412 2784 5413 2746 5413 2744 5413 2784 5414 2744 5414 2766 5414 2766 5415 2744 5415 2742 5415 2766 5416 2742 5416 2767 5416 2767 5417 2742 5417 2740 5417 2767 5418 2740 5418 2768 5418 2768 5419 2740 5419 2739 5419 2768 5420 2739 5420 2769 5420 2769 5421 2739 5421 2747 5421 2769 5422 2747 5422 2770 5422 2770 5423 2747 5423 2749 5423 2770 5424 2749 5424 2772 5424 2772 5425 2749 5425 2751 5425 2772 5426 2751 5426 2774 5426 2774 5427 2751 5427 2753 5427 2779 5428 2758 5428 2756 5428 2779 5429 2756 5429 2777 5429 2777 5430 2756 5430 2754 5430 2777 5431 2754 5431 2775 5431 2775 5432 2754 5432 2752 5432 2775 5433 2752 5433 2773 5433 2773 5434 2752 5434 2750 5434 2773 5435 2750 5435 2771 5435 2771 5436 2750 5436 2748 5436 2771 5437 2748 5437 2763 5437 2760 5438 2758 5438 2781 5438 2781 5439 2758 5439 2779 5439 1699 5440 1871 5440 1876 5440 1699 5441 1876 5441 1700 5441 1700 5442 1876 5442 1877 5442 1700 5443 1877 5443 1701 5443 2760 5444 2781 5444 2783 5444 2760 5445 2783 5445 2761 5445 2761 5446 2783 5446 2764 5446 2761 5447 2764 5447 2745 5447 1748 5448 1834 5448 1736 5448 1736 5449 1834 5449 1833 5449 1736 5450 1833 5450 1737 5450 1737 5451 1833 5451 2195 5451 1737 5452 2195 5452 1741 5452 1741 5453 2195 5453 2792 5453 1741 5454 2792 5454 2793 5454 2793 5455 2792 5455 2201 5455 2793 5456 2201 5456 1739 5456 1739 5457 2201 5457 2200 5457 1739 5458 2200 5458 1742 5458 1742 5459 2200 5459 2199 5459 1742 5460 2199 5460 1743 5460 1743 5461 2199 5461 2193 5461 1743 5462 2193 5462 1744 5462 1744 5463 2193 5463 2192 5463 1744 5464 2192 5464 1745 5464 1745 5465 2192 5465 2794 5465 1745 5466 2794 5466 2795 5466 2795 5467 2794 5467 2197 5467 2795 5468 2197 5468 1747 5468 1747 5469 2197 5469 2196 5469 1747 5470 2196 5470 1748 5470 1748 5471 2196 5471 1834 5471 1718 5472 1867 5472 1717 5472 1717 5473 1867 5473 1866 5473 1717 5474 1866 5474 1720 5474 1720 5475 1866 5475 1858 5475 1720 5476 1858 5476 1721 5476 1721 5477 1858 5477 1857 5477 1721 5478 1857 5478 1722 5478 1722 5479 1857 5479 1865 5479 1722 5480 1865 5480 1711 5480 1711 5481 1865 5481 1864 5481 1711 5482 1864 5482 1712 5482 1712 5483 1864 5483 1863 5483 1712 5484 1863 5484 1713 5484 1713 5485 1863 5485 1862 5485 1713 5486 1862 5486 1714 5486 1714 5487 1862 5487 1861 5487 1714 5488 1861 5488 1715 5488 1715 5489 1861 5489 1860 5489 1715 5490 1860 5490 1716 5490 1716 5491 1860 5491 1870 5491 1716 5492 1870 5492 1719 5492 1719 5493 1870 5493 1869 5493 1719 5494 1869 5494 1718 5494 1718 5495 1869 5495 1867 5495 1734 5496 2188 5496 1735 5496 1735 5497 2188 5497 2187 5497 1735 5498 2187 5498 1723 5498 1723 5499 2187 5499 2186 5499 1723 5500 2186 5500 1724 5500 1724 5501 2186 5501 2185 5501 1724 5502 2185 5502 1729 5502 1729 5503 2185 5503 2190 5503 1729 5504 2190 5504 1731 5504 1731 5505 2190 5505 2184 5505 1731 5506 2184 5506 1732 5506 1732 5507 2184 5507 2183 5507 1732 5508 2183 5508 1725 5508 1725 5509 2183 5509 2182 5509 1725 5510 2182 5510 1726 5510 1726 5511 2182 5511 2181 5511 1726 5512 2181 5512 1727 5512 1727 5513 2181 5513 2180 5513 1727 5514 2180 5514 1728 5514 1728 5515 2180 5515 2179 5515 1728 5516 2179 5516 1733 5516 1733 5517 2179 5517 2189 5517 1733 5518 2189 5518 1734 5518 1734 5519 2189 5519 2188 5519 1760 5520 2161 5520 1761 5520 1761 5521 2161 5521 2165 5521 1761 5522 2165 5522 1755 5522 1755 5523 2165 5523 2155 5523 1755 5524 2155 5524 1754 5524 1754 5525 2155 5525 2796 5525 1754 5526 2796 5526 2797 5526 2797 5527 2796 5527 2156 5527 2797 5528 2156 5528 1751 5528 1751 5529 2156 5529 2157 5529 1751 5530 2157 5530 1756 5530 1756 5531 2157 5531 2158 5531 1756 5532 2158 5532 1757 5532 1757 5533 2158 5533 2159 5533 1757 5534 2159 5534 1758 5534 1758 5535 2159 5535 2160 5535 1758 5536 2160 5536 1749 5536 1749 5537 2160 5537 2798 5537 1749 5538 2798 5538 2799 5538 2799 5539 2798 5539 2163 5539 2799 5540 2163 5540 1759 5540 1759 5541 2163 5541 2162 5541 1759 5542 2162 5542 1760 5542 1760 5543 2162 5543 2161 5543 1516 5544 2053 5544 1517 5544 1517 5545 2053 5545 2052 5545 1517 5546 2052 5546 1518 5546 1518 5547 2052 5547 2042 5547 1518 5548 2042 5548 1515 5548 1515 5549 2042 5549 2041 5549 1515 5550 2041 5550 1513 5550 1513 5551 2041 5551 2047 5551 1513 5552 2047 5552 1512 5552 1512 5553 2047 5553 2046 5553 1512 5554 2046 5554 1519 5554 1519 5555 2046 5555 2044 5555 1519 5556 2044 5556 1520 5556 1520 5557 2044 5557 2043 5557 1520 5558 2043 5558 1521 5558 1521 5559 2043 5559 2040 5559 1521 5560 2040 5560 1523 5560 1523 5561 2040 5561 2048 5561 1523 5562 2048 5562 1525 5562 1525 5563 2048 5563 2050 5563 1525 5564 2050 5564 1526 5564 1526 5565 2050 5565 2054 5565 1526 5566 2054 5566 1516 5566 1516 5567 2054 5567 2053 5567 1776 5568 2133 5568 1777 5568 1777 5569 2133 5569 2132 5569 1777 5570 2132 5570 1778 5570 1778 5571 2132 5571 2122 5571 1778 5572 2122 5572 1779 5572 1779 5573 2122 5573 2123 5573 1779 5574 2123 5574 1781 5574 1781 5575 2123 5575 2125 5575 1781 5576 2125 5576 1782 5576 1782 5577 2125 5577 2126 5577 1782 5578 2126 5578 1783 5578 1783 5579 2126 5579 2131 5579 1783 5580 2131 5580 1784 5580 1784 5581 2131 5581 2130 5581 1784 5582 2130 5582 1785 5582 1785 5583 2130 5583 2129 5583 1785 5584 2129 5584 1786 5584 1786 5585 2129 5585 2128 5585 1786 5586 2128 5586 1787 5586 1787 5587 2128 5587 2127 5587 1787 5588 2127 5588 1775 5588 1775 5589 2127 5589 2134 5589 1775 5590 2134 5590 1776 5590 1776 5591 2134 5591 2133 5591 1815 5592 2102 5592 1804 5592 1804 5593 2102 5593 2101 5593 1804 5594 2101 5594 1805 5594 1805 5595 2101 5595 2103 5595 1805 5596 2103 5596 1810 5596 1810 5597 2103 5597 2800 5597 1810 5598 2800 5598 2801 5598 2801 5599 2800 5599 2098 5599 2801 5600 2098 5600 1812 5600 1812 5601 2098 5601 2097 5601 1812 5602 2097 5602 1809 5602 1809 5603 2097 5603 2096 5603 1809 5604 2096 5604 1808 5604 1808 5605 2096 5605 2099 5605 1808 5606 2099 5606 1806 5606 1806 5607 2099 5607 2100 5607 1806 5608 2100 5608 1807 5608 1807 5609 2100 5609 2802 5609 1807 5610 2802 5610 2803 5610 2803 5611 2802 5611 2107 5611 2803 5612 2107 5612 1814 5612 1814 5613 2107 5613 2106 5613 1814 5614 2106 5614 1815 5614 1815 5615 2106 5615 2102 5615 1584 5616 1988 5616 1585 5616 1585 5617 1988 5617 1980 5617 1585 5618 1980 5618 1587 5618 1587 5619 1980 5619 1979 5619 1587 5620 1979 5620 1588 5620 1588 5621 1979 5621 1987 5621 1588 5622 1987 5622 1579 5622 1579 5623 1987 5623 1986 5623 1579 5624 1986 5624 1580 5624 1580 5625 1986 5625 1985 5625 1580 5626 1985 5626 1589 5626 1589 5627 1985 5627 1977 5627 1589 5628 1977 5628 1590 5628 1590 5629 1977 5629 1976 5629 1590 5630 1976 5630 1591 5630 1591 5631 1976 5631 1983 5631 1591 5632 1983 5632 1593 5632 1593 5633 1983 5633 1984 5633 1593 5634 1984 5634 1581 5634 1581 5635 1984 5635 1991 5635 1581 5636 1991 5636 1582 5636 1582 5637 1991 5637 1992 5637 1582 5638 1992 5638 1584 5638 1584 5639 1992 5639 1988 5639 1820 5640 2116 5640 1823 5640 1823 5641 2116 5641 2115 5641 1823 5642 2115 5642 1824 5642 1824 5643 2115 5643 2110 5643 1824 5644 2110 5644 1825 5644 1825 5645 2110 5645 2109 5645 1825 5646 2109 5646 1821 5646 1821 5647 2109 5647 2112 5647 1821 5648 2112 5648 1822 5648 1822 5649 2112 5649 2113 5649 1822 5650 2113 5650 1826 5650 1826 5651 2113 5651 2114 5651 1826 5652 2114 5652 1827 5652 1827 5653 2114 5653 2121 5653 1827 5654 2121 5654 1828 5654 1828 5655 2121 5655 2120 5655 1828 5656 2120 5656 1829 5656 1829 5657 2120 5657 2119 5657 1829 5658 2119 5658 1830 5658 1830 5659 2119 5659 2118 5659 1830 5660 2118 5660 1819 5660 1819 5661 2118 5661 2117 5661 1819 5662 2117 5662 1820 5662 1820 5663 2117 5663 2116 5663 1799 5664 2145 5664 1793 5664 1793 5665 2145 5665 2146 5665 1793 5666 2146 5666 1794 5666 1794 5667 2146 5667 2139 5667 1794 5668 2139 5668 1801 5668 1801 5669 2139 5669 2804 5669 1801 5670 2804 5670 2805 5670 2805 5671 2804 5671 2142 5671 2805 5672 2142 5672 1803 5672 1803 5673 2142 5673 2143 5673 1803 5674 2143 5674 1796 5674 1796 5675 2143 5675 2149 5675 1796 5676 2149 5676 1795 5676 1795 5677 2149 5677 2148 5677 1795 5678 2148 5678 1791 5678 1791 5679 2148 5679 2147 5679 1791 5680 2147 5680 1792 5680 1792 5681 2147 5681 2806 5681 1792 5682 2806 5682 2807 5682 2807 5683 2806 5683 2140 5683 2807 5684 2140 5684 1798 5684 1798 5685 2140 5685 2144 5685 1798 5686 2144 5686 1799 5686 1799 5687 2144 5687 2145 5687 1659 5688 1926 5688 1646 5688 1646 5689 1926 5689 1924 5689 1646 5690 1924 5690 1647 5690 1647 5691 1924 5691 1923 5691 1647 5692 1923 5692 1660 5692 1660 5693 1923 5693 1922 5693 1660 5694 1922 5694 1661 5694 1661 5695 1922 5695 1921 5695 1661 5696 1921 5696 1662 5696 1662 5697 1921 5697 1920 5697 1662 5698 1920 5698 1655 5698 1655 5699 1920 5699 1918 5699 1655 5700 1918 5700 1654 5700 1654 5701 1918 5701 1917 5701 1654 5702 1917 5702 1653 5702 1653 5703 1917 5703 1916 5703 1653 5704 1916 5704 1651 5704 1651 5705 1916 5705 1925 5705 1651 5706 1925 5706 1649 5706 1649 5707 1925 5707 1928 5707 1649 5708 1928 5708 1656 5708 1656 5709 1928 5709 1927 5709 1656 5710 1927 5710 1659 5710 1659 5711 1927 5711 1926 5711 1770 5712 2167 5712 1771 5712 1771 5713 2167 5713 2166 5713 1771 5714 2166 5714 1772 5714 1772 5715 2166 5715 2178 5715 1772 5716 2178 5716 1773 5716 1773 5717 2178 5717 2177 5717 1773 5718 2177 5718 1774 5718 1774 5719 2177 5719 2176 5719 1774 5720 2176 5720 1764 5720 1764 5721 2176 5721 2169 5721 1764 5722 2169 5722 1765 5722 1765 5723 2169 5723 2168 5723 1765 5724 2168 5724 1767 5724 1767 5725 2168 5725 2175 5725 1767 5726 2175 5726 1768 5726 1768 5727 2175 5727 2174 5727 1768 5728 2174 5728 1762 5728 1762 5729 2174 5729 2173 5729 1762 5730 2173 5730 1763 5730 1763 5731 2173 5731 2171 5731 1763 5732 2171 5732 1769 5732 1769 5733 2171 5733 2170 5733 1769 5734 2170 5734 1770 5734 1770 5735 2170 5735 2167 5735 2808 5736 2809 5736 2810 5736 2808 5737 2810 5737 2811 5737 2811 5738 2810 5738 2812 5738 2811 5739 2812 5739 2813 5739 2813 5740 2812 5740 2814 5740 2813 5741 2814 5741 2815 5741 2815 5742 2814 5742 2816 5742 2815 5743 2816 5743 2817 5743 2817 5744 2816 5744 2818 5744 2817 5745 2818 5745 2819 5745 2819 5746 2818 5746 2820 5746 2819 5747 2820 5747 2821 5747 2821 5748 2820 5748 2822 5748 2821 5749 2822 5749 2823 5749 2824 5750 2825 5750 2826 5750 2808 5751 2827 5751 2809 5751 2809 5752 2827 5752 2826 5752 2809 5753 2826 5753 2828 5753 2828 5754 2826 5754 2825 5754 2828 5755 2825 5755 2829 5755 2830 5756 2826 5756 2831 5756 2831 5757 2826 5757 2832 5757 2831 5758 2832 5758 2833 5758 2833 5759 2832 5759 2834 5759 2835 5760 2824 5760 2836 5760 2836 5761 2824 5761 2826 5761 2836 5762 2826 5762 2837 5762 2837 5763 2826 5763 2830 5763 2837 5764 2830 5764 2838 5764 2838 5765 2830 5765 2839 5765 2832 5766 2826 5766 2840 5766 2840 5767 2826 5767 2827 5767 2840 5768 2827 5768 2841 5768 2841 5769 2827 5769 2808 5769 2841 5770 2808 5770 2842 5770 2842 5771 2808 5771 2811 5771 2842 5772 2811 5772 2843 5772 2843 5773 2811 5773 2813 5773 2843 5774 2813 5774 2844 5774 2844 5775 2813 5775 2815 5775 2844 5776 2815 5776 2845 5776 2845 5777 2815 5777 2817 5777 2845 5778 2817 5778 2846 5778 2846 5779 2817 5779 2819 5779 2846 5780 2819 5780 2847 5780 2847 5781 2819 5781 2821 5781 2847 5782 2821 5782 2848 5782 2848 5783 2821 5783 2823 5783 2848 5784 2823 5784 2849 5784 2849 5785 2823 5785 2822 5785 2849 5786 2822 5786 2850 5786 2850 5787 2822 5787 2820 5787 2850 5788 2820 5788 2851 5788 2851 5789 2820 5789 2818 5789 2851 5790 2818 5790 2852 5790 2852 5791 2818 5791 2816 5791 2852 5792 2816 5792 2853 5792 2853 5793 2816 5793 2814 5793 2853 5794 2814 5794 2854 5794 2854 5795 2814 5795 2812 5795 2854 5796 2812 5796 2855 5796 2855 5797 2812 5797 2810 5797 2855 5798 2810 5798 2856 5798 2856 5799 2810 5799 2809 5799 2856 5800 2809 5800 2857 5800 2857 5801 2809 5801 2828 5801 2857 5802 2828 5802 2858 5802 2858 5803 2828 5803 2829 5803 2858 5804 2829 5804 2859 5804 2859 5805 2829 5805 2825 5805 2859 5806 2825 5806 2860 5806 2860 5807 2825 5807 2824 5807 2860 5808 2824 5808 2861 5808 2861 5809 2824 5809 2835 5809 2861 5810 2835 5810 2862 5810 2862 5811 2835 5811 2836 5811 2862 5812 2836 5812 2863 5812 2863 5813 2836 5813 2837 5813 2863 5814 2837 5814 2864 5814 2864 5815 2837 5815 2838 5815 2864 5816 2838 5816 2865 5816 2865 5817 2838 5817 2839 5817 2865 5818 2839 5818 2866 5818 2866 5819 2839 5819 2830 5819 2866 5820 2830 5820 2867 5820 2867 5821 2830 5821 2831 5821 2867 5822 2831 5822 2868 5822 2868 5823 2831 5823 2833 5823 2868 5824 2833 5824 2869 5824 2869 5825 2833 5825 2834 5825 2869 5826 2834 5826 2870 5826 2870 5827 2834 5827 2832 5827 2870 5828 2832 5828 2840 5828 2871 5829 2849 5829 2872 5829 2872 5830 2849 5830 2850 5830 2872 5831 2850 5831 2873 5831 2873 5832 2850 5832 2851 5832 2873 5833 2851 5833 2874 5833 2874 5834 2851 5834 2852 5834 2874 5835 2852 5835 2875 5835 2875 5836 2852 5836 2853 5836 2875 5837 2853 5837 2876 5837 2876 5838 2853 5838 2854 5838 2876 5839 2854 5839 2877 5839 2877 5840 2854 5840 2855 5840 2877 5841 2855 5841 2878 5841 2878 5842 2855 5842 2856 5842 2878 5843 2856 5843 2879 5843 2879 5844 2856 5844 2857 5844 2879 5845 2857 5845 2880 5845 2880 5846 2857 5846 2858 5846 2880 5847 2858 5847 2881 5847 2881 5848 2858 5848 2859 5848 2881 5849 2859 5849 2882 5849 2882 5850 2859 5850 2860 5850 2882 5851 2860 5851 2883 5851 2883 5852 2860 5852 2861 5852 2883 5853 2861 5853 2884 5853 2884 5854 2861 5854 2862 5854 2884 5855 2862 5855 2885 5855 2885 5856 2862 5856 2863 5856 2885 5857 2863 5857 2886 5857 2886 5858 2863 5858 2864 5858 2886 5859 2864 5859 2887 5859 2887 5860 2864 5860 2865 5860 2887 5861 2865 5861 2888 5861 2888 5862 2865 5862 2866 5862 2888 5863 2866 5863 2889 5863 2889 5864 2866 5864 2867 5864 2889 5865 2867 5865 2890 5865 2890 5866 2867 5866 2868 5866 2890 5867 2868 5867 2891 5867 2891 5868 2868 5868 2869 5868 2891 5869 2869 5869 2892 5869 2892 5870 2869 5870 2870 5870 2892 5871 2870 5871 2893 5871 2893 5872 2870 5872 2840 5872 2893 5873 2840 5873 2894 5873 2894 5874 2840 5874 2841 5874 2894 5875 2841 5875 2895 5875 2895 5876 2841 5876 2842 5876 2895 5877 2842 5877 2896 5877 2896 5878 2842 5878 2843 5878 2896 5879 2843 5879 2897 5879 2897 5880 2843 5880 2844 5880 2897 5881 2844 5881 2898 5881 2898 5882 2844 5882 2845 5882 2898 5883 2845 5883 2899 5883 2899 5884 2845 5884 2846 5884 2899 5885 2846 5885 2900 5885 2900 5886 2846 5886 2847 5886 2900 5887 2847 5887 2901 5887 2901 5888 2847 5888 2848 5888 2901 5889 2848 5889 2871 5889 2871 5890 2848 5890 2849 5890 2902 5891 2871 5891 2903 5891 2903 5892 2871 5892 2872 5892 2903 5893 2872 5893 2904 5893 2904 5894 2872 5894 2873 5894 2904 5895 2873 5895 2905 5895 2905 5896 2873 5896 2874 5896 2905 5897 2874 5897 2906 5897 2906 5898 2874 5898 2875 5898 2906 5899 2875 5899 2907 5899 2907 5900 2875 5900 2876 5900 2907 5901 2876 5901 2908 5901 2908 5902 2876 5902 2877 5902 2908 5903 2877 5903 2909 5903 2909 5904 2877 5904 2878 5904 2909 5905 2878 5905 2910 5905 2910 5906 2878 5906 2879 5906 2910 5907 2879 5907 2911 5907 2911 5908 2879 5908 2880 5908 2911 5909 2880 5909 2912 5909 2912 5910 2880 5910 2881 5910 2912 5911 2881 5911 2913 5911 2913 5912 2881 5912 2882 5912 2913 5913 2882 5913 2914 5913 2914 5914 2882 5914 2883 5914 2914 5915 2883 5915 2915 5915 2915 5916 2883 5916 2884 5916 2915 5917 2884 5917 2916 5917 2916 5918 2884 5918 2885 5918 2916 5919 2885 5919 2917 5919 2917 5920 2885 5920 2886 5920 2917 5921 2886 5921 2918 5921 2918 5922 2886 5922 2887 5922 2918 5923 2887 5923 2919 5923 2919 5924 2887 5924 2888 5924 2919 5925 2888 5925 2920 5925 2920 5926 2888 5926 2889 5926 2920 5927 2889 5927 2921 5927 2921 5928 2889 5928 2890 5928 2921 5929 2890 5929 2922 5929 2922 5930 2890 5930 2891 5930 2922 5931 2891 5931 2923 5931 2923 5932 2891 5932 2892 5932 2923 5933 2892 5933 2924 5933 2924 5934 2892 5934 2893 5934 2924 5935 2893 5935 2925 5935 2925 5936 2893 5936 2894 5936 2925 5937 2894 5937 2926 5937 2926 5938 2894 5938 2895 5938 2926 5939 2895 5939 2927 5939 2927 5940 2895 5940 2896 5940 2927 5941 2896 5941 2928 5941 2928 5942 2896 5942 2897 5942 2928 5943 2897 5943 2929 5943 2929 5944 2897 5944 2898 5944 2929 5945 2898 5945 2930 5945 2930 5946 2898 5946 2899 5946 2930 5947 2899 5947 2931 5947 2931 5948 2899 5948 2900 5948 2931 5949 2900 5949 2932 5949 2932 5950 2900 5950 2901 5950 2932 5951 2901 5951 2902 5951 2902 5952 2901 5952 2871 5952 2933 5953 2902 5953 2934 5953 2934 5954 2902 5954 2903 5954 2934 5955 2903 5955 2935 5955 2935 5956 2903 5956 2904 5956 2935 5957 2904 5957 2936 5957 2936 5958 2904 5958 2905 5958 2936 5959 2905 5959 2937 5959 2937 5960 2905 5960 2906 5960 2937 5961 2906 5961 2938 5961 2938 5962 2906 5962 2907 5962 2938 5963 2907 5963 2939 5963 2939 5964 2907 5964 2908 5964 2939 5965 2908 5965 2940 5965 2940 5966 2908 5966 2909 5966 2940 5967 2909 5967 2941 5967 2941 5968 2909 5968 2910 5968 2941 5969 2910 5969 2942 5969 2942 5970 2910 5970 2911 5970 2942 5971 2911 5971 2943 5971 2943 5972 2911 5972 2912 5972 2943 5973 2912 5973 2944 5973 2944 5974 2912 5974 2913 5974 2944 5975 2913 5975 2945 5975 2945 5976 2913 5976 2914 5976 2945 5977 2914 5977 2946 5977 2946 5978 2914 5978 2915 5978 2946 5979 2915 5979 2947 5979 2947 5980 2915 5980 2916 5980 2947 5981 2916 5981 2948 5981 2948 5982 2916 5982 2917 5982 2948 5983 2917 5983 2949 5983 2949 5984 2917 5984 2918 5984 2949 5985 2918 5985 2950 5985 2950 5986 2918 5986 2919 5986 2950 5987 2919 5987 2951 5987 2951 5988 2919 5988 2920 5988 2951 5989 2920 5989 2952 5989 2952 5990 2920 5990 2921 5990 2952 5991 2921 5991 2953 5991 2953 5992 2921 5992 2922 5992 2953 5993 2922 5993 2954 5993 2954 5994 2922 5994 2923 5994 2954 5995 2923 5995 2955 5995 2955 5996 2923 5996 2924 5996 2955 5997 2924 5997 2956 5997 2956 5998 2924 5998 2925 5998 2956 5999 2925 5999 2957 5999 2957 6000 2925 6000 2926 6000 2957 6001 2926 6001 2958 6001 2958 6002 2926 6002 2927 6002 2958 6003 2927 6003 2959 6003 2959 6004 2927 6004 2928 6004 2959 6005 2928 6005 2960 6005 2960 6006 2928 6006 2929 6006 2960 6007 2929 6007 2961 6007 2961 6008 2929 6008 2930 6008 2961 6009 2930 6009 2962 6009 2962 6010 2930 6010 2931 6010 2962 6011 2931 6011 2963 6011 2963 6012 2931 6012 2932 6012 2963 6013 2932 6013 2933 6013 2933 6014 2932 6014 2902 6014 2964 6015 2933 6015 2965 6015 2965 6016 2933 6016 2934 6016 2965 6017 2934 6017 2966 6017 2966 6018 2934 6018 2935 6018 2966 6019 2935 6019 2967 6019 2967 6020 2935 6020 2936 6020 2967 6021 2936 6021 2968 6021 2968 6022 2936 6022 2937 6022 2968 6023 2937 6023 2969 6023 2969 6024 2937 6024 2938 6024 2969 6025 2938 6025 2970 6025 2970 6026 2938 6026 2939 6026 2970 6027 2939 6027 2971 6027 2971 6028 2939 6028 2940 6028 2971 6029 2940 6029 2972 6029 2972 6030 2940 6030 2941 6030 2972 6031 2941 6031 2973 6031 2973 6032 2941 6032 2942 6032 2973 6033 2942 6033 2974 6033 2974 6034 2942 6034 2943 6034 2974 6035 2943 6035 2975 6035 2975 6036 2943 6036 2944 6036 2975 6037 2944 6037 2976 6037 2976 6038 2944 6038 2945 6038 2976 6039 2945 6039 2977 6039 2977 6040 2945 6040 2946 6040 2977 6041 2946 6041 2978 6041 2978 6042 2946 6042 2947 6042 2978 6043 2947 6043 2979 6043 2979 6044 2947 6044 2948 6044 2979 6045 2948 6045 2980 6045 2980 6046 2948 6046 2949 6046 2980 6047 2949 6047 2981 6047 2981 6048 2949 6048 2950 6048 2981 6049 2950 6049 2982 6049 2982 6050 2950 6050 2951 6050 2982 6051 2951 6051 2983 6051 2983 6052 2951 6052 2952 6052 2983 6053 2952 6053 2984 6053 2984 6054 2952 6054 2953 6054 2984 6055 2953 6055 2985 6055 2985 6056 2953 6056 2954 6056 2985 6057 2954 6057 2986 6057 2986 6058 2954 6058 2955 6058 2986 6059 2955 6059 2987 6059 2987 6060 2955 6060 2956 6060 2987 6061 2956 6061 2988 6061 2988 6062 2956 6062 2957 6062 2988 6063 2957 6063 2989 6063 2989 6064 2957 6064 2958 6064 2989 6065 2958 6065 2990 6065 2990 6066 2958 6066 2959 6066 2990 6067 2959 6067 2991 6067 2991 6068 2959 6068 2960 6068 2991 6069 2960 6069 2992 6069 2992 6070 2960 6070 2961 6070 2992 6071 2961 6071 2993 6071 2993 6072 2961 6072 2962 6072 2993 6073 2962 6073 2994 6073 2994 6074 2962 6074 2963 6074 2994 6075 2963 6075 2964 6075 2964 6076 2963 6076 2933 6076 2995 6077 2964 6077 2996 6077 2996 6078 2964 6078 2965 6078 2996 6079 2965 6079 2997 6079 2997 6080 2965 6080 2966 6080 2997 6081 2966 6081 2998 6081 2998 6082 2966 6082 2967 6082 2998 6083 2967 6083 2999 6083 2999 6084 2967 6084 2968 6084 2999 6085 2968 6085 3000 6085 3000 6086 2968 6086 2969 6086 3000 6087 2969 6087 3001 6087 3001 6088 2969 6088 2970 6088 3001 6089 2970 6089 3002 6089 3002 6090 2970 6090 2971 6090 3002 6091 2971 6091 3003 6091 3003 6092 2971 6092 2972 6092 3003 6093 2972 6093 3004 6093 3004 6094 2972 6094 2973 6094 3004 6095 2973 6095 3005 6095 3005 6096 2973 6096 2974 6096 3005 6097 2974 6097 3006 6097 3006 6098 2974 6098 2975 6098 3006 6099 2975 6099 3007 6099 3007 6100 2975 6100 2976 6100 3007 6101 2976 6101 3008 6101 3008 6102 2976 6102 2977 6102 3008 6103 2977 6103 3009 6103 3009 6104 2977 6104 2978 6104 3009 6105 2978 6105 3010 6105 3010 6106 2978 6106 2979 6106 3010 6107 2979 6107 3011 6107 3011 6108 2979 6108 2980 6108 3011 6109 2980 6109 3012 6109 3012 6110 2980 6110 2981 6110 3012 6111 2981 6111 3013 6111 3013 6112 2981 6112 2982 6112 3013 6113 2982 6113 3014 6113 3014 6114 2982 6114 2983 6114 3014 6115 2983 6115 3015 6115 3015 6116 2983 6116 2984 6116 3015 6117 2984 6117 3016 6117 3016 6118 2984 6118 2985 6118 3016 6119 2985 6119 3017 6119 3017 6120 2985 6120 2986 6120 3017 6121 2986 6121 3018 6121 3018 6122 2986 6122 2987 6122 3018 6123 2987 6123 3019 6123 3019 6124 2987 6124 2988 6124 3019 6125 2988 6125 3020 6125 3020 6126 2988 6126 2989 6126 3020 6127 2989 6127 3021 6127 3021 6128 2989 6128 2990 6128 3021 6129 2990 6129 3022 6129 3022 6130 2990 6130 2991 6130 3022 6131 2991 6131 3023 6131 3023 6132 2991 6132 2992 6132 3023 6133 2992 6133 3024 6133 3024 6134 2992 6134 2993 6134 3024 6135 2993 6135 3025 6135 3025 6136 2993 6136 2994 6136 3025 6137 2994 6137 2995 6137 2995 6138 2994 6138 2964 6138 3026 6139 2995 6139 3027 6139 3027 6140 2995 6140 2996 6140 3027 6141 2996 6141 3028 6141 3028 6142 2996 6142 2997 6142 3028 6143 2997 6143 3029 6143 3029 6144 2997 6144 2998 6144 3029 6145 2998 6145 3030 6145 3030 6146 2998 6146 2999 6146 3030 6147 2999 6147 3031 6147 3031 6148 2999 6148 3000 6148 3031 6149 3000 6149 3032 6149 3032 6150 3000 6150 3001 6150 3032 6151 3001 6151 3033 6151 3033 6152 3001 6152 3002 6152 3033 6153 3002 6153 3034 6153 3034 6154 3002 6154 3003 6154 3034 6155 3003 6155 3035 6155 3035 6156 3003 6156 3004 6156 3035 6157 3004 6157 3036 6157 3036 6158 3004 6158 3005 6158 3036 6159 3005 6159 3037 6159 3037 6160 3005 6160 3006 6160 3037 6161 3006 6161 3038 6161 3038 6162 3006 6162 3007 6162 3038 6163 3007 6163 3039 6163 3039 6164 3007 6164 3008 6164 3039 6165 3008 6165 3040 6165 3040 6166 3008 6166 3009 6166 3040 6167 3009 6167 3041 6167 3041 6168 3009 6168 3010 6168 3041 6169 3010 6169 3042 6169 3042 6170 3010 6170 3011 6170 3042 6171 3011 6171 3043 6171 3043 6172 3011 6172 3012 6172 3043 6173 3012 6173 3044 6173 3044 6174 3012 6174 3013 6174 3044 6175 3013 6175 3045 6175 3045 6176 3013 6176 3014 6176 3045 6177 3014 6177 3046 6177 3046 6178 3014 6178 3015 6178 3046 6179 3015 6179 3047 6179 3047 6180 3015 6180 3016 6180 3047 6181 3016 6181 3048 6181 3048 6182 3016 6182 3017 6182 3048 6183 3017 6183 3049 6183 3049 6184 3017 6184 3018 6184 3049 6185 3018 6185 3050 6185 3050 6186 3018 6186 3019 6186 3050 6187 3019 6187 3051 6187 3051 6188 3019 6188 3020 6188 3051 6189 3020 6189 3052 6189 3052 6190 3020 6190 3021 6190 3052 6191 3021 6191 3053 6191 3053 6192 3021 6192 3022 6192 3053 6193 3022 6193 3054 6193 3054 6194 3022 6194 3023 6194 3054 6195 3023 6195 3055 6195 3055 6196 3023 6196 3024 6196 3055 6197 3024 6197 3056 6197 3056 6198 3024 6198 3025 6198 3056 6199 3025 6199 3026 6199 3026 6200 3025 6200 2995 6200 3057 6201 3058 6201 3048 6201 3048 6202 3058 6202 3059 6202 3048 6203 3059 6203 3047 6203 3047 6204 3059 6204 3060 6204 3047 6205 3060 6205 3046 6205 3046 6206 3060 6206 3061 6206 3046 6207 3061 6207 3045 6207 3045 6208 3061 6208 3062 6208 3045 6209 3062 6209 3044 6209 3044 6210 3062 6210 3063 6210 3044 6211 3063 6211 3043 6211 3043 6212 3063 6212 3064 6212 3043 6213 3064 6213 3042 6213 3042 6214 3064 6214 3065 6214 3042 6215 3065 6215 3041 6215 3041 6216 3065 6216 3066 6216 3041 6217 3066 6217 3040 6217 3040 6218 3066 6218 3067 6218 3040 6219 3067 6219 3039 6219 3039 6220 3067 6220 3068 6220 3039 6221 3068 6221 3038 6221 3038 6222 3068 6222 3069 6222 3038 6223 3069 6223 3037 6223 3037 6224 3069 6224 3070 6224 3037 6225 3070 6225 3036 6225 3036 6226 3070 6226 3071 6226 3036 6227 3071 6227 3035 6227 3035 6228 3071 6228 3072 6228 3035 6229 3072 6229 3034 6229 3034 6230 3072 6230 3073 6230 3034 6231 3073 6231 3033 6231 3033 6232 3073 6232 3074 6232 3033 6233 3074 6233 3032 6233 3032 6234 3074 6234 3075 6234 3032 6235 3075 6235 3031 6235 3031 6236 3075 6236 3076 6236 3031 6237 3076 6237 3030 6237 3030 6238 3076 6238 3077 6238 3030 6239 3077 6239 3029 6239 3029 6240 3077 6240 3078 6240 3029 6241 3078 6241 3028 6241 3028 6242 3078 6242 3079 6242 3028 6243 3079 6243 3027 6243 3027 6244 3079 6244 3080 6244 3027 6245 3080 6245 3026 6245 3026 6246 3080 6246 3081 6246 3026 6247 3081 6247 3056 6247 3056 6248 3081 6248 3082 6248 3056 6249 3082 6249 3055 6249 3055 6250 3082 6250 3083 6250 3055 6251 3083 6251 3054 6251 3054 6252 3083 6252 3084 6252 3054 6253 3084 6253 3053 6253 3053 6254 3084 6254 3085 6254 3053 6255 3085 6255 3052 6255 3052 6256 3085 6256 3086 6256 3052 6257 3086 6257 3051 6257 3051 6258 3086 6258 3087 6258 3051 6259 3087 6259 3050 6259 3050 6260 3087 6260 3088 6260 3050 6261 3088 6261 3049 6261 3049 6262 3088 6262 3057 6262 3049 6263 3057 6263 3048 6263 3059 6264 3074 6264 3073 6264 3059 6265 3073 6265 3060 6265 3060 6266 3073 6266 3072 6266 3060 6267 3072 6267 3061 6267 3061 6268 3072 6268 3071 6268 3061 6269 3071 6269 3062 6269 3062 6270 3071 6270 3070 6270 3062 6271 3070 6271 3063 6271 3063 6272 3070 6272 3069 6272 3063 6273 3069 6273 3064 6273 3064 6274 3069 6274 3068 6274 3064 6275 3068 6275 3065 6275 3065 6276 3068 6276 3067 6276 3065 6277 3067 6277 3066 6277 3078 6278 3077 6278 3086 6278 3086 6279 3077 6279 3087 6279 3059 6280 3058 6280 3074 6280 3074 6281 3058 6281 3057 6281 3074 6282 3057 6282 3075 6282 3075 6283 3057 6283 3076 6283 3076 6284 3057 6284 3077 6284 3077 6285 3057 6285 3088 6285 3077 6286 3088 6286 3087 6286 3083 6287 3082 6287 3084 6287 3084 6288 3082 6288 3081 6288 3084 6289 3081 6289 3085 6289 3085 6290 3081 6290 3080 6290 3085 6291 3080 6291 3086 6291 3086 6292 3080 6292 3079 6292 3086 6293 3079 6293 3078 6293 3089 6294 3090 6294 3091 6294 3089 6295 3091 6295 3092 6295 3092 6296 3091 6296 3093 6296 3092 6297 3093 6297 3094 6297 3094 6298 3093 6298 3095 6298 3094 6299 3095 6299 3096 6299 3096 6300 3095 6300 3097 6300 3096 6301 3097 6301 3098 6301 3098 6302 3097 6302 3099 6302 3098 6303 3099 6303 3100 6303 3100 6304 3099 6304 3101 6304 3100 6305 3101 6305 3102 6305 3102 6306 3101 6306 3103 6306 3102 6307 3103 6307 3104 6307 3105 6308 3106 6308 3107 6308 3089 6309 3108 6309 3090 6309 3090 6310 3108 6310 3107 6310 3090 6311 3107 6311 3109 6311 3109 6312 3107 6312 3106 6312 3110 6313 3111 6313 3112 6313 3111 6314 3113 6314 3112 6314 3112 6315 3113 6315 3114 6315 3112 6316 3114 6316 3115 6316 3115 6317 3114 6317 3116 6317 3115 6318 3116 6318 3117 6318 3117 6319 3116 6319 3118 6319 3117 6320 3118 6320 3119 6320 3105 6321 3107 6321 3112 6321 3112 6322 3107 6322 3120 6322 3112 6323 3120 6323 3110 6323 3120 6324 3107 6324 3121 6324 3121 6325 3107 6325 3108 6325 3121 6326 3108 6326 3122 6326 3122 6327 3108 6327 3089 6327 3122 6328 3089 6328 3123 6328 3123 6329 3089 6329 3092 6329 3123 6330 3092 6330 3124 6330 3124 6331 3092 6331 3094 6331 3124 6332 3094 6332 3125 6332 3125 6333 3094 6333 3096 6333 3125 6334 3096 6334 3126 6334 3126 6335 3096 6335 3098 6335 3126 6336 3098 6336 3127 6336 3127 6337 3098 6337 3100 6337 3127 6338 3100 6338 3128 6338 3128 6339 3100 6339 3102 6339 3128 6340 3102 6340 3129 6340 3129 6341 3102 6341 3104 6341 3129 6342 3104 6342 3130 6342 3130 6343 3104 6343 3103 6343 3130 6344 3103 6344 3131 6344 3131 6345 3103 6345 3101 6345 3131 6346 3101 6346 3132 6346 3132 6347 3101 6347 3099 6347 3132 6348 3099 6348 3133 6348 3133 6349 3099 6349 3097 6349 3133 6350 3097 6350 3134 6350 3134 6351 3097 6351 3095 6351 3134 6352 3095 6352 3135 6352 3135 6353 3095 6353 3093 6353 3135 6354 3093 6354 3136 6354 3136 6355 3093 6355 3091 6355 3136 6356 3091 6356 3137 6356 3137 6357 3091 6357 3090 6357 3137 6358 3090 6358 3138 6358 3138 6359 3090 6359 3109 6359 3138 6360 3109 6360 3139 6360 3139 6361 3109 6361 3106 6361 3139 6362 3106 6362 3140 6362 3140 6363 3106 6363 3105 6363 3140 6364 3105 6364 3141 6364 3141 6365 3105 6365 3112 6365 3141 6366 3112 6366 3142 6366 3142 6367 3112 6367 3115 6367 3142 6368 3115 6368 3143 6368 3143 6369 3115 6369 3117 6369 3143 6370 3117 6370 3144 6370 3144 6371 3117 6371 3119 6371 3144 6372 3119 6372 3145 6372 3145 6373 3119 6373 3118 6373 3145 6374 3118 6374 3146 6374 3146 6375 3118 6375 3116 6375 3146 6376 3116 6376 3147 6376 3147 6377 3116 6377 3114 6377 3147 6378 3114 6378 3148 6378 3148 6379 3114 6379 3113 6379 3148 6380 3113 6380 3149 6380 3149 6381 3113 6381 3111 6381 3149 6382 3111 6382 3150 6382 3150 6383 3111 6383 3110 6383 3150 6384 3110 6384 3151 6384 3151 6385 3110 6385 3120 6385 3151 6386 3120 6386 3121 6386 3152 6387 3130 6387 3153 6387 3153 6388 3130 6388 3131 6388 3153 6389 3131 6389 3154 6389 3154 6390 3131 6390 3132 6390 3154 6391 3132 6391 3155 6391 3155 6392 3132 6392 3133 6392 3155 6393 3133 6393 3156 6393 3156 6394 3133 6394 3134 6394 3156 6395 3134 6395 3157 6395 3157 6396 3134 6396 3135 6396 3157 6397 3135 6397 3158 6397 3158 6398 3135 6398 3136 6398 3158 6399 3136 6399 3159 6399 3159 6400 3136 6400 3137 6400 3159 6401 3137 6401 3160 6401 3160 6402 3137 6402 3138 6402 3160 6403 3138 6403 3161 6403 3161 6404 3138 6404 3139 6404 3161 6405 3139 6405 3162 6405 3162 6406 3139 6406 3140 6406 3162 6407 3140 6407 3163 6407 3163 6408 3140 6408 3141 6408 3163 6409 3141 6409 3164 6409 3164 6410 3141 6410 3142 6410 3164 6411 3142 6411 3165 6411 3165 6412 3142 6412 3143 6412 3165 6413 3143 6413 3166 6413 3166 6414 3143 6414 3144 6414 3166 6415 3144 6415 3167 6415 3167 6416 3144 6416 3145 6416 3167 6417 3145 6417 3168 6417 3168 6418 3145 6418 3146 6418 3168 6419 3146 6419 3169 6419 3169 6420 3146 6420 3147 6420 3169 6421 3147 6421 3170 6421 3170 6422 3147 6422 3148 6422 3170 6423 3148 6423 3171 6423 3171 6424 3148 6424 3149 6424 3171 6425 3149 6425 3172 6425 3172 6426 3149 6426 3150 6426 3172 6427 3150 6427 3173 6427 3173 6428 3150 6428 3151 6428 3173 6429 3151 6429 3174 6429 3174 6430 3151 6430 3121 6430 3174 6431 3121 6431 3175 6431 3175 6432 3121 6432 3122 6432 3175 6433 3122 6433 3176 6433 3176 6434 3122 6434 3123 6434 3176 6435 3123 6435 3177 6435 3177 6436 3123 6436 3124 6436 3177 6437 3124 6437 3178 6437 3178 6438 3124 6438 3125 6438 3178 6439 3125 6439 3179 6439 3179 6440 3125 6440 3126 6440 3179 6441 3126 6441 3180 6441 3180 6442 3126 6442 3127 6442 3180 6443 3127 6443 3181 6443 3181 6444 3127 6444 3128 6444 3181 6445 3128 6445 3182 6445 3182 6446 3128 6446 3129 6446 3182 6447 3129 6447 3152 6447 3152 6448 3129 6448 3130 6448 3183 6449 3152 6449 3184 6449 3184 6450 3152 6450 3153 6450 3184 6451 3153 6451 3185 6451 3185 6452 3153 6452 3154 6452 3185 6453 3154 6453 3186 6453 3186 6454 3154 6454 3155 6454 3186 6455 3155 6455 3187 6455 3187 6456 3155 6456 3156 6456 3187 6457 3156 6457 3188 6457 3188 6458 3156 6458 3157 6458 3188 6459 3157 6459 3189 6459 3189 6460 3157 6460 3158 6460 3189 6461 3158 6461 3190 6461 3190 6462 3158 6462 3159 6462 3190 6463 3159 6463 3191 6463 3191 6464 3159 6464 3160 6464 3191 6465 3160 6465 3192 6465 3192 6466 3160 6466 3161 6466 3192 6467 3161 6467 3193 6467 3193 6468 3161 6468 3162 6468 3193 6469 3162 6469 3194 6469 3194 6470 3162 6470 3163 6470 3194 6471 3163 6471 3195 6471 3195 6472 3163 6472 3164 6472 3195 6473 3164 6473 3196 6473 3196 6474 3164 6474 3165 6474 3196 6475 3165 6475 3197 6475 3197 6476 3165 6476 3166 6476 3197 6477 3166 6477 3198 6477 3198 6478 3166 6478 3167 6478 3198 6479 3167 6479 3199 6479 3199 6480 3167 6480 3168 6480 3199 6481 3168 6481 3200 6481 3200 6482 3168 6482 3169 6482 3200 6483 3169 6483 3201 6483 3201 6484 3169 6484 3170 6484 3201 6485 3170 6485 3202 6485 3202 6486 3170 6486 3171 6486 3202 6487 3171 6487 3203 6487 3203 6488 3171 6488 3172 6488 3203 6489 3172 6489 3204 6489 3204 6490 3172 6490 3173 6490 3204 6491 3173 6491 3205 6491 3205 6492 3173 6492 3174 6492 3205 6493 3174 6493 3206 6493 3206 6494 3174 6494 3175 6494 3206 6495 3175 6495 3207 6495 3207 6496 3175 6496 3176 6496 3207 6497 3176 6497 3208 6497 3208 6498 3176 6498 3177 6498 3208 6499 3177 6499 3209 6499 3209 6500 3177 6500 3178 6500 3209 6501 3178 6501 3210 6501 3210 6502 3178 6502 3179 6502 3210 6503 3179 6503 3211 6503 3211 6504 3179 6504 3180 6504 3211 6505 3180 6505 3212 6505 3212 6506 3180 6506 3181 6506 3212 6507 3181 6507 3213 6507 3213 6508 3181 6508 3182 6508 3213 6509 3182 6509 3183 6509 3183 6510 3182 6510 3152 6510 3214 6511 3183 6511 3215 6511 3215 6512 3183 6512 3184 6512 3215 6513 3184 6513 3216 6513 3216 6514 3184 6514 3185 6514 3216 6515 3185 6515 3217 6515 3217 6516 3185 6516 3186 6516 3217 6517 3186 6517 3218 6517 3218 6518 3186 6518 3187 6518 3218 6519 3187 6519 3219 6519 3219 6520 3187 6520 3188 6520 3219 6521 3188 6521 3220 6521 3220 6522 3188 6522 3189 6522 3220 6523 3189 6523 3221 6523 3221 6524 3189 6524 3190 6524 3221 6525 3190 6525 3222 6525 3222 6526 3190 6526 3191 6526 3222 6527 3191 6527 3223 6527 3223 6528 3191 6528 3192 6528 3223 6529 3192 6529 3224 6529 3224 6530 3192 6530 3193 6530 3224 6531 3193 6531 3225 6531 3225 6532 3193 6532 3194 6532 3225 6533 3194 6533 3226 6533 3226 6534 3194 6534 3195 6534 3226 6535 3195 6535 3227 6535 3227 6536 3195 6536 3196 6536 3227 6537 3196 6537 3228 6537 3228 6538 3196 6538 3197 6538 3228 6539 3197 6539 3229 6539 3229 6540 3197 6540 3198 6540 3229 6541 3198 6541 3230 6541 3230 6542 3198 6542 3199 6542 3230 6543 3199 6543 3231 6543 3231 6544 3199 6544 3200 6544 3231 6545 3200 6545 3232 6545 3232 6546 3200 6546 3201 6546 3232 6547 3201 6547 3233 6547 3233 6548 3201 6548 3202 6548 3233 6549 3202 6549 3234 6549 3234 6550 3202 6550 3203 6550 3234 6551 3203 6551 3235 6551 3235 6552 3203 6552 3204 6552 3235 6553 3204 6553 3236 6553 3236 6554 3204 6554 3205 6554 3236 6555 3205 6555 3237 6555 3237 6556 3205 6556 3206 6556 3237 6557 3206 6557 3238 6557 3238 6558 3206 6558 3207 6558 3238 6559 3207 6559 3239 6559 3239 6560 3207 6560 3208 6560 3239 6561 3208 6561 3240 6561 3240 6562 3208 6562 3209 6562 3240 6563 3209 6563 3241 6563 3241 6564 3209 6564 3210 6564 3241 6565 3210 6565 3242 6565 3242 6566 3210 6566 3211 6566 3242 6567 3211 6567 3243 6567 3243 6568 3211 6568 3212 6568 3243 6569 3212 6569 3244 6569 3244 6570 3212 6570 3213 6570 3244 6571 3213 6571 3214 6571 3214 6572 3213 6572 3183 6572 3245 6573 3214 6573 3246 6573 3246 6574 3214 6574 3215 6574 3246 6575 3215 6575 3247 6575 3247 6576 3215 6576 3216 6576 3247 6577 3216 6577 3248 6577 3248 6578 3216 6578 3217 6578 3248 6579 3217 6579 3249 6579 3249 6580 3217 6580 3218 6580 3249 6581 3218 6581 3250 6581 3250 6582 3218 6582 3219 6582 3250 6583 3219 6583 3251 6583 3251 6584 3219 6584 3220 6584 3251 6585 3220 6585 3252 6585 3252 6586 3220 6586 3221 6586 3252 6587 3221 6587 3253 6587 3253 6588 3221 6588 3222 6588 3253 6589 3222 6589 3254 6589 3254 6590 3222 6590 3223 6590 3254 6591 3223 6591 3255 6591 3255 6592 3223 6592 3224 6592 3255 6593 3224 6593 3256 6593 3256 6594 3224 6594 3225 6594 3256 6595 3225 6595 3257 6595 3257 6596 3225 6596 3226 6596 3257 6597 3226 6597 3258 6597 3258 6598 3226 6598 3227 6598 3258 6599 3227 6599 3259 6599 3259 6600 3227 6600 3228 6600 3259 6601 3228 6601 3260 6601 3260 6602 3228 6602 3229 6602 3260 6603 3229 6603 3261 6603 3261 6604 3229 6604 3230 6604 3261 6605 3230 6605 3262 6605 3262 6606 3230 6606 3231 6606 3262 6607 3231 6607 3263 6607 3263 6608 3231 6608 3232 6608 3263 6609 3232 6609 3264 6609 3264 6610 3232 6610 3233 6610 3264 6611 3233 6611 3265 6611 3265 6612 3233 6612 3234 6612 3265 6613 3234 6613 3266 6613 3266 6614 3234 6614 3235 6614 3266 6615 3235 6615 3267 6615 3267 6616 3235 6616 3236 6616 3267 6617 3236 6617 3268 6617 3268 6618 3236 6618 3237 6618 3268 6619 3237 6619 3269 6619 3269 6620 3237 6620 3238 6620 3269 6621 3238 6621 3270 6621 3270 6622 3238 6622 3239 6622 3270 6623 3239 6623 3271 6623 3271 6624 3239 6624 3240 6624 3271 6625 3240 6625 3272 6625 3272 6626 3240 6626 3241 6626 3272 6627 3241 6627 3273 6627 3273 6628 3241 6628 3242 6628 3273 6629 3242 6629 3274 6629 3274 6630 3242 6630 3243 6630 3274 6631 3243 6631 3275 6631 3275 6632 3243 6632 3244 6632 3275 6633 3244 6633 3245 6633 3245 6634 3244 6634 3214 6634 3276 6635 3245 6635 3277 6635 3277 6636 3245 6636 3246 6636 3277 6637 3246 6637 3278 6637 3278 6638 3246 6638 3247 6638 3278 6639 3247 6639 3279 6639 3279 6640 3247 6640 3248 6640 3279 6641 3248 6641 3280 6641 3280 6642 3248 6642 3249 6642 3280 6643 3249 6643 3281 6643 3281 6644 3249 6644 3250 6644 3281 6645 3250 6645 3282 6645 3282 6646 3250 6646 3251 6646 3282 6647 3251 6647 3283 6647 3283 6648 3251 6648 3252 6648 3283 6649 3252 6649 3284 6649 3284 6650 3252 6650 3253 6650 3284 6651 3253 6651 3285 6651 3285 6652 3253 6652 3254 6652 3285 6653 3254 6653 3286 6653 3286 6654 3254 6654 3255 6654 3286 6655 3255 6655 3287 6655 3287 6656 3255 6656 3256 6656 3287 6657 3256 6657 3288 6657 3288 6658 3256 6658 3257 6658 3288 6659 3257 6659 3289 6659 3289 6660 3257 6660 3258 6660 3289 6661 3258 6661 3290 6661 3290 6662 3258 6662 3259 6662 3290 6663 3259 6663 3291 6663 3291 6664 3259 6664 3260 6664 3291 6665 3260 6665 3292 6665 3292 6666 3260 6666 3261 6666 3292 6667 3261 6667 3293 6667 3293 6668 3261 6668 3262 6668 3293 6669 3262 6669 3294 6669 3294 6670 3262 6670 3263 6670 3294 6671 3263 6671 3295 6671 3295 6672 3263 6672 3264 6672 3295 6673 3264 6673 3296 6673 3296 6674 3264 6674 3265 6674 3296 6675 3265 6675 3297 6675 3297 6676 3265 6676 3266 6676 3297 6677 3266 6677 3298 6677 3298 6678 3266 6678 3267 6678 3298 6679 3267 6679 3299 6679 3299 6680 3267 6680 3268 6680 3299 6681 3268 6681 3300 6681 3300 6682 3268 6682 3269 6682 3300 6683 3269 6683 3301 6683 3301 6684 3269 6684 3270 6684 3301 6685 3270 6685 3302 6685 3302 6686 3270 6686 3271 6686 3302 6687 3271 6687 3303 6687 3303 6688 3271 6688 3272 6688 3303 6689 3272 6689 3304 6689 3304 6690 3272 6690 3273 6690 3304 6691 3273 6691 3305 6691 3305 6692 3273 6692 3274 6692 3305 6693 3274 6693 3306 6693 3306 6694 3274 6694 3275 6694 3306 6695 3275 6695 3276 6695 3276 6696 3275 6696 3245 6696 3307 6697 3276 6697 3308 6697 3308 6698 3276 6698 3277 6698 3308 6699 3277 6699 3309 6699 3309 6700 3277 6700 3278 6700 3309 6701 3278 6701 3310 6701 3310 6702 3278 6702 3279 6702 3310 6703 3279 6703 3311 6703 3311 6704 3279 6704 3280 6704 3311 6705 3280 6705 3312 6705 3312 6706 3280 6706 3281 6706 3312 6707 3281 6707 3313 6707 3313 6708 3281 6708 3282 6708 3313 6709 3282 6709 3314 6709 3314 6710 3282 6710 3283 6710 3314 6711 3283 6711 3315 6711 3315 6712 3283 6712 3284 6712 3315 6713 3284 6713 3316 6713 3316 6714 3284 6714 3285 6714 3316 6715 3285 6715 3317 6715 3317 6716 3285 6716 3286 6716 3317 6717 3286 6717 3318 6717 3318 6718 3286 6718 3287 6718 3318 6719 3287 6719 3319 6719 3319 6720 3287 6720 3288 6720 3319 6721 3288 6721 3320 6721 3320 6722 3288 6722 3289 6722 3320 6723 3289 6723 3321 6723 3321 6724 3289 6724 3290 6724 3321 6725 3290 6725 3322 6725 3322 6726 3290 6726 3291 6726 3322 6727 3291 6727 3323 6727 3323 6728 3291 6728 3292 6728 3323 6729 3292 6729 3324 6729 3324 6730 3292 6730 3293 6730 3324 6731 3293 6731 3325 6731 3325 6732 3293 6732 3294 6732 3325 6733 3294 6733 3326 6733 3326 6734 3294 6734 3295 6734 3326 6735 3295 6735 3327 6735 3327 6736 3295 6736 3296 6736 3327 6737 3296 6737 3328 6737 3328 6738 3296 6738 3297 6738 3328 6739 3297 6739 3329 6739 3329 6740 3297 6740 3298 6740 3329 6741 3298 6741 3330 6741 3330 6742 3298 6742 3299 6742 3330 6743 3299 6743 3331 6743 3331 6744 3299 6744 3300 6744 3331 6745 3300 6745 3332 6745 3332 6746 3300 6746 3301 6746 3332 6747 3301 6747 3333 6747 3333 6748 3301 6748 3302 6748 3333 6749 3302 6749 3334 6749 3334 6750 3302 6750 3303 6750 3334 6751 3303 6751 3335 6751 3335 6752 3303 6752 3304 6752 3335 6753 3304 6753 3336 6753 3336 6754 3304 6754 3305 6754 3336 6755 3305 6755 3337 6755 3337 6756 3305 6756 3306 6756 3337 6757 3306 6757 3307 6757 3307 6758 3306 6758 3276 6758 3338 6759 3339 6759 3329 6759 3329 6760 3339 6760 3340 6760 3329 6761 3340 6761 3328 6761 3328 6762 3340 6762 3341 6762 3328 6763 3341 6763 3327 6763 3327 6764 3341 6764 3342 6764 3327 6765 3342 6765 3326 6765 3326 6766 3342 6766 3343 6766 3326 6767 3343 6767 3325 6767 3325 6768 3343 6768 3344 6768 3325 6769 3344 6769 3324 6769 3324 6770 3344 6770 3345 6770 3324 6771 3345 6771 3323 6771 3323 6772 3345 6772 3346 6772 3323 6773 3346 6773 3322 6773 3322 6774 3346 6774 3347 6774 3322 6775 3347 6775 3321 6775 3321 6776 3347 6776 3348 6776 3321 6777 3348 6777 3320 6777 3320 6778 3348 6778 3349 6778 3320 6779 3349 6779 3319 6779 3319 6780 3349 6780 3350 6780 3319 6781 3350 6781 3318 6781 3318 6782 3350 6782 3351 6782 3318 6783 3351 6783 3317 6783 3317 6784 3351 6784 3352 6784 3317 6785 3352 6785 3316 6785 3316 6786 3352 6786 3353 6786 3316 6787 3353 6787 3315 6787 3315 6788 3353 6788 3354 6788 3315 6789 3354 6789 3314 6789 3314 6790 3354 6790 3355 6790 3314 6791 3355 6791 3313 6791 3313 6792 3355 6792 3356 6792 3313 6793 3356 6793 3312 6793 3312 6794 3356 6794 3357 6794 3312 6795 3357 6795 3311 6795 3311 6796 3357 6796 3358 6796 3311 6797 3358 6797 3310 6797 3310 6798 3358 6798 3359 6798 3310 6799 3359 6799 3309 6799 3309 6800 3359 6800 3360 6800 3309 6801 3360 6801 3308 6801 3308 6802 3360 6802 3361 6802 3308 6803 3361 6803 3307 6803 3307 6804 3361 6804 3362 6804 3307 6805 3362 6805 3337 6805 3337 6806 3362 6806 3363 6806 3337 6807 3363 6807 3336 6807 3336 6808 3363 6808 3364 6808 3336 6809 3364 6809 3335 6809 3335 6810 3364 6810 3365 6810 3335 6811 3365 6811 3334 6811 3334 6812 3365 6812 3366 6812 3334 6813 3366 6813 3333 6813 3333 6814 3366 6814 3367 6814 3333 6815 3367 6815 3332 6815 3332 6816 3367 6816 3368 6816 3332 6817 3368 6817 3331 6817 3331 6818 3368 6818 3369 6818 3331 6819 3369 6819 3330 6819 3330 6820 3369 6820 3338 6820 3330 6821 3338 6821 3329 6821 3339 6822 3355 6822 3340 6822 3340 6823 3355 6823 3354 6823 3340 6824 3354 6824 3341 6824 3341 6825 3354 6825 3353 6825 3341 6826 3353 6826 3342 6826 3342 6827 3353 6827 3352 6827 3342 6828 3352 6828 3343 6828 3343 6829 3352 6829 3351 6829 3343 6830 3351 6830 3344 6830 3344 6831 3351 6831 3350 6831 3344 6832 3350 6832 3345 6832 3345 6833 3350 6833 3349 6833 3345 6834 3349 6834 3346 6834 3346 6835 3349 6835 3348 6835 3346 6836 3348 6836 3347 6836 3339 6837 3338 6837 3355 6837 3355 6838 3338 6838 3369 6838 3355 6839 3369 6839 3356 6839 3363 6840 3362 6840 3369 6840 3367 6841 3366 6841 3368 6841 3368 6842 3366 6842 3365 6842 3368 6843 3365 6843 3369 6843 3369 6844 3365 6844 3364 6844 3369 6845 3364 6845 3363 6845 3362 6846 3361 6846 3369 6846 3369 6847 3361 6847 3360 6847 3369 6848 3360 6848 3359 6848 3359 6849 3358 6849 3369 6849 3369 6850 3358 6850 3357 6850 3369 6851 3357 6851 3356 6851 3370 6852 3371 6852 3372 6852 3373 6853 3374 6853 3375 6853 3375 6854 3374 6854 3372 6854 3374 6855 3376 6855 3377 6855 3374 6856 3377 6856 3372 6856 3372 6857 3377 6857 3378 6857 3372 6858 3378 6858 3370 6858 3379 6859 3380 6859 3372 6859 3381 6860 3382 6860 3373 6860 3373 6861 3382 6861 3383 6861 3373 6862 3383 6862 3374 6862 3374 6863 3383 6863 3384 6863 3374 6864 3384 6864 3385 6864 3371 6865 3386 6865 3372 6865 3372 6866 3386 6866 3387 6866 3372 6867 3387 6867 3388 6867 3372 6868 3380 6868 3389 6868 3389 6869 3380 6869 3390 6869 3389 6870 3390 6870 3391 6870 3385 6871 3392 6871 3374 6871 3374 6872 3392 6872 3393 6872 3374 6873 3393 6873 3394 6873 3388 6874 3395 6874 3372 6874 3372 6875 3395 6875 3396 6875 3372 6876 3396 6876 3379 6876 3394 6877 3397 6877 3374 6877 3374 6878 3397 6878 3398 6878 3374 6879 3398 6879 3399 6879 3399 6880 3398 6880 3400 6880 3399 6881 3400 6881 3401 6881 3402 6882 3395 6882 3403 6882 3403 6883 3395 6883 3388 6883 3403 6884 3388 6884 3404 6884 3404 6885 3388 6885 3387 6885 3404 6886 3387 6886 3405 6886 3405 6887 3387 6887 3386 6887 3405 6888 3386 6888 3406 6888 3406 6889 3386 6889 3371 6889 3406 6890 3371 6890 3407 6890 3407 6891 3371 6891 3370 6891 3407 6892 3370 6892 3408 6892 3408 6893 3370 6893 3378 6893 3408 6894 3378 6894 3409 6894 3409 6895 3378 6895 3377 6895 3409 6896 3377 6896 3410 6896 3410 6897 3377 6897 3376 6897 3410 6898 3376 6898 3411 6898 3411 6899 3376 6899 3374 6899 3411 6900 3374 6900 3412 6900 3412 6901 3374 6901 3399 6901 3412 6902 3399 6902 3413 6902 3413 6903 3399 6903 3401 6903 3413 6904 3401 6904 3414 6904 3414 6905 3401 6905 3400 6905 3414 6906 3400 6906 3415 6906 3415 6907 3400 6907 3398 6907 3415 6908 3398 6908 3416 6908 3416 6909 3398 6909 3397 6909 3416 6910 3397 6910 3417 6910 3417 6911 3397 6911 3394 6911 3417 6912 3394 6912 3418 6912 3418 6913 3394 6913 3393 6913 3418 6914 3393 6914 3419 6914 3419 6915 3393 6915 3392 6915 3419 6916 3392 6916 3420 6916 3420 6917 3392 6917 3385 6917 3420 6918 3385 6918 3421 6918 3421 6919 3385 6919 3384 6919 3421 6920 3384 6920 3422 6920 3422 6921 3384 6921 3383 6921 3422 6922 3383 6922 3423 6922 3423 6923 3383 6923 3382 6923 3423 6924 3382 6924 3424 6924 3424 6925 3382 6925 3381 6925 3424 6926 3381 6926 3425 6926 3425 6927 3381 6927 3373 6927 3425 6928 3373 6928 3426 6928 3426 6929 3373 6929 3375 6929 3426 6930 3375 6930 3427 6930 3427 6931 3375 6931 3372 6931 3427 6932 3372 6932 3428 6932 3428 6933 3372 6933 3389 6933 3428 6934 3389 6934 3429 6934 3429 6935 3389 6935 3391 6935 3429 6936 3391 6936 3430 6936 3430 6937 3391 6937 3390 6937 3430 6938 3390 6938 3431 6938 3431 6939 3390 6939 3380 6939 3431 6940 3380 6940 3432 6940 3432 6941 3380 6941 3379 6941 3432 6942 3379 6942 3433 6942 3433 6943 3379 6943 3396 6943 3433 6944 3396 6944 3402 6944 3402 6945 3396 6945 3395 6945 3434 6946 3402 6946 3435 6946 3435 6947 3402 6947 3403 6947 3435 6948 3403 6948 3436 6948 3436 6949 3403 6949 3404 6949 3436 6950 3404 6950 3437 6950 3437 6951 3404 6951 3405 6951 3437 6952 3405 6952 3438 6952 3438 6953 3405 6953 3406 6953 3438 6954 3406 6954 3439 6954 3439 6955 3406 6955 3407 6955 3439 6956 3407 6956 3440 6956 3440 6957 3407 6957 3408 6957 3440 6958 3408 6958 3441 6958 3441 6959 3408 6959 3409 6959 3441 6960 3409 6960 3442 6960 3442 6961 3409 6961 3410 6961 3442 6962 3410 6962 3443 6962 3443 6963 3410 6963 3411 6963 3443 6964 3411 6964 3444 6964 3444 6965 3411 6965 3412 6965 3444 6966 3412 6966 3445 6966 3445 6967 3412 6967 3413 6967 3445 6968 3413 6968 3446 6968 3446 6969 3413 6969 3414 6969 3446 6970 3414 6970 3447 6970 3447 6971 3414 6971 3415 6971 3447 6972 3415 6972 3448 6972 3448 6973 3415 6973 3416 6973 3448 6974 3416 6974 3449 6974 3449 6975 3416 6975 3417 6975 3449 6976 3417 6976 3450 6976 3450 6977 3417 6977 3418 6977 3450 6978 3418 6978 3451 6978 3451 6979 3418 6979 3419 6979 3451 6980 3419 6980 3452 6980 3452 6981 3419 6981 3420 6981 3452 6982 3420 6982 3453 6982 3453 6983 3420 6983 3421 6983 3453 6984 3421 6984 3454 6984 3454 6985 3421 6985 3422 6985 3454 6986 3422 6986 3455 6986 3455 6987 3422 6987 3423 6987 3455 6988 3423 6988 3456 6988 3456 6989 3423 6989 3424 6989 3456 6990 3424 6990 3457 6990 3457 6991 3424 6991 3425 6991 3457 6992 3425 6992 3458 6992 3458 6993 3425 6993 3426 6993 3458 6994 3426 6994 3459 6994 3459 6995 3426 6995 3427 6995 3459 6996 3427 6996 3460 6996 3460 6997 3427 6997 3428 6997 3460 6998 3428 6998 3461 6998 3461 6999 3428 6999 3429 6999 3461 7000 3429 7000 3462 7000 3462 7001 3429 7001 3430 7001 3462 7002 3430 7002 3463 7002 3463 7003 3430 7003 3431 7003 3463 7004 3431 7004 3464 7004 3464 7005 3431 7005 3432 7005 3464 7006 3432 7006 3465 7006 3465 7007 3432 7007 3433 7007 3465 7008 3433 7008 3434 7008 3434 7009 3433 7009 3402 7009 3466 7010 3434 7010 3467 7010 3467 7011 3434 7011 3435 7011 3467 7012 3435 7012 3468 7012 3468 7013 3435 7013 3436 7013 3468 7014 3436 7014 3469 7014 3469 7015 3436 7015 3437 7015 3469 7016 3437 7016 3470 7016 3470 7017 3437 7017 3438 7017 3470 7018 3438 7018 3471 7018 3471 7019 3438 7019 3439 7019 3471 7020 3439 7020 3472 7020 3472 7021 3439 7021 3440 7021 3472 7022 3440 7022 3473 7022 3473 7023 3440 7023 3441 7023 3473 7024 3441 7024 3474 7024 3474 7025 3441 7025 3442 7025 3474 7026 3442 7026 3475 7026 3475 7027 3442 7027 3443 7027 3475 7028 3443 7028 3476 7028 3476 7029 3443 7029 3444 7029 3476 7030 3444 7030 3477 7030 3477 7031 3444 7031 3445 7031 3477 7032 3445 7032 3478 7032 3478 7033 3445 7033 3446 7033 3478 7034 3446 7034 3479 7034 3479 7035 3446 7035 3447 7035 3479 7036 3447 7036 3480 7036 3480 7037 3447 7037 3448 7037 3480 7038 3448 7038 3481 7038 3481 7039 3448 7039 3449 7039 3481 7040 3449 7040 3482 7040 3482 7041 3449 7041 3450 7041 3482 7042 3450 7042 3483 7042 3483 7043 3450 7043 3451 7043 3483 7044 3451 7044 3484 7044 3484 7045 3451 7045 3452 7045 3484 7046 3452 7046 3485 7046 3485 7047 3452 7047 3453 7047 3485 7048 3453 7048 3486 7048 3486 7049 3453 7049 3454 7049 3486 7050 3454 7050 3487 7050 3487 7051 3454 7051 3455 7051 3487 7052 3455 7052 3488 7052 3488 7053 3455 7053 3456 7053 3488 7054 3456 7054 3489 7054 3489 7055 3456 7055 3457 7055 3489 7056 3457 7056 3490 7056 3490 7057 3457 7057 3458 7057 3490 7058 3458 7058 3491 7058 3491 7059 3458 7059 3459 7059 3491 7060 3459 7060 3492 7060 3492 7061 3459 7061 3460 7061 3492 7062 3460 7062 3493 7062 3493 7063 3460 7063 3461 7063 3493 7064 3461 7064 3494 7064 3494 7065 3461 7065 3462 7065 3494 7066 3462 7066 3495 7066 3495 7067 3462 7067 3463 7067 3495 7068 3463 7068 3496 7068 3496 7069 3463 7069 3464 7069 3496 7070 3464 7070 3497 7070 3497 7071 3464 7071 3465 7071 3497 7072 3465 7072 3466 7072 3466 7073 3465 7073 3434 7073 3498 7074 3466 7074 3499 7074 3499 7075 3466 7075 3467 7075 3499 7076 3467 7076 3500 7076 3500 7077 3467 7077 3468 7077 3500 7078 3468 7078 3501 7078 3501 7079 3468 7079 3469 7079 3501 7080 3469 7080 3502 7080 3502 7081 3469 7081 3470 7081 3502 7082 3470 7082 3503 7082 3503 7083 3470 7083 3471 7083 3503 7084 3471 7084 3504 7084 3504 7085 3471 7085 3472 7085 3504 7086 3472 7086 3505 7086 3505 7087 3472 7087 3473 7087 3505 7088 3473 7088 3506 7088 3506 7089 3473 7089 3474 7089 3506 7090 3474 7090 3507 7090 3507 7091 3474 7091 3475 7091 3507 7092 3475 7092 3508 7092 3508 7093 3475 7093 3476 7093 3508 7094 3476 7094 3509 7094 3509 7095 3476 7095 3477 7095 3509 7096 3477 7096 3510 7096 3510 7097 3477 7097 3478 7097 3510 7098 3478 7098 3511 7098 3511 7099 3478 7099 3479 7099 3511 7100 3479 7100 3512 7100 3512 7101 3479 7101 3480 7101 3512 7102 3480 7102 3513 7102 3513 7103 3480 7103 3481 7103 3513 7104 3481 7104 3514 7104 3514 7105 3481 7105 3482 7105 3514 7106 3482 7106 3515 7106 3515 7107 3482 7107 3483 7107 3515 7108 3483 7108 3516 7108 3516 7109 3483 7109 3484 7109 3516 7110 3484 7110 3517 7110 3517 7111 3484 7111 3485 7111 3517 7112 3485 7112 3518 7112 3518 7113 3485 7113 3486 7113 3518 7114 3486 7114 3519 7114 3519 7115 3486 7115 3487 7115 3519 7116 3487 7116 3520 7116 3520 7117 3487 7117 3488 7117 3520 7118 3488 7118 3521 7118 3521 7119 3488 7119 3489 7119 3521 7120 3489 7120 3522 7120 3522 7121 3489 7121 3490 7121 3522 7122 3490 7122 3523 7122 3523 7123 3490 7123 3491 7123 3523 7124 3491 7124 3524 7124 3524 7125 3491 7125 3492 7125 3524 7126 3492 7126 3525 7126 3525 7127 3492 7127 3493 7127 3525 7128 3493 7128 3526 7128 3526 7129 3493 7129 3494 7129 3526 7130 3494 7130 3527 7130 3527 7131 3494 7131 3495 7131 3527 7132 3495 7132 3528 7132 3528 7133 3495 7133 3496 7133 3528 7134 3496 7134 3529 7134 3529 7135 3496 7135 3497 7135 3529 7136 3497 7136 3498 7136 3498 7137 3497 7137 3466 7137 3530 7138 3498 7138 3531 7138 3531 7139 3498 7139 3499 7139 3531 7140 3499 7140 3532 7140 3532 7141 3499 7141 3500 7141 3532 7142 3500 7142 3533 7142 3533 7143 3500 7143 3501 7143 3533 7144 3501 7144 3534 7144 3534 7145 3501 7145 3502 7145 3534 7146 3502 7146 3535 7146 3535 7147 3502 7147 3503 7147 3535 7148 3503 7148 3536 7148 3536 7149 3503 7149 3504 7149 3536 7150 3504 7150 3537 7150 3537 7151 3504 7151 3505 7151 3537 7152 3505 7152 3538 7152 3538 7153 3505 7153 3506 7153 3538 7154 3506 7154 3539 7154 3539 7155 3506 7155 3507 7155 3539 7156 3507 7156 3540 7156 3540 7157 3507 7157 3508 7157 3540 7158 3508 7158 3541 7158 3541 7159 3508 7159 3509 7159 3541 7160 3509 7160 3542 7160 3542 7161 3509 7161 3510 7161 3542 7162 3510 7162 3543 7162 3543 7163 3510 7163 3511 7163 3543 7164 3511 7164 3544 7164 3544 7165 3511 7165 3512 7165 3544 7166 3512 7166 3545 7166 3545 7167 3512 7167 3513 7167 3545 7168 3513 7168 3546 7168 3546 7169 3513 7169 3514 7169 3546 7170 3514 7170 3547 7170 3547 7171 3514 7171 3515 7171 3547 7172 3515 7172 3548 7172 3548 7173 3515 7173 3516 7173 3548 7174 3516 7174 3549 7174 3549 7175 3516 7175 3517 7175 3549 7176 3517 7176 3550 7176 3550 7177 3517 7177 3518 7177 3550 7178 3518 7178 3551 7178 3551 7179 3518 7179 3519 7179 3551 7180 3519 7180 3552 7180 3552 7181 3519 7181 3520 7181 3552 7182 3520 7182 3553 7182 3553 7183 3520 7183 3521 7183 3553 7184 3521 7184 3554 7184 3554 7185 3521 7185 3522 7185 3554 7186 3522 7186 3555 7186 3555 7187 3522 7187 3523 7187 3555 7188 3523 7188 3556 7188 3556 7189 3523 7189 3524 7189 3556 7190 3524 7190 3557 7190 3557 7191 3524 7191 3525 7191 3557 7192 3525 7192 3558 7192 3558 7193 3525 7193 3526 7193 3558 7194 3526 7194 3559 7194 3559 7195 3526 7195 3527 7195 3559 7196 3527 7196 3560 7196 3560 7197 3527 7197 3528 7197 3560 7198 3528 7198 3561 7198 3561 7199 3528 7199 3529 7199 3561 7200 3529 7200 3530 7200 3530 7201 3529 7201 3498 7201 3562 7202 3530 7202 3563 7202 3563 7203 3530 7203 3531 7203 3563 7204 3531 7204 3564 7204 3564 7205 3531 7205 3532 7205 3564 7206 3532 7206 3565 7206 3565 7207 3532 7207 3533 7207 3565 7208 3533 7208 3566 7208 3566 7209 3533 7209 3534 7209 3566 7210 3534 7210 3567 7210 3567 7211 3534 7211 3535 7211 3567 7212 3535 7212 3568 7212 3568 7213 3535 7213 3536 7213 3568 7214 3536 7214 3569 7214 3569 7215 3536 7215 3537 7215 3569 7216 3537 7216 3570 7216 3570 7217 3537 7217 3538 7217 3570 7218 3538 7218 3571 7218 3571 7219 3538 7219 3539 7219 3571 7220 3539 7220 3572 7220 3572 7221 3539 7221 3540 7221 3572 7222 3540 7222 3573 7222 3573 7223 3540 7223 3541 7223 3573 7224 3541 7224 3574 7224 3574 7225 3541 7225 3542 7225 3574 7226 3542 7226 3575 7226 3575 7227 3542 7227 3543 7227 3575 7228 3543 7228 3576 7228 3576 7229 3543 7229 3544 7229 3576 7230 3544 7230 3577 7230 3577 7231 3544 7231 3545 7231 3577 7232 3545 7232 3578 7232 3578 7233 3545 7233 3546 7233 3578 7234 3546 7234 3579 7234 3579 7235 3546 7235 3547 7235 3579 7236 3547 7236 3580 7236 3580 7237 3547 7237 3548 7237 3580 7238 3548 7238 3581 7238 3581 7239 3548 7239 3549 7239 3581 7240 3549 7240 3582 7240 3582 7241 3549 7241 3550 7241 3582 7242 3550 7242 3583 7242 3583 7243 3550 7243 3551 7243 3583 7244 3551 7244 3584 7244 3584 7245 3551 7245 3552 7245 3584 7246 3552 7246 3585 7246 3585 7247 3552 7247 3553 7247 3585 7248 3553 7248 3586 7248 3586 7249 3553 7249 3554 7249 3586 7250 3554 7250 3587 7250 3587 7251 3554 7251 3555 7251 3587 7252 3555 7252 3588 7252 3588 7253 3555 7253 3556 7253 3588 7254 3556 7254 3589 7254 3589 7255 3556 7255 3557 7255 3589 7256 3557 7256 3590 7256 3590 7257 3557 7257 3558 7257 3590 7258 3558 7258 3591 7258 3591 7259 3558 7259 3559 7259 3591 7260 3559 7260 3592 7260 3592 7261 3559 7261 3560 7261 3592 7262 3560 7262 3593 7262 3593 7263 3560 7263 3561 7263 3593 7264 3561 7264 3562 7264 3562 7265 3561 7265 3530 7265 3594 7266 3562 7266 3595 7266 3595 7267 3562 7267 3563 7267 3595 7268 3563 7268 3596 7268 3596 7269 3563 7269 3564 7269 3596 7270 3564 7270 3597 7270 3597 7271 3564 7271 3565 7271 3597 7272 3565 7272 3598 7272 3598 7273 3565 7273 3566 7273 3598 7274 3566 7274 3599 7274 3599 7275 3566 7275 3567 7275 3599 7276 3567 7276 3600 7276 3600 7277 3567 7277 3568 7277 3600 7278 3568 7278 3601 7278 3601 7279 3568 7279 3569 7279 3601 7280 3569 7280 3602 7280 3602 7281 3569 7281 3570 7281 3602 7282 3570 7282 3603 7282 3603 7283 3570 7283 3571 7283 3603 7284 3571 7284 3604 7284 3604 7285 3571 7285 3572 7285 3604 7286 3572 7286 3605 7286 3605 7287 3572 7287 3573 7287 3605 7288 3573 7288 3606 7288 3606 7289 3573 7289 3574 7289 3606 7290 3574 7290 3607 7290 3607 7291 3574 7291 3575 7291 3607 7292 3575 7292 3608 7292 3608 7293 3575 7293 3576 7293 3608 7294 3576 7294 3609 7294 3609 7295 3576 7295 3577 7295 3609 7296 3577 7296 3610 7296 3610 7297 3577 7297 3578 7297 3610 7298 3578 7298 3611 7298 3611 7299 3578 7299 3579 7299 3611 7300 3579 7300 3612 7300 3612 7301 3579 7301 3580 7301 3612 7302 3580 7302 3613 7302 3613 7303 3580 7303 3581 7303 3613 7304 3581 7304 3614 7304 3614 7305 3581 7305 3582 7305 3614 7306 3582 7306 3615 7306 3615 7307 3582 7307 3583 7307 3615 7308 3583 7308 3616 7308 3616 7309 3583 7309 3584 7309 3616 7310 3584 7310 3617 7310 3617 7311 3584 7311 3585 7311 3617 7312 3585 7312 3618 7312 3618 7313 3585 7313 3586 7313 3618 7314 3586 7314 3619 7314 3619 7315 3586 7315 3587 7315 3619 7316 3587 7316 3620 7316 3620 7317 3587 7317 3588 7317 3620 7318 3588 7318 3621 7318 3621 7319 3588 7319 3589 7319 3621 7320 3589 7320 3622 7320 3622 7321 3589 7321 3590 7321 3622 7322 3590 7322 3623 7322 3623 7323 3590 7323 3591 7323 3623 7324 3591 7324 3624 7324 3624 7325 3591 7325 3592 7325 3624 7326 3592 7326 3625 7326 3625 7327 3592 7327 3593 7327 3625 7328 3593 7328 3594 7328 3594 7329 3593 7329 3562 7329 3626 7330 3594 7330 3627 7330 3627 7331 3594 7331 3595 7331 3627 7332 3595 7332 3628 7332 3628 7333 3595 7333 3596 7333 3628 7334 3596 7334 3629 7334 3629 7335 3596 7335 3597 7335 3629 7336 3597 7336 3630 7336 3630 7337 3597 7337 3598 7337 3630 7338 3598 7338 3631 7338 3631 7339 3598 7339 3599 7339 3631 7340 3599 7340 3632 7340 3632 7341 3599 7341 3600 7341 3632 7342 3600 7342 3633 7342 3633 7343 3600 7343 3601 7343 3633 7344 3601 7344 3634 7344 3634 7345 3601 7345 3602 7345 3634 7346 3602 7346 3635 7346 3635 7347 3602 7347 3603 7347 3635 7348 3603 7348 3636 7348 3636 7349 3603 7349 3604 7349 3636 7350 3604 7350 3637 7350 3637 7351 3604 7351 3605 7351 3637 7352 3605 7352 3638 7352 3638 7353 3605 7353 3606 7353 3638 7354 3606 7354 3639 7354 3639 7355 3606 7355 3607 7355 3639 7356 3607 7356 3640 7356 3640 7357 3607 7357 3608 7357 3640 7358 3608 7358 3641 7358 3641 7359 3608 7359 3609 7359 3641 7360 3609 7360 3642 7360 3642 7361 3609 7361 3610 7361 3642 7362 3610 7362 3643 7362 3643 7363 3610 7363 3611 7363 3643 7364 3611 7364 3644 7364 3644 7365 3611 7365 3612 7365 3644 7366 3612 7366 3645 7366 3645 7367 3612 7367 3613 7367 3645 7368 3613 7368 3646 7368 3646 7369 3613 7369 3614 7369 3646 7370 3614 7370 3647 7370 3647 7371 3614 7371 3615 7371 3647 7372 3615 7372 3648 7372 3648 7373 3615 7373 3616 7373 3648 7374 3616 7374 3649 7374 3649 7375 3616 7375 3617 7375 3649 7376 3617 7376 3650 7376 3650 7377 3617 7377 3618 7377 3650 7378 3618 7378 3651 7378 3651 7379 3618 7379 3619 7379 3651 7380 3619 7380 3652 7380 3652 7381 3619 7381 3620 7381 3652 7382 3620 7382 3653 7382 3653 7383 3620 7383 3621 7383 3653 7384 3621 7384 3654 7384 3654 7385 3621 7385 3622 7385 3654 7386 3622 7386 3655 7386 3655 7387 3622 7387 3623 7387 3655 7388 3623 7388 3656 7388 3656 7389 3623 7389 3624 7389 3656 7390 3624 7390 3657 7390 3657 7391 3624 7391 3625 7391 3657 7392 3625 7392 3626 7392 3626 7393 3625 7393 3594 7393 3643 7394 3644 7394 3632 7394 3632 7395 3649 7395 3631 7395 3631 7396 3649 7396 3630 7396 3645 7397 3646 7397 3644 7397 3644 7398 3646 7398 3647 7398 3644 7399 3647 7399 3632 7399 3632 7400 3647 7400 3648 7400 3632 7401 3648 7401 3649 7401 3633 7402 3634 7402 3637 7402 3637 7403 3634 7403 3635 7403 3637 7404 3635 7404 3636 7404 3639 7405 3640 7405 3632 7405 3633 7406 3637 7406 3632 7406 3632 7407 3637 7407 3638 7407 3632 7408 3638 7408 3639 7408 3640 7409 3641 7409 3632 7409 3632 7410 3641 7410 3642 7410 3632 7411 3642 7411 3643 7411 3649 7412 3650 7412 3630 7412 3630 7413 3650 7413 3651 7413 3630 7414 3651 7414 3652 7414 3652 7415 3653 7415 3630 7415 3630 7416 3653 7416 3654 7416 3630 7417 3654 7417 3655 7417 3626 7418 3627 7418 3628 7418 3628 7419 3629 7419 3626 7419 3626 7420 3629 7420 3630 7420 3626 7421 3630 7421 3657 7421 3657 7422 3630 7422 3655 7422 3657 7423 3655 7423 3656 7423 3658 7424 3659 7424 3660 7424 3658 7425 3660 7425 3661 7425 3661 7426 3660 7426 3662 7426 3661 7427 3662 7427 3663 7427 3663 7428 3662 7428 3664 7428 3663 7429 3664 7429 3665 7429 3665 7430 3664 7430 3666 7430 3665 7431 3666 7431 3667 7431 3667 7432 3666 7432 3668 7432 3667 7433 3668 7433 3669 7433 3669 7434 3668 7434 3670 7434 3669 7435 3670 7435 3671 7435 3671 7436 3670 7436 3672 7436 3671 7437 3672 7437 3673 7437 3658 7438 3674 7438 3659 7438 3659 7439 3674 7439 3675 7439 3659 7440 3675 7440 3676 7440 3677 7441 3678 7441 3659 7441 3659 7442 3678 7442 3679 7442 3659 7443 3679 7443 3680 7443 3676 7444 3681 7444 3659 7444 3659 7445 3681 7445 3682 7445 3659 7446 3682 7446 3683 7446 3683 7447 3684 7447 3659 7447 3659 7448 3684 7448 3685 7448 3659 7449 3685 7449 3677 7449 3680 7450 3686 7450 3659 7450 3659 7451 3686 7451 3687 7451 3659 7452 3687 7452 3688 7452 3688 7453 3687 7453 3689 7453 3676 7454 3675 7454 3690 7454 3690 7455 3675 7455 3674 7455 3690 7456 3674 7456 3691 7456 3691 7457 3674 7457 3658 7457 3691 7458 3658 7458 3692 7458 3692 7459 3658 7459 3661 7459 3692 7460 3661 7460 3693 7460 3693 7461 3661 7461 3663 7461 3693 7462 3663 7462 3694 7462 3694 7463 3663 7463 3665 7463 3694 7464 3665 7464 3695 7464 3695 7465 3665 7465 3667 7465 3695 7466 3667 7466 3696 7466 3696 7467 3667 7467 3669 7467 3696 7468 3669 7468 3697 7468 3697 7469 3669 7469 3671 7469 3697 7470 3671 7470 3698 7470 3698 7471 3671 7471 3673 7471 3698 7472 3673 7472 3699 7472 3699 7473 3673 7473 3672 7473 3699 7474 3672 7474 3700 7474 3700 7475 3672 7475 3670 7475 3700 7476 3670 7476 3701 7476 3701 7477 3670 7477 3668 7477 3701 7478 3668 7478 3702 7478 3702 7479 3668 7479 3666 7479 3702 7480 3666 7480 3703 7480 3703 7481 3666 7481 3664 7481 3703 7482 3664 7482 3704 7482 3704 7483 3664 7483 3662 7483 3704 7484 3662 7484 3705 7484 3705 7485 3662 7485 3660 7485 3705 7486 3660 7486 3706 7486 3706 7487 3660 7487 3659 7487 3706 7488 3659 7488 3707 7488 3707 7489 3659 7489 3688 7489 3707 7490 3688 7490 3708 7490 3708 7491 3688 7491 3689 7491 3708 7492 3689 7492 3709 7492 3709 7493 3689 7493 3687 7493 3709 7494 3687 7494 3710 7494 3710 7495 3687 7495 3686 7495 3710 7496 3686 7496 3711 7496 3711 7497 3686 7497 3680 7497 3711 7498 3680 7498 3712 7498 3712 7499 3680 7499 3679 7499 3712 7500 3679 7500 3713 7500 3713 7501 3679 7501 3678 7501 3713 7502 3678 7502 3714 7502 3714 7503 3678 7503 3677 7503 3714 7504 3677 7504 3715 7504 3715 7505 3677 7505 3685 7505 3715 7506 3685 7506 3716 7506 3716 7507 3685 7507 3684 7507 3716 7508 3684 7508 3717 7508 3717 7509 3684 7509 3683 7509 3717 7510 3683 7510 3718 7510 3718 7511 3683 7511 3682 7511 3718 7512 3682 7512 3719 7512 3719 7513 3682 7513 3681 7513 3719 7514 3681 7514 3720 7514 3720 7515 3681 7515 3676 7515 3720 7516 3676 7516 3690 7516 3721 7517 3699 7517 3722 7517 3722 7518 3699 7518 3700 7518 3722 7519 3700 7519 3723 7519 3723 7520 3700 7520 3701 7520 3723 7521 3701 7521 3724 7521 3724 7522 3701 7522 3702 7522 3724 7523 3702 7523 3725 7523 3725 7524 3702 7524 3703 7524 3725 7525 3703 7525 3726 7525 3726 7526 3703 7526 3704 7526 3726 7527 3704 7527 3727 7527 3727 7528 3704 7528 3705 7528 3727 7529 3705 7529 3728 7529 3728 7530 3705 7530 3706 7530 3728 7531 3706 7531 3729 7531 3729 7532 3706 7532 3707 7532 3729 7533 3707 7533 3730 7533 3730 7534 3707 7534 3708 7534 3730 7535 3708 7535 3731 7535 3731 7536 3708 7536 3709 7536 3731 7537 3709 7537 3732 7537 3732 7538 3709 7538 3710 7538 3732 7539 3710 7539 3733 7539 3733 7540 3710 7540 3711 7540 3733 7541 3711 7541 3734 7541 3734 7542 3711 7542 3712 7542 3734 7543 3712 7543 3735 7543 3735 7544 3712 7544 3713 7544 3735 7545 3713 7545 3736 7545 3736 7546 3713 7546 3714 7546 3736 7547 3714 7547 3737 7547 3737 7548 3714 7548 3715 7548 3737 7549 3715 7549 3738 7549 3738 7550 3715 7550 3716 7550 3738 7551 3716 7551 3739 7551 3739 7552 3716 7552 3717 7552 3739 7553 3717 7553 3740 7553 3740 7554 3717 7554 3718 7554 3740 7555 3718 7555 3741 7555 3741 7556 3718 7556 3719 7556 3741 7557 3719 7557 3742 7557 3742 7558 3719 7558 3720 7558 3742 7559 3720 7559 3743 7559 3743 7560 3720 7560 3690 7560 3743 7561 3690 7561 3744 7561 3744 7562 3690 7562 3691 7562 3744 7563 3691 7563 3745 7563 3745 7564 3691 7564 3692 7564 3745 7565 3692 7565 3746 7565 3746 7566 3692 7566 3693 7566 3746 7567 3693 7567 3747 7567 3747 7568 3693 7568 3694 7568 3747 7569 3694 7569 3748 7569 3748 7570 3694 7570 3695 7570 3748 7571 3695 7571 3749 7571 3749 7572 3695 7572 3696 7572 3749 7573 3696 7573 3750 7573 3750 7574 3696 7574 3697 7574 3750 7575 3697 7575 3751 7575 3751 7576 3697 7576 3698 7576 3751 7577 3698 7577 3721 7577 3721 7578 3698 7578 3699 7578 3752 7579 3721 7579 3753 7579 3753 7580 3721 7580 3722 7580 3753 7581 3722 7581 3754 7581 3754 7582 3722 7582 3723 7582 3754 7583 3723 7583 3755 7583 3755 7584 3723 7584 3724 7584 3755 7585 3724 7585 3756 7585 3756 7586 3724 7586 3725 7586 3756 7587 3725 7587 3757 7587 3757 7588 3725 7588 3726 7588 3757 7589 3726 7589 3758 7589 3758 7590 3726 7590 3727 7590 3758 7591 3727 7591 3759 7591 3759 7592 3727 7592 3728 7592 3759 7593 3728 7593 3760 7593 3760 7594 3728 7594 3729 7594 3760 7595 3729 7595 3761 7595 3761 7596 3729 7596 3730 7596 3761 7597 3730 7597 3762 7597 3762 7598 3730 7598 3731 7598 3762 7599 3731 7599 3763 7599 3763 7600 3731 7600 3732 7600 3763 7601 3732 7601 3764 7601 3764 7602 3732 7602 3733 7602 3764 7603 3733 7603 3765 7603 3765 7604 3733 7604 3734 7604 3765 7605 3734 7605 3766 7605 3766 7606 3734 7606 3735 7606 3766 7607 3735 7607 3767 7607 3767 7608 3735 7608 3736 7608 3767 7609 3736 7609 3768 7609 3768 7610 3736 7610 3737 7610 3768 7611 3737 7611 3769 7611 3769 7612 3737 7612 3738 7612 3769 7613 3738 7613 3770 7613 3770 7614 3738 7614 3739 7614 3770 7615 3739 7615 3771 7615 3771 7616 3739 7616 3740 7616 3771 7617 3740 7617 3772 7617 3772 7618 3740 7618 3741 7618 3772 7619 3741 7619 3773 7619 3773 7620 3741 7620 3742 7620 3773 7621 3742 7621 3774 7621 3774 7622 3742 7622 3743 7622 3774 7623 3743 7623 3775 7623 3775 7624 3743 7624 3744 7624 3775 7625 3744 7625 3776 7625 3776 7626 3744 7626 3745 7626 3776 7627 3745 7627 3777 7627 3777 7628 3745 7628 3746 7628 3777 7629 3746 7629 3778 7629 3778 7630 3746 7630 3747 7630 3778 7631 3747 7631 3779 7631 3779 7632 3747 7632 3748 7632 3779 7633 3748 7633 3780 7633 3780 7634 3748 7634 3749 7634 3780 7635 3749 7635 3781 7635 3781 7636 3749 7636 3750 7636 3781 7637 3750 7637 3782 7637 3782 7638 3750 7638 3751 7638 3782 7639 3751 7639 3752 7639 3752 7640 3751 7640 3721 7640 3783 7641 3752 7641 3784 7641 3784 7642 3752 7642 3753 7642 3784 7643 3753 7643 3785 7643 3785 7644 3753 7644 3754 7644 3785 7645 3754 7645 3786 7645 3786 7646 3754 7646 3755 7646 3786 7647 3755 7647 3787 7647 3787 7648 3755 7648 3756 7648 3787 7649 3756 7649 3788 7649 3788 7650 3756 7650 3757 7650 3788 7651 3757 7651 3789 7651 3789 7652 3757 7652 3758 7652 3789 7653 3758 7653 3790 7653 3790 7654 3758 7654 3759 7654 3790 7655 3759 7655 3791 7655 3791 7656 3759 7656 3760 7656 3791 7657 3760 7657 3792 7657 3792 7658 3760 7658 3761 7658 3792 7659 3761 7659 3793 7659 3793 7660 3761 7660 3762 7660 3793 7661 3762 7661 3794 7661 3794 7662 3762 7662 3763 7662 3794 7663 3763 7663 3795 7663 3795 7664 3763 7664 3764 7664 3795 7665 3764 7665 3796 7665 3796 7666 3764 7666 3765 7666 3796 7667 3765 7667 3797 7667 3797 7668 3765 7668 3766 7668 3797 7669 3766 7669 3798 7669 3798 7670 3766 7670 3767 7670 3798 7671 3767 7671 3799 7671 3799 7672 3767 7672 3768 7672 3799 7673 3768 7673 3800 7673 3800 7674 3768 7674 3769 7674 3800 7675 3769 7675 3801 7675 3801 7676 3769 7676 3770 7676 3801 7677 3770 7677 3802 7677 3802 7678 3770 7678 3771 7678 3802 7679 3771 7679 3803 7679 3803 7680 3771 7680 3772 7680 3803 7681 3772 7681 3804 7681 3804 7682 3772 7682 3773 7682 3804 7683 3773 7683 3805 7683 3805 7684 3773 7684 3774 7684 3805 7685 3774 7685 3806 7685 3806 7686 3774 7686 3775 7686 3806 7687 3775 7687 3807 7687 3807 7688 3775 7688 3776 7688 3807 7689 3776 7689 3808 7689 3808 7690 3776 7690 3777 7690 3808 7691 3777 7691 3809 7691 3809 7692 3777 7692 3778 7692 3809 7693 3778 7693 3810 7693 3810 7694 3778 7694 3779 7694 3810 7695 3779 7695 3811 7695 3811 7696 3779 7696 3780 7696 3811 7697 3780 7697 3812 7697 3812 7698 3780 7698 3781 7698 3812 7699 3781 7699 3813 7699 3813 7700 3781 7700 3782 7700 3813 7701 3782 7701 3783 7701 3783 7702 3782 7702 3752 7702 3814 7703 3783 7703 3815 7703 3815 7704 3783 7704 3784 7704 3815 7705 3784 7705 3816 7705 3816 7706 3784 7706 3785 7706 3816 7707 3785 7707 3817 7707 3817 7708 3785 7708 3786 7708 3817 7709 3786 7709 3818 7709 3818 7710 3786 7710 3787 7710 3818 7711 3787 7711 3819 7711 3819 7712 3787 7712 3788 7712 3819 7713 3788 7713 3820 7713 3820 7714 3788 7714 3789 7714 3820 7715 3789 7715 3821 7715 3821 7716 3789 7716 3790 7716 3821 7717 3790 7717 3822 7717 3822 7718 3790 7718 3791 7718 3822 7719 3791 7719 3823 7719 3823 7720 3791 7720 3792 7720 3823 7721 3792 7721 3824 7721 3824 7722 3792 7722 3793 7722 3824 7723 3793 7723 3825 7723 3825 7724 3793 7724 3794 7724 3825 7725 3794 7725 3826 7725 3826 7726 3794 7726 3795 7726 3826 7727 3795 7727 3827 7727 3827 7728 3795 7728 3796 7728 3827 7729 3796 7729 3828 7729 3828 7730 3796 7730 3797 7730 3828 7731 3797 7731 3829 7731 3829 7732 3797 7732 3798 7732 3829 7733 3798 7733 3830 7733 3830 7734 3798 7734 3799 7734 3830 7735 3799 7735 3831 7735 3831 7736 3799 7736 3800 7736 3831 7737 3800 7737 3832 7737 3832 7738 3800 7738 3801 7738 3832 7739 3801 7739 3833 7739 3833 7740 3801 7740 3802 7740 3833 7741 3802 7741 3834 7741 3834 7742 3802 7742 3803 7742 3834 7743 3803 7743 3835 7743 3835 7744 3803 7744 3804 7744 3835 7745 3804 7745 3836 7745 3836 7746 3804 7746 3805 7746 3836 7747 3805 7747 3837 7747 3837 7748 3805 7748 3806 7748 3837 7749 3806 7749 3838 7749 3838 7750 3806 7750 3807 7750 3838 7751 3807 7751 3839 7751 3839 7752 3807 7752 3808 7752 3839 7753 3808 7753 3840 7753 3840 7754 3808 7754 3809 7754 3840 7755 3809 7755 3841 7755 3841 7756 3809 7756 3810 7756 3841 7757 3810 7757 3842 7757 3842 7758 3810 7758 3811 7758 3842 7759 3811 7759 3843 7759 3843 7760 3811 7760 3812 7760 3843 7761 3812 7761 3844 7761 3844 7762 3812 7762 3813 7762 3844 7763 3813 7763 3814 7763 3814 7764 3813 7764 3783 7764 3845 7765 3814 7765 3846 7765 3846 7766 3814 7766 3815 7766 3846 7767 3815 7767 3847 7767 3847 7768 3815 7768 3816 7768 3847 7769 3816 7769 3848 7769 3848 7770 3816 7770 3817 7770 3848 7771 3817 7771 3849 7771 3849 7772 3817 7772 3818 7772 3849 7773 3818 7773 3850 7773 3850 7774 3818 7774 3819 7774 3850 7775 3819 7775 3851 7775 3851 7776 3819 7776 3820 7776 3851 7777 3820 7777 3852 7777 3852 7778 3820 7778 3821 7778 3852 7779 3821 7779 3853 7779 3853 7780 3821 7780 3822 7780 3853 7781 3822 7781 3854 7781 3854 7782 3822 7782 3823 7782 3854 7783 3823 7783 3855 7783 3855 7784 3823 7784 3824 7784 3855 7785 3824 7785 3856 7785 3856 7786 3824 7786 3825 7786 3856 7787 3825 7787 3857 7787 3857 7788 3825 7788 3826 7788 3857 7789 3826 7789 3858 7789 3858 7790 3826 7790 3827 7790 3858 7791 3827 7791 3859 7791 3859 7792 3827 7792 3828 7792 3859 7793 3828 7793 3860 7793 3860 7794 3828 7794 3829 7794 3860 7795 3829 7795 3861 7795 3861 7796 3829 7796 3830 7796 3861 7797 3830 7797 3862 7797 3862 7798 3830 7798 3831 7798 3862 7799 3831 7799 3863 7799 3863 7800 3831 7800 3832 7800 3863 7801 3832 7801 3864 7801 3864 7802 3832 7802 3833 7802 3864 7803 3833 7803 3865 7803 3865 7804 3833 7804 3834 7804 3865 7805 3834 7805 3866 7805 3866 7806 3834 7806 3835 7806 3866 7807 3835 7807 3867 7807 3867 7808 3835 7808 3836 7808 3867 7809 3836 7809 3868 7809 3868 7810 3836 7810 3837 7810 3868 7811 3837 7811 3869 7811 3869 7812 3837 7812 3838 7812 3869 7813 3838 7813 3870 7813 3870 7814 3838 7814 3839 7814 3870 7815 3839 7815 3871 7815 3871 7816 3839 7816 3840 7816 3871 7817 3840 7817 3872 7817 3872 7818 3840 7818 3841 7818 3872 7819 3841 7819 3873 7819 3873 7820 3841 7820 3842 7820 3873 7821 3842 7821 3874 7821 3874 7822 3842 7822 3843 7822 3874 7823 3843 7823 3875 7823 3875 7824 3843 7824 3844 7824 3875 7825 3844 7825 3845 7825 3845 7826 3844 7826 3814 7826 3876 7827 3845 7827 3877 7827 3877 7828 3845 7828 3846 7828 3877 7829 3846 7829 3878 7829 3878 7830 3846 7830 3847 7830 3878 7831 3847 7831 3879 7831 3879 7832 3847 7832 3848 7832 3879 7833 3848 7833 3880 7833 3880 7834 3848 7834 3849 7834 3880 7835 3849 7835 3881 7835 3881 7836 3849 7836 3850 7836 3881 7837 3850 7837 3882 7837 3882 7838 3850 7838 3851 7838 3882 7839 3851 7839 3883 7839 3883 7840 3851 7840 3852 7840 3883 7841 3852 7841 3884 7841 3884 7842 3852 7842 3853 7842 3884 7843 3853 7843 3885 7843 3885 7844 3853 7844 3854 7844 3885 7845 3854 7845 3886 7845 3886 7846 3854 7846 3855 7846 3886 7847 3855 7847 3887 7847 3887 7848 3855 7848 3856 7848 3887 7849 3856 7849 3888 7849 3888 7850 3856 7850 3857 7850 3888 7851 3857 7851 3889 7851 3889 7852 3857 7852 3858 7852 3889 7853 3858 7853 3890 7853 3890 7854 3858 7854 3859 7854 3890 7855 3859 7855 3891 7855 3891 7856 3859 7856 3860 7856 3891 7857 3860 7857 3892 7857 3892 7858 3860 7858 3861 7858 3892 7859 3861 7859 3893 7859 3893 7860 3861 7860 3862 7860 3893 7861 3862 7861 3894 7861 3894 7862 3862 7862 3863 7862 3894 7863 3863 7863 3895 7863 3895 7864 3863 7864 3864 7864 3895 7865 3864 7865 3896 7865 3896 7866 3864 7866 3865 7866 3896 7867 3865 7867 3897 7867 3897 7868 3865 7868 3866 7868 3897 7869 3866 7869 3898 7869 3898 7870 3866 7870 3867 7870 3898 7871 3867 7871 3899 7871 3899 7872 3867 7872 3868 7872 3899 7873 3868 7873 3900 7873 3900 7874 3868 7874 3869 7874 3900 7875 3869 7875 3901 7875 3901 7876 3869 7876 3870 7876 3901 7877 3870 7877 3902 7877 3902 7878 3870 7878 3871 7878 3902 7879 3871 7879 3903 7879 3903 7880 3871 7880 3872 7880 3903 7881 3872 7881 3904 7881 3904 7882 3872 7882 3873 7882 3904 7883 3873 7883 3905 7883 3905 7884 3873 7884 3874 7884 3905 7885 3874 7885 3906 7885 3906 7886 3874 7886 3875 7886 3906 7887 3875 7887 3876 7887 3876 7888 3875 7888 3845 7888 3907 7889 3908 7889 3898 7889 3898 7890 3908 7890 3909 7890 3898 7891 3909 7891 3897 7891 3897 7892 3909 7892 3910 7892 3897 7893 3910 7893 3896 7893 3896 7894 3910 7894 3911 7894 3896 7895 3911 7895 3895 7895 3895 7896 3911 7896 3912 7896 3895 7897 3912 7897 3894 7897 3894 7898 3912 7898 3913 7898 3894 7899 3913 7899 3893 7899 3893 7900 3913 7900 3914 7900 3893 7901 3914 7901 3892 7901 3892 7902 3914 7902 3915 7902 3892 7903 3915 7903 3891 7903 3891 7904 3915 7904 3916 7904 3891 7905 3916 7905 3890 7905 3890 7906 3916 7906 3917 7906 3890 7907 3917 7907 3889 7907 3889 7908 3917 7908 3918 7908 3889 7909 3918 7909 3888 7909 3888 7910 3918 7910 3919 7910 3888 7911 3919 7911 3887 7911 3887 7912 3919 7912 3920 7912 3887 7913 3920 7913 3886 7913 3886 7914 3920 7914 3921 7914 3886 7915 3921 7915 3885 7915 3885 7916 3921 7916 3922 7916 3885 7917 3922 7917 3884 7917 3884 7918 3922 7918 3923 7918 3884 7919 3923 7919 3883 7919 3883 7920 3923 7920 3924 7920 3883 7921 3924 7921 3882 7921 3882 7922 3924 7922 3925 7922 3882 7923 3925 7923 3881 7923 3881 7924 3925 7924 3926 7924 3881 7925 3926 7925 3880 7925 3880 7926 3926 7926 3927 7926 3880 7927 3927 7927 3879 7927 3879 7928 3927 7928 3928 7928 3879 7929 3928 7929 3878 7929 3878 7930 3928 7930 3929 7930 3878 7931 3929 7931 3877 7931 3877 7932 3929 7932 3930 7932 3877 7933 3930 7933 3876 7933 3876 7934 3930 7934 3931 7934 3876 7935 3931 7935 3906 7935 3906 7936 3931 7936 3932 7936 3906 7937 3932 7937 3905 7937 3905 7938 3932 7938 3933 7938 3905 7939 3933 7939 3904 7939 3904 7940 3933 7940 3934 7940 3904 7941 3934 7941 3903 7941 3903 7942 3934 7942 3935 7942 3903 7943 3935 7943 3902 7943 3902 7944 3935 7944 3936 7944 3902 7945 3936 7945 3901 7945 3901 7946 3936 7946 3937 7946 3901 7947 3937 7947 3900 7947 3900 7948 3937 7948 3938 7948 3900 7949 3938 7949 3899 7949 3899 7950 3938 7950 3907 7950 3899 7951 3907 7951 3898 7951 3908 7952 3924 7952 3909 7952 3909 7953 3924 7953 3923 7953 3909 7954 3923 7954 3910 7954 3910 7955 3923 7955 3922 7955 3910 7956 3922 7956 3911 7956 3911 7957 3922 7957 3921 7957 3911 7958 3921 7958 3912 7958 3912 7959 3921 7959 3920 7959 3912 7960 3920 7960 3913 7960 3913 7961 3920 7961 3919 7961 3913 7962 3919 7962 3914 7962 3914 7963 3919 7963 3918 7963 3914 7964 3918 7964 3915 7964 3915 7965 3918 7965 3917 7965 3915 7966 3917 7966 3916 7966 3908 7967 3907 7967 3924 7967 3924 7968 3907 7968 3938 7968 3924 7969 3938 7969 3925 7969 3925 7970 3938 7970 3937 7970 3925 7971 3937 7971 3926 7971 3926 7972 3937 7972 3936 7972 3926 7973 3936 7973 3927 7973 3927 7974 3936 7974 3935 7974 3927 7975 3935 7975 3928 7975 3928 7976 3935 7976 3934 7976 3928 7977 3934 7977 3929 7977 3929 7978 3934 7978 3933 7978 3929 7979 3933 7979 3930 7979 3930 7980 3933 7980 3932 7980 3930 7981 3932 7981 3931 7981 3939 7982 3940 7982 3941 7982 3939 7983 3941 7983 3942 7983 3942 7984 3941 7984 3943 7984 3942 7985 3943 7985 3944 7985 3944 7986 3943 7986 3945 7986 3944 7987 3945 7987 3946 7987 3946 7988 3945 7988 3947 7988 3946 7989 3947 7989 3948 7989 3948 7990 3947 7990 3949 7990 3948 7991 3949 7991 3950 7991 3950 7992 3949 7992 3951 7992 3950 7993 3951 7993 3952 7993 3952 7994 3951 7994 3953 7994 3952 7995 3953 7995 3954 7995 3939 7996 3955 7996 3940 7996 3940 7997 3955 7997 3956 7997 3940 7998 3956 7998 3957 7998 3957 7999 3956 7999 3958 7999 3957 8000 3958 8000 3959 8000 3959 8001 3958 8001 3960 8001 3959 8002 3960 8002 3961 8002 3961 8003 3960 8003 3962 8003 3961 8004 3962 8004 3963 8004 3963 8005 3962 8005 3964 8005 3963 8006 3964 8006 3965 8006 3965 8007 3964 8007 3966 8007 3965 8008 3966 8008 3967 8008 3967 8009 3966 8009 3968 8009 3967 8010 3968 8010 3969 8010 3969 8011 3968 8011 3970 8011 3958 8012 3956 8012 3971 8012 3971 8013 3956 8013 3955 8013 3971 8014 3955 8014 3972 8014 3972 8015 3955 8015 3939 8015 3972 8016 3939 8016 3973 8016 3973 8017 3939 8017 3942 8017 3973 8018 3942 8018 3974 8018 3974 8019 3942 8019 3944 8019 3974 8020 3944 8020 3975 8020 3975 8021 3944 8021 3946 8021 3975 8022 3946 8022 3976 8022 3976 8023 3946 8023 3948 8023 3976 8024 3948 8024 3977 8024 3977 8025 3948 8025 3950 8025 3977 8026 3950 8026 3978 8026 3978 8027 3950 8027 3952 8027 3978 8028 3952 8028 3979 8028 3979 8029 3952 8029 3954 8029 3979 8030 3954 8030 3980 8030 3980 8031 3954 8031 3953 8031 3980 8032 3953 8032 3981 8032 3981 8033 3953 8033 3951 8033 3981 8034 3951 8034 3982 8034 3982 8035 3951 8035 3949 8035 3982 8036 3949 8036 3983 8036 3983 8037 3949 8037 3947 8037 3983 8038 3947 8038 3984 8038 3984 8039 3947 8039 3945 8039 3984 8040 3945 8040 3985 8040 3985 8041 3945 8041 3943 8041 3985 8042 3943 8042 3986 8042 3986 8043 3943 8043 3941 8043 3986 8044 3941 8044 3987 8044 3987 8045 3941 8045 3940 8045 3987 8046 3940 8046 3988 8046 3988 8047 3940 8047 3957 8047 3988 8048 3957 8048 3989 8048 3989 8049 3957 8049 3959 8049 3989 8050 3959 8050 3990 8050 3990 8051 3959 8051 3961 8051 3990 8052 3961 8052 3991 8052 3991 8053 3961 8053 3963 8053 3991 8054 3963 8054 3992 8054 3992 8055 3963 8055 3965 8055 3992 8056 3965 8056 3993 8056 3993 8057 3965 8057 3967 8057 3993 8058 3967 8058 3994 8058 3994 8059 3967 8059 3969 8059 3994 8060 3969 8060 3995 8060 3995 8061 3969 8061 3970 8061 3995 8062 3970 8062 3996 8062 3996 8063 3970 8063 3968 8063 3996 8064 3968 8064 3997 8064 3997 8065 3968 8065 3966 8065 3997 8066 3966 8066 3998 8066 3998 8067 3966 8067 3964 8067 3998 8068 3964 8068 3999 8068 3999 8069 3964 8069 3962 8069 3999 8070 3962 8070 4000 8070 4000 8071 3962 8071 3960 8071 4000 8072 3960 8072 4001 8072 4001 8073 3960 8073 3958 8073 4001 8074 3958 8074 3971 8074 4002 8075 3980 8075 4003 8075 4003 8076 3980 8076 3981 8076 4003 8077 3981 8077 4004 8077 4004 8078 3981 8078 3982 8078 4004 8079 3982 8079 4005 8079 4005 8080 3982 8080 3983 8080 4005 8081 3983 8081 4006 8081 4006 8082 3983 8082 3984 8082 4006 8083 3984 8083 4007 8083 4007 8084 3984 8084 3985 8084 4007 8085 3985 8085 4008 8085 4008 8086 3985 8086 3986 8086 4008 8087 3986 8087 4009 8087 4009 8088 3986 8088 3987 8088 4009 8089 3987 8089 4010 8089 4010 8090 3987 8090 3988 8090 4010 8091 3988 8091 4011 8091 4011 8092 3988 8092 3989 8092 4011 8093 3989 8093 4012 8093 4012 8094 3989 8094 3990 8094 4012 8095 3990 8095 4013 8095 4013 8096 3990 8096 3991 8096 4013 8097 3991 8097 4014 8097 4014 8098 3991 8098 3992 8098 4014 8099 3992 8099 4015 8099 4015 8100 3992 8100 3993 8100 4015 8101 3993 8101 4016 8101 4016 8102 3993 8102 3994 8102 4016 8103 3994 8103 4017 8103 4017 8104 3994 8104 3995 8104 4017 8105 3995 8105 4018 8105 4018 8106 3995 8106 3996 8106 4018 8107 3996 8107 4019 8107 4019 8108 3996 8108 3997 8108 4019 8109 3997 8109 4020 8109 4020 8110 3997 8110 3998 8110 4020 8111 3998 8111 4021 8111 4021 8112 3998 8112 3999 8112 4021 8113 3999 8113 4022 8113 4022 8114 3999 8114 4000 8114 4022 8115 4000 8115 4023 8115 4023 8116 4000 8116 4001 8116 4023 8117 4001 8117 4024 8117 4024 8118 4001 8118 3971 8118 4024 8119 3971 8119 4025 8119 4025 8120 3971 8120 3972 8120 4025 8121 3972 8121 4026 8121 4026 8122 3972 8122 3973 8122 4026 8123 3973 8123 4027 8123 4027 8124 3973 8124 3974 8124 4027 8125 3974 8125 4028 8125 4028 8126 3974 8126 3975 8126 4028 8127 3975 8127 4029 8127 4029 8128 3975 8128 3976 8128 4029 8129 3976 8129 4030 8129 4030 8130 3976 8130 3977 8130 4030 8131 3977 8131 4031 8131 4031 8132 3977 8132 3978 8132 4031 8133 3978 8133 4032 8133 4032 8134 3978 8134 3979 8134 4032 8135 3979 8135 4002 8135 4002 8136 3979 8136 3980 8136 4033 8137 4002 8137 4034 8137 4034 8138 4002 8138 4003 8138 4034 8139 4003 8139 4035 8139 4035 8140 4003 8140 4004 8140 4035 8141 4004 8141 4036 8141 4036 8142 4004 8142 4005 8142 4036 8143 4005 8143 4037 8143 4037 8144 4005 8144 4006 8144 4037 8145 4006 8145 4038 8145 4038 8146 4006 8146 4007 8146 4038 8147 4007 8147 4039 8147 4039 8148 4007 8148 4008 8148 4039 8149 4008 8149 4040 8149 4040 8150 4008 8150 4009 8150 4040 8151 4009 8151 4041 8151 4041 8152 4009 8152 4010 8152 4041 8153 4010 8153 4042 8153 4042 8154 4010 8154 4011 8154 4042 8155 4011 8155 4043 8155 4043 8156 4011 8156 4012 8156 4043 8157 4012 8157 4044 8157 4044 8158 4012 8158 4013 8158 4044 8159 4013 8159 4045 8159 4045 8160 4013 8160 4014 8160 4045 8161 4014 8161 4046 8161 4046 8162 4014 8162 4015 8162 4046 8163 4015 8163 4047 8163 4047 8164 4015 8164 4016 8164 4047 8165 4016 8165 4048 8165 4048 8166 4016 8166 4017 8166 4048 8167 4017 8167 4049 8167 4049 8168 4017 8168 4018 8168 4049 8169 4018 8169 4050 8169 4050 8170 4018 8170 4019 8170 4050 8171 4019 8171 4051 8171 4051 8172 4019 8172 4020 8172 4051 8173 4020 8173 4052 8173 4052 8174 4020 8174 4021 8174 4052 8175 4021 8175 4053 8175 4053 8176 4021 8176 4022 8176 4053 8177 4022 8177 4054 8177 4054 8178 4022 8178 4023 8178 4054 8179 4023 8179 4055 8179 4055 8180 4023 8180 4024 8180 4055 8181 4024 8181 4056 8181 4056 8182 4024 8182 4025 8182 4056 8183 4025 8183 4057 8183 4057 8184 4025 8184 4026 8184 4057 8185 4026 8185 4058 8185 4058 8186 4026 8186 4027 8186 4058 8187 4027 8187 4059 8187 4059 8188 4027 8188 4028 8188 4059 8189 4028 8189 4060 8189 4060 8190 4028 8190 4029 8190 4060 8191 4029 8191 4061 8191 4061 8192 4029 8192 4030 8192 4061 8193 4030 8193 4062 8193 4062 8194 4030 8194 4031 8194 4062 8195 4031 8195 4063 8195 4063 8196 4031 8196 4032 8196 4063 8197 4032 8197 4033 8197 4033 8198 4032 8198 4002 8198 4064 8199 4033 8199 4065 8199 4065 8200 4033 8200 4034 8200 4065 8201 4034 8201 4066 8201 4066 8202 4034 8202 4035 8202 4066 8203 4035 8203 4067 8203 4067 8204 4035 8204 4036 8204 4067 8205 4036 8205 4068 8205 4068 8206 4036 8206 4037 8206 4068 8207 4037 8207 4069 8207 4069 8208 4037 8208 4038 8208 4069 8209 4038 8209 4070 8209 4070 8210 4038 8210 4039 8210 4070 8211 4039 8211 4071 8211 4071 8212 4039 8212 4040 8212 4071 8213 4040 8213 4072 8213 4072 8214 4040 8214 4041 8214 4072 8215 4041 8215 4073 8215 4073 8216 4041 8216 4042 8216 4073 8217 4042 8217 4074 8217 4074 8218 4042 8218 4043 8218 4074 8219 4043 8219 4075 8219 4075 8220 4043 8220 4044 8220 4075 8221 4044 8221 4076 8221 4076 8222 4044 8222 4045 8222 4076 8223 4045 8223 4077 8223 4077 8224 4045 8224 4046 8224 4077 8225 4046 8225 4078 8225 4078 8226 4046 8226 4047 8226 4078 8227 4047 8227 4079 8227 4079 8228 4047 8228 4048 8228 4079 8229 4048 8229 4080 8229 4080 8230 4048 8230 4049 8230 4080 8231 4049 8231 4081 8231 4081 8232 4049 8232 4050 8232 4081 8233 4050 8233 4082 8233 4082 8234 4050 8234 4051 8234 4082 8235 4051 8235 4083 8235 4083 8236 4051 8236 4052 8236 4083 8237 4052 8237 4084 8237 4084 8238 4052 8238 4053 8238 4084 8239 4053 8239 4085 8239 4085 8240 4053 8240 4054 8240 4085 8241 4054 8241 4086 8241 4086 8242 4054 8242 4055 8242 4086 8243 4055 8243 4087 8243 4087 8244 4055 8244 4056 8244 4087 8245 4056 8245 4088 8245 4088 8246 4056 8246 4057 8246 4088 8247 4057 8247 4089 8247 4089 8248 4057 8248 4058 8248 4089 8249 4058 8249 4090 8249 4090 8250 4058 8250 4059 8250 4090 8251 4059 8251 4091 8251 4091 8252 4059 8252 4060 8252 4091 8253 4060 8253 4092 8253 4092 8254 4060 8254 4061 8254 4092 8255 4061 8255 4093 8255 4093 8256 4061 8256 4062 8256 4093 8257 4062 8257 4094 8257 4094 8258 4062 8258 4063 8258 4094 8259 4063 8259 4064 8259 4064 8260 4063 8260 4033 8260 4095 8261 4064 8261 4096 8261 4096 8262 4064 8262 4065 8262 4096 8263 4065 8263 4097 8263 4097 8264 4065 8264 4066 8264 4097 8265 4066 8265 4098 8265 4098 8266 4066 8266 4067 8266 4098 8267 4067 8267 4099 8267 4099 8268 4067 8268 4068 8268 4099 8269 4068 8269 4100 8269 4100 8270 4068 8270 4069 8270 4100 8271 4069 8271 4101 8271 4101 8272 4069 8272 4070 8272 4101 8273 4070 8273 4102 8273 4102 8274 4070 8274 4071 8274 4102 8275 4071 8275 4103 8275 4103 8276 4071 8276 4072 8276 4103 8277 4072 8277 4104 8277 4104 8278 4072 8278 4073 8278 4104 8279 4073 8279 4105 8279 4105 8280 4073 8280 4074 8280 4105 8281 4074 8281 4106 8281 4106 8282 4074 8282 4075 8282 4106 8283 4075 8283 4107 8283 4107 8284 4075 8284 4076 8284 4107 8285 4076 8285 4108 8285 4108 8286 4076 8286 4077 8286 4108 8287 4077 8287 4109 8287 4109 8288 4077 8288 4078 8288 4109 8289 4078 8289 4110 8289 4110 8290 4078 8290 4079 8290 4110 8291 4079 8291 4111 8291 4111 8292 4079 8292 4080 8292 4111 8293 4080 8293 4112 8293 4112 8294 4080 8294 4081 8294 4112 8295 4081 8295 4113 8295 4113 8296 4081 8296 4082 8296 4113 8297 4082 8297 4114 8297 4114 8298 4082 8298 4083 8298 4114 8299 4083 8299 4115 8299 4115 8300 4083 8300 4084 8300 4115 8301 4084 8301 4116 8301 4116 8302 4084 8302 4085 8302 4116 8303 4085 8303 4117 8303 4117 8304 4085 8304 4086 8304 4117 8305 4086 8305 4118 8305 4118 8306 4086 8306 4087 8306 4118 8307 4087 8307 4119 8307 4119 8308 4087 8308 4088 8308 4119 8309 4088 8309 4120 8309 4120 8310 4088 8310 4089 8310 4120 8311 4089 8311 4121 8311 4121 8312 4089 8312 4090 8312 4121 8313 4090 8313 4122 8313 4122 8314 4090 8314 4091 8314 4122 8315 4091 8315 4123 8315 4123 8316 4091 8316 4092 8316 4123 8317 4092 8317 4124 8317 4124 8318 4092 8318 4093 8318 4124 8319 4093 8319 4125 8319 4125 8320 4093 8320 4094 8320 4125 8321 4094 8321 4095 8321 4095 8322 4094 8322 4064 8322 4126 8323 4095 8323 4127 8323 4127 8324 4095 8324 4096 8324 4127 8325 4096 8325 4128 8325 4128 8326 4096 8326 4097 8326 4128 8327 4097 8327 4129 8327 4129 8328 4097 8328 4098 8328 4129 8329 4098 8329 4130 8329 4130 8330 4098 8330 4099 8330 4130 8331 4099 8331 4131 8331 4131 8332 4099 8332 4100 8332 4131 8333 4100 8333 4132 8333 4132 8334 4100 8334 4101 8334 4132 8335 4101 8335 4133 8335 4133 8336 4101 8336 4102 8336 4133 8337 4102 8337 4134 8337 4134 8338 4102 8338 4103 8338 4134 8339 4103 8339 4135 8339 4135 8340 4103 8340 4104 8340 4135 8341 4104 8341 4136 8341 4136 8342 4104 8342 4105 8342 4136 8343 4105 8343 4137 8343 4137 8344 4105 8344 4106 8344 4137 8345 4106 8345 4138 8345 4138 8346 4106 8346 4107 8346 4138 8347 4107 8347 4139 8347 4139 8348 4107 8348 4108 8348 4139 8349 4108 8349 4140 8349 4140 8350 4108 8350 4109 8350 4140 8351 4109 8351 4141 8351 4141 8352 4109 8352 4110 8352 4141 8353 4110 8353 4142 8353 4142 8354 4110 8354 4111 8354 4142 8355 4111 8355 4143 8355 4143 8356 4111 8356 4112 8356 4143 8357 4112 8357 4144 8357 4144 8358 4112 8358 4113 8358 4144 8359 4113 8359 4145 8359 4145 8360 4113 8360 4114 8360 4145 8361 4114 8361 4146 8361 4146 8362 4114 8362 4115 8362 4146 8363 4115 8363 4147 8363 4147 8364 4115 8364 4116 8364 4147 8365 4116 8365 4148 8365 4148 8366 4116 8366 4117 8366 4148 8367 4117 8367 4149 8367 4149 8368 4117 8368 4118 8368 4149 8369 4118 8369 4150 8369 4150 8370 4118 8370 4119 8370 4150 8371 4119 8371 4151 8371 4151 8372 4119 8372 4120 8372 4151 8373 4120 8373 4152 8373 4152 8374 4120 8374 4121 8374 4152 8375 4121 8375 4153 8375 4153 8376 4121 8376 4122 8376 4153 8377 4122 8377 4154 8377 4154 8378 4122 8378 4123 8378 4154 8379 4123 8379 4155 8379 4155 8380 4123 8380 4124 8380 4155 8381 4124 8381 4156 8381 4156 8382 4124 8382 4125 8382 4156 8383 4125 8383 4126 8383 4126 8384 4125 8384 4095 8384 4157 8385 4126 8385 4158 8385 4158 8386 4126 8386 4127 8386 4158 8387 4127 8387 4159 8387 4159 8388 4127 8388 4128 8388 4159 8389 4128 8389 4160 8389 4160 8390 4128 8390 4129 8390 4160 8391 4129 8391 4161 8391 4161 8392 4129 8392 4130 8392 4161 8393 4130 8393 4162 8393 4162 8394 4130 8394 4131 8394 4162 8395 4131 8395 4163 8395 4163 8396 4131 8396 4132 8396 4163 8397 4132 8397 4164 8397 4164 8398 4132 8398 4133 8398 4164 8399 4133 8399 4165 8399 4165 8400 4133 8400 4134 8400 4165 8401 4134 8401 4166 8401 4166 8402 4134 8402 4135 8402 4166 8403 4135 8403 4167 8403 4167 8404 4135 8404 4136 8404 4167 8405 4136 8405 4168 8405 4168 8406 4136 8406 4137 8406 4168 8407 4137 8407 4169 8407 4169 8408 4137 8408 4138 8408 4169 8409 4138 8409 4170 8409 4170 8410 4138 8410 4139 8410 4170 8411 4139 8411 4171 8411 4171 8412 4139 8412 4140 8412 4171 8413 4140 8413 4172 8413 4172 8414 4140 8414 4141 8414 4172 8415 4141 8415 4173 8415 4173 8416 4141 8416 4142 8416 4173 8417 4142 8417 4174 8417 4174 8418 4142 8418 4143 8418 4174 8419 4143 8419 4175 8419 4175 8420 4143 8420 4144 8420 4175 8421 4144 8421 4176 8421 4176 8422 4144 8422 4145 8422 4176 8423 4145 8423 4177 8423 4177 8424 4145 8424 4146 8424 4177 8425 4146 8425 4178 8425 4178 8426 4146 8426 4147 8426 4178 8427 4147 8427 4179 8427 4179 8428 4147 8428 4148 8428 4179 8429 4148 8429 4180 8429 4180 8430 4148 8430 4149 8430 4180 8431 4149 8431 4181 8431 4181 8432 4149 8432 4150 8432 4181 8433 4150 8433 4182 8433 4182 8434 4150 8434 4151 8434 4182 8435 4151 8435 4183 8435 4183 8436 4151 8436 4152 8436 4183 8437 4152 8437 4184 8437 4184 8438 4152 8438 4153 8438 4184 8439 4153 8439 4185 8439 4185 8440 4153 8440 4154 8440 4185 8441 4154 8441 4186 8441 4186 8442 4154 8442 4155 8442 4186 8443 4155 8443 4187 8443 4187 8444 4155 8444 4156 8444 4187 8445 4156 8445 4157 8445 4157 8446 4156 8446 4126 8446 4188 8447 4189 8447 4179 8447 4179 8448 4189 8448 4190 8448 4179 8449 4190 8449 4178 8449 4178 8450 4190 8450 4191 8450 4178 8451 4191 8451 4177 8451 4177 8452 4191 8452 4192 8452 4177 8453 4192 8453 4176 8453 4176 8454 4192 8454 4193 8454 4176 8455 4193 8455 4175 8455 4175 8456 4193 8456 4194 8456 4175 8457 4194 8457 4174 8457 4174 8458 4194 8458 4195 8458 4174 8459 4195 8459 4173 8459 4173 8460 4195 8460 4196 8460 4173 8461 4196 8461 4172 8461 4172 8462 4196 8462 4197 8462 4172 8463 4197 8463 4171 8463 4171 8464 4197 8464 4198 8464 4171 8465 4198 8465 4170 8465 4170 8466 4198 8466 4199 8466 4170 8467 4199 8467 4169 8467 4169 8468 4199 8468 4200 8468 4169 8469 4200 8469 4168 8469 4168 8470 4200 8470 4201 8470 4168 8471 4201 8471 4167 8471 4167 8472 4201 8472 4202 8472 4167 8473 4202 8473 4166 8473 4166 8474 4202 8474 4203 8474 4166 8475 4203 8475 4165 8475 4165 8476 4203 8476 4204 8476 4165 8477 4204 8477 4164 8477 4164 8478 4204 8478 4205 8478 4164 8479 4205 8479 4163 8479 4163 8480 4205 8480 4206 8480 4163 8481 4206 8481 4162 8481 4162 8482 4206 8482 4207 8482 4162 8483 4207 8483 4161 8483 4161 8484 4207 8484 4208 8484 4161 8485 4208 8485 4160 8485 4160 8486 4208 8486 4209 8486 4160 8487 4209 8487 4159 8487 4159 8488 4209 8488 4210 8488 4159 8489 4210 8489 4158 8489 4158 8490 4210 8490 4211 8490 4158 8491 4211 8491 4157 8491 4157 8492 4211 8492 4212 8492 4157 8493 4212 8493 4187 8493 4187 8494 4212 8494 4213 8494 4187 8495 4213 8495 4186 8495 4186 8496 4213 8496 4214 8496 4186 8497 4214 8497 4185 8497 4185 8498 4214 8498 4215 8498 4185 8499 4215 8499 4184 8499 4184 8500 4215 8500 4216 8500 4184 8501 4216 8501 4183 8501 4183 8502 4216 8502 4217 8502 4183 8503 4217 8503 4182 8503 4182 8504 4217 8504 4218 8504 4182 8505 4218 8505 4181 8505 4181 8506 4218 8506 4219 8506 4181 8507 4219 8507 4180 8507 4180 8508 4219 8508 4188 8508 4180 8509 4188 8509 4179 8509 4190 8510 4205 8510 4204 8510 4190 8511 4204 8511 4191 8511 4191 8512 4204 8512 4203 8512 4191 8513 4203 8513 4192 8513 4192 8514 4203 8514 4202 8514 4192 8515 4202 8515 4193 8515 4193 8516 4202 8516 4201 8516 4193 8517 4201 8517 4194 8517 4194 8518 4201 8518 4200 8518 4194 8519 4200 8519 4195 8519 4195 8520 4200 8520 4199 8520 4195 8521 4199 8521 4196 8521 4196 8522 4199 8522 4198 8522 4196 8523 4198 8523 4197 8523 4219 8524 4212 8524 4188 8524 4188 8525 4212 8525 4211 8525 4188 8526 4211 8526 4210 8526 4210 8527 4209 8527 4188 8527 4188 8528 4209 8528 4208 8528 4188 8529 4208 8529 4207 8529 4190 8530 4189 8530 4205 8530 4205 8531 4189 8531 4188 8531 4205 8532 4188 8532 4206 8532 4206 8533 4188 8533 4207 8533 4219 8534 4218 8534 4212 8534 4212 8535 4218 8535 4217 8535 4212 8536 4217 8536 4216 8536 4216 8537 4215 8537 4212 8537 4212 8538 4215 8538 4214 8538 4212 8539 4214 8539 4213 8539 4220 8540 4221 8540 4222 8540 4221 8541 4220 8541 4223 8541 4223 8542 4220 8542 4224 8542 4223 8543 4224 8543 4225 8543 4225 8544 4224 8544 4226 8544 4225 8545 4226 8545 4227 8545 4227 8546 4226 8546 4228 8546 4227 8547 4228 8547 4229 8547 4229 8548 4228 8548 4230 8548 4229 8549 4230 8549 4231 8549 4231 8550 4230 8550 4232 8550 4231 8551 4232 8551 4233 8551 4233 8552 4232 8552 4234 8552 4233 8553 4234 8553 4235 8553 4235 8554 4234 8554 4236 8554 4235 8555 4236 8555 4237 8555 4222 8556 4238 8556 4220 8556 4220 8557 4238 8557 4239 8557 4220 8558 4239 8558 4240 8558 4240 8559 4241 8559 4220 8559 4220 8560 4241 8560 4242 8560 4220 8561 4242 8561 4243 8561 4242 8562 4244 8562 4245 8562 4245 8563 4246 8563 4242 8563 4242 8564 4246 8564 4247 8564 4242 8565 4247 8565 4248 8565 4249 8566 4243 8566 4250 8566 4250 8567 4243 8567 4242 8567 4250 8568 4242 8568 4251 8568 4251 8569 4242 8569 4248 8569 4252 8570 4234 8570 4253 8570 4253 8571 4234 8571 4232 8571 4253 8572 4232 8572 4254 8572 4254 8573 4232 8573 4230 8573 4254 8574 4230 8574 4255 8574 4255 8575 4230 8575 4228 8575 4255 8576 4228 8576 4256 8576 4256 8577 4228 8577 4226 8577 4256 8578 4226 8578 4257 8578 4257 8579 4226 8579 4224 8579 4257 8580 4224 8580 4258 8580 4258 8581 4224 8581 4220 8581 4258 8582 4220 8582 4259 8582 4259 8583 4220 8583 4243 8583 4259 8584 4243 8584 4260 8584 4260 8585 4243 8585 4249 8585 4260 8586 4249 8586 4261 8586 4261 8587 4249 8587 4250 8587 4261 8588 4250 8588 4262 8588 4262 8589 4250 8589 4251 8589 4262 8590 4251 8590 4263 8590 4263 8591 4251 8591 4248 8591 4263 8592 4248 8592 4264 8592 4264 8593 4248 8593 4247 8593 4264 8594 4247 8594 4265 8594 4265 8595 4247 8595 4246 8595 4265 8596 4246 8596 4266 8596 4266 8597 4246 8597 4245 8597 4266 8598 4245 8598 4267 8598 4267 8599 4245 8599 4244 8599 4267 8600 4244 8600 4268 8600 4268 8601 4244 8601 4242 8601 4268 8602 4242 8602 4269 8602 4269 8603 4242 8603 4241 8603 4269 8604 4241 8604 4270 8604 4270 8605 4241 8605 4240 8605 4270 8606 4240 8606 4271 8606 4271 8607 4240 8607 4239 8607 4271 8608 4239 8608 4272 8608 4272 8609 4239 8609 4238 8609 4272 8610 4238 8610 4273 8610 4273 8611 4238 8611 4222 8611 4273 8612 4222 8612 4274 8612 4274 8613 4222 8613 4221 8613 4274 8614 4221 8614 4275 8614 4275 8615 4221 8615 4223 8615 4275 8616 4223 8616 4276 8616 4276 8617 4223 8617 4225 8617 4276 8618 4225 8618 4277 8618 4277 8619 4225 8619 4227 8619 4277 8620 4227 8620 4278 8620 4278 8621 4227 8621 4229 8621 4278 8622 4229 8622 4279 8622 4279 8623 4229 8623 4231 8623 4279 8624 4231 8624 4280 8624 4280 8625 4231 8625 4233 8625 4280 8626 4233 8626 4281 8626 4281 8627 4233 8627 4235 8627 4281 8628 4235 8628 4282 8628 4282 8629 4235 8629 4237 8629 4282 8630 4237 8630 4283 8630 4283 8631 4237 8631 4236 8631 4283 8632 4236 8632 4252 8632 4252 8633 4236 8633 4234 8633 4284 8634 4252 8634 4285 8634 4285 8635 4252 8635 4253 8635 4285 8636 4253 8636 4286 8636 4286 8637 4253 8637 4254 8637 4286 8638 4254 8638 4287 8638 4287 8639 4254 8639 4255 8639 4287 8640 4255 8640 4288 8640 4288 8641 4255 8641 4256 8641 4288 8642 4256 8642 4289 8642 4289 8643 4256 8643 4257 8643 4289 8644 4257 8644 4290 8644 4290 8645 4257 8645 4258 8645 4290 8646 4258 8646 4291 8646 4291 8647 4258 8647 4259 8647 4291 8648 4259 8648 4292 8648 4292 8649 4259 8649 4260 8649 4292 8650 4260 8650 4293 8650 4293 8651 4260 8651 4261 8651 4293 8652 4261 8652 4294 8652 4294 8653 4261 8653 4262 8653 4294 8654 4262 8654 4295 8654 4295 8655 4262 8655 4263 8655 4295 8656 4263 8656 4296 8656 4296 8657 4263 8657 4264 8657 4296 8658 4264 8658 4297 8658 4297 8659 4264 8659 4265 8659 4297 8660 4265 8660 4298 8660 4298 8661 4265 8661 4266 8661 4298 8662 4266 8662 4299 8662 4299 8663 4266 8663 4267 8663 4299 8664 4267 8664 4300 8664 4300 8665 4267 8665 4268 8665 4300 8666 4268 8666 4301 8666 4301 8667 4268 8667 4269 8667 4301 8668 4269 8668 4302 8668 4302 8669 4269 8669 4270 8669 4302 8670 4270 8670 4303 8670 4303 8671 4270 8671 4271 8671 4303 8672 4271 8672 4304 8672 4304 8673 4271 8673 4272 8673 4304 8674 4272 8674 4305 8674 4305 8675 4272 8675 4273 8675 4305 8676 4273 8676 4306 8676 4306 8677 4273 8677 4274 8677 4306 8678 4274 8678 4307 8678 4307 8679 4274 8679 4275 8679 4307 8680 4275 8680 4308 8680 4308 8681 4275 8681 4276 8681 4308 8682 4276 8682 4309 8682 4309 8683 4276 8683 4277 8683 4309 8684 4277 8684 4310 8684 4310 8685 4277 8685 4278 8685 4310 8686 4278 8686 4311 8686 4311 8687 4278 8687 4279 8687 4311 8688 4279 8688 4312 8688 4312 8689 4279 8689 4280 8689 4312 8690 4280 8690 4313 8690 4313 8691 4280 8691 4281 8691 4313 8692 4281 8692 4314 8692 4314 8693 4281 8693 4282 8693 4314 8694 4282 8694 4315 8694 4315 8695 4282 8695 4283 8695 4315 8696 4283 8696 4284 8696 4284 8697 4283 8697 4252 8697 4316 8698 4284 8698 4317 8698 4317 8699 4284 8699 4285 8699 4317 8700 4285 8700 4318 8700 4318 8701 4285 8701 4286 8701 4318 8702 4286 8702 4319 8702 4319 8703 4286 8703 4287 8703 4319 8704 4287 8704 4320 8704 4320 8705 4287 8705 4288 8705 4320 8706 4288 8706 4321 8706 4321 8707 4288 8707 4289 8707 4321 8708 4289 8708 4322 8708 4322 8709 4289 8709 4290 8709 4322 8710 4290 8710 4323 8710 4323 8711 4290 8711 4291 8711 4323 8712 4291 8712 4324 8712 4324 8713 4291 8713 4292 8713 4324 8714 4292 8714 4325 8714 4325 8715 4292 8715 4293 8715 4325 8716 4293 8716 4326 8716 4326 8717 4293 8717 4294 8717 4326 8718 4294 8718 4327 8718 4327 8719 4294 8719 4295 8719 4327 8720 4295 8720 4328 8720 4328 8721 4295 8721 4296 8721 4328 8722 4296 8722 4329 8722 4329 8723 4296 8723 4297 8723 4329 8724 4297 8724 4330 8724 4330 8725 4297 8725 4298 8725 4330 8726 4298 8726 4331 8726 4331 8727 4298 8727 4299 8727 4331 8728 4299 8728 4332 8728 4332 8729 4299 8729 4300 8729 4332 8730 4300 8730 4333 8730 4333 8731 4300 8731 4301 8731 4333 8732 4301 8732 4334 8732 4334 8733 4301 8733 4302 8733 4334 8734 4302 8734 4335 8734 4335 8735 4302 8735 4303 8735 4335 8736 4303 8736 4336 8736 4336 8737 4303 8737 4304 8737 4336 8738 4304 8738 4337 8738 4337 8739 4304 8739 4305 8739 4337 8740 4305 8740 4338 8740 4338 8741 4305 8741 4306 8741 4338 8742 4306 8742 4339 8742 4339 8743 4306 8743 4307 8743 4339 8744 4307 8744 4340 8744 4340 8745 4307 8745 4308 8745 4340 8746 4308 8746 4341 8746 4341 8747 4308 8747 4309 8747 4341 8748 4309 8748 4342 8748 4342 8749 4309 8749 4310 8749 4342 8750 4310 8750 4343 8750 4343 8751 4310 8751 4311 8751 4343 8752 4311 8752 4344 8752 4344 8753 4311 8753 4312 8753 4344 8754 4312 8754 4345 8754 4345 8755 4312 8755 4313 8755 4345 8756 4313 8756 4346 8756 4346 8757 4313 8757 4314 8757 4346 8758 4314 8758 4347 8758 4347 8759 4314 8759 4315 8759 4347 8760 4315 8760 4316 8760 4316 8761 4315 8761 4284 8761 4348 8762 4316 8762 4349 8762 4349 8763 4316 8763 4317 8763 4349 8764 4317 8764 4350 8764 4350 8765 4317 8765 4318 8765 4350 8766 4318 8766 4351 8766 4351 8767 4318 8767 4319 8767 4351 8768 4319 8768 4352 8768 4352 8769 4319 8769 4320 8769 4352 8770 4320 8770 4353 8770 4353 8771 4320 8771 4321 8771 4353 8772 4321 8772 4354 8772 4354 8773 4321 8773 4322 8773 4354 8774 4322 8774 4355 8774 4355 8775 4322 8775 4323 8775 4355 8776 4323 8776 4356 8776 4356 8777 4323 8777 4324 8777 4356 8778 4324 8778 4357 8778 4357 8779 4324 8779 4325 8779 4357 8780 4325 8780 4358 8780 4358 8781 4325 8781 4326 8781 4358 8782 4326 8782 4359 8782 4359 8783 4326 8783 4327 8783 4359 8784 4327 8784 4360 8784 4360 8785 4327 8785 4328 8785 4360 8786 4328 8786 4361 8786 4361 8787 4328 8787 4329 8787 4361 8788 4329 8788 4362 8788 4362 8789 4329 8789 4330 8789 4362 8790 4330 8790 4363 8790 4363 8791 4330 8791 4331 8791 4363 8792 4331 8792 4364 8792 4364 8793 4331 8793 4332 8793 4364 8794 4332 8794 4365 8794 4365 8795 4332 8795 4333 8795 4365 8796 4333 8796 4366 8796 4366 8797 4333 8797 4334 8797 4366 8798 4334 8798 4367 8798 4367 8799 4334 8799 4335 8799 4367 8800 4335 8800 4368 8800 4368 8801 4335 8801 4336 8801 4368 8802 4336 8802 4369 8802 4369 8803 4336 8803 4337 8803 4369 8804 4337 8804 4370 8804 4370 8805 4337 8805 4338 8805 4370 8806 4338 8806 4371 8806 4371 8807 4338 8807 4339 8807 4371 8808 4339 8808 4372 8808 4372 8809 4339 8809 4340 8809 4372 8810 4340 8810 4373 8810 4373 8811 4340 8811 4341 8811 4373 8812 4341 8812 4374 8812 4374 8813 4341 8813 4342 8813 4374 8814 4342 8814 4375 8814 4375 8815 4342 8815 4343 8815 4375 8816 4343 8816 4376 8816 4376 8817 4343 8817 4344 8817 4376 8818 4344 8818 4377 8818 4377 8819 4344 8819 4345 8819 4377 8820 4345 8820 4378 8820 4378 8821 4345 8821 4346 8821 4378 8822 4346 8822 4379 8822 4379 8823 4346 8823 4347 8823 4379 8824 4347 8824 4348 8824 4348 8825 4347 8825 4316 8825 4380 8826 4348 8826 4381 8826 4381 8827 4348 8827 4349 8827 4381 8828 4349 8828 4382 8828 4382 8829 4349 8829 4350 8829 4382 8830 4350 8830 4383 8830 4383 8831 4350 8831 4351 8831 4383 8832 4351 8832 4384 8832 4384 8833 4351 8833 4352 8833 4384 8834 4352 8834 4385 8834 4385 8835 4352 8835 4353 8835 4385 8836 4353 8836 4386 8836 4386 8837 4353 8837 4354 8837 4386 8838 4354 8838 4387 8838 4387 8839 4354 8839 4355 8839 4387 8840 4355 8840 4388 8840 4388 8841 4355 8841 4356 8841 4388 8842 4356 8842 4389 8842 4389 8843 4356 8843 4357 8843 4389 8844 4357 8844 4390 8844 4390 8845 4357 8845 4358 8845 4390 8846 4358 8846 4391 8846 4391 8847 4358 8847 4359 8847 4391 8848 4359 8848 4392 8848 4392 8849 4359 8849 4360 8849 4392 8850 4360 8850 4393 8850 4393 8851 4360 8851 4361 8851 4393 8852 4361 8852 4394 8852 4394 8853 4361 8853 4362 8853 4394 8854 4362 8854 4395 8854 4395 8855 4362 8855 4363 8855 4395 8856 4363 8856 4396 8856 4396 8857 4363 8857 4364 8857 4396 8858 4364 8858 4397 8858 4397 8859 4364 8859 4365 8859 4397 8860 4365 8860 4398 8860 4398 8861 4365 8861 4366 8861 4398 8862 4366 8862 4399 8862 4399 8863 4366 8863 4367 8863 4399 8864 4367 8864 4400 8864 4400 8865 4367 8865 4368 8865 4400 8866 4368 8866 4401 8866 4401 8867 4368 8867 4369 8867 4401 8868 4369 8868 4402 8868 4402 8869 4369 8869 4370 8869 4402 8870 4370 8870 4403 8870 4403 8871 4370 8871 4371 8871 4403 8872 4371 8872 4404 8872 4404 8873 4371 8873 4372 8873 4404 8874 4372 8874 4405 8874 4405 8875 4372 8875 4373 8875 4405 8876 4373 8876 4406 8876 4406 8877 4373 8877 4374 8877 4406 8878 4374 8878 4407 8878 4407 8879 4374 8879 4375 8879 4407 8880 4375 8880 4408 8880 4408 8881 4375 8881 4376 8881 4408 8882 4376 8882 4409 8882 4409 8883 4376 8883 4377 8883 4409 8884 4377 8884 4410 8884 4410 8885 4377 8885 4378 8885 4410 8886 4378 8886 4411 8886 4411 8887 4378 8887 4379 8887 4411 8888 4379 8888 4380 8888 4380 8889 4379 8889 4348 8889 4412 8890 4380 8890 4413 8890 4413 8891 4380 8891 4381 8891 4413 8892 4381 8892 4414 8892 4414 8893 4381 8893 4382 8893 4414 8894 4382 8894 4415 8894 4415 8895 4382 8895 4383 8895 4415 8896 4383 8896 4416 8896 4416 8897 4383 8897 4384 8897 4416 8898 4384 8898 4417 8898 4417 8899 4384 8899 4385 8899 4417 8900 4385 8900 4418 8900 4418 8901 4385 8901 4386 8901 4418 8902 4386 8902 4419 8902 4419 8903 4386 8903 4387 8903 4419 8904 4387 8904 4420 8904 4420 8905 4387 8905 4388 8905 4420 8906 4388 8906 4421 8906 4421 8907 4388 8907 4389 8907 4421 8908 4389 8908 4422 8908 4422 8909 4389 8909 4390 8909 4422 8910 4390 8910 4423 8910 4423 8911 4390 8911 4391 8911 4423 8912 4391 8912 4424 8912 4424 8913 4391 8913 4392 8913 4424 8914 4392 8914 4425 8914 4425 8915 4392 8915 4393 8915 4425 8916 4393 8916 4426 8916 4426 8917 4393 8917 4394 8917 4426 8918 4394 8918 4427 8918 4427 8919 4394 8919 4395 8919 4427 8920 4395 8920 4428 8920 4428 8921 4395 8921 4396 8921 4428 8922 4396 8922 4429 8922 4429 8923 4396 8923 4397 8923 4429 8924 4397 8924 4430 8924 4430 8925 4397 8925 4398 8925 4430 8926 4398 8926 4431 8926 4431 8927 4398 8927 4399 8927 4431 8928 4399 8928 4432 8928 4432 8929 4399 8929 4400 8929 4432 8930 4400 8930 4433 8930 4433 8931 4400 8931 4401 8931 4433 8932 4401 8932 4434 8932 4434 8933 4401 8933 4402 8933 4434 8934 4402 8934 4435 8934 4435 8935 4402 8935 4403 8935 4435 8936 4403 8936 4436 8936 4436 8937 4403 8937 4404 8937 4436 8938 4404 8938 4437 8938 4437 8939 4404 8939 4405 8939 4437 8940 4405 8940 4438 8940 4438 8941 4405 8941 4406 8941 4438 8942 4406 8942 4439 8942 4439 8943 4406 8943 4407 8943 4439 8944 4407 8944 4440 8944 4440 8945 4407 8945 4408 8945 4440 8946 4408 8946 4441 8946 4441 8947 4408 8947 4409 8947 4441 8948 4409 8948 4442 8948 4442 8949 4409 8949 4410 8949 4442 8950 4410 8950 4443 8950 4443 8951 4410 8951 4411 8951 4443 8952 4411 8952 4412 8952 4412 8953 4411 8953 4380 8953 4444 8954 4412 8954 4445 8954 4445 8955 4412 8955 4413 8955 4445 8956 4413 8956 4446 8956 4446 8957 4413 8957 4414 8957 4446 8958 4414 8958 4447 8958 4447 8959 4414 8959 4415 8959 4447 8960 4415 8960 4448 8960 4448 8961 4415 8961 4416 8961 4448 8962 4416 8962 4449 8962 4449 8963 4416 8963 4417 8963 4449 8964 4417 8964 4450 8964 4450 8965 4417 8965 4418 8965 4450 8966 4418 8966 4451 8966 4451 8967 4418 8967 4419 8967 4451 8968 4419 8968 4452 8968 4452 8969 4419 8969 4420 8969 4452 8970 4420 8970 4453 8970 4453 8971 4420 8971 4421 8971 4453 8972 4421 8972 4454 8972 4454 8973 4421 8973 4422 8973 4454 8974 4422 8974 4455 8974 4455 8975 4422 8975 4423 8975 4455 8976 4423 8976 4456 8976 4456 8977 4423 8977 4424 8977 4456 8978 4424 8978 4457 8978 4457 8979 4424 8979 4425 8979 4457 8980 4425 8980 4458 8980 4458 8981 4425 8981 4426 8981 4458 8982 4426 8982 4459 8982 4459 8983 4426 8983 4427 8983 4459 8984 4427 8984 4460 8984 4460 8985 4427 8985 4428 8985 4460 8986 4428 8986 4461 8986 4461 8987 4428 8987 4429 8987 4461 8988 4429 8988 4462 8988 4462 8989 4429 8989 4430 8989 4462 8990 4430 8990 4463 8990 4463 8991 4430 8991 4431 8991 4463 8992 4431 8992 4464 8992 4464 8993 4431 8993 4432 8993 4464 8994 4432 8994 4465 8994 4465 8995 4432 8995 4433 8995 4465 8996 4433 8996 4466 8996 4466 8997 4433 8997 4434 8997 4466 8998 4434 8998 4467 8998 4467 8999 4434 8999 4435 8999 4467 9000 4435 9000 4468 9000 4468 9001 4435 9001 4436 9001 4468 9002 4436 9002 4469 9002 4469 9003 4436 9003 4437 9003 4469 9004 4437 9004 4470 9004 4470 9005 4437 9005 4438 9005 4470 9006 4438 9006 4471 9006 4471 9007 4438 9007 4439 9007 4471 9008 4439 9008 4472 9008 4472 9009 4439 9009 4440 9009 4472 9010 4440 9010 4473 9010 4473 9011 4440 9011 4441 9011 4473 9012 4441 9012 4474 9012 4474 9013 4441 9013 4442 9013 4474 9014 4442 9014 4475 9014 4475 9015 4442 9015 4443 9015 4475 9016 4443 9016 4444 9016 4444 9017 4443 9017 4412 9017 4476 9018 4444 9018 4477 9018 4477 9019 4444 9019 4445 9019 4477 9020 4445 9020 4478 9020 4478 9021 4445 9021 4446 9021 4478 9022 4446 9022 4479 9022 4479 9023 4446 9023 4447 9023 4479 9024 4447 9024 4480 9024 4480 9025 4447 9025 4448 9025 4480 9026 4448 9026 4481 9026 4481 9027 4448 9027 4449 9027 4481 9028 4449 9028 4482 9028 4482 9029 4449 9029 4450 9029 4482 9030 4450 9030 4483 9030 4483 9031 4450 9031 4451 9031 4483 9032 4451 9032 4484 9032 4484 9033 4451 9033 4452 9033 4484 9034 4452 9034 4485 9034 4485 9035 4452 9035 4453 9035 4485 9036 4453 9036 4486 9036 4486 9037 4453 9037 4454 9037 4486 9038 4454 9038 4487 9038 4487 9039 4454 9039 4455 9039 4487 9040 4455 9040 4488 9040 4488 9041 4455 9041 4456 9041 4488 9042 4456 9042 4489 9042 4489 9043 4456 9043 4457 9043 4489 9044 4457 9044 4490 9044 4490 9045 4457 9045 4458 9045 4490 9046 4458 9046 4491 9046 4491 9047 4458 9047 4459 9047 4491 9048 4459 9048 4492 9048 4492 9049 4459 9049 4460 9049 4492 9050 4460 9050 4493 9050 4493 9051 4460 9051 4461 9051 4493 9052 4461 9052 4494 9052 4494 9053 4461 9053 4462 9053 4494 9054 4462 9054 4495 9054 4495 9055 4462 9055 4463 9055 4495 9056 4463 9056 4496 9056 4496 9057 4463 9057 4464 9057 4496 9058 4464 9058 4497 9058 4497 9059 4464 9059 4465 9059 4497 9060 4465 9060 4498 9060 4498 9061 4465 9061 4466 9061 4498 9062 4466 9062 4499 9062 4499 9063 4466 9063 4467 9063 4499 9064 4467 9064 4500 9064 4500 9065 4467 9065 4468 9065 4500 9066 4468 9066 4501 9066 4501 9067 4468 9067 4469 9067 4501 9068 4469 9068 4502 9068 4502 9069 4469 9069 4470 9069 4502 9070 4470 9070 4503 9070 4503 9071 4470 9071 4471 9071 4503 9072 4471 9072 4504 9072 4504 9073 4471 9073 4472 9073 4504 9074 4472 9074 4505 9074 4505 9075 4472 9075 4473 9075 4505 9076 4473 9076 4506 9076 4506 9077 4473 9077 4474 9077 4506 9078 4474 9078 4507 9078 4507 9079 4474 9079 4475 9079 4507 9080 4475 9080 4476 9080 4476 9081 4475 9081 4444 9081 4487 9082 4495 9082 4486 9082 4486 9083 4495 9083 4496 9083 4486 9084 4496 9084 4497 9084 4507 9085 4476 9085 4502 9085 4502 9086 4476 9086 4477 9086 4487 9087 4488 9087 4489 9087 4487 9088 4489 9088 4495 9088 4495 9089 4489 9089 4490 9089 4495 9090 4490 9090 4491 9090 4491 9091 4492 9091 4495 9091 4495 9092 4492 9092 4493 9092 4495 9093 4493 9093 4494 9093 4497 9094 4498 9094 4486 9094 4486 9095 4498 9095 4499 9095 4486 9096 4499 9096 4500 9096 4503 9097 4504 9097 4505 9097 4503 9098 4505 9098 4502 9098 4502 9099 4505 9099 4506 9099 4502 9100 4506 9100 4507 9100 4477 9101 4478 9101 4502 9101 4502 9102 4478 9102 4479 9102 4502 9103 4479 9103 4480 9103 4480 9104 4481 9104 4502 9104 4502 9105 4481 9105 4482 9105 4502 9106 4482 9106 4483 9106 4500 9107 4501 9107 4486 9107 4486 9108 4501 9108 4502 9108 4486 9109 4502 9109 4485 9109 4485 9110 4502 9110 4483 9110 4485 9111 4483 9111 4484 9111 4508 9112 4509 9112 4510 9112 4508 9113 4510 9113 4511 9113 4511 9114 4510 9114 4512 9114 4511 9115 4512 9115 4513 9115 4513 9116 4512 9116 4514 9116 4513 9117 4514 9117 4515 9117 4515 9118 4514 9118 4516 9118 4515 9119 4516 9119 4517 9119 4517 9120 4516 9120 4518 9120 4517 9121 4518 9121 4519 9121 4519 9122 4518 9122 4520 9122 4519 9123 4520 9123 4521 9123 4521 9124 4520 9124 4522 9124 4521 9125 4522 9125 4523 9125 4523 9126 4522 9126 4524 9126 4523 9127 4524 9127 4525 9127 4525 9128 4526 9128 4523 9128 4523 9129 4526 9129 4527 9129 4523 9130 4527 9130 4528 9130 4529 9131 4530 9131 4531 9131 4529 9132 4531 9132 4532 9132 4532 9133 4531 9133 4533 9133 4532 9134 4533 9134 4534 9134 4528 9135 4535 9135 4523 9135 4523 9136 4535 9136 4532 9136 4523 9137 4532 9137 4536 9137 4536 9138 4532 9138 4534 9138 4530 9139 4537 9139 4531 9139 4531 9140 4537 9140 4538 9140 4531 9141 4538 9141 4539 9141 4526 9142 4525 9142 4540 9142 4540 9143 4525 9143 4524 9143 4540 9144 4524 9144 4541 9144 4541 9145 4524 9145 4522 9145 4541 9146 4522 9146 4542 9146 4542 9147 4522 9147 4520 9147 4542 9148 4520 9148 4543 9148 4543 9149 4520 9149 4518 9149 4543 9150 4518 9150 4544 9150 4544 9151 4518 9151 4516 9151 4544 9152 4516 9152 4545 9152 4545 9153 4516 9153 4514 9153 4545 9154 4514 9154 4546 9154 4546 9155 4514 9155 4512 9155 4546 9156 4512 9156 4547 9156 4547 9157 4512 9157 4510 9157 4547 9158 4510 9158 4548 9158 4548 9159 4510 9159 4509 9159 4548 9160 4509 9160 4549 9160 4549 9161 4509 9161 4508 9161 4549 9162 4508 9162 4550 9162 4550 9163 4508 9163 4511 9163 4550 9164 4511 9164 4551 9164 4551 9165 4511 9165 4513 9165 4551 9166 4513 9166 4552 9166 4552 9167 4513 9167 4515 9167 4552 9168 4515 9168 4553 9168 4553 9169 4515 9169 4517 9169 4553 9170 4517 9170 4554 9170 4554 9171 4517 9171 4519 9171 4554 9172 4519 9172 4555 9172 4555 9173 4519 9173 4521 9173 4555 9174 4521 9174 4556 9174 4556 9175 4521 9175 4523 9175 4556 9176 4523 9176 4557 9176 4557 9177 4523 9177 4536 9177 4557 9178 4536 9178 4558 9178 4558 9179 4536 9179 4534 9179 4558 9180 4534 9180 4559 9180 4559 9181 4534 9181 4533 9181 4559 9182 4533 9182 4560 9182 4560 9183 4533 9183 4531 9183 4560 9184 4531 9184 4561 9184 4561 9185 4531 9185 4539 9185 4561 9186 4539 9186 4562 9186 4562 9187 4539 9187 4538 9187 4562 9188 4538 9188 4563 9188 4563 9189 4538 9189 4537 9189 4563 9190 4537 9190 4564 9190 4564 9191 4537 9191 4530 9191 4564 9192 4530 9192 4565 9192 4565 9193 4530 9193 4529 9193 4565 9194 4529 9194 4566 9194 4566 9195 4529 9195 4532 9195 4566 9196 4532 9196 4567 9196 4567 9197 4532 9197 4535 9197 4567 9198 4535 9198 4568 9198 4568 9199 4535 9199 4528 9199 4568 9200 4528 9200 4569 9200 4569 9201 4528 9201 4527 9201 4569 9202 4527 9202 4570 9202 4570 9203 4527 9203 4526 9203 4570 9204 4526 9204 4540 9204 4571 9205 4549 9205 4572 9205 4572 9206 4549 9206 4550 9206 4572 9207 4550 9207 4573 9207 4573 9208 4550 9208 4551 9208 4573 9209 4551 9209 4574 9209 4574 9210 4551 9210 4552 9210 4574 9211 4552 9211 4575 9211 4575 9212 4552 9212 4553 9212 4575 9213 4553 9213 4576 9213 4576 9214 4553 9214 4554 9214 4576 9215 4554 9215 4577 9215 4577 9216 4554 9216 4555 9216 4577 9217 4555 9217 4578 9217 4578 9218 4555 9218 4556 9218 4578 9219 4556 9219 4579 9219 4579 9220 4556 9220 4557 9220 4579 9221 4557 9221 4580 9221 4580 9222 4557 9222 4558 9222 4580 9223 4558 9223 4581 9223 4581 9224 4558 9224 4559 9224 4581 9225 4559 9225 4582 9225 4582 9226 4559 9226 4560 9226 4582 9227 4560 9227 4583 9227 4583 9228 4560 9228 4561 9228 4583 9229 4561 9229 4584 9229 4584 9230 4561 9230 4562 9230 4584 9231 4562 9231 4585 9231 4585 9232 4562 9232 4563 9232 4585 9233 4563 9233 4586 9233 4586 9234 4563 9234 4564 9234 4586 9235 4564 9235 4587 9235 4587 9236 4564 9236 4565 9236 4587 9237 4565 9237 4588 9237 4588 9238 4565 9238 4566 9238 4588 9239 4566 9239 4589 9239 4589 9240 4566 9240 4567 9240 4589 9241 4567 9241 4590 9241 4590 9242 4567 9242 4568 9242 4590 9243 4568 9243 4591 9243 4591 9244 4568 9244 4569 9244 4591 9245 4569 9245 4592 9245 4592 9246 4569 9246 4570 9246 4592 9247 4570 9247 4593 9247 4593 9248 4570 9248 4540 9248 4593 9249 4540 9249 4594 9249 4594 9250 4540 9250 4541 9250 4594 9251 4541 9251 4595 9251 4595 9252 4541 9252 4542 9252 4595 9253 4542 9253 4596 9253 4596 9254 4542 9254 4543 9254 4596 9255 4543 9255 4597 9255 4597 9256 4543 9256 4544 9256 4597 9257 4544 9257 4598 9257 4598 9258 4544 9258 4545 9258 4598 9259 4545 9259 4599 9259 4599 9260 4545 9260 4546 9260 4599 9261 4546 9261 4600 9261 4600 9262 4546 9262 4547 9262 4600 9263 4547 9263 4601 9263 4601 9264 4547 9264 4548 9264 4601 9265 4548 9265 4571 9265 4571 9266 4548 9266 4549 9266 4602 9267 4571 9267 4603 9267 4603 9268 4571 9268 4572 9268 4603 9269 4572 9269 4604 9269 4604 9270 4572 9270 4573 9270 4604 9271 4573 9271 4605 9271 4605 9272 4573 9272 4574 9272 4605 9273 4574 9273 4606 9273 4606 9274 4574 9274 4575 9274 4606 9275 4575 9275 4607 9275 4607 9276 4575 9276 4576 9276 4607 9277 4576 9277 4608 9277 4608 9278 4576 9278 4577 9278 4608 9279 4577 9279 4609 9279 4609 9280 4577 9280 4578 9280 4609 9281 4578 9281 4610 9281 4610 9282 4578 9282 4579 9282 4610 9283 4579 9283 4611 9283 4611 9284 4579 9284 4580 9284 4611 9285 4580 9285 4612 9285 4612 9286 4580 9286 4581 9286 4612 9287 4581 9287 4613 9287 4613 9288 4581 9288 4582 9288 4613 9289 4582 9289 4614 9289 4614 9290 4582 9290 4583 9290 4614 9291 4583 9291 4615 9291 4615 9292 4583 9292 4584 9292 4615 9293 4584 9293 4616 9293 4616 9294 4584 9294 4585 9294 4616 9295 4585 9295 4617 9295 4617 9296 4585 9296 4586 9296 4617 9297 4586 9297 4618 9297 4618 9298 4586 9298 4587 9298 4618 9299 4587 9299 4619 9299 4619 9300 4587 9300 4588 9300 4619 9301 4588 9301 4620 9301 4620 9302 4588 9302 4589 9302 4620 9303 4589 9303 4621 9303 4621 9304 4589 9304 4590 9304 4621 9305 4590 9305 4622 9305 4622 9306 4590 9306 4591 9306 4622 9307 4591 9307 4623 9307 4623 9308 4591 9308 4592 9308 4623 9309 4592 9309 4624 9309 4624 9310 4592 9310 4593 9310 4624 9311 4593 9311 4625 9311 4625 9312 4593 9312 4594 9312 4625 9313 4594 9313 4626 9313 4626 9314 4594 9314 4595 9314 4626 9315 4595 9315 4627 9315 4627 9316 4595 9316 4596 9316 4627 9317 4596 9317 4628 9317 4628 9318 4596 9318 4597 9318 4628 9319 4597 9319 4629 9319 4629 9320 4597 9320 4598 9320 4629 9321 4598 9321 4630 9321 4630 9322 4598 9322 4599 9322 4630 9323 4599 9323 4631 9323 4631 9324 4599 9324 4600 9324 4631 9325 4600 9325 4632 9325 4632 9326 4600 9326 4601 9326 4632 9327 4601 9327 4602 9327 4602 9328 4601 9328 4571 9328 4633 9329 4602 9329 4634 9329 4634 9330 4602 9330 4603 9330 4634 9331 4603 9331 4635 9331 4635 9332 4603 9332 4604 9332 4635 9333 4604 9333 4636 9333 4636 9334 4604 9334 4605 9334 4636 9335 4605 9335 4637 9335 4637 9336 4605 9336 4606 9336 4637 9337 4606 9337 4638 9337 4638 9338 4606 9338 4607 9338 4638 9339 4607 9339 4639 9339 4639 9340 4607 9340 4608 9340 4639 9341 4608 9341 4640 9341 4640 9342 4608 9342 4609 9342 4640 9343 4609 9343 4641 9343 4641 9344 4609 9344 4610 9344 4641 9345 4610 9345 4642 9345 4642 9346 4610 9346 4611 9346 4642 9347 4611 9347 4643 9347 4643 9348 4611 9348 4612 9348 4643 9349 4612 9349 4644 9349 4644 9350 4612 9350 4613 9350 4644 9351 4613 9351 4645 9351 4645 9352 4613 9352 4614 9352 4645 9353 4614 9353 4646 9353 4646 9354 4614 9354 4615 9354 4646 9355 4615 9355 4647 9355 4647 9356 4615 9356 4616 9356 4647 9357 4616 9357 4648 9357 4648 9358 4616 9358 4617 9358 4648 9359 4617 9359 4649 9359 4649 9360 4617 9360 4618 9360 4649 9361 4618 9361 4650 9361 4650 9362 4618 9362 4619 9362 4650 9363 4619 9363 4651 9363 4651 9364 4619 9364 4620 9364 4651 9365 4620 9365 4652 9365 4652 9366 4620 9366 4621 9366 4652 9367 4621 9367 4653 9367 4653 9368 4621 9368 4622 9368 4653 9369 4622 9369 4654 9369 4654 9370 4622 9370 4623 9370 4654 9371 4623 9371 4655 9371 4655 9372 4623 9372 4624 9372 4655 9373 4624 9373 4656 9373 4656 9374 4624 9374 4625 9374 4656 9375 4625 9375 4657 9375 4657 9376 4625 9376 4626 9376 4657 9377 4626 9377 4658 9377 4658 9378 4626 9378 4627 9378 4658 9379 4627 9379 4659 9379 4659 9380 4627 9380 4628 9380 4659 9381 4628 9381 4660 9381 4660 9382 4628 9382 4629 9382 4660 9383 4629 9383 4661 9383 4661 9384 4629 9384 4630 9384 4661 9385 4630 9385 4662 9385 4662 9386 4630 9386 4631 9386 4662 9387 4631 9387 4663 9387 4663 9388 4631 9388 4632 9388 4663 9389 4632 9389 4633 9389 4633 9390 4632 9390 4602 9390 4664 9391 4633 9391 4665 9391 4665 9392 4633 9392 4634 9392 4665 9393 4634 9393 4666 9393 4666 9394 4634 9394 4635 9394 4666 9395 4635 9395 4667 9395 4667 9396 4635 9396 4636 9396 4667 9397 4636 9397 4668 9397 4668 9398 4636 9398 4637 9398 4668 9399 4637 9399 4669 9399 4669 9400 4637 9400 4638 9400 4669 9401 4638 9401 4670 9401 4670 9402 4638 9402 4639 9402 4670 9403 4639 9403 4671 9403 4671 9404 4639 9404 4640 9404 4671 9405 4640 9405 4672 9405 4672 9406 4640 9406 4641 9406 4672 9407 4641 9407 4673 9407 4673 9408 4641 9408 4642 9408 4673 9409 4642 9409 4674 9409 4674 9410 4642 9410 4643 9410 4674 9411 4643 9411 4675 9411 4675 9412 4643 9412 4644 9412 4675 9413 4644 9413 4676 9413 4676 9414 4644 9414 4645 9414 4676 9415 4645 9415 4677 9415 4677 9416 4645 9416 4646 9416 4677 9417 4646 9417 4678 9417 4678 9418 4646 9418 4647 9418 4678 9419 4647 9419 4679 9419 4679 9420 4647 9420 4648 9420 4679 9421 4648 9421 4680 9421 4680 9422 4648 9422 4649 9422 4680 9423 4649 9423 4681 9423 4681 9424 4649 9424 4650 9424 4681 9425 4650 9425 4682 9425 4682 9426 4650 9426 4651 9426 4682 9427 4651 9427 4683 9427 4683 9428 4651 9428 4652 9428 4683 9429 4652 9429 4684 9429 4684 9430 4652 9430 4653 9430 4684 9431 4653 9431 4685 9431 4685 9432 4653 9432 4654 9432 4685 9433 4654 9433 4686 9433 4686 9434 4654 9434 4655 9434 4686 9435 4655 9435 4687 9435 4687 9436 4655 9436 4656 9436 4687 9437 4656 9437 4688 9437 4688 9438 4656 9438 4657 9438 4688 9439 4657 9439 4689 9439 4689 9440 4657 9440 4658 9440 4689 9441 4658 9441 4690 9441 4690 9442 4658 9442 4659 9442 4690 9443 4659 9443 4691 9443 4691 9444 4659 9444 4660 9444 4691 9445 4660 9445 4692 9445 4692 9446 4660 9446 4661 9446 4692 9447 4661 9447 4693 9447 4693 9448 4661 9448 4662 9448 4693 9449 4662 9449 4694 9449 4694 9450 4662 9450 4663 9450 4694 9451 4663 9451 4664 9451 4664 9452 4663 9452 4633 9452 4695 9453 4664 9453 4696 9453 4696 9454 4664 9454 4665 9454 4696 9455 4665 9455 4697 9455 4697 9456 4665 9456 4666 9456 4697 9457 4666 9457 4698 9457 4698 9458 4666 9458 4667 9458 4698 9459 4667 9459 4699 9459 4699 9460 4667 9460 4668 9460 4699 9461 4668 9461 4700 9461 4700 9462 4668 9462 4669 9462 4700 9463 4669 9463 4701 9463 4701 9464 4669 9464 4670 9464 4701 9465 4670 9465 4702 9465 4702 9466 4670 9466 4671 9466 4702 9467 4671 9467 4703 9467 4703 9468 4671 9468 4672 9468 4703 9469 4672 9469 4704 9469 4704 9470 4672 9470 4673 9470 4704 9471 4673 9471 4705 9471 4705 9472 4673 9472 4674 9472 4705 9473 4674 9473 4706 9473 4706 9474 4674 9474 4675 9474 4706 9475 4675 9475 4707 9475 4707 9476 4675 9476 4676 9476 4707 9477 4676 9477 4708 9477 4708 9478 4676 9478 4677 9478 4708 9479 4677 9479 4709 9479 4709 9480 4677 9480 4678 9480 4709 9481 4678 9481 4710 9481 4710 9482 4678 9482 4679 9482 4710 9483 4679 9483 4711 9483 4711 9484 4679 9484 4680 9484 4711 9485 4680 9485 4712 9485 4712 9486 4680 9486 4681 9486 4712 9487 4681 9487 4713 9487 4713 9488 4681 9488 4682 9488 4713 9489 4682 9489 4714 9489 4714 9490 4682 9490 4683 9490 4714 9491 4683 9491 4715 9491 4715 9492 4683 9492 4684 9492 4715 9493 4684 9493 4716 9493 4716 9494 4684 9494 4685 9494 4716 9495 4685 9495 4717 9495 4717 9496 4685 9496 4686 9496 4717 9497 4686 9497 4718 9497 4718 9498 4686 9498 4687 9498 4718 9499 4687 9499 4719 9499 4719 9500 4687 9500 4688 9500 4719 9501 4688 9501 4720 9501 4720 9502 4688 9502 4689 9502 4720 9503 4689 9503 4721 9503 4721 9504 4689 9504 4690 9504 4721 9505 4690 9505 4722 9505 4722 9506 4690 9506 4691 9506 4722 9507 4691 9507 4723 9507 4723 9508 4691 9508 4692 9508 4723 9509 4692 9509 4724 9509 4724 9510 4692 9510 4693 9510 4724 9511 4693 9511 4725 9511 4725 9512 4693 9512 4694 9512 4725 9513 4694 9513 4695 9513 4695 9514 4694 9514 4664 9514 4726 9515 4695 9515 4727 9515 4727 9516 4695 9516 4696 9516 4727 9517 4696 9517 4728 9517 4728 9518 4696 9518 4697 9518 4728 9519 4697 9519 4729 9519 4729 9520 4697 9520 4698 9520 4729 9521 4698 9521 4730 9521 4730 9522 4698 9522 4699 9522 4730 9523 4699 9523 4731 9523 4731 9524 4699 9524 4700 9524 4731 9525 4700 9525 4732 9525 4732 9526 4700 9526 4701 9526 4732 9527 4701 9527 4733 9527 4733 9528 4701 9528 4702 9528 4733 9529 4702 9529 4734 9529 4734 9530 4702 9530 4703 9530 4734 9531 4703 9531 4735 9531 4735 9532 4703 9532 4704 9532 4735 9533 4704 9533 4736 9533 4736 9534 4704 9534 4705 9534 4736 9535 4705 9535 4737 9535 4737 9536 4705 9536 4706 9536 4737 9537 4706 9537 4738 9537 4738 9538 4706 9538 4707 9538 4738 9539 4707 9539 4739 9539 4739 9540 4707 9540 4708 9540 4739 9541 4708 9541 4740 9541 4740 9542 4708 9542 4709 9542 4740 9543 4709 9543 4741 9543 4741 9544 4709 9544 4710 9544 4741 9545 4710 9545 4742 9545 4742 9546 4710 9546 4711 9546 4742 9547 4711 9547 4743 9547 4743 9548 4711 9548 4712 9548 4743 9549 4712 9549 4744 9549 4744 9550 4712 9550 4713 9550 4744 9551 4713 9551 4745 9551 4745 9552 4713 9552 4714 9552 4745 9553 4714 9553 4746 9553 4746 9554 4714 9554 4715 9554 4746 9555 4715 9555 4747 9555 4747 9556 4715 9556 4716 9556 4747 9557 4716 9557 4748 9557 4748 9558 4716 9558 4717 9558 4748 9559 4717 9559 4749 9559 4749 9560 4717 9560 4718 9560 4749 9561 4718 9561 4750 9561 4750 9562 4718 9562 4719 9562 4750 9563 4719 9563 4751 9563 4751 9564 4719 9564 4720 9564 4751 9565 4720 9565 4752 9565 4752 9566 4720 9566 4721 9566 4752 9567 4721 9567 4753 9567 4753 9568 4721 9568 4722 9568 4753 9569 4722 9569 4754 9569 4754 9570 4722 9570 4723 9570 4754 9571 4723 9571 4755 9571 4755 9572 4723 9572 4724 9572 4755 9573 4724 9573 4756 9573 4756 9574 4724 9574 4725 9574 4756 9575 4725 9575 4726 9575 4726 9576 4725 9576 4695 9576 4757 9577 4758 9577 4748 9577 4748 9578 4758 9578 4759 9578 4748 9579 4759 9579 4747 9579 4747 9580 4759 9580 4760 9580 4747 9581 4760 9581 4746 9581 4746 9582 4760 9582 4761 9582 4746 9583 4761 9583 4745 9583 4745 9584 4761 9584 4762 9584 4745 9585 4762 9585 4744 9585 4744 9586 4762 9586 4763 9586 4744 9587 4763 9587 4743 9587 4743 9588 4763 9588 4764 9588 4743 9589 4764 9589 4742 9589 4742 9590 4764 9590 4765 9590 4742 9591 4765 9591 4741 9591 4741 9592 4765 9592 4766 9592 4741 9593 4766 9593 4740 9593 4740 9594 4766 9594 4767 9594 4740 9595 4767 9595 4739 9595 4739 9596 4767 9596 4768 9596 4739 9597 4768 9597 4738 9597 4738 9598 4768 9598 4769 9598 4738 9599 4769 9599 4737 9599 4737 9600 4769 9600 4770 9600 4737 9601 4770 9601 4736 9601 4736 9602 4770 9602 4771 9602 4736 9603 4771 9603 4735 9603 4735 9604 4771 9604 4772 9604 4735 9605 4772 9605 4734 9605 4734 9606 4772 9606 4773 9606 4734 9607 4773 9607 4733 9607 4733 9608 4773 9608 4774 9608 4733 9609 4774 9609 4732 9609 4732 9610 4774 9610 4775 9610 4732 9611 4775 9611 4731 9611 4731 9612 4775 9612 4776 9612 4731 9613 4776 9613 4730 9613 4730 9614 4776 9614 4777 9614 4730 9615 4777 9615 4729 9615 4729 9616 4777 9616 4778 9616 4729 9617 4778 9617 4728 9617 4728 9618 4778 9618 4779 9618 4728 9619 4779 9619 4727 9619 4727 9620 4779 9620 4780 9620 4727 9621 4780 9621 4726 9621 4726 9622 4780 9622 4781 9622 4726 9623 4781 9623 4756 9623 4756 9624 4781 9624 4782 9624 4756 9625 4782 9625 4755 9625 4755 9626 4782 9626 4783 9626 4755 9627 4783 9627 4754 9627 4754 9628 4783 9628 4784 9628 4754 9629 4784 9629 4753 9629 4753 9630 4784 9630 4785 9630 4753 9631 4785 9631 4752 9631 4752 9632 4785 9632 4786 9632 4752 9633 4786 9633 4751 9633 4751 9634 4786 9634 4787 9634 4751 9635 4787 9635 4750 9635 4750 9636 4787 9636 4788 9636 4750 9637 4788 9637 4749 9637 4749 9638 4788 9638 4757 9638 4749 9639 4757 9639 4748 9639 4759 9640 4774 9640 4773 9640 4759 9641 4773 9641 4760 9641 4760 9642 4773 9642 4772 9642 4760 9643 4772 9643 4761 9643 4761 9644 4772 9644 4771 9644 4761 9645 4771 9645 4762 9645 4762 9646 4771 9646 4770 9646 4762 9647 4770 9647 4763 9647 4763 9648 4770 9648 4769 9648 4763 9649 4769 9649 4764 9649 4764 9650 4769 9650 4768 9650 4764 9651 4768 9651 4765 9651 4765 9652 4768 9652 4767 9652 4765 9653 4767 9653 4766 9653 4759 9654 4758 9654 4774 9654 4774 9655 4758 9655 4757 9655 4774 9656 4757 9656 4775 9656 4775 9657 4757 9657 4776 9657 4788 9658 4778 9658 4757 9658 4757 9659 4778 9659 4777 9659 4757 9660 4777 9660 4776 9660 4788 9661 4787 9661 4778 9661 4778 9662 4787 9662 4786 9662 4778 9663 4786 9663 4785 9663 4784 9664 4780 9664 4785 9664 4785 9665 4780 9665 4779 9665 4785 9666 4779 9666 4778 9666 4784 9667 4783 9667 4780 9667 4780 9668 4783 9668 4782 9668 4780 9669 4782 9669 4781 9669 4789 9670 4790 9670 4791 9670 4789 9671 4791 9671 4792 9671 4792 9672 4791 9672 4793 9672 4792 9673 4793 9673 4794 9673 4794 9674 4793 9674 4795 9674 4794 9675 4795 9675 4796 9675 4796 9676 4795 9676 4797 9676 4796 9677 4797 9677 4798 9677 4798 9678 4797 9678 4799 9678 4798 9679 4799 9679 4800 9679 4800 9680 4799 9680 4801 9680 4800 9681 4801 9681 4802 9681 4802 9682 4801 9682 4803 9682 4802 9683 4803 9683 4804 9683 4804 9684 4803 9684 4805 9684 4804 9685 4805 9685 4806 9685 4806 9686 4807 9686 4804 9686 4804 9687 4807 9687 4808 9687 4804 9688 4808 9688 4809 9688 4809 9689 4808 9689 4810 9689 4809 9690 4810 9690 4811 9690 4811 9691 4810 9691 4812 9691 4811 9692 4812 9692 4813 9692 4813 9693 4812 9693 4814 9693 4813 9694 4814 9694 4815 9694 4815 9695 4814 9695 4816 9695 4815 9696 4816 9696 4817 9696 4817 9697 4816 9697 4818 9697 4817 9698 4818 9698 4819 9698 4819 9699 4818 9699 4820 9699 4807 9700 4806 9700 4821 9700 4821 9701 4806 9701 4805 9701 4821 9702 4805 9702 4822 9702 4822 9703 4805 9703 4803 9703 4822 9704 4803 9704 4823 9704 4823 9705 4803 9705 4801 9705 4823 9706 4801 9706 4824 9706 4824 9707 4801 9707 4799 9707 4824 9708 4799 9708 4825 9708 4825 9709 4799 9709 4797 9709 4825 9710 4797 9710 4826 9710 4826 9711 4797 9711 4795 9711 4826 9712 4795 9712 4827 9712 4827 9713 4795 9713 4793 9713 4827 9714 4793 9714 4828 9714 4828 9715 4793 9715 4791 9715 4828 9716 4791 9716 4829 9716 4829 9717 4791 9717 4790 9717 4829 9718 4790 9718 4830 9718 4830 9719 4790 9719 4789 9719 4830 9720 4789 9720 4831 9720 4831 9721 4789 9721 4792 9721 4831 9722 4792 9722 4832 9722 4832 9723 4792 9723 4794 9723 4832 9724 4794 9724 4833 9724 4833 9725 4794 9725 4796 9725 4833 9726 4796 9726 4834 9726 4834 9727 4796 9727 4798 9727 4834 9728 4798 9728 4835 9728 4835 9729 4798 9729 4800 9729 4835 9730 4800 9730 4836 9730 4836 9731 4800 9731 4802 9731 4836 9732 4802 9732 4837 9732 4837 9733 4802 9733 4804 9733 4837 9734 4804 9734 4838 9734 4838 9735 4804 9735 4809 9735 4838 9736 4809 9736 4839 9736 4839 9737 4809 9737 4811 9737 4839 9738 4811 9738 4840 9738 4840 9739 4811 9739 4813 9739 4840 9740 4813 9740 4841 9740 4841 9741 4813 9741 4815 9741 4841 9742 4815 9742 4842 9742 4842 9743 4815 9743 4817 9743 4842 9744 4817 9744 4843 9744 4843 9745 4817 9745 4819 9745 4843 9746 4819 9746 4844 9746 4844 9747 4819 9747 4820 9747 4844 9748 4820 9748 4845 9748 4845 9749 4820 9749 4818 9749 4845 9750 4818 9750 4846 9750 4846 9751 4818 9751 4816 9751 4846 9752 4816 9752 4847 9752 4847 9753 4816 9753 4814 9753 4847 9754 4814 9754 4848 9754 4848 9755 4814 9755 4812 9755 4848 9756 4812 9756 4849 9756 4849 9757 4812 9757 4810 9757 4849 9758 4810 9758 4850 9758 4850 9759 4810 9759 4808 9759 4850 9760 4808 9760 4851 9760 4851 9761 4808 9761 4807 9761 4851 9762 4807 9762 4821 9762 4852 9763 4830 9763 4853 9763 4853 9764 4830 9764 4831 9764 4853 9765 4831 9765 4854 9765 4854 9766 4831 9766 4832 9766 4854 9767 4832 9767 4855 9767 4855 9768 4832 9768 4833 9768 4855 9769 4833 9769 4856 9769 4856 9770 4833 9770 4834 9770 4856 9771 4834 9771 4857 9771 4857 9772 4834 9772 4835 9772 4857 9773 4835 9773 4858 9773 4858 9774 4835 9774 4836 9774 4858 9775 4836 9775 4859 9775 4859 9776 4836 9776 4837 9776 4859 9777 4837 9777 4860 9777 4860 9778 4837 9778 4838 9778 4860 9779 4838 9779 4861 9779 4861 9780 4838 9780 4839 9780 4861 9781 4839 9781 4862 9781 4862 9782 4839 9782 4840 9782 4862 9783 4840 9783 4863 9783 4863 9784 4840 9784 4841 9784 4863 9785 4841 9785 4864 9785 4864 9786 4841 9786 4842 9786 4864 9787 4842 9787 4865 9787 4865 9788 4842 9788 4843 9788 4865 9789 4843 9789 4866 9789 4866 9790 4843 9790 4844 9790 4866 9791 4844 9791 4867 9791 4867 9792 4844 9792 4845 9792 4867 9793 4845 9793 4868 9793 4868 9794 4845 9794 4846 9794 4868 9795 4846 9795 4869 9795 4869 9796 4846 9796 4847 9796 4869 9797 4847 9797 4870 9797 4870 9798 4847 9798 4848 9798 4870 9799 4848 9799 4871 9799 4871 9800 4848 9800 4849 9800 4871 9801 4849 9801 4872 9801 4872 9802 4849 9802 4850 9802 4872 9803 4850 9803 4873 9803 4873 9804 4850 9804 4851 9804 4873 9805 4851 9805 4874 9805 4874 9806 4851 9806 4821 9806 4874 9807 4821 9807 4875 9807 4875 9808 4821 9808 4822 9808 4875 9809 4822 9809 4876 9809 4876 9810 4822 9810 4823 9810 4876 9811 4823 9811 4877 9811 4877 9812 4823 9812 4824 9812 4877 9813 4824 9813 4878 9813 4878 9814 4824 9814 4825 9814 4878 9815 4825 9815 4879 9815 4879 9816 4825 9816 4826 9816 4879 9817 4826 9817 4880 9817 4880 9818 4826 9818 4827 9818 4880 9819 4827 9819 4881 9819 4881 9820 4827 9820 4828 9820 4881 9821 4828 9821 4882 9821 4882 9822 4828 9822 4829 9822 4882 9823 4829 9823 4852 9823 4852 9824 4829 9824 4830 9824 4883 9825 4852 9825 4884 9825 4884 9826 4852 9826 4853 9826 4884 9827 4853 9827 4885 9827 4885 9828 4853 9828 4854 9828 4885 9829 4854 9829 4886 9829 4886 9830 4854 9830 4855 9830 4886 9831 4855 9831 4887 9831 4887 9832 4855 9832 4856 9832 4887 9833 4856 9833 4888 9833 4888 9834 4856 9834 4857 9834 4888 9835 4857 9835 4889 9835 4889 9836 4857 9836 4858 9836 4889 9837 4858 9837 4890 9837 4890 9838 4858 9838 4859 9838 4890 9839 4859 9839 4891 9839 4891 9840 4859 9840 4860 9840 4891 9841 4860 9841 4892 9841 4892 9842 4860 9842 4861 9842 4892 9843 4861 9843 4893 9843 4893 9844 4861 9844 4862 9844 4893 9845 4862 9845 4894 9845 4894 9846 4862 9846 4863 9846 4894 9847 4863 9847 4895 9847 4895 9848 4863 9848 4864 9848 4895 9849 4864 9849 4896 9849 4896 9850 4864 9850 4865 9850 4896 9851 4865 9851 4897 9851 4897 9852 4865 9852 4866 9852 4897 9853 4866 9853 4898 9853 4898 9854 4866 9854 4867 9854 4898 9855 4867 9855 4899 9855 4899 9856 4867 9856 4868 9856 4899 9857 4868 9857 4900 9857 4900 9858 4868 9858 4869 9858 4900 9859 4869 9859 4901 9859 4901 9860 4869 9860 4870 9860 4901 9861 4870 9861 4902 9861 4902 9862 4870 9862 4871 9862 4902 9863 4871 9863 4903 9863 4903 9864 4871 9864 4872 9864 4903 9865 4872 9865 4904 9865 4904 9866 4872 9866 4873 9866 4904 9867 4873 9867 4905 9867 4905 9868 4873 9868 4874 9868 4905 9869 4874 9869 4906 9869 4906 9870 4874 9870 4875 9870 4906 9871 4875 9871 4907 9871 4907 9872 4875 9872 4876 9872 4907 9873 4876 9873 4908 9873 4908 9874 4876 9874 4877 9874 4908 9875 4877 9875 4909 9875 4909 9876 4877 9876 4878 9876 4909 9877 4878 9877 4910 9877 4910 9878 4878 9878 4879 9878 4910 9879 4879 9879 4911 9879 4911 9880 4879 9880 4880 9880 4911 9881 4880 9881 4912 9881 4912 9882 4880 9882 4881 9882 4912 9883 4881 9883 4913 9883 4913 9884 4881 9884 4882 9884 4913 9885 4882 9885 4883 9885 4883 9886 4882 9886 4852 9886 4914 9887 4883 9887 4915 9887 4915 9888 4883 9888 4884 9888 4915 9889 4884 9889 4916 9889 4916 9890 4884 9890 4885 9890 4916 9891 4885 9891 4917 9891 4917 9892 4885 9892 4886 9892 4917 9893 4886 9893 4918 9893 4918 9894 4886 9894 4887 9894 4918 9895 4887 9895 4919 9895 4919 9896 4887 9896 4888 9896 4919 9897 4888 9897 4920 9897 4920 9898 4888 9898 4889 9898 4920 9899 4889 9899 4921 9899 4921 9900 4889 9900 4890 9900 4921 9901 4890 9901 4922 9901 4922 9902 4890 9902 4891 9902 4922 9903 4891 9903 4923 9903 4923 9904 4891 9904 4892 9904 4923 9905 4892 9905 4924 9905 4924 9906 4892 9906 4893 9906 4924 9907 4893 9907 4925 9907 4925 9908 4893 9908 4894 9908 4925 9909 4894 9909 4926 9909 4926 9910 4894 9910 4895 9910 4926 9911 4895 9911 4927 9911 4927 9912 4895 9912 4896 9912 4927 9913 4896 9913 4928 9913 4928 9914 4896 9914 4897 9914 4928 9915 4897 9915 4929 9915 4929 9916 4897 9916 4898 9916 4929 9917 4898 9917 4930 9917 4930 9918 4898 9918 4899 9918 4930 9919 4899 9919 4931 9919 4931 9920 4899 9920 4900 9920 4931 9921 4900 9921 4932 9921 4932 9922 4900 9922 4901 9922 4932 9923 4901 9923 4933 9923 4933 9924 4901 9924 4902 9924 4933 9925 4902 9925 4934 9925 4934 9926 4902 9926 4903 9926 4934 9927 4903 9927 4935 9927 4935 9928 4903 9928 4904 9928 4935 9929 4904 9929 4936 9929 4936 9930 4904 9930 4905 9930 4936 9931 4905 9931 4937 9931 4937 9932 4905 9932 4906 9932 4937 9933 4906 9933 4938 9933 4938 9934 4906 9934 4907 9934 4938 9935 4907 9935 4939 9935 4939 9936 4907 9936 4908 9936 4939 9937 4908 9937 4940 9937 4940 9938 4908 9938 4909 9938 4940 9939 4909 9939 4941 9939 4941 9940 4909 9940 4910 9940 4941 9941 4910 9941 4942 9941 4942 9942 4910 9942 4911 9942 4942 9943 4911 9943 4943 9943 4943 9944 4911 9944 4912 9944 4943 9945 4912 9945 4944 9945 4944 9946 4912 9946 4913 9946 4944 9947 4913 9947 4914 9947 4914 9948 4913 9948 4883 9948 4945 9949 4914 9949 4946 9949 4946 9950 4914 9950 4915 9950 4946 9951 4915 9951 4947 9951 4947 9952 4915 9952 4916 9952 4947 9953 4916 9953 4948 9953 4948 9954 4916 9954 4917 9954 4948 9955 4917 9955 4949 9955 4949 9956 4917 9956 4918 9956 4949 9957 4918 9957 4950 9957 4950 9958 4918 9958 4919 9958 4950 9959 4919 9959 4951 9959 4951 9960 4919 9960 4920 9960 4951 9961 4920 9961 4952 9961 4952 9962 4920 9962 4921 9962 4952 9963 4921 9963 4953 9963 4953 9964 4921 9964 4922 9964 4953 9965 4922 9965 4954 9965 4954 9966 4922 9966 4923 9966 4954 9967 4923 9967 4955 9967 4955 9968 4923 9968 4924 9968 4955 9969 4924 9969 4956 9969 4956 9970 4924 9970 4925 9970 4956 9971 4925 9971 4957 9971 4957 9972 4925 9972 4926 9972 4957 9973 4926 9973 4958 9973 4958 9974 4926 9974 4927 9974 4958 9975 4927 9975 4959 9975 4959 9976 4927 9976 4928 9976 4959 9977 4928 9977 4960 9977 4960 9978 4928 9978 4929 9978 4960 9979 4929 9979 4961 9979 4961 9980 4929 9980 4930 9980 4961 9981 4930 9981 4962 9981 4962 9982 4930 9982 4931 9982 4962 9983 4931 9983 4963 9983 4963 9984 4931 9984 4932 9984 4963 9985 4932 9985 4964 9985 4964 9986 4932 9986 4933 9986 4964 9987 4933 9987 4965 9987 4965 9988 4933 9988 4934 9988 4965 9989 4934 9989 4966 9989 4966 9990 4934 9990 4935 9990 4966 9991 4935 9991 4967 9991 4967 9992 4935 9992 4936 9992 4967 9993 4936 9993 4968 9993 4968 9994 4936 9994 4937 9994 4968 9995 4937 9995 4969 9995 4969 9996 4937 9996 4938 9996 4969 9997 4938 9997 4970 9997 4970 9998 4938 9998 4939 9998 4970 9999 4939 9999 4971 9999 4971 10000 4939 10000 4940 10000 4971 10001 4940 10001 4972 10001 4972 10002 4940 10002 4941 10002 4972 10003 4941 10003 4973 10003 4973 10004 4941 10004 4942 10004 4973 10005 4942 10005 4974 10005 4974 10006 4942 10006 4943 10006 4974 10007 4943 10007 4975 10007 4975 10008 4943 10008 4944 10008 4975 10009 4944 10009 4945 10009 4945 10010 4944 10010 4914 10010 4976 10011 4945 10011 4977 10011 4977 10012 4945 10012 4946 10012 4977 10013 4946 10013 4978 10013 4978 10014 4946 10014 4947 10014 4978 10015 4947 10015 4979 10015 4979 10016 4947 10016 4948 10016 4979 10017 4948 10017 4980 10017 4980 10018 4948 10018 4949 10018 4980 10019 4949 10019 4981 10019 4981 10020 4949 10020 4950 10020 4981 10021 4950 10021 4982 10021 4982 10022 4950 10022 4951 10022 4982 10023 4951 10023 4983 10023 4983 10024 4951 10024 4952 10024 4983 10025 4952 10025 4984 10025 4984 10026 4952 10026 4953 10026 4984 10027 4953 10027 4985 10027 4985 10028 4953 10028 4954 10028 4985 10029 4954 10029 4986 10029 4986 10030 4954 10030 4955 10030 4986 10031 4955 10031 4987 10031 4987 10032 4955 10032 4956 10032 4987 10033 4956 10033 4988 10033 4988 10034 4956 10034 4957 10034 4988 10035 4957 10035 4989 10035 4989 10036 4957 10036 4958 10036 4989 10037 4958 10037 4990 10037 4990 10038 4958 10038 4959 10038 4990 10039 4959 10039 4991 10039 4991 10040 4959 10040 4960 10040 4991 10041 4960 10041 4992 10041 4992 10042 4960 10042 4961 10042 4992 10043 4961 10043 4993 10043 4993 10044 4961 10044 4962 10044 4993 10045 4962 10045 4994 10045 4994 10046 4962 10046 4963 10046 4994 10047 4963 10047 4995 10047 4995 10048 4963 10048 4964 10048 4995 10049 4964 10049 4996 10049 4996 10050 4964 10050 4965 10050 4996 10051 4965 10051 4997 10051 4997 10052 4965 10052 4966 10052 4997 10053 4966 10053 4998 10053 4998 10054 4966 10054 4967 10054 4998 10055 4967 10055 4999 10055 4999 10056 4967 10056 4968 10056 4999 10057 4968 10057 5000 10057 5000 10058 4968 10058 4969 10058 5000 10059 4969 10059 5001 10059 5001 10060 4969 10060 4970 10060 5001 10061 4970 10061 5002 10061 5002 10062 4970 10062 4971 10062 5002 10063 4971 10063 5003 10063 5003 10064 4971 10064 4972 10064 5003 10065 4972 10065 5004 10065 5004 10066 4972 10066 4973 10066 5004 10067 4973 10067 5005 10067 5005 10068 4973 10068 4974 10068 5005 10069 4974 10069 5006 10069 5006 10070 4974 10070 4975 10070 5006 10071 4975 10071 4976 10071 4976 10072 4975 10072 4945 10072 5007 10073 4976 10073 5008 10073 5008 10074 4976 10074 4977 10074 5008 10075 4977 10075 5009 10075 5009 10076 4977 10076 4978 10076 5009 10077 4978 10077 5010 10077 5010 10078 4978 10078 4979 10078 5010 10079 4979 10079 5011 10079 5011 10080 4979 10080 4980 10080 5011 10081 4980 10081 5012 10081 5012 10082 4980 10082 4981 10082 5012 10083 4981 10083 5013 10083 5013 10084 4981 10084 4982 10084 5013 10085 4982 10085 5014 10085 5014 10086 4982 10086 4983 10086 5014 10087 4983 10087 5015 10087 5015 10088 4983 10088 4984 10088 5015 10089 4984 10089 5016 10089 5016 10090 4984 10090 4985 10090 5016 10091 4985 10091 5017 10091 5017 10092 4985 10092 4986 10092 5017 10093 4986 10093 5018 10093 5018 10094 4986 10094 4987 10094 5018 10095 4987 10095 5019 10095 5019 10096 4987 10096 4988 10096 5019 10097 4988 10097 5020 10097 5020 10098 4988 10098 4989 10098 5020 10099 4989 10099 5021 10099 5021 10100 4989 10100 4990 10100 5021 10101 4990 10101 5022 10101 5022 10102 4990 10102 4991 10102 5022 10103 4991 10103 5023 10103 5023 10104 4991 10104 4992 10104 5023 10105 4992 10105 5024 10105 5024 10106 4992 10106 4993 10106 5024 10107 4993 10107 5025 10107 5025 10108 4993 10108 4994 10108 5025 10109 4994 10109 5026 10109 5026 10110 4994 10110 4995 10110 5026 10111 4995 10111 5027 10111 5027 10112 4995 10112 4996 10112 5027 10113 4996 10113 5028 10113 5028 10114 4996 10114 4997 10114 5028 10115 4997 10115 5029 10115 5029 10116 4997 10116 4998 10116 5029 10117 4998 10117 5030 10117 5030 10118 4998 10118 4999 10118 5030 10119 4999 10119 5031 10119 5031 10120 4999 10120 5000 10120 5031 10121 5000 10121 5032 10121 5032 10122 5000 10122 5001 10122 5032 10123 5001 10123 5033 10123 5033 10124 5001 10124 5002 10124 5033 10125 5002 10125 5034 10125 5034 10126 5002 10126 5003 10126 5034 10127 5003 10127 5035 10127 5035 10128 5003 10128 5004 10128 5035 10129 5004 10129 5036 10129 5036 10130 5004 10130 5005 10130 5036 10131 5005 10131 5037 10131 5037 10132 5005 10132 5006 10132 5037 10133 5006 10133 5007 10133 5007 10134 5006 10134 4976 10134 5038 10135 5039 10135 5029 10135 5029 10136 5039 10136 5040 10136 5029 10137 5040 10137 5028 10137 5028 10138 5040 10138 5041 10138 5028 10139 5041 10139 5027 10139 5027 10140 5041 10140 5042 10140 5027 10141 5042 10141 5026 10141 5026 10142 5042 10142 5043 10142 5026 10143 5043 10143 5025 10143 5025 10144 5043 10144 5044 10144 5025 10145 5044 10145 5024 10145 5024 10146 5044 10146 5045 10146 5024 10147 5045 10147 5023 10147 5023 10148 5045 10148 5046 10148 5023 10149 5046 10149 5022 10149 5022 10150 5046 10150 5047 10150 5022 10151 5047 10151 5021 10151 5021 10152 5047 10152 5048 10152 5021 10153 5048 10153 5020 10153 5020 10154 5048 10154 5049 10154 5020 10155 5049 10155 5019 10155 5019 10156 5049 10156 5050 10156 5019 10157 5050 10157 5018 10157 5018 10158 5050 10158 5051 10158 5018 10159 5051 10159 5017 10159 5017 10160 5051 10160 5052 10160 5017 10161 5052 10161 5016 10161 5016 10162 5052 10162 5053 10162 5016 10163 5053 10163 5015 10163 5015 10164 5053 10164 5054 10164 5015 10165 5054 10165 5014 10165 5014 10166 5054 10166 5055 10166 5014 10167 5055 10167 5013 10167 5013 10168 5055 10168 5056 10168 5013 10169 5056 10169 5012 10169 5012 10170 5056 10170 5057 10170 5012 10171 5057 10171 5011 10171 5011 10172 5057 10172 5058 10172 5011 10173 5058 10173 5010 10173 5010 10174 5058 10174 5059 10174 5010 10175 5059 10175 5009 10175 5009 10176 5059 10176 5060 10176 5009 10177 5060 10177 5008 10177 5008 10178 5060 10178 5061 10178 5008 10179 5061 10179 5007 10179 5007 10180 5061 10180 5062 10180 5007 10181 5062 10181 5037 10181 5037 10182 5062 10182 5063 10182 5037 10183 5063 10183 5036 10183 5036 10184 5063 10184 5064 10184 5036 10185 5064 10185 5035 10185 5035 10186 5064 10186 5065 10186 5035 10187 5065 10187 5034 10187 5034 10188 5065 10188 5066 10188 5034 10189 5066 10189 5033 10189 5033 10190 5066 10190 5067 10190 5033 10191 5067 10191 5032 10191 5032 10192 5067 10192 5068 10192 5032 10193 5068 10193 5031 10193 5031 10194 5068 10194 5069 10194 5031 10195 5069 10195 5030 10195 5030 10196 5069 10196 5038 10196 5030 10197 5038 10197 5029 10197 5048 10198 5047 10198 5046 10198 5048 10199 5046 10199 5049 10199 5049 10200 5046 10200 5045 10200 5049 10201 5045 10201 5050 10201 5050 10202 5045 10202 5044 10202 5050 10203 5044 10203 5051 10203 5051 10204 5044 10204 5043 10204 5051 10205 5043 10205 5052 10205 5052 10206 5043 10206 5042 10206 5052 10207 5042 10207 5053 10207 5053 10208 5042 10208 5041 10208 5053 10209 5041 10209 5054 10209 5054 10210 5041 10210 5040 10210 5054 10211 5040 10211 5055 10211 5055 10212 5040 10212 5039 10212 5055 10213 5039 10213 5038 10213 5058 10214 5057 10214 5068 10214 5059 10215 5058 10215 5060 10215 5060 10216 5058 10216 5068 10216 5060 10217 5068 10217 5061 10217 5038 10218 5069 10218 5055 10218 5055 10219 5069 10219 5068 10219 5055 10220 5068 10220 5056 10220 5056 10221 5068 10221 5057 10221 5061 10222 5068 10222 5062 10222 5062 10223 5068 10223 5067 10223 5062 10224 5067 10224 5066 10224 5066 10225 5065 10225 5062 10225 5062 10226 5065 10226 5064 10226 5062 10227 5064 10227 5063 10227 5070 10228 5071 10228 5072 10228 5072 10229 5071 10229 5073 10229 5072 10230 5073 10230 5074 10230 5075 10231 5076 10231 5077 10231 5078 10232 5079 10232 5080 10232 5080 10233 5079 10233 5081 10233 5080 10234 5081 10234 5082 10234 5083 10235 5084 10235 5080 10235 5080 10236 5084 10236 5085 10236 5080 10237 5085 10237 5086 10237 5086 10238 5087 10238 5080 10238 5080 10239 5087 10239 5088 10239 5080 10240 5088 10240 5089 10240 5089 10241 5090 10241 5080 10241 5080 10242 5090 10242 5077 10242 5080 10243 5077 10243 5091 10243 5092 10244 5093 10244 5094 10244 5094 10245 5093 10245 5095 10245 5094 10246 5095 10246 5096 10246 5073 10247 5091 10247 5074 10247 5074 10248 5091 10248 5077 10248 5074 10249 5077 10249 5097 10249 5097 10250 5077 10250 5076 10250 5098 10251 5083 10251 5099 10251 5099 10252 5083 10252 5080 10252 5099 10253 5080 10253 5100 10253 5100 10254 5080 10254 5082 10254 5096 10255 5095 10255 5077 10255 5077 10256 5095 10256 5101 10256 5077 10257 5101 10257 5075 10257 5102 10258 5097 10258 5103 10258 5103 10259 5097 10259 5076 10259 5103 10260 5076 10260 5104 10260 5104 10261 5076 10261 5075 10261 5104 10262 5075 10262 5105 10262 5105 10263 5075 10263 5101 10263 5105 10264 5101 10264 5106 10264 5106 10265 5101 10265 5095 10265 5106 10266 5095 10266 5107 10266 5107 10267 5095 10267 5093 10267 5107 10268 5093 10268 5108 10268 5108 10269 5093 10269 5092 10269 5108 10270 5092 10270 5109 10270 5109 10271 5092 10271 5094 10271 5109 10272 5094 10272 5110 10272 5110 10273 5094 10273 5096 10273 5110 10274 5096 10274 5111 10274 5111 10275 5096 10275 5077 10275 5111 10276 5077 10276 5112 10276 5112 10277 5077 10277 5090 10277 5112 10278 5090 10278 5113 10278 5113 10279 5090 10279 5089 10279 5113 10280 5089 10280 5114 10280 5114 10281 5089 10281 5088 10281 5114 10282 5088 10282 5115 10282 5115 10283 5088 10283 5087 10283 5115 10284 5087 10284 5116 10284 5116 10285 5087 10285 5086 10285 5116 10286 5086 10286 5117 10286 5117 10287 5086 10287 5085 10287 5117 10288 5085 10288 5118 10288 5118 10289 5085 10289 5084 10289 5118 10290 5084 10290 5119 10290 5119 10291 5084 10291 5083 10291 5119 10292 5083 10292 5120 10292 5120 10293 5083 10293 5098 10293 5120 10294 5098 10294 5121 10294 5121 10295 5098 10295 5099 10295 5121 10296 5099 10296 5122 10296 5122 10297 5099 10297 5100 10297 5122 10298 5100 10298 5123 10298 5123 10299 5100 10299 5082 10299 5123 10300 5082 10300 5124 10300 5124 10301 5082 10301 5081 10301 5124 10302 5081 10302 5125 10302 5125 10303 5081 10303 5079 10303 5125 10304 5079 10304 5126 10304 5126 10305 5079 10305 5078 10305 5126 10306 5078 10306 5127 10306 5127 10307 5078 10307 5080 10307 5127 10308 5080 10308 5128 10308 5128 10309 5080 10309 5091 10309 5128 10310 5091 10310 5129 10310 5129 10311 5091 10311 5073 10311 5129 10312 5073 10312 5130 10312 5130 10313 5073 10313 5071 10313 5130 10314 5071 10314 5131 10314 5131 10315 5071 10315 5070 10315 5131 10316 5070 10316 5132 10316 5132 10317 5070 10317 5072 10317 5132 10318 5072 10318 5133 10318 5133 10319 5072 10319 5074 10319 5133 10320 5074 10320 5102 10320 5102 10321 5074 10321 5097 10321 5134 10322 5102 10322 5135 10322 5135 10323 5102 10323 5103 10323 5135 10324 5103 10324 5136 10324 5136 10325 5103 10325 5104 10325 5136 10326 5104 10326 5137 10326 5137 10327 5104 10327 5105 10327 5137 10328 5105 10328 5138 10328 5138 10329 5105 10329 5106 10329 5138 10330 5106 10330 5139 10330 5139 10331 5106 10331 5107 10331 5139 10332 5107 10332 5140 10332 5140 10333 5107 10333 5108 10333 5140 10334 5108 10334 5141 10334 5141 10335 5108 10335 5109 10335 5141 10336 5109 10336 5142 10336 5142 10337 5109 10337 5110 10337 5142 10338 5110 10338 5143 10338 5143 10339 5110 10339 5111 10339 5143 10340 5111 10340 5144 10340 5144 10341 5111 10341 5112 10341 5144 10342 5112 10342 5145 10342 5145 10343 5112 10343 5113 10343 5145 10344 5113 10344 5146 10344 5146 10345 5113 10345 5114 10345 5146 10346 5114 10346 5147 10346 5147 10347 5114 10347 5115 10347 5147 10348 5115 10348 5148 10348 5148 10349 5115 10349 5116 10349 5148 10350 5116 10350 5149 10350 5149 10351 5116 10351 5117 10351 5149 10352 5117 10352 5150 10352 5150 10353 5117 10353 5118 10353 5150 10354 5118 10354 5151 10354 5151 10355 5118 10355 5119 10355 5151 10356 5119 10356 5152 10356 5152 10357 5119 10357 5120 10357 5152 10358 5120 10358 5153 10358 5153 10359 5120 10359 5121 10359 5153 10360 5121 10360 5154 10360 5154 10361 5121 10361 5122 10361 5154 10362 5122 10362 5155 10362 5155 10363 5122 10363 5123 10363 5155 10364 5123 10364 5156 10364 5156 10365 5123 10365 5124 10365 5156 10366 5124 10366 5157 10366 5157 10367 5124 10367 5125 10367 5157 10368 5125 10368 5158 10368 5158 10369 5125 10369 5126 10369 5158 10370 5126 10370 5159 10370 5159 10371 5126 10371 5127 10371 5159 10372 5127 10372 5160 10372 5160 10373 5127 10373 5128 10373 5160 10374 5128 10374 5161 10374 5161 10375 5128 10375 5129 10375 5161 10376 5129 10376 5162 10376 5162 10377 5129 10377 5130 10377 5162 10378 5130 10378 5163 10378 5163 10379 5130 10379 5131 10379 5163 10380 5131 10380 5164 10380 5164 10381 5131 10381 5132 10381 5164 10382 5132 10382 5165 10382 5165 10383 5132 10383 5133 10383 5165 10384 5133 10384 5134 10384 5134 10385 5133 10385 5102 10385 5166 10386 5134 10386 5167 10386 5167 10387 5134 10387 5135 10387 5167 10388 5135 10388 5168 10388 5168 10389 5135 10389 5136 10389 5168 10390 5136 10390 5169 10390 5169 10391 5136 10391 5137 10391 5169 10392 5137 10392 5170 10392 5170 10393 5137 10393 5138 10393 5170 10394 5138 10394 5171 10394 5171 10395 5138 10395 5139 10395 5171 10396 5139 10396 5172 10396 5172 10397 5139 10397 5140 10397 5172 10398 5140 10398 5173 10398 5173 10399 5140 10399 5141 10399 5173 10400 5141 10400 5174 10400 5174 10401 5141 10401 5142 10401 5174 10402 5142 10402 5175 10402 5175 10403 5142 10403 5143 10403 5175 10404 5143 10404 5176 10404 5176 10405 5143 10405 5144 10405 5176 10406 5144 10406 5177 10406 5177 10407 5144 10407 5145 10407 5177 10408 5145 10408 5178 10408 5178 10409 5145 10409 5146 10409 5178 10410 5146 10410 5179 10410 5179 10411 5146 10411 5147 10411 5179 10412 5147 10412 5180 10412 5180 10413 5147 10413 5148 10413 5180 10414 5148 10414 5181 10414 5181 10415 5148 10415 5149 10415 5181 10416 5149 10416 5182 10416 5182 10417 5149 10417 5150 10417 5182 10418 5150 10418 5183 10418 5183 10419 5150 10419 5151 10419 5183 10420 5151 10420 5184 10420 5184 10421 5151 10421 5152 10421 5184 10422 5152 10422 5185 10422 5185 10423 5152 10423 5153 10423 5185 10424 5153 10424 5186 10424 5186 10425 5153 10425 5154 10425 5186 10426 5154 10426 5187 10426 5187 10427 5154 10427 5155 10427 5187 10428 5155 10428 5188 10428 5188 10429 5155 10429 5156 10429 5188 10430 5156 10430 5189 10430 5189 10431 5156 10431 5157 10431 5189 10432 5157 10432 5190 10432 5190 10433 5157 10433 5158 10433 5190 10434 5158 10434 5191 10434 5191 10435 5158 10435 5159 10435 5191 10436 5159 10436 5192 10436 5192 10437 5159 10437 5160 10437 5192 10438 5160 10438 5193 10438 5193 10439 5160 10439 5161 10439 5193 10440 5161 10440 5194 10440 5194 10441 5161 10441 5162 10441 5194 10442 5162 10442 5195 10442 5195 10443 5162 10443 5163 10443 5195 10444 5163 10444 5196 10444 5196 10445 5163 10445 5164 10445 5196 10446 5164 10446 5197 10446 5197 10447 5164 10447 5165 10447 5197 10448 5165 10448 5166 10448 5166 10449 5165 10449 5134 10449 5198 10450 5166 10450 5199 10450 5199 10451 5166 10451 5167 10451 5199 10452 5167 10452 5200 10452 5200 10453 5167 10453 5168 10453 5200 10454 5168 10454 5201 10454 5201 10455 5168 10455 5169 10455 5201 10456 5169 10456 5202 10456 5202 10457 5169 10457 5170 10457 5202 10458 5170 10458 5203 10458 5203 10459 5170 10459 5171 10459 5203 10460 5171 10460 5204 10460 5204 10461 5171 10461 5172 10461 5204 10462 5172 10462 5205 10462 5205 10463 5172 10463 5173 10463 5205 10464 5173 10464 5206 10464 5206 10465 5173 10465 5174 10465 5206 10466 5174 10466 5207 10466 5207 10467 5174 10467 5175 10467 5207 10468 5175 10468 5208 10468 5208 10469 5175 10469 5176 10469 5208 10470 5176 10470 5209 10470 5209 10471 5176 10471 5177 10471 5209 10472 5177 10472 5210 10472 5210 10473 5177 10473 5178 10473 5210 10474 5178 10474 5211 10474 5211 10475 5178 10475 5179 10475 5211 10476 5179 10476 5212 10476 5212 10477 5179 10477 5180 10477 5212 10478 5180 10478 5213 10478 5213 10479 5180 10479 5181 10479 5213 10480 5181 10480 5214 10480 5214 10481 5181 10481 5182 10481 5214 10482 5182 10482 5215 10482 5215 10483 5182 10483 5183 10483 5215 10484 5183 10484 5216 10484 5216 10485 5183 10485 5184 10485 5216 10486 5184 10486 5217 10486 5217 10487 5184 10487 5185 10487 5217 10488 5185 10488 5218 10488 5218 10489 5185 10489 5186 10489 5218 10490 5186 10490 5219 10490 5219 10491 5186 10491 5187 10491 5219 10492 5187 10492 5220 10492 5220 10493 5187 10493 5188 10493 5220 10494 5188 10494 5221 10494 5221 10495 5188 10495 5189 10495 5221 10496 5189 10496 5222 10496 5222 10497 5189 10497 5190 10497 5222 10498 5190 10498 5223 10498 5223 10499 5190 10499 5191 10499 5223 10500 5191 10500 5224 10500 5224 10501 5191 10501 5192 10501 5224 10502 5192 10502 5225 10502 5225 10503 5192 10503 5193 10503 5225 10504 5193 10504 5226 10504 5226 10505 5193 10505 5194 10505 5226 10506 5194 10506 5227 10506 5227 10507 5194 10507 5195 10507 5227 10508 5195 10508 5228 10508 5228 10509 5195 10509 5196 10509 5228 10510 5196 10510 5229 10510 5229 10511 5196 10511 5197 10511 5229 10512 5197 10512 5198 10512 5198 10513 5197 10513 5166 10513 5230 10514 5198 10514 5231 10514 5231 10515 5198 10515 5199 10515 5231 10516 5199 10516 5232 10516 5232 10517 5199 10517 5200 10517 5232 10518 5200 10518 5233 10518 5233 10519 5200 10519 5201 10519 5233 10520 5201 10520 5234 10520 5234 10521 5201 10521 5202 10521 5234 10522 5202 10522 5235 10522 5235 10523 5202 10523 5203 10523 5235 10524 5203 10524 5236 10524 5236 10525 5203 10525 5204 10525 5236 10526 5204 10526 5237 10526 5237 10527 5204 10527 5205 10527 5237 10528 5205 10528 5238 10528 5238 10529 5205 10529 5206 10529 5238 10530 5206 10530 5239 10530 5239 10531 5206 10531 5207 10531 5239 10532 5207 10532 5240 10532 5240 10533 5207 10533 5208 10533 5240 10534 5208 10534 5241 10534 5241 10535 5208 10535 5209 10535 5241 10536 5209 10536 5242 10536 5242 10537 5209 10537 5210 10537 5242 10538 5210 10538 5243 10538 5243 10539 5210 10539 5211 10539 5243 10540 5211 10540 5244 10540 5244 10541 5211 10541 5212 10541 5244 10542 5212 10542 5245 10542 5245 10543 5212 10543 5213 10543 5245 10544 5213 10544 5246 10544 5246 10545 5213 10545 5214 10545 5246 10546 5214 10546 5247 10546 5247 10547 5214 10547 5215 10547 5247 10548 5215 10548 5248 10548 5248 10549 5215 10549 5216 10549 5248 10550 5216 10550 5249 10550 5249 10551 5216 10551 5217 10551 5249 10552 5217 10552 5250 10552 5250 10553 5217 10553 5218 10553 5250 10554 5218 10554 5251 10554 5251 10555 5218 10555 5219 10555 5251 10556 5219 10556 5252 10556 5252 10557 5219 10557 5220 10557 5252 10558 5220 10558 5253 10558 5253 10559 5220 10559 5221 10559 5253 10560 5221 10560 5254 10560 5254 10561 5221 10561 5222 10561 5254 10562 5222 10562 5255 10562 5255 10563 5222 10563 5223 10563 5255 10564 5223 10564 5256 10564 5256 10565 5223 10565 5224 10565 5256 10566 5224 10566 5257 10566 5257 10567 5224 10567 5225 10567 5257 10568 5225 10568 5258 10568 5258 10569 5225 10569 5226 10569 5258 10570 5226 10570 5259 10570 5259 10571 5226 10571 5227 10571 5259 10572 5227 10572 5260 10572 5260 10573 5227 10573 5228 10573 5260 10574 5228 10574 5261 10574 5261 10575 5228 10575 5229 10575 5261 10576 5229 10576 5230 10576 5230 10577 5229 10577 5198 10577 5262 10578 5230 10578 5263 10578 5263 10579 5230 10579 5231 10579 5263 10580 5231 10580 5264 10580 5264 10581 5231 10581 5232 10581 5264 10582 5232 10582 5265 10582 5265 10583 5232 10583 5233 10583 5265 10584 5233 10584 5266 10584 5266 10585 5233 10585 5234 10585 5266 10586 5234 10586 5267 10586 5267 10587 5234 10587 5235 10587 5267 10588 5235 10588 5268 10588 5268 10589 5235 10589 5236 10589 5268 10590 5236 10590 5269 10590 5269 10591 5236 10591 5237 10591 5269 10592 5237 10592 5270 10592 5270 10593 5237 10593 5238 10593 5270 10594 5238 10594 5271 10594 5271 10595 5238 10595 5239 10595 5271 10596 5239 10596 5272 10596 5272 10597 5239 10597 5240 10597 5272 10598 5240 10598 5273 10598 5273 10599 5240 10599 5241 10599 5273 10600 5241 10600 5274 10600 5274 10601 5241 10601 5242 10601 5274 10602 5242 10602 5275 10602 5275 10603 5242 10603 5243 10603 5275 10604 5243 10604 5276 10604 5276 10605 5243 10605 5244 10605 5276 10606 5244 10606 5277 10606 5277 10607 5244 10607 5245 10607 5277 10608 5245 10608 5278 10608 5278 10609 5245 10609 5246 10609 5278 10610 5246 10610 5279 10610 5279 10611 5246 10611 5247 10611 5279 10612 5247 10612 5280 10612 5280 10613 5247 10613 5248 10613 5280 10614 5248 10614 5281 10614 5281 10615 5248 10615 5249 10615 5281 10616 5249 10616 5282 10616 5282 10617 5249 10617 5250 10617 5282 10618 5250 10618 5283 10618 5283 10619 5250 10619 5251 10619 5283 10620 5251 10620 5284 10620 5284 10621 5251 10621 5252 10621 5284 10622 5252 10622 5285 10622 5285 10623 5252 10623 5253 10623 5285 10624 5253 10624 5286 10624 5286 10625 5253 10625 5254 10625 5286 10626 5254 10626 5287 10626 5287 10627 5254 10627 5255 10627 5287 10628 5255 10628 5288 10628 5288 10629 5255 10629 5256 10629 5288 10630 5256 10630 5289 10630 5289 10631 5256 10631 5257 10631 5289 10632 5257 10632 5290 10632 5290 10633 5257 10633 5258 10633 5290 10634 5258 10634 5291 10634 5291 10635 5258 10635 5259 10635 5291 10636 5259 10636 5292 10636 5292 10637 5259 10637 5260 10637 5292 10638 5260 10638 5293 10638 5293 10639 5260 10639 5261 10639 5293 10640 5261 10640 5262 10640 5262 10641 5261 10641 5230 10641 5294 10642 5262 10642 5295 10642 5295 10643 5262 10643 5263 10643 5295 10644 5263 10644 5296 10644 5296 10645 5263 10645 5264 10645 5296 10646 5264 10646 5297 10646 5297 10647 5264 10647 5265 10647 5297 10648 5265 10648 5298 10648 5298 10649 5265 10649 5266 10649 5298 10650 5266 10650 5299 10650 5299 10651 5266 10651 5267 10651 5299 10652 5267 10652 5300 10652 5300 10653 5267 10653 5268 10653 5300 10654 5268 10654 5301 10654 5301 10655 5268 10655 5269 10655 5301 10656 5269 10656 5302 10656 5302 10657 5269 10657 5270 10657 5302 10658 5270 10658 5303 10658 5303 10659 5270 10659 5271 10659 5303 10660 5271 10660 5304 10660 5304 10661 5271 10661 5272 10661 5304 10662 5272 10662 5305 10662 5305 10663 5272 10663 5273 10663 5305 10664 5273 10664 5306 10664 5306 10665 5273 10665 5274 10665 5306 10666 5274 10666 5307 10666 5307 10667 5274 10667 5275 10667 5307 10668 5275 10668 5308 10668 5308 10669 5275 10669 5276 10669 5308 10670 5276 10670 5309 10670 5309 10671 5276 10671 5277 10671 5309 10672 5277 10672 5310 10672 5310 10673 5277 10673 5278 10673 5310 10674 5278 10674 5311 10674 5311 10675 5278 10675 5279 10675 5311 10676 5279 10676 5312 10676 5312 10677 5279 10677 5280 10677 5312 10678 5280 10678 5313 10678 5313 10679 5280 10679 5281 10679 5313 10680 5281 10680 5314 10680 5314 10681 5281 10681 5282 10681 5314 10682 5282 10682 5315 10682 5315 10683 5282 10683 5283 10683 5315 10684 5283 10684 5316 10684 5316 10685 5283 10685 5284 10685 5316 10686 5284 10686 5317 10686 5317 10687 5284 10687 5285 10687 5317 10688 5285 10688 5318 10688 5318 10689 5285 10689 5286 10689 5318 10690 5286 10690 5319 10690 5319 10691 5286 10691 5287 10691 5319 10692 5287 10692 5320 10692 5320 10693 5287 10693 5288 10693 5320 10694 5288 10694 5321 10694 5321 10695 5288 10695 5289 10695 5321 10696 5289 10696 5322 10696 5322 10697 5289 10697 5290 10697 5322 10698 5290 10698 5323 10698 5323 10699 5290 10699 5291 10699 5323 10700 5291 10700 5324 10700 5324 10701 5291 10701 5292 10701 5324 10702 5292 10702 5325 10702 5325 10703 5292 10703 5293 10703 5325 10704 5293 10704 5294 10704 5294 10705 5293 10705 5262 10705 5326 10706 5294 10706 5327 10706 5327 10707 5294 10707 5295 10707 5327 10708 5295 10708 5328 10708 5328 10709 5295 10709 5296 10709 5328 10710 5296 10710 5329 10710 5329 10711 5296 10711 5297 10711 5329 10712 5297 10712 5330 10712 5330 10713 5297 10713 5298 10713 5330 10714 5298 10714 5331 10714 5331 10715 5298 10715 5299 10715 5331 10716 5299 10716 5332 10716 5332 10717 5299 10717 5300 10717 5332 10718 5300 10718 5333 10718 5333 10719 5300 10719 5301 10719 5333 10720 5301 10720 5334 10720 5334 10721 5301 10721 5302 10721 5334 10722 5302 10722 5335 10722 5335 10723 5302 10723 5303 10723 5335 10724 5303 10724 5336 10724 5336 10725 5303 10725 5304 10725 5336 10726 5304 10726 5337 10726 5337 10727 5304 10727 5305 10727 5337 10728 5305 10728 5338 10728 5338 10729 5305 10729 5306 10729 5338 10730 5306 10730 5339 10730 5339 10731 5306 10731 5307 10731 5339 10732 5307 10732 5340 10732 5340 10733 5307 10733 5308 10733 5340 10734 5308 10734 5341 10734 5341 10735 5308 10735 5309 10735 5341 10736 5309 10736 5342 10736 5342 10737 5309 10737 5310 10737 5342 10738 5310 10738 5343 10738 5343 10739 5310 10739 5311 10739 5343 10740 5311 10740 5344 10740 5344 10741 5311 10741 5312 10741 5344 10742 5312 10742 5345 10742 5345 10743 5312 10743 5313 10743 5345 10744 5313 10744 5346 10744 5346 10745 5313 10745 5314 10745 5346 10746 5314 10746 5347 10746 5347 10747 5314 10747 5315 10747 5347 10748 5315 10748 5348 10748 5348 10749 5315 10749 5316 10749 5348 10750 5316 10750 5349 10750 5349 10751 5316 10751 5317 10751 5349 10752 5317 10752 5350 10752 5350 10753 5317 10753 5318 10753 5350 10754 5318 10754 5351 10754 5351 10755 5318 10755 5319 10755 5351 10756 5319 10756 5352 10756 5352 10757 5319 10757 5320 10757 5352 10758 5320 10758 5353 10758 5353 10759 5320 10759 5321 10759 5353 10760 5321 10760 5354 10760 5354 10761 5321 10761 5322 10761 5354 10762 5322 10762 5355 10762 5355 10763 5322 10763 5323 10763 5355 10764 5323 10764 5356 10764 5356 10765 5323 10765 5324 10765 5356 10766 5324 10766 5357 10766 5357 10767 5324 10767 5325 10767 5357 10768 5325 10768 5326 10768 5326 10769 5325 10769 5294 10769 5326 10770 5347 10770 5348 10770 5326 10771 5327 10771 5347 10771 5347 10772 5327 10772 5328 10772 5347 10773 5328 10773 5329 10773 5345 10774 5346 10774 5331 10774 5331 10775 5346 10775 5347 10775 5331 10776 5347 10776 5330 10776 5330 10777 5347 10777 5329 10777 5351 10778 5352 10778 5350 10778 5350 10779 5352 10779 5353 10779 5353 10780 5354 10780 5350 10780 5350 10781 5354 10781 5355 10781 5350 10782 5355 10782 5356 10782 5348 10783 5349 10783 5326 10783 5326 10784 5349 10784 5350 10784 5326 10785 5350 10785 5357 10785 5357 10786 5350 10786 5356 10786 5340 10787 5341 10787 5333 10787 5333 10788 5341 10788 5342 10788 5333 10789 5342 10789 5343 10789 5337 10790 5338 10790 5336 10790 5336 10791 5338 10791 5335 10791 5333 10792 5334 10792 5340 10792 5340 10793 5334 10793 5335 10793 5340 10794 5335 10794 5339 10794 5339 10795 5335 10795 5338 10795 5331 10796 5332 10796 5345 10796 5345 10797 5332 10797 5333 10797 5345 10798 5333 10798 5344 10798 5344 10799 5333 10799 5343 10799 5358 10800 5359 10800 5360 10800 5361 10801 5359 10801 5362 10801 5361 10802 5362 10802 5363 10802 5363 10803 5362 10803 5364 10803 5363 10804 5364 10804 5365 10804 5365 10805 5364 10805 5366 10805 5365 10806 5366 10806 5367 10806 5367 10807 5366 10807 5368 10807 5367 10808 5368 10808 5369 10808 5369 10809 5368 10809 5370 10809 5369 10810 5370 10810 5371 10810 5371 10811 5370 10811 5372 10811 5371 10812 5372 10812 5373 10812 5373 10813 5372 10813 5374 10813 5373 10814 5374 10814 5375 10814 5376 10815 5377 10815 5359 10815 5360 10816 5359 10816 5378 10816 5379 10817 5376 10817 5380 10817 5380 10818 5376 10818 5359 10818 5380 10819 5359 10819 5381 10819 5381 10820 5359 10820 5361 10820 5382 10821 5378 10821 5383 10821 5383 10822 5378 10822 5359 10822 5383 10823 5359 10823 5384 10823 5384 10824 5359 10824 5377 10824 5360 10825 5385 10825 5386 10825 5387 10826 5358 10826 5388 10826 5388 10827 5358 10827 5360 10827 5388 10828 5360 10828 5389 10828 5389 10829 5360 10829 5386 10829 5379 10830 5380 10830 5390 10830 5390 10831 5380 10831 5381 10831 5390 10832 5381 10832 5391 10832 5391 10833 5381 10833 5361 10833 5391 10834 5361 10834 5392 10834 5392 10835 5361 10835 5363 10835 5392 10836 5363 10836 5393 10836 5393 10837 5363 10837 5365 10837 5393 10838 5365 10838 5394 10838 5394 10839 5365 10839 5367 10839 5394 10840 5367 10840 5395 10840 5395 10841 5367 10841 5369 10841 5395 10842 5369 10842 5396 10842 5396 10843 5369 10843 5371 10843 5396 10844 5371 10844 5397 10844 5397 10845 5371 10845 5373 10845 5397 10846 5373 10846 5398 10846 5398 10847 5373 10847 5375 10847 5398 10848 5375 10848 5399 10848 5399 10849 5375 10849 5374 10849 5399 10850 5374 10850 5400 10850 5400 10851 5374 10851 5372 10851 5400 10852 5372 10852 5401 10852 5401 10853 5372 10853 5370 10853 5401 10854 5370 10854 5402 10854 5402 10855 5370 10855 5368 10855 5402 10856 5368 10856 5403 10856 5403 10857 5368 10857 5366 10857 5403 10858 5366 10858 5404 10858 5404 10859 5366 10859 5364 10859 5404 10860 5364 10860 5405 10860 5405 10861 5364 10861 5362 10861 5405 10862 5362 10862 5406 10862 5406 10863 5362 10863 5359 10863 5406 10864 5359 10864 5407 10864 5407 10865 5359 10865 5358 10865 5407 10866 5358 10866 5408 10866 5408 10867 5358 10867 5387 10867 5408 10868 5387 10868 5409 10868 5409 10869 5387 10869 5388 10869 5409 10870 5388 10870 5410 10870 5410 10871 5388 10871 5389 10871 5410 10872 5389 10872 5411 10872 5411 10873 5389 10873 5386 10873 5411 10874 5386 10874 5412 10874 5412 10875 5386 10875 5385 10875 5412 10876 5385 10876 5413 10876 5413 10877 5385 10877 5360 10877 5413 10878 5360 10878 5414 10878 5414 10879 5360 10879 5378 10879 5414 10880 5378 10880 5415 10880 5415 10881 5378 10881 5382 10881 5415 10882 5382 10882 5416 10882 5416 10883 5382 10883 5383 10883 5416 10884 5383 10884 5417 10884 5417 10885 5383 10885 5384 10885 5417 10886 5384 10886 5418 10886 5418 10887 5384 10887 5377 10887 5418 10888 5377 10888 5419 10888 5419 10889 5377 10889 5376 10889 5419 10890 5376 10890 5420 10890 5420 10891 5376 10891 5379 10891 5420 10892 5379 10892 5390 10892 5421 10893 5399 10893 5422 10893 5422 10894 5399 10894 5400 10894 5422 10895 5400 10895 5423 10895 5423 10896 5400 10896 5401 10896 5423 10897 5401 10897 5424 10897 5424 10898 5401 10898 5402 10898 5424 10899 5402 10899 5425 10899 5425 10900 5402 10900 5403 10900 5425 10901 5403 10901 5426 10901 5426 10902 5403 10902 5404 10902 5426 10903 5404 10903 5427 10903 5427 10904 5404 10904 5405 10904 5427 10905 5405 10905 5428 10905 5428 10906 5405 10906 5406 10906 5428 10907 5406 10907 5429 10907 5429 10908 5406 10908 5407 10908 5429 10909 5407 10909 5430 10909 5430 10910 5407 10910 5408 10910 5430 10911 5408 10911 5431 10911 5431 10912 5408 10912 5409 10912 5431 10913 5409 10913 5432 10913 5432 10914 5409 10914 5410 10914 5432 10915 5410 10915 5433 10915 5433 10916 5410 10916 5411 10916 5433 10917 5411 10917 5434 10917 5434 10918 5411 10918 5412 10918 5434 10919 5412 10919 5435 10919 5435 10920 5412 10920 5413 10920 5435 10921 5413 10921 5436 10921 5436 10922 5413 10922 5414 10922 5436 10923 5414 10923 5437 10923 5437 10924 5414 10924 5415 10924 5437 10925 5415 10925 5438 10925 5438 10926 5415 10926 5416 10926 5438 10927 5416 10927 5439 10927 5439 10928 5416 10928 5417 10928 5439 10929 5417 10929 5440 10929 5440 10930 5417 10930 5418 10930 5440 10931 5418 10931 5441 10931 5441 10932 5418 10932 5419 10932 5441 10933 5419 10933 5442 10933 5442 10934 5419 10934 5420 10934 5442 10935 5420 10935 5443 10935 5443 10936 5420 10936 5390 10936 5443 10937 5390 10937 5444 10937 5444 10938 5390 10938 5391 10938 5444 10939 5391 10939 5445 10939 5445 10940 5391 10940 5392 10940 5445 10941 5392 10941 5446 10941 5446 10942 5392 10942 5393 10942 5446 10943 5393 10943 5447 10943 5447 10944 5393 10944 5394 10944 5447 10945 5394 10945 5448 10945 5448 10946 5394 10946 5395 10946 5448 10947 5395 10947 5449 10947 5449 10948 5395 10948 5396 10948 5449 10949 5396 10949 5450 10949 5450 10950 5396 10950 5397 10950 5450 10951 5397 10951 5451 10951 5451 10952 5397 10952 5398 10952 5451 10953 5398 10953 5421 10953 5421 10954 5398 10954 5399 10954 5452 10955 5421 10955 5453 10955 5453 10956 5421 10956 5422 10956 5453 10957 5422 10957 5454 10957 5454 10958 5422 10958 5423 10958 5454 10959 5423 10959 5455 10959 5455 10960 5423 10960 5424 10960 5455 10961 5424 10961 5456 10961 5456 10962 5424 10962 5425 10962 5456 10963 5425 10963 5457 10963 5457 10964 5425 10964 5426 10964 5457 10965 5426 10965 5458 10965 5458 10966 5426 10966 5427 10966 5458 10967 5427 10967 5459 10967 5459 10968 5427 10968 5428 10968 5459 10969 5428 10969 5460 10969 5460 10970 5428 10970 5429 10970 5460 10971 5429 10971 5461 10971 5461 10972 5429 10972 5430 10972 5461 10973 5430 10973 5462 10973 5462 10974 5430 10974 5431 10974 5462 10975 5431 10975 5463 10975 5463 10976 5431 10976 5432 10976 5463 10977 5432 10977 5464 10977 5464 10978 5432 10978 5433 10978 5464 10979 5433 10979 5465 10979 5465 10980 5433 10980 5434 10980 5465 10981 5434 10981 5466 10981 5466 10982 5434 10982 5435 10982 5466 10983 5435 10983 5467 10983 5467 10984 5435 10984 5436 10984 5467 10985 5436 10985 5468 10985 5468 10986 5436 10986 5437 10986 5468 10987 5437 10987 5469 10987 5469 10988 5437 10988 5438 10988 5469 10989 5438 10989 5470 10989 5470 10990 5438 10990 5439 10990 5470 10991 5439 10991 5471 10991 5471 10992 5439 10992 5440 10992 5471 10993 5440 10993 5472 10993 5472 10994 5440 10994 5441 10994 5472 10995 5441 10995 5473 10995 5473 10996 5441 10996 5442 10996 5473 10997 5442 10997 5474 10997 5474 10998 5442 10998 5443 10998 5474 10999 5443 10999 5475 10999 5475 11000 5443 11000 5444 11000 5475 11001 5444 11001 5476 11001 5476 11002 5444 11002 5445 11002 5476 11003 5445 11003 5477 11003 5477 11004 5445 11004 5446 11004 5477 11005 5446 11005 5478 11005 5478 11006 5446 11006 5447 11006 5478 11007 5447 11007 5479 11007 5479 11008 5447 11008 5448 11008 5479 11009 5448 11009 5480 11009 5480 11010 5448 11010 5449 11010 5480 11011 5449 11011 5481 11011 5481 11012 5449 11012 5450 11012 5481 11013 5450 11013 5482 11013 5482 11014 5450 11014 5451 11014 5482 11015 5451 11015 5452 11015 5452 11016 5451 11016 5421 11016 5483 11017 5452 11017 5484 11017 5484 11018 5452 11018 5453 11018 5484 11019 5453 11019 5485 11019 5485 11020 5453 11020 5454 11020 5485 11021 5454 11021 5486 11021 5486 11022 5454 11022 5455 11022 5486 11023 5455 11023 5487 11023 5487 11024 5455 11024 5456 11024 5487 11025 5456 11025 5488 11025 5488 11026 5456 11026 5457 11026 5488 11027 5457 11027 5489 11027 5489 11028 5457 11028 5458 11028 5489 11029 5458 11029 5490 11029 5490 11030 5458 11030 5459 11030 5490 11031 5459 11031 5491 11031 5491 11032 5459 11032 5460 11032 5491 11033 5460 11033 5492 11033 5492 11034 5460 11034 5461 11034 5492 11035 5461 11035 5493 11035 5493 11036 5461 11036 5462 11036 5493 11037 5462 11037 5494 11037 5494 11038 5462 11038 5463 11038 5494 11039 5463 11039 5495 11039 5495 11040 5463 11040 5464 11040 5495 11041 5464 11041 5496 11041 5496 11042 5464 11042 5465 11042 5496 11043 5465 11043 5497 11043 5497 11044 5465 11044 5466 11044 5497 11045 5466 11045 5498 11045 5498 11046 5466 11046 5467 11046 5498 11047 5467 11047 5499 11047 5499 11048 5467 11048 5468 11048 5499 11049 5468 11049 5500 11049 5500 11050 5468 11050 5469 11050 5500 11051 5469 11051 5501 11051 5501 11052 5469 11052 5470 11052 5501 11053 5470 11053 5502 11053 5502 11054 5470 11054 5471 11054 5502 11055 5471 11055 5503 11055 5503 11056 5471 11056 5472 11056 5503 11057 5472 11057 5504 11057 5504 11058 5472 11058 5473 11058 5504 11059 5473 11059 5505 11059 5505 11060 5473 11060 5474 11060 5505 11061 5474 11061 5506 11061 5506 11062 5474 11062 5475 11062 5506 11063 5475 11063 5507 11063 5507 11064 5475 11064 5476 11064 5507 11065 5476 11065 5508 11065 5508 11066 5476 11066 5477 11066 5508 11067 5477 11067 5509 11067 5509 11068 5477 11068 5478 11068 5509 11069 5478 11069 5510 11069 5510 11070 5478 11070 5479 11070 5510 11071 5479 11071 5511 11071 5511 11072 5479 11072 5480 11072 5511 11073 5480 11073 5512 11073 5512 11074 5480 11074 5481 11074 5512 11075 5481 11075 5513 11075 5513 11076 5481 11076 5482 11076 5513 11077 5482 11077 5483 11077 5483 11078 5482 11078 5452 11078 5514 11079 5483 11079 5515 11079 5515 11080 5483 11080 5484 11080 5515 11081 5484 11081 5516 11081 5516 11082 5484 11082 5485 11082 5516 11083 5485 11083 5517 11083 5517 11084 5485 11084 5486 11084 5517 11085 5486 11085 5518 11085 5518 11086 5486 11086 5487 11086 5518 11087 5487 11087 5519 11087 5519 11088 5487 11088 5488 11088 5519 11089 5488 11089 5520 11089 5520 11090 5488 11090 5489 11090 5520 11091 5489 11091 5521 11091 5521 11092 5489 11092 5490 11092 5521 11093 5490 11093 5522 11093 5522 11094 5490 11094 5491 11094 5522 11095 5491 11095 5523 11095 5523 11096 5491 11096 5492 11096 5523 11097 5492 11097 5524 11097 5524 11098 5492 11098 5493 11098 5524 11099 5493 11099 5525 11099 5525 11100 5493 11100 5494 11100 5525 11101 5494 11101 5526 11101 5526 11102 5494 11102 5495 11102 5526 11103 5495 11103 5527 11103 5527 11104 5495 11104 5496 11104 5527 11105 5496 11105 5528 11105 5528 11106 5496 11106 5497 11106 5528 11107 5497 11107 5529 11107 5529 11108 5497 11108 5498 11108 5529 11109 5498 11109 5530 11109 5530 11110 5498 11110 5499 11110 5530 11111 5499 11111 5531 11111 5531 11112 5499 11112 5500 11112 5531 11113 5500 11113 5532 11113 5532 11114 5500 11114 5501 11114 5532 11115 5501 11115 5533 11115 5533 11116 5501 11116 5502 11116 5533 11117 5502 11117 5534 11117 5534 11118 5502 11118 5503 11118 5534 11119 5503 11119 5535 11119 5535 11120 5503 11120 5504 11120 5535 11121 5504 11121 5536 11121 5536 11122 5504 11122 5505 11122 5536 11123 5505 11123 5537 11123 5537 11124 5505 11124 5506 11124 5537 11125 5506 11125 5538 11125 5538 11126 5506 11126 5507 11126 5538 11127 5507 11127 5539 11127 5539 11128 5507 11128 5508 11128 5539 11129 5508 11129 5540 11129 5540 11130 5508 11130 5509 11130 5540 11131 5509 11131 5541 11131 5541 11132 5509 11132 5510 11132 5541 11133 5510 11133 5542 11133 5542 11134 5510 11134 5511 11134 5542 11135 5511 11135 5543 11135 5543 11136 5511 11136 5512 11136 5543 11137 5512 11137 5544 11137 5544 11138 5512 11138 5513 11138 5544 11139 5513 11139 5514 11139 5514 11140 5513 11140 5483 11140 5545 11141 5514 11141 5546 11141 5546 11142 5514 11142 5515 11142 5546 11143 5515 11143 5547 11143 5547 11144 5515 11144 5516 11144 5547 11145 5516 11145 5548 11145 5548 11146 5516 11146 5517 11146 5548 11147 5517 11147 5549 11147 5549 11148 5517 11148 5518 11148 5549 11149 5518 11149 5550 11149 5550 11150 5518 11150 5519 11150 5550 11151 5519 11151 5551 11151 5551 11152 5519 11152 5520 11152 5551 11153 5520 11153 5552 11153 5552 11154 5520 11154 5521 11154 5552 11155 5521 11155 5553 11155 5553 11156 5521 11156 5522 11156 5553 11157 5522 11157 5554 11157 5554 11158 5522 11158 5523 11158 5554 11159 5523 11159 5555 11159 5555 11160 5523 11160 5524 11160 5555 11161 5524 11161 5556 11161 5556 11162 5524 11162 5525 11162 5556 11163 5525 11163 5557 11163 5557 11164 5525 11164 5526 11164 5557 11165 5526 11165 5558 11165 5558 11166 5526 11166 5527 11166 5558 11167 5527 11167 5559 11167 5559 11168 5527 11168 5528 11168 5559 11169 5528 11169 5560 11169 5560 11170 5528 11170 5529 11170 5560 11171 5529 11171 5561 11171 5561 11172 5529 11172 5530 11172 5561 11173 5530 11173 5562 11173 5562 11174 5530 11174 5531 11174 5562 11175 5531 11175 5563 11175 5563 11176 5531 11176 5532 11176 5563 11177 5532 11177 5564 11177 5564 11178 5532 11178 5533 11178 5564 11179 5533 11179 5565 11179 5565 11180 5533 11180 5534 11180 5565 11181 5534 11181 5566 11181 5566 11182 5534 11182 5535 11182 5566 11183 5535 11183 5567 11183 5567 11184 5535 11184 5536 11184 5567 11185 5536 11185 5568 11185 5568 11186 5536 11186 5537 11186 5568 11187 5537 11187 5569 11187 5569 11188 5537 11188 5538 11188 5569 11189 5538 11189 5570 11189 5570 11190 5538 11190 5539 11190 5570 11191 5539 11191 5571 11191 5571 11192 5539 11192 5540 11192 5571 11193 5540 11193 5572 11193 5572 11194 5540 11194 5541 11194 5572 11195 5541 11195 5573 11195 5573 11196 5541 11196 5542 11196 5573 11197 5542 11197 5574 11197 5574 11198 5542 11198 5543 11198 5574 11199 5543 11199 5575 11199 5575 11200 5543 11200 5544 11200 5575 11201 5544 11201 5545 11201 5545 11202 5544 11202 5514 11202 5576 11203 5545 11203 5577 11203 5577 11204 5545 11204 5546 11204 5577 11205 5546 11205 5578 11205 5578 11206 5546 11206 5547 11206 5578 11207 5547 11207 5579 11207 5579 11208 5547 11208 5548 11208 5579 11209 5548 11209 5580 11209 5580 11210 5548 11210 5549 11210 5580 11211 5549 11211 5581 11211 5581 11212 5549 11212 5550 11212 5581 11213 5550 11213 5582 11213 5582 11214 5550 11214 5551 11214 5582 11215 5551 11215 5583 11215 5583 11216 5551 11216 5552 11216 5583 11217 5552 11217 5584 11217 5584 11218 5552 11218 5553 11218 5584 11219 5553 11219 5585 11219 5585 11220 5553 11220 5554 11220 5585 11221 5554 11221 5586 11221 5586 11222 5554 11222 5555 11222 5586 11223 5555 11223 5587 11223 5587 11224 5555 11224 5556 11224 5587 11225 5556 11225 5588 11225 5588 11226 5556 11226 5557 11226 5588 11227 5557 11227 5589 11227 5589 11228 5557 11228 5558 11228 5589 11229 5558 11229 5590 11229 5590 11230 5558 11230 5559 11230 5590 11231 5559 11231 5591 11231 5591 11232 5559 11232 5560 11232 5591 11233 5560 11233 5592 11233 5592 11234 5560 11234 5561 11234 5592 11235 5561 11235 5593 11235 5593 11236 5561 11236 5562 11236 5593 11237 5562 11237 5594 11237 5594 11238 5562 11238 5563 11238 5594 11239 5563 11239 5595 11239 5595 11240 5563 11240 5564 11240 5595 11241 5564 11241 5596 11241 5596 11242 5564 11242 5565 11242 5596 11243 5565 11243 5597 11243 5597 11244 5565 11244 5566 11244 5597 11245 5566 11245 5598 11245 5598 11246 5566 11246 5567 11246 5598 11247 5567 11247 5599 11247 5599 11248 5567 11248 5568 11248 5599 11249 5568 11249 5600 11249 5600 11250 5568 11250 5569 11250 5600 11251 5569 11251 5601 11251 5601 11252 5569 11252 5570 11252 5601 11253 5570 11253 5602 11253 5602 11254 5570 11254 5571 11254 5602 11255 5571 11255 5603 11255 5603 11256 5571 11256 5572 11256 5603 11257 5572 11257 5604 11257 5604 11258 5572 11258 5573 11258 5604 11259 5573 11259 5605 11259 5605 11260 5573 11260 5574 11260 5605 11261 5574 11261 5606 11261 5606 11262 5574 11262 5575 11262 5606 11263 5575 11263 5576 11263 5576 11264 5575 11264 5545 11264 5607 11265 5608 11265 5598 11265 5598 11266 5608 11266 5609 11266 5598 11267 5609 11267 5597 11267 5597 11268 5609 11268 5610 11268 5597 11269 5610 11269 5596 11269 5596 11270 5610 11270 5611 11270 5596 11271 5611 11271 5595 11271 5595 11272 5611 11272 5612 11272 5595 11273 5612 11273 5594 11273 5594 11274 5612 11274 5613 11274 5594 11275 5613 11275 5593 11275 5593 11276 5613 11276 5614 11276 5593 11277 5614 11277 5592 11277 5592 11278 5614 11278 5615 11278 5592 11279 5615 11279 5591 11279 5591 11280 5615 11280 5616 11280 5591 11281 5616 11281 5590 11281 5590 11282 5616 11282 5617 11282 5590 11283 5617 11283 5589 11283 5589 11284 5617 11284 5618 11284 5589 11285 5618 11285 5588 11285 5588 11286 5618 11286 5619 11286 5588 11287 5619 11287 5587 11287 5587 11288 5619 11288 5620 11288 5587 11289 5620 11289 5586 11289 5586 11290 5620 11290 5621 11290 5586 11291 5621 11291 5585 11291 5585 11292 5621 11292 5622 11292 5585 11293 5622 11293 5584 11293 5584 11294 5622 11294 5623 11294 5584 11295 5623 11295 5583 11295 5583 11296 5623 11296 5624 11296 5583 11297 5624 11297 5582 11297 5582 11298 5624 11298 5625 11298 5582 11299 5625 11299 5581 11299 5581 11300 5625 11300 5626 11300 5581 11301 5626 11301 5580 11301 5580 11302 5626 11302 5627 11302 5580 11303 5627 11303 5579 11303 5579 11304 5627 11304 5628 11304 5579 11305 5628 11305 5578 11305 5578 11306 5628 11306 5629 11306 5578 11307 5629 11307 5577 11307 5577 11308 5629 11308 5630 11308 5577 11309 5630 11309 5576 11309 5576 11310 5630 11310 5631 11310 5576 11311 5631 11311 5606 11311 5606 11312 5631 11312 5632 11312 5606 11313 5632 11313 5605 11313 5605 11314 5632 11314 5633 11314 5605 11315 5633 11315 5604 11315 5604 11316 5633 11316 5634 11316 5604 11317 5634 11317 5603 11317 5603 11318 5634 11318 5635 11318 5603 11319 5635 11319 5602 11319 5602 11320 5635 11320 5636 11320 5602 11321 5636 11321 5601 11321 5601 11322 5636 11322 5637 11322 5601 11323 5637 11323 5600 11323 5600 11324 5637 11324 5638 11324 5600 11325 5638 11325 5599 11325 5599 11326 5638 11326 5607 11326 5599 11327 5607 11327 5598 11327 5625 11328 5624 11328 5607 11328 5617 11329 5616 11329 5615 11329 5617 11330 5615 11330 5618 11330 5618 11331 5615 11331 5614 11331 5618 11332 5614 11332 5619 11332 5619 11333 5614 11333 5613 11333 5619 11334 5613 11334 5620 11334 5620 11335 5613 11335 5612 11335 5620 11336 5612 11336 5621 11336 5621 11337 5612 11337 5611 11337 5621 11338 5611 11338 5622 11338 5622 11339 5611 11339 5610 11339 5622 11340 5610 11340 5623 11340 5623 11341 5610 11341 5609 11341 5623 11342 5609 11342 5624 11342 5624 11343 5609 11343 5608 11343 5624 11344 5608 11344 5607 11344 5631 11345 5607 11345 5638 11345 5630 11346 5629 11346 5628 11346 5630 11347 5628 11347 5631 11347 5631 11348 5628 11348 5627 11348 5631 11349 5627 11349 5607 11349 5607 11350 5627 11350 5626 11350 5607 11351 5626 11351 5625 11351 5638 11352 5637 11352 5631 11352 5631 11353 5637 11353 5636 11353 5631 11354 5636 11354 5635 11354 5635 11355 5634 11355 5631 11355 5631 11356 5634 11356 5633 11356 5631 11357 5633 11357 5632 11357 5639 11358 5640 11358 5641 11358 5639 11359 5641 11359 5642 11359 5642 11360 5641 11360 5643 11360 5642 11361 5643 11361 5644 11361 5644 11362 5643 11362 5645 11362 5644 11363 5645 11363 5646 11363 5646 11364 5645 11364 5647 11364 5646 11365 5647 11365 5648 11365 5648 11366 5647 11366 5649 11366 5648 11367 5649 11367 5650 11367 5650 11368 5649 11368 5651 11368 5650 11369 5651 11369 5652 11369 5652 11370 5651 11370 5653 11370 5652 11371 5653 11371 5654 11371 5639 11372 5655 11372 5640 11372 5640 11373 5655 11373 5656 11373 5640 11374 5656 11374 5657 11374 5657 11375 5658 11375 5659 11375 5657 11376 5659 11376 5640 11376 5640 11377 5659 11377 5660 11377 5640 11378 5660 11378 5661 11378 5661 11379 5662 11379 5640 11379 5640 11380 5662 11380 5663 11380 5640 11381 5663 11381 5664 11381 5665 11382 5666 11382 5667 11382 5667 11383 5666 11383 5668 11383 5664 11384 5669 11384 5640 11384 5640 11385 5669 11385 5668 11385 5640 11386 5668 11386 5670 11386 5670 11387 5668 11387 5666 11387 5657 11388 5656 11388 5671 11388 5671 11389 5656 11389 5655 11389 5671 11390 5655 11390 5672 11390 5672 11391 5655 11391 5639 11391 5672 11392 5639 11392 5673 11392 5673 11393 5639 11393 5642 11393 5673 11394 5642 11394 5674 11394 5674 11395 5642 11395 5644 11395 5674 11396 5644 11396 5675 11396 5675 11397 5644 11397 5646 11397 5675 11398 5646 11398 5676 11398 5676 11399 5646 11399 5648 11399 5676 11400 5648 11400 5677 11400 5677 11401 5648 11401 5650 11401 5677 11402 5650 11402 5678 11402 5678 11403 5650 11403 5652 11403 5678 11404 5652 11404 5679 11404 5679 11405 5652 11405 5654 11405 5679 11406 5654 11406 5680 11406 5680 11407 5654 11407 5653 11407 5680 11408 5653 11408 5681 11408 5681 11409 5653 11409 5651 11409 5681 11410 5651 11410 5682 11410 5682 11411 5651 11411 5649 11411 5682 11412 5649 11412 5683 11412 5683 11413 5649 11413 5647 11413 5683 11414 5647 11414 5684 11414 5684 11415 5647 11415 5645 11415 5684 11416 5645 11416 5685 11416 5685 11417 5645 11417 5643 11417 5685 11418 5643 11418 5686 11418 5686 11419 5643 11419 5641 11419 5686 11420 5641 11420 5687 11420 5687 11421 5641 11421 5640 11421 5687 11422 5640 11422 5688 11422 5688 11423 5640 11423 5670 11423 5688 11424 5670 11424 5689 11424 5689 11425 5670 11425 5666 11425 5689 11426 5666 11426 5690 11426 5690 11427 5666 11427 5665 11427 5690 11428 5665 11428 5691 11428 5691 11429 5665 11429 5667 11429 5691 11430 5667 11430 5692 11430 5692 11431 5667 11431 5668 11431 5692 11432 5668 11432 5693 11432 5693 11433 5668 11433 5669 11433 5693 11434 5669 11434 5694 11434 5694 11435 5669 11435 5664 11435 5694 11436 5664 11436 5695 11436 5695 11437 5664 11437 5663 11437 5695 11438 5663 11438 5696 11438 5696 11439 5663 11439 5662 11439 5696 11440 5662 11440 5697 11440 5697 11441 5662 11441 5661 11441 5697 11442 5661 11442 5698 11442 5698 11443 5661 11443 5660 11443 5698 11444 5660 11444 5699 11444 5699 11445 5660 11445 5659 11445 5699 11446 5659 11446 5700 11446 5700 11447 5659 11447 5658 11447 5700 11448 5658 11448 5701 11448 5701 11449 5658 11449 5657 11449 5701 11450 5657 11450 5671 11450 5702 11451 5680 11451 5703 11451 5703 11452 5680 11452 5681 11452 5703 11453 5681 11453 5704 11453 5704 11454 5681 11454 5682 11454 5704 11455 5682 11455 5705 11455 5705 11456 5682 11456 5683 11456 5705 11457 5683 11457 5706 11457 5706 11458 5683 11458 5684 11458 5706 11459 5684 11459 5707 11459 5707 11460 5684 11460 5685 11460 5707 11461 5685 11461 5708 11461 5708 11462 5685 11462 5686 11462 5708 11463 5686 11463 5709 11463 5709 11464 5686 11464 5687 11464 5709 11465 5687 11465 5710 11465 5710 11466 5687 11466 5688 11466 5710 11467 5688 11467 5711 11467 5711 11468 5688 11468 5689 11468 5711 11469 5689 11469 5712 11469 5712 11470 5689 11470 5690 11470 5712 11471 5690 11471 5713 11471 5713 11472 5690 11472 5691 11472 5713 11473 5691 11473 5714 11473 5714 11474 5691 11474 5692 11474 5714 11475 5692 11475 5715 11475 5715 11476 5692 11476 5693 11476 5715 11477 5693 11477 5716 11477 5716 11478 5693 11478 5694 11478 5716 11479 5694 11479 5717 11479 5717 11480 5694 11480 5695 11480 5717 11481 5695 11481 5718 11481 5718 11482 5695 11482 5696 11482 5718 11483 5696 11483 5719 11483 5719 11484 5696 11484 5697 11484 5719 11485 5697 11485 5720 11485 5720 11486 5697 11486 5698 11486 5720 11487 5698 11487 5721 11487 5721 11488 5698 11488 5699 11488 5721 11489 5699 11489 5722 11489 5722 11490 5699 11490 5700 11490 5722 11491 5700 11491 5723 11491 5723 11492 5700 11492 5701 11492 5723 11493 5701 11493 5724 11493 5724 11494 5701 11494 5671 11494 5724 11495 5671 11495 5725 11495 5725 11496 5671 11496 5672 11496 5725 11497 5672 11497 5726 11497 5726 11498 5672 11498 5673 11498 5726 11499 5673 11499 5727 11499 5727 11500 5673 11500 5674 11500 5727 11501 5674 11501 5728 11501 5728 11502 5674 11502 5675 11502 5728 11503 5675 11503 5729 11503 5729 11504 5675 11504 5676 11504 5729 11505 5676 11505 5730 11505 5730 11506 5676 11506 5677 11506 5730 11507 5677 11507 5731 11507 5731 11508 5677 11508 5678 11508 5731 11509 5678 11509 5732 11509 5732 11510 5678 11510 5679 11510 5732 11511 5679 11511 5702 11511 5702 11512 5679 11512 5680 11512 5733 11513 5702 11513 5734 11513 5734 11514 5702 11514 5703 11514 5734 11515 5703 11515 5735 11515 5735 11516 5703 11516 5704 11516 5735 11517 5704 11517 5736 11517 5736 11518 5704 11518 5705 11518 5736 11519 5705 11519 5737 11519 5737 11520 5705 11520 5706 11520 5737 11521 5706 11521 5738 11521 5738 11522 5706 11522 5707 11522 5738 11523 5707 11523 5739 11523 5739 11524 5707 11524 5708 11524 5739 11525 5708 11525 5740 11525 5740 11526 5708 11526 5709 11526 5740 11527 5709 11527 5741 11527 5741 11528 5709 11528 5710 11528 5741 11529 5710 11529 5742 11529 5742 11530 5710 11530 5711 11530 5742 11531 5711 11531 5743 11531 5743 11532 5711 11532 5712 11532 5743 11533 5712 11533 5744 11533 5744 11534 5712 11534 5713 11534 5744 11535 5713 11535 5745 11535 5745 11536 5713 11536 5714 11536 5745 11537 5714 11537 5746 11537 5746 11538 5714 11538 5715 11538 5746 11539 5715 11539 5747 11539 5747 11540 5715 11540 5716 11540 5747 11541 5716 11541 5748 11541 5748 11542 5716 11542 5717 11542 5748 11543 5717 11543 5749 11543 5749 11544 5717 11544 5718 11544 5749 11545 5718 11545 5750 11545 5750 11546 5718 11546 5719 11546 5750 11547 5719 11547 5751 11547 5751 11548 5719 11548 5720 11548 5751 11549 5720 11549 5752 11549 5752 11550 5720 11550 5721 11550 5752 11551 5721 11551 5753 11551 5753 11552 5721 11552 5722 11552 5753 11553 5722 11553 5754 11553 5754 11554 5722 11554 5723 11554 5754 11555 5723 11555 5755 11555 5755 11556 5723 11556 5724 11556 5755 11557 5724 11557 5756 11557 5756 11558 5724 11558 5725 11558 5756 11559 5725 11559 5757 11559 5757 11560 5725 11560 5726 11560 5757 11561 5726 11561 5758 11561 5758 11562 5726 11562 5727 11562 5758 11563 5727 11563 5759 11563 5759 11564 5727 11564 5728 11564 5759 11565 5728 11565 5760 11565 5760 11566 5728 11566 5729 11566 5760 11567 5729 11567 5761 11567 5761 11568 5729 11568 5730 11568 5761 11569 5730 11569 5762 11569 5762 11570 5730 11570 5731 11570 5762 11571 5731 11571 5763 11571 5763 11572 5731 11572 5732 11572 5763 11573 5732 11573 5733 11573 5733 11574 5732 11574 5702 11574 5764 11575 5733 11575 5765 11575 5765 11576 5733 11576 5734 11576 5765 11577 5734 11577 5766 11577 5766 11578 5734 11578 5735 11578 5766 11579 5735 11579 5767 11579 5767 11580 5735 11580 5736 11580 5767 11581 5736 11581 5768 11581 5768 11582 5736 11582 5737 11582 5768 11583 5737 11583 5769 11583 5769 11584 5737 11584 5738 11584 5769 11585 5738 11585 5770 11585 5770 11586 5738 11586 5739 11586 5770 11587 5739 11587 5771 11587 5771 11588 5739 11588 5740 11588 5771 11589 5740 11589 5772 11589 5772 11590 5740 11590 5741 11590 5772 11591 5741 11591 5773 11591 5773 11592 5741 11592 5742 11592 5773 11593 5742 11593 5774 11593 5774 11594 5742 11594 5743 11594 5774 11595 5743 11595 5775 11595 5775 11596 5743 11596 5744 11596 5775 11597 5744 11597 5776 11597 5776 11598 5744 11598 5745 11598 5776 11599 5745 11599 5777 11599 5777 11600 5745 11600 5746 11600 5777 11601 5746 11601 5778 11601 5778 11602 5746 11602 5747 11602 5778 11603 5747 11603 5779 11603 5779 11604 5747 11604 5748 11604 5779 11605 5748 11605 5780 11605 5780 11606 5748 11606 5749 11606 5780 11607 5749 11607 5781 11607 5781 11608 5749 11608 5750 11608 5781 11609 5750 11609 5782 11609 5782 11610 5750 11610 5751 11610 5782 11611 5751 11611 5783 11611 5783 11612 5751 11612 5752 11612 5783 11613 5752 11613 5784 11613 5784 11614 5752 11614 5753 11614 5784 11615 5753 11615 5785 11615 5785 11616 5753 11616 5754 11616 5785 11617 5754 11617 5786 11617 5786 11618 5754 11618 5755 11618 5786 11619 5755 11619 5787 11619 5787 11620 5755 11620 5756 11620 5787 11621 5756 11621 5788 11621 5788 11622 5756 11622 5757 11622 5788 11623 5757 11623 5789 11623 5789 11624 5757 11624 5758 11624 5789 11625 5758 11625 5790 11625 5790 11626 5758 11626 5759 11626 5790 11627 5759 11627 5791 11627 5791 11628 5759 11628 5760 11628 5791 11629 5760 11629 5792 11629 5792 11630 5760 11630 5761 11630 5792 11631 5761 11631 5793 11631 5793 11632 5761 11632 5762 11632 5793 11633 5762 11633 5794 11633 5794 11634 5762 11634 5763 11634 5794 11635 5763 11635 5764 11635 5764 11636 5763 11636 5733 11636 5795 11637 5764 11637 5796 11637 5796 11638 5764 11638 5765 11638 5796 11639 5765 11639 5797 11639 5797 11640 5765 11640 5766 11640 5797 11641 5766 11641 5798 11641 5798 11642 5766 11642 5767 11642 5798 11643 5767 11643 5799 11643 5799 11644 5767 11644 5768 11644 5799 11645 5768 11645 5800 11645 5800 11646 5768 11646 5769 11646 5800 11647 5769 11647 5801 11647 5801 11648 5769 11648 5770 11648 5801 11649 5770 11649 5802 11649 5802 11650 5770 11650 5771 11650 5802 11651 5771 11651 5803 11651 5803 11652 5771 11652 5772 11652 5803 11653 5772 11653 5804 11653 5804 11654 5772 11654 5773 11654 5804 11655 5773 11655 5805 11655 5805 11656 5773 11656 5774 11656 5805 11657 5774 11657 5806 11657 5806 11658 5774 11658 5775 11658 5806 11659 5775 11659 5807 11659 5807 11660 5775 11660 5776 11660 5807 11661 5776 11661 5808 11661 5808 11662 5776 11662 5777 11662 5808 11663 5777 11663 5809 11663 5809 11664 5777 11664 5778 11664 5809 11665 5778 11665 5810 11665 5810 11666 5778 11666 5779 11666 5810 11667 5779 11667 5811 11667 5811 11668 5779 11668 5780 11668 5811 11669 5780 11669 5812 11669 5812 11670 5780 11670 5781 11670 5812 11671 5781 11671 5813 11671 5813 11672 5781 11672 5782 11672 5813 11673 5782 11673 5814 11673 5814 11674 5782 11674 5783 11674 5814 11675 5783 11675 5815 11675 5815 11676 5783 11676 5784 11676 5815 11677 5784 11677 5816 11677 5816 11678 5784 11678 5785 11678 5816 11679 5785 11679 5817 11679 5817 11680 5785 11680 5786 11680 5817 11681 5786 11681 5818 11681 5818 11682 5786 11682 5787 11682 5818 11683 5787 11683 5819 11683 5819 11684 5787 11684 5788 11684 5819 11685 5788 11685 5820 11685 5820 11686 5788 11686 5789 11686 5820 11687 5789 11687 5821 11687 5821 11688 5789 11688 5790 11688 5821 11689 5790 11689 5822 11689 5822 11690 5790 11690 5791 11690 5822 11691 5791 11691 5823 11691 5823 11692 5791 11692 5792 11692 5823 11693 5792 11693 5824 11693 5824 11694 5792 11694 5793 11694 5824 11695 5793 11695 5825 11695 5825 11696 5793 11696 5794 11696 5825 11697 5794 11697 5795 11697 5795 11698 5794 11698 5764 11698 5826 11699 5795 11699 5827 11699 5827 11700 5795 11700 5796 11700 5827 11701 5796 11701 5828 11701 5828 11702 5796 11702 5797 11702 5828 11703 5797 11703 5829 11703 5829 11704 5797 11704 5798 11704 5829 11705 5798 11705 5830 11705 5830 11706 5798 11706 5799 11706 5830 11707 5799 11707 5831 11707 5831 11708 5799 11708 5800 11708 5831 11709 5800 11709 5832 11709 5832 11710 5800 11710 5801 11710 5832 11711 5801 11711 5833 11711 5833 11712 5801 11712 5802 11712 5833 11713 5802 11713 5834 11713 5834 11714 5802 11714 5803 11714 5834 11715 5803 11715 5835 11715 5835 11716 5803 11716 5804 11716 5835 11717 5804 11717 5836 11717 5836 11718 5804 11718 5805 11718 5836 11719 5805 11719 5837 11719 5837 11720 5805 11720 5806 11720 5837 11721 5806 11721 5838 11721 5838 11722 5806 11722 5807 11722 5838 11723 5807 11723 5839 11723 5839 11724 5807 11724 5808 11724 5839 11725 5808 11725 5840 11725 5840 11726 5808 11726 5809 11726 5840 11727 5809 11727 5841 11727 5841 11728 5809 11728 5810 11728 5841 11729 5810 11729 5842 11729 5842 11730 5810 11730 5811 11730 5842 11731 5811 11731 5843 11731 5843 11732 5811 11732 5812 11732 5843 11733 5812 11733 5844 11733 5844 11734 5812 11734 5813 11734 5844 11735 5813 11735 5845 11735 5845 11736 5813 11736 5814 11736 5845 11737 5814 11737 5846 11737 5846 11738 5814 11738 5815 11738 5846 11739 5815 11739 5847 11739 5847 11740 5815 11740 5816 11740 5847 11741 5816 11741 5848 11741 5848 11742 5816 11742 5817 11742 5848 11743 5817 11743 5849 11743 5849 11744 5817 11744 5818 11744 5849 11745 5818 11745 5850 11745 5850 11746 5818 11746 5819 11746 5850 11747 5819 11747 5851 11747 5851 11748 5819 11748 5820 11748 5851 11749 5820 11749 5852 11749 5852 11750 5820 11750 5821 11750 5852 11751 5821 11751 5853 11751 5853 11752 5821 11752 5822 11752 5853 11753 5822 11753 5854 11753 5854 11754 5822 11754 5823 11754 5854 11755 5823 11755 5855 11755 5855 11756 5823 11756 5824 11756 5855 11757 5824 11757 5856 11757 5856 11758 5824 11758 5825 11758 5856 11759 5825 11759 5826 11759 5826 11760 5825 11760 5795 11760 5857 11761 5826 11761 5858 11761 5858 11762 5826 11762 5827 11762 5858 11763 5827 11763 5859 11763 5859 11764 5827 11764 5828 11764 5859 11765 5828 11765 5860 11765 5860 11766 5828 11766 5829 11766 5860 11767 5829 11767 5861 11767 5861 11768 5829 11768 5830 11768 5861 11769 5830 11769 5862 11769 5862 11770 5830 11770 5831 11770 5862 11771 5831 11771 5863 11771 5863 11772 5831 11772 5832 11772 5863 11773 5832 11773 5864 11773 5864 11774 5832 11774 5833 11774 5864 11775 5833 11775 5865 11775 5865 11776 5833 11776 5834 11776 5865 11777 5834 11777 5866 11777 5866 11778 5834 11778 5835 11778 5866 11779 5835 11779 5867 11779 5867 11780 5835 11780 5836 11780 5867 11781 5836 11781 5868 11781 5868 11782 5836 11782 5837 11782 5868 11783 5837 11783 5869 11783 5869 11784 5837 11784 5838 11784 5869 11785 5838 11785 5870 11785 5870 11786 5838 11786 5839 11786 5870 11787 5839 11787 5871 11787 5871 11788 5839 11788 5840 11788 5871 11789 5840 11789 5872 11789 5872 11790 5840 11790 5841 11790 5872 11791 5841 11791 5873 11791 5873 11792 5841 11792 5842 11792 5873 11793 5842 11793 5874 11793 5874 11794 5842 11794 5843 11794 5874 11795 5843 11795 5875 11795 5875 11796 5843 11796 5844 11796 5875 11797 5844 11797 5876 11797 5876 11798 5844 11798 5845 11798 5876 11799 5845 11799 5877 11799 5877 11800 5845 11800 5846 11800 5877 11801 5846 11801 5878 11801 5878 11802 5846 11802 5847 11802 5878 11803 5847 11803 5879 11803 5879 11804 5847 11804 5848 11804 5879 11805 5848 11805 5880 11805 5880 11806 5848 11806 5849 11806 5880 11807 5849 11807 5881 11807 5881 11808 5849 11808 5850 11808 5881 11809 5850 11809 5882 11809 5882 11810 5850 11810 5851 11810 5882 11811 5851 11811 5883 11811 5883 11812 5851 11812 5852 11812 5883 11813 5852 11813 5884 11813 5884 11814 5852 11814 5853 11814 5884 11815 5853 11815 5885 11815 5885 11816 5853 11816 5854 11816 5885 11817 5854 11817 5886 11817 5886 11818 5854 11818 5855 11818 5886 11819 5855 11819 5887 11819 5887 11820 5855 11820 5856 11820 5887 11821 5856 11821 5857 11821 5857 11822 5856 11822 5826 11822 5888 11823 5889 11823 5879 11823 5879 11824 5889 11824 5890 11824 5879 11825 5890 11825 5878 11825 5878 11826 5890 11826 5891 11826 5878 11827 5891 11827 5877 11827 5877 11828 5891 11828 5892 11828 5877 11829 5892 11829 5876 11829 5876 11830 5892 11830 5893 11830 5876 11831 5893 11831 5875 11831 5875 11832 5893 11832 5894 11832 5875 11833 5894 11833 5874 11833 5874 11834 5894 11834 5895 11834 5874 11835 5895 11835 5873 11835 5873 11836 5895 11836 5896 11836 5873 11837 5896 11837 5872 11837 5872 11838 5896 11838 5897 11838 5872 11839 5897 11839 5871 11839 5871 11840 5897 11840 5898 11840 5871 11841 5898 11841 5870 11841 5870 11842 5898 11842 5899 11842 5870 11843 5899 11843 5869 11843 5869 11844 5899 11844 5900 11844 5869 11845 5900 11845 5868 11845 5868 11846 5900 11846 5901 11846 5868 11847 5901 11847 5867 11847 5867 11848 5901 11848 5902 11848 5867 11849 5902 11849 5866 11849 5866 11850 5902 11850 5903 11850 5866 11851 5903 11851 5865 11851 5865 11852 5903 11852 5904 11852 5865 11853 5904 11853 5864 11853 5864 11854 5904 11854 5905 11854 5864 11855 5905 11855 5863 11855 5863 11856 5905 11856 5906 11856 5863 11857 5906 11857 5862 11857 5862 11858 5906 11858 5907 11858 5862 11859 5907 11859 5861 11859 5861 11860 5907 11860 5908 11860 5861 11861 5908 11861 5860 11861 5860 11862 5908 11862 5909 11862 5860 11863 5909 11863 5859 11863 5859 11864 5909 11864 5910 11864 5859 11865 5910 11865 5858 11865 5858 11866 5910 11866 5911 11866 5858 11867 5911 11867 5857 11867 5857 11868 5911 11868 5912 11868 5857 11869 5912 11869 5887 11869 5887 11870 5912 11870 5913 11870 5887 11871 5913 11871 5886 11871 5886 11872 5913 11872 5914 11872 5886 11873 5914 11873 5885 11873 5885 11874 5914 11874 5915 11874 5885 11875 5915 11875 5884 11875 5884 11876 5915 11876 5916 11876 5884 11877 5916 11877 5883 11877 5883 11878 5916 11878 5917 11878 5883 11879 5917 11879 5882 11879 5882 11880 5917 11880 5918 11880 5882 11881 5918 11881 5881 11881 5881 11882 5918 11882 5919 11882 5881 11883 5919 11883 5880 11883 5880 11884 5919 11884 5888 11884 5880 11885 5888 11885 5879 11885 5906 11886 5905 11886 5888 11886 5898 11887 5897 11887 5896 11887 5898 11888 5896 11888 5899 11888 5899 11889 5896 11889 5895 11889 5899 11890 5895 11890 5900 11890 5900 11891 5895 11891 5894 11891 5900 11892 5894 11892 5901 11892 5901 11893 5894 11893 5893 11893 5901 11894 5893 11894 5902 11894 5902 11895 5893 11895 5892 11895 5902 11896 5892 11896 5903 11896 5903 11897 5892 11897 5891 11897 5903 11898 5891 11898 5904 11898 5904 11899 5891 11899 5890 11899 5904 11900 5890 11900 5905 11900 5905 11901 5890 11901 5889 11901 5905 11902 5889 11902 5888 11902 5913 11903 5912 11903 5888 11903 5909 11904 5908 11904 5888 11904 5888 11905 5908 11905 5907 11905 5888 11906 5907 11906 5906 11906 5917 11907 5916 11907 5915 11907 5909 11908 5888 11908 5910 11908 5910 11909 5888 11909 5912 11909 5910 11910 5912 11910 5911 11910 5918 11911 5917 11911 5919 11911 5919 11912 5917 11912 5915 11912 5919 11913 5915 11913 5888 11913 5888 11914 5915 11914 5914 11914 5888 11915 5914 11915 5913 11915 5920 11916 5921 11916 5922 11916 5922 11917 5923 11917 5920 11917 5920 11918 5923 11918 5924 11918 5920 11919 5924 11919 5925 11919 5926 11920 5927 11920 5920 11920 5928 11921 5929 11921 5930 11921 5931 11922 5926 11922 5932 11922 5932 11923 5926 11923 5920 11923 5932 11924 5920 11924 5933 11924 5933 11925 5920 11925 5925 11925 5927 11926 5934 11926 5920 11926 5920 11927 5934 11927 5930 11927 5920 11928 5930 11928 5935 11928 5935 11929 5930 11929 5929 11929 5936 11930 5937 11930 5938 11930 5938 11931 5937 11931 5939 11931 5920 11932 5940 11932 5921 11932 5921 11933 5940 11933 5937 11933 5921 11934 5937 11934 5941 11934 5941 11935 5937 11935 5936 11935 5942 11936 5928 11936 5943 11936 5943 11937 5928 11937 5930 11937 5943 11938 5930 11938 5944 11938 5944 11939 5930 11939 5945 11939 5944 11940 5945 11940 5946 11940 5947 11941 5948 11941 5949 11941 5949 11942 5948 11942 5950 11942 5949 11943 5950 11943 5937 11943 5937 11944 5950 11944 5951 11944 5937 11945 5951 11945 5939 11945 5952 11946 5927 11946 5953 11946 5953 11947 5927 11947 5926 11947 5953 11948 5926 11948 5954 11948 5954 11949 5926 11949 5931 11949 5954 11950 5931 11950 5955 11950 5955 11951 5931 11951 5932 11951 5955 11952 5932 11952 5956 11952 5956 11953 5932 11953 5933 11953 5956 11954 5933 11954 5957 11954 5957 11955 5933 11955 5925 11955 5957 11956 5925 11956 5958 11956 5958 11957 5925 11957 5924 11957 5958 11958 5924 11958 5959 11958 5959 11959 5924 11959 5923 11959 5959 11960 5923 11960 5960 11960 5960 11961 5923 11961 5922 11961 5960 11962 5922 11962 5961 11962 5961 11963 5922 11963 5921 11963 5961 11964 5921 11964 5962 11964 5962 11965 5921 11965 5941 11965 5962 11966 5941 11966 5963 11966 5963 11967 5941 11967 5936 11967 5963 11968 5936 11968 5964 11968 5964 11969 5936 11969 5938 11969 5964 11970 5938 11970 5965 11970 5965 11971 5938 11971 5939 11971 5965 11972 5939 11972 5966 11972 5966 11973 5939 11973 5951 11973 5966 11974 5951 11974 5967 11974 5967 11975 5951 11975 5950 11975 5967 11976 5950 11976 5968 11976 5968 11977 5950 11977 5948 11977 5968 11978 5948 11978 5969 11978 5969 11979 5948 11979 5947 11979 5969 11980 5947 11980 5970 11980 5970 11981 5947 11981 5949 11981 5970 11982 5949 11982 5971 11982 5971 11983 5949 11983 5937 11983 5971 11984 5937 11984 5972 11984 5972 11985 5937 11985 5940 11985 5972 11986 5940 11986 5973 11986 5973 11987 5940 11987 5920 11987 5973 11988 5920 11988 5974 11988 5974 11989 5920 11989 5935 11989 5974 11990 5935 11990 5975 11990 5975 11991 5935 11991 5929 11991 5975 11992 5929 11992 5976 11992 5976 11993 5929 11993 5928 11993 5976 11994 5928 11994 5977 11994 5977 11995 5928 11995 5942 11995 5977 11996 5942 11996 5978 11996 5978 11997 5942 11997 5943 11997 5978 11998 5943 11998 5979 11998 5979 11999 5943 11999 5944 11999 5979 12000 5944 12000 5980 12000 5980 12001 5944 12001 5946 12001 5980 12002 5946 12002 5981 12002 5981 12003 5946 12003 5945 12003 5981 12004 5945 12004 5982 12004 5982 12005 5945 12005 5930 12005 5982 12006 5930 12006 5983 12006 5983 12007 5930 12007 5934 12007 5983 12008 5934 12008 5952 12008 5952 12009 5934 12009 5927 12009 5984 12010 5952 12010 5985 12010 5985 12011 5952 12011 5953 12011 5985 12012 5953 12012 5986 12012 5986 12013 5953 12013 5954 12013 5986 12014 5954 12014 5987 12014 5987 12015 5954 12015 5955 12015 5987 12016 5955 12016 5988 12016 5988 12017 5955 12017 5956 12017 5988 12018 5956 12018 5989 12018 5989 12019 5956 12019 5957 12019 5989 12020 5957 12020 5990 12020 5990 12021 5957 12021 5958 12021 5990 12022 5958 12022 5991 12022 5991 12023 5958 12023 5959 12023 5991 12024 5959 12024 5992 12024 5992 12025 5959 12025 5960 12025 5992 12026 5960 12026 5993 12026 5993 12027 5960 12027 5961 12027 5993 12028 5961 12028 5994 12028 5994 12029 5961 12029 5962 12029 5994 12030 5962 12030 5995 12030 5995 12031 5962 12031 5963 12031 5995 12032 5963 12032 5996 12032 5996 12033 5963 12033 5964 12033 5996 12034 5964 12034 5997 12034 5997 12035 5964 12035 5965 12035 5997 12036 5965 12036 5998 12036 5998 12037 5965 12037 5966 12037 5998 12038 5966 12038 5999 12038 5999 12039 5966 12039 5967 12039 5999 12040 5967 12040 6000 12040 6000 12041 5967 12041 5968 12041 6000 12042 5968 12042 6001 12042 6001 12043 5968 12043 5969 12043 6001 12044 5969 12044 6002 12044 6002 12045 5969 12045 5970 12045 6002 12046 5970 12046 6003 12046 6003 12047 5970 12047 5971 12047 6003 12048 5971 12048 6004 12048 6004 12049 5971 12049 5972 12049 6004 12050 5972 12050 6005 12050 6005 12051 5972 12051 5973 12051 6005 12052 5973 12052 6006 12052 6006 12053 5973 12053 5974 12053 6006 12054 5974 12054 6007 12054 6007 12055 5974 12055 5975 12055 6007 12056 5975 12056 6008 12056 6008 12057 5975 12057 5976 12057 6008 12058 5976 12058 6009 12058 6009 12059 5976 12059 5977 12059 6009 12060 5977 12060 6010 12060 6010 12061 5977 12061 5978 12061 6010 12062 5978 12062 6011 12062 6011 12063 5978 12063 5979 12063 6011 12064 5979 12064 6012 12064 6012 12065 5979 12065 5980 12065 6012 12066 5980 12066 6013 12066 6013 12067 5980 12067 5981 12067 6013 12068 5981 12068 6014 12068 6014 12069 5981 12069 5982 12069 6014 12070 5982 12070 6015 12070 6015 12071 5982 12071 5983 12071 6015 12072 5983 12072 5984 12072 5984 12073 5983 12073 5952 12073 6016 12074 5984 12074 6017 12074 6017 12075 5984 12075 5985 12075 6017 12076 5985 12076 6018 12076 6018 12077 5985 12077 5986 12077 6018 12078 5986 12078 6019 12078 6019 12079 5986 12079 5987 12079 6019 12080 5987 12080 6020 12080 6020 12081 5987 12081 5988 12081 6020 12082 5988 12082 6021 12082 6021 12083 5988 12083 5989 12083 6021 12084 5989 12084 6022 12084 6022 12085 5989 12085 5990 12085 6022 12086 5990 12086 6023 12086 6023 12087 5990 12087 5991 12087 6023 12088 5991 12088 6024 12088 6024 12089 5991 12089 5992 12089 6024 12090 5992 12090 6025 12090 6025 12091 5992 12091 5993 12091 6025 12092 5993 12092 6026 12092 6026 12093 5993 12093 5994 12093 6026 12094 5994 12094 6027 12094 6027 12095 5994 12095 5995 12095 6027 12096 5995 12096 6028 12096 6028 12097 5995 12097 5996 12097 6028 12098 5996 12098 6029 12098 6029 12099 5996 12099 5997 12099 6029 12100 5997 12100 6030 12100 6030 12101 5997 12101 5998 12101 6030 12102 5998 12102 6031 12102 6031 12103 5998 12103 5999 12103 6031 12104 5999 12104 6032 12104 6032 12105 5999 12105 6000 12105 6032 12106 6000 12106 6033 12106 6033 12107 6000 12107 6001 12107 6033 12108 6001 12108 6034 12108 6034 12109 6001 12109 6002 12109 6034 12110 6002 12110 6035 12110 6035 12111 6002 12111 6003 12111 6035 12112 6003 12112 6036 12112 6036 12113 6003 12113 6004 12113 6036 12114 6004 12114 6037 12114 6037 12115 6004 12115 6005 12115 6037 12116 6005 12116 6038 12116 6038 12117 6005 12117 6006 12117 6038 12118 6006 12118 6039 12118 6039 12119 6006 12119 6007 12119 6039 12120 6007 12120 6040 12120 6040 12121 6007 12121 6008 12121 6040 12122 6008 12122 6041 12122 6041 12123 6008 12123 6009 12123 6041 12124 6009 12124 6042 12124 6042 12125 6009 12125 6010 12125 6042 12126 6010 12126 6043 12126 6043 12127 6010 12127 6011 12127 6043 12128 6011 12128 6044 12128 6044 12129 6011 12129 6012 12129 6044 12130 6012 12130 6045 12130 6045 12131 6012 12131 6013 12131 6045 12132 6013 12132 6046 12132 6046 12133 6013 12133 6014 12133 6046 12134 6014 12134 6047 12134 6047 12135 6014 12135 6015 12135 6047 12136 6015 12136 6016 12136 6016 12137 6015 12137 5984 12137 6048 12138 6016 12138 6049 12138 6049 12139 6016 12139 6017 12139 6049 12140 6017 12140 6050 12140 6050 12141 6017 12141 6018 12141 6050 12142 6018 12142 6051 12142 6051 12143 6018 12143 6019 12143 6051 12144 6019 12144 6052 12144 6052 12145 6019 12145 6020 12145 6052 12146 6020 12146 6053 12146 6053 12147 6020 12147 6021 12147 6053 12148 6021 12148 6054 12148 6054 12149 6021 12149 6022 12149 6054 12150 6022 12150 6055 12150 6055 12151 6022 12151 6023 12151 6055 12152 6023 12152 6056 12152 6056 12153 6023 12153 6024 12153 6056 12154 6024 12154 6057 12154 6057 12155 6024 12155 6025 12155 6057 12156 6025 12156 6058 12156 6058 12157 6025 12157 6026 12157 6058 12158 6026 12158 6059 12158 6059 12159 6026 12159 6027 12159 6059 12160 6027 12160 6060 12160 6060 12161 6027 12161 6028 12161 6060 12162 6028 12162 6061 12162 6061 12163 6028 12163 6029 12163 6061 12164 6029 12164 6062 12164 6062 12165 6029 12165 6030 12165 6062 12166 6030 12166 6063 12166 6063 12167 6030 12167 6031 12167 6063 12168 6031 12168 6064 12168 6064 12169 6031 12169 6032 12169 6064 12170 6032 12170 6065 12170 6065 12171 6032 12171 6033 12171 6065 12172 6033 12172 6066 12172 6066 12173 6033 12173 6034 12173 6066 12174 6034 12174 6067 12174 6067 12175 6034 12175 6035 12175 6067 12176 6035 12176 6068 12176 6068 12177 6035 12177 6036 12177 6068 12178 6036 12178 6069 12178 6069 12179 6036 12179 6037 12179 6069 12180 6037 12180 6070 12180 6070 12181 6037 12181 6038 12181 6070 12182 6038 12182 6071 12182 6071 12183 6038 12183 6039 12183 6071 12184 6039 12184 6072 12184 6072 12185 6039 12185 6040 12185 6072 12186 6040 12186 6073 12186 6073 12187 6040 12187 6041 12187 6073 12188 6041 12188 6074 12188 6074 12189 6041 12189 6042 12189 6074 12190 6042 12190 6075 12190 6075 12191 6042 12191 6043 12191 6075 12192 6043 12192 6076 12192 6076 12193 6043 12193 6044 12193 6076 12194 6044 12194 6077 12194 6077 12195 6044 12195 6045 12195 6077 12196 6045 12196 6078 12196 6078 12197 6045 12197 6046 12197 6078 12198 6046 12198 6079 12198 6079 12199 6046 12199 6047 12199 6079 12200 6047 12200 6048 12200 6048 12201 6047 12201 6016 12201 6080 12202 6048 12202 6081 12202 6081 12203 6048 12203 6049 12203 6081 12204 6049 12204 6082 12204 6082 12205 6049 12205 6050 12205 6082 12206 6050 12206 6083 12206 6083 12207 6050 12207 6051 12207 6083 12208 6051 12208 6084 12208 6084 12209 6051 12209 6052 12209 6084 12210 6052 12210 6085 12210 6085 12211 6052 12211 6053 12211 6085 12212 6053 12212 6086 12212 6086 12213 6053 12213 6054 12213 6086 12214 6054 12214 6087 12214 6087 12215 6054 12215 6055 12215 6087 12216 6055 12216 6088 12216 6088 12217 6055 12217 6056 12217 6088 12218 6056 12218 6089 12218 6089 12219 6056 12219 6057 12219 6089 12220 6057 12220 6090 12220 6090 12221 6057 12221 6058 12221 6090 12222 6058 12222 6091 12222 6091 12223 6058 12223 6059 12223 6091 12224 6059 12224 6092 12224 6092 12225 6059 12225 6060 12225 6092 12226 6060 12226 6093 12226 6093 12227 6060 12227 6061 12227 6093 12228 6061 12228 6094 12228 6094 12229 6061 12229 6062 12229 6094 12230 6062 12230 6095 12230 6095 12231 6062 12231 6063 12231 6095 12232 6063 12232 6096 12232 6096 12233 6063 12233 6064 12233 6096 12234 6064 12234 6097 12234 6097 12235 6064 12235 6065 12235 6097 12236 6065 12236 6098 12236 6098 12237 6065 12237 6066 12237 6098 12238 6066 12238 6099 12238 6099 12239 6066 12239 6067 12239 6099 12240 6067 12240 6100 12240 6100 12241 6067 12241 6068 12241 6100 12242 6068 12242 6101 12242 6101 12243 6068 12243 6069 12243 6101 12244 6069 12244 6102 12244 6102 12245 6069 12245 6070 12245 6102 12246 6070 12246 6103 12246 6103 12247 6070 12247 6071 12247 6103 12248 6071 12248 6104 12248 6104 12249 6071 12249 6072 12249 6104 12250 6072 12250 6105 12250 6105 12251 6072 12251 6073 12251 6105 12252 6073 12252 6106 12252 6106 12253 6073 12253 6074 12253 6106 12254 6074 12254 6107 12254 6107 12255 6074 12255 6075 12255 6107 12256 6075 12256 6108 12256 6108 12257 6075 12257 6076 12257 6108 12258 6076 12258 6109 12258 6109 12259 6076 12259 6077 12259 6109 12260 6077 12260 6110 12260 6110 12261 6077 12261 6078 12261 6110 12262 6078 12262 6111 12262 6111 12263 6078 12263 6079 12263 6111 12264 6079 12264 6080 12264 6080 12265 6079 12265 6048 12265 6112 12266 6080 12266 6113 12266 6113 12267 6080 12267 6081 12267 6113 12268 6081 12268 6114 12268 6114 12269 6081 12269 6082 12269 6114 12270 6082 12270 6115 12270 6115 12271 6082 12271 6083 12271 6115 12272 6083 12272 6116 12272 6116 12273 6083 12273 6084 12273 6116 12274 6084 12274 6117 12274 6117 12275 6084 12275 6085 12275 6117 12276 6085 12276 6118 12276 6118 12277 6085 12277 6086 12277 6118 12278 6086 12278 6119 12278 6119 12279 6086 12279 6087 12279 6119 12280 6087 12280 6120 12280 6120 12281 6087 12281 6088 12281 6120 12282 6088 12282 6121 12282 6121 12283 6088 12283 6089 12283 6121 12284 6089 12284 6122 12284 6122 12285 6089 12285 6090 12285 6122 12286 6090 12286 6123 12286 6123 12287 6090 12287 6091 12287 6123 12288 6091 12288 6124 12288 6124 12289 6091 12289 6092 12289 6124 12290 6092 12290 6125 12290 6125 12291 6092 12291 6093 12291 6125 12292 6093 12292 6126 12292 6126 12293 6093 12293 6094 12293 6126 12294 6094 12294 6127 12294 6127 12295 6094 12295 6095 12295 6127 12296 6095 12296 6128 12296 6128 12297 6095 12297 6096 12297 6128 12298 6096 12298 6129 12298 6129 12299 6096 12299 6097 12299 6129 12300 6097 12300 6130 12300 6130 12301 6097 12301 6098 12301 6130 12302 6098 12302 6131 12302 6131 12303 6098 12303 6099 12303 6131 12304 6099 12304 6132 12304 6132 12305 6099 12305 6100 12305 6132 12306 6100 12306 6133 12306 6133 12307 6100 12307 6101 12307 6133 12308 6101 12308 6134 12308 6134 12309 6101 12309 6102 12309 6134 12310 6102 12310 6135 12310 6135 12311 6102 12311 6103 12311 6135 12312 6103 12312 6136 12312 6136 12313 6103 12313 6104 12313 6136 12314 6104 12314 6137 12314 6137 12315 6104 12315 6105 12315 6137 12316 6105 12316 6138 12316 6138 12317 6105 12317 6106 12317 6138 12318 6106 12318 6139 12318 6139 12319 6106 12319 6107 12319 6139 12320 6107 12320 6140 12320 6140 12321 6107 12321 6108 12321 6140 12322 6108 12322 6141 12322 6141 12323 6108 12323 6109 12323 6141 12324 6109 12324 6142 12324 6142 12325 6109 12325 6110 12325 6142 12326 6110 12326 6143 12326 6143 12327 6110 12327 6111 12327 6143 12328 6111 12328 6112 12328 6112 12329 6111 12329 6080 12329 6144 12330 6112 12330 6145 12330 6145 12331 6112 12331 6113 12331 6145 12332 6113 12332 6146 12332 6146 12333 6113 12333 6114 12333 6146 12334 6114 12334 6147 12334 6147 12335 6114 12335 6115 12335 6147 12336 6115 12336 6148 12336 6148 12337 6115 12337 6116 12337 6148 12338 6116 12338 6149 12338 6149 12339 6116 12339 6117 12339 6149 12340 6117 12340 6150 12340 6150 12341 6117 12341 6118 12341 6150 12342 6118 12342 6151 12342 6151 12343 6118 12343 6119 12343 6151 12344 6119 12344 6152 12344 6152 12345 6119 12345 6120 12345 6152 12346 6120 12346 6153 12346 6153 12347 6120 12347 6121 12347 6153 12348 6121 12348 6154 12348 6154 12349 6121 12349 6122 12349 6154 12350 6122 12350 6155 12350 6155 12351 6122 12351 6123 12351 6155 12352 6123 12352 6156 12352 6156 12353 6123 12353 6124 12353 6156 12354 6124 12354 6157 12354 6157 12355 6124 12355 6125 12355 6157 12356 6125 12356 6158 12356 6158 12357 6125 12357 6126 12357 6158 12358 6126 12358 6159 12358 6159 12359 6126 12359 6127 12359 6159 12360 6127 12360 6160 12360 6160 12361 6127 12361 6128 12361 6160 12362 6128 12362 6161 12362 6161 12363 6128 12363 6129 12363 6161 12364 6129 12364 6162 12364 6162 12365 6129 12365 6130 12365 6162 12366 6130 12366 6163 12366 6163 12367 6130 12367 6131 12367 6163 12368 6131 12368 6164 12368 6164 12369 6131 12369 6132 12369 6164 12370 6132 12370 6165 12370 6165 12371 6132 12371 6133 12371 6165 12372 6133 12372 6166 12372 6166 12373 6133 12373 6134 12373 6166 12374 6134 12374 6167 12374 6167 12375 6134 12375 6135 12375 6167 12376 6135 12376 6168 12376 6168 12377 6135 12377 6136 12377 6168 12378 6136 12378 6169 12378 6169 12379 6136 12379 6137 12379 6169 12380 6137 12380 6170 12380 6170 12381 6137 12381 6138 12381 6170 12382 6138 12382 6171 12382 6171 12383 6138 12383 6139 12383 6171 12384 6139 12384 6172 12384 6172 12385 6139 12385 6140 12385 6172 12386 6140 12386 6173 12386 6173 12387 6140 12387 6141 12387 6173 12388 6141 12388 6174 12388 6174 12389 6141 12389 6142 12389 6174 12390 6142 12390 6175 12390 6175 12391 6142 12391 6143 12391 6175 12392 6143 12392 6144 12392 6144 12393 6143 12393 6112 12393 6176 12394 6144 12394 6177 12394 6177 12395 6144 12395 6145 12395 6177 12396 6145 12396 6178 12396 6178 12397 6145 12397 6146 12397 6178 12398 6146 12398 6179 12398 6179 12399 6146 12399 6147 12399 6179 12400 6147 12400 6180 12400 6180 12401 6147 12401 6148 12401 6180 12402 6148 12402 6181 12402 6181 12403 6148 12403 6149 12403 6181 12404 6149 12404 6182 12404 6182 12405 6149 12405 6150 12405 6182 12406 6150 12406 6183 12406 6183 12407 6150 12407 6151 12407 6183 12408 6151 12408 6184 12408 6184 12409 6151 12409 6152 12409 6184 12410 6152 12410 6185 12410 6185 12411 6152 12411 6153 12411 6185 12412 6153 12412 6186 12412 6186 12413 6153 12413 6154 12413 6186 12414 6154 12414 6187 12414 6187 12415 6154 12415 6155 12415 6187 12416 6155 12416 6188 12416 6188 12417 6155 12417 6156 12417 6188 12418 6156 12418 6189 12418 6189 12419 6156 12419 6157 12419 6189 12420 6157 12420 6190 12420 6190 12421 6157 12421 6158 12421 6190 12422 6158 12422 6191 12422 6191 12423 6158 12423 6159 12423 6191 12424 6159 12424 6192 12424 6192 12425 6159 12425 6160 12425 6192 12426 6160 12426 6193 12426 6193 12427 6160 12427 6161 12427 6193 12428 6161 12428 6194 12428 6194 12429 6161 12429 6162 12429 6194 12430 6162 12430 6195 12430 6195 12431 6162 12431 6163 12431 6195 12432 6163 12432 6196 12432 6196 12433 6163 12433 6164 12433 6196 12434 6164 12434 6197 12434 6197 12435 6164 12435 6165 12435 6197 12436 6165 12436 6198 12436 6198 12437 6165 12437 6166 12437 6198 12438 6166 12438 6199 12438 6199 12439 6166 12439 6167 12439 6199 12440 6167 12440 6200 12440 6200 12441 6167 12441 6168 12441 6200 12442 6168 12442 6201 12442 6201 12443 6168 12443 6169 12443 6201 12444 6169 12444 6202 12444 6202 12445 6169 12445 6170 12445 6202 12446 6170 12446 6203 12446 6203 12447 6170 12447 6171 12447 6203 12448 6171 12448 6204 12448 6204 12449 6171 12449 6172 12449 6204 12450 6172 12450 6205 12450 6205 12451 6172 12451 6173 12451 6205 12452 6173 12452 6206 12452 6206 12453 6173 12453 6174 12453 6206 12454 6174 12454 6207 12454 6207 12455 6174 12455 6175 12455 6207 12456 6175 12456 6176 12456 6176 12457 6175 12457 6144 12457 6203 12458 6204 12458 6188 12458 6177 12459 6188 12459 6176 12459 6176 12460 6188 12460 6204 12460 6176 12461 6204 12461 6207 12461 6207 12462 6204 12462 6205 12462 6207 12463 6205 12463 6206 12463 6177 12464 6178 12464 6179 12464 6194 12465 6195 12465 6193 12465 6193 12466 6195 12466 6196 12466 6193 12467 6196 12467 6192 12467 6192 12468 6196 12468 6197 12468 6192 12469 6197 12469 6191 12469 6191 12470 6197 12470 6198 12470 6191 12471 6198 12471 6190 12471 6190 12472 6198 12472 6188 12472 6190 12473 6188 12473 6189 12473 6199 12474 6200 12474 6198 12474 6198 12475 6200 12475 6201 12475 6198 12476 6201 12476 6188 12476 6188 12477 6201 12477 6202 12477 6188 12478 6202 12478 6203 12478 6177 12479 6179 12479 6188 12479 6188 12480 6179 12480 6180 12480 6188 12481 6180 12481 6181 12481 6186 12482 6183 12482 6185 12482 6185 12483 6183 12483 6184 12483 6181 12484 6182 12484 6188 12484 6188 12485 6182 12485 6183 12485 6188 12486 6183 12486 6187 12486 6187 12487 6183 12487 6186 12487</p>
                </triangles>
            </mesh>
        </geometry>
    </library_geometries>
    <library_visual_scenes>
        <visual_scene id="VisualSceneNode" name="VisualScene">
            <node id="node" name="node">
                <instance_geometry url="#shape0-lib"/>
            </node>
        </visual_scene>
    </library_visual_scenes>
    <scene>
        <instance_visual_scene url="#VisualSceneNode"/>
    </scene>
</COLLADA>
