# Blender 5.2.2 LTS
# www.blender.org
mtllib sick_microscan3_mics3_cbaz40pz1.mtl
o 1
v 0.000000 0.055549 -0.075349
v -0.055549 0.055549 -0.075349
v 0.000000 0.055549 -0.034606
v -0.055549 0.055549 -0.034606
v -0.055549 -0.055549 -0.075349
v -0.055549 -0.055549 -0.034606
v 0.000000 -0.055549 -0.075349
v 0.000000 -0.055549 -0.034606
v 0.004587 -0.055360 -0.075349
v 0.013637 -0.053849 -0.075349
v 0.009143 -0.054792 -0.075349
v 0.018037 -0.052539 -0.075349
v 0.030383 -0.046504 -0.075349
v 0.022314 -0.050871 -0.075349
v 0.026439 -0.048854 -0.075349
v 0.040869 -0.037623 -0.075349
v 0.034119 -0.043836 -0.075349
v 0.037623 -0.040869 -0.075349
v 0.046504 -0.030383 -0.075349
v 0.043836 -0.034119 -0.075349
v 0.050871 -0.022314 -0.075349
v 0.048854 -0.026439 -0.075349
v 0.004587 0.055360 -0.075349
v 0.055360 0.004587 -0.075349
v 0.052539 -0.018037 -0.075349
v 0.053849 -0.013637 -0.075349
v 0.054792 -0.009143 -0.075349
v 0.055360 -0.004587 -0.075349
v 0.055549 -0.000000 -0.075349
v 0.054792 0.009143 -0.075349
v 0.013637 0.053849 -0.075349
v 0.018037 0.052539 -0.075349
v 0.009143 0.054792 -0.075349
v 0.052539 0.018037 -0.075349
v 0.053849 0.013637 -0.075349
v 0.022314 0.050871 -0.075349
v 0.026439 0.048854 -0.075349
v 0.048854 0.026439 -0.075349
v 0.050871 0.022314 -0.075349
v 0.030383 0.046504 -0.075349
v 0.034119 0.043836 -0.075349
v 0.037623 0.040869 -0.075349
v 0.040869 0.037623 -0.075349
v 0.046504 0.030383 -0.075349
v 0.043836 0.034119 -0.075349
v 0.013637 -0.053849 -0.034606
v 0.004587 -0.055360 -0.034606
v 0.009143 -0.054792 -0.034606
v 0.018037 -0.052539 -0.034606
v 0.030383 -0.046504 -0.034606
v 0.022314 -0.050871 -0.034606
v 0.026439 -0.048854 -0.034606
v 0.040869 -0.037623 -0.034606
v 0.034119 -0.043836 -0.034606
v 0.037623 -0.040869 -0.034606
v 0.046504 -0.030383 -0.034606
v 0.043836 -0.034119 -0.034606
v 0.050871 -0.022314 -0.034606
v 0.048854 -0.026439 -0.034606
v 0.004587 0.055360 -0.034606
v 0.055360 0.004587 -0.034606
v 0.052539 -0.018037 -0.034606
v 0.053849 -0.013637 -0.034606
v 0.054792 -0.009143 -0.034606
v 0.055360 -0.004587 -0.034606
v 0.055549 -0.000000 -0.034606
v 0.054792 0.009143 -0.034606
v 0.018037 0.052539 -0.034606
v 0.013637 0.053849 -0.034606
v 0.009143 0.054792 -0.034606
v 0.052539 0.018037 -0.034606
v 0.053849 0.013637 -0.034606
v 0.022314 0.050871 -0.034606
v 0.026439 0.048854 -0.034606
v 0.048854 0.026439 -0.034606
v 0.050871 0.022314 -0.034606
v 0.030383 0.046504 -0.034606
v 0.037623 0.040869 -0.034606
v 0.034119 0.043836 -0.034606
v 0.040869 0.037623 -0.034606
v 0.046504 0.030383 -0.034606
v 0.043836 0.034119 -0.034606
vn -0.0000 1.0000 -0.0000
vn -1.0000 -0.0000 -0.0000
vn -0.0000 -1.0000 -0.0000
vn -0.0000 -0.0000 -1.0000
vn -0.0000 -0.0000 1.0000
vn 0.0413 -0.9991 -0.0000
vn 0.1237 -0.9923 -0.0000
vn 0.2052 -0.9787 -0.0000
vn 0.2853 -0.9584 -0.0000
vn 0.3635 -0.9316 -0.0000
vn 0.4392 -0.8984 -0.0000
vn 0.5119 -0.8591 -0.0000
vn 0.5811 -0.8138 -0.0000
vn 0.6463 -0.7631 -0.0000
vn 0.7071 -0.7071 -0.0000
vn 0.7631 -0.6463 -0.0000
vn 0.8138 -0.5811 -0.0000
vn 0.8591 -0.5119 -0.0000
vn 0.8984 -0.4392 -0.0000
vn 0.9316 -0.3635 -0.0000
vn 0.9584 -0.2853 -0.0000
vn 0.9787 -0.2052 -0.0000
vn 0.9923 -0.1237 -0.0000
vn 0.9991 -0.0413 -0.0000
vn 0.9991 0.0413 -0.0000
vn 0.9923 0.1237 -0.0000
vn 0.9787 0.2052 -0.0000
vn 0.9584 0.2853 -0.0000
vn 0.9316 0.3635 -0.0000
vn 0.8984 0.4392 -0.0000
vn 0.8591 0.5119 -0.0000
vn 0.8138 0.5811 -0.0000
vn 0.7631 0.6463 -0.0000
vn 0.7071 0.7071 -0.0000
vn 0.6463 0.7631 -0.0000
vn 0.5811 0.8138 -0.0000
vn 0.5119 0.8591 -0.0000
vn 0.4392 0.8984 -0.0000
vn 0.3635 0.9316 -0.0000
vn 0.2853 0.9584 -0.0000
vn 0.2052 0.9787 -0.0000
vn 0.1237 0.9923 -0.0000
vn 0.0413 0.9991 -0.0000
s 0
usemtl yellow_sick_ral_1021
f 1//1 2//1 3//1
f 3//1 2//1 4//1
f 2//2 5//2 4//2
f 4//2 5//2 6//2
f 5//3 7//3 6//3
f 6//3 7//3 8//3
f 9//4 10//4 11//4
f 7//4 12//4 9//4
f 9//4 12//4 10//4
f 12//4 13//4 14//4
f 14//4 13//4 15//4
f 7//4 13//4 12//4
f 13//4 16//4 17//4
f 17//4 16//4 18//4
f 7//4 16//4 13//4
f 16//4 19//4 20//4
f 19//4 21//4 22//4
f 16//4 21//4 19//4
f 5//4 1//4 7//4
f 2//4 1//4 5//4
f 1//4 23//4 7//4
f 21//4 24//4 25//4
f 25//4 24//4 26//4
f 26//4 24//4 27//4
f 27//4 24//4 28//4
f 28//4 24//4 29//4
f 16//4 30//4 21//4
f 21//4 30//4 24//4
f 31//4 32//4 33//4
f 33//4 32//4 23//4
f 30//4 34//4 35//4
f 32//4 36//4 23//4
f 36//4 37//4 23//4
f 30//4 38//4 34//4
f 34//4 38//4 39//4
f 37//4 40//4 23//4
f 7//4 40//4 16//4
f 23//4 40//4 7//4
f 41//4 42//4 40//4
f 40//4 43//4 16//4
f 42//4 43//4 40//4
f 38//4 43//4 44//4
f 44//4 43//4 45//4
f 30//4 43//4 38//4
f 16//4 43//4 30//4
f 46//5 47//5 48//5
f 49//5 8//5 47//5
f 49//5 47//5 46//5
f 50//5 49//5 51//5
f 50//5 51//5 52//5
f 50//5 8//5 49//5
f 53//5 50//5 54//5
f 53//5 54//5 55//5
f 53//5 8//5 50//5
f 56//5 53//5 57//5
f 58//5 56//5 59//5
f 58//5 53//5 56//5
f 3//5 6//5 8//5
f 3//5 4//5 6//5
f 60//5 3//5 8//5
f 61//5 58//5 62//5
f 61//5 62//5 63//5
f 61//5 63//5 64//5
f 61//5 64//5 65//5
f 61//5 65//5 66//5
f 67//5 53//5 58//5
f 67//5 58//5 61//5
f 68//5 69//5 70//5
f 68//5 70//5 60//5
f 71//5 67//5 72//5
f 73//5 68//5 60//5
f 74//5 73//5 60//5
f 75//5 67//5 71//5
f 75//5 71//5 76//5
f 77//5 74//5 60//5
f 77//5 8//5 53//5
f 77//5 60//5 8//5
f 78//5 79//5 77//5
f 80//5 77//5 53//5
f 80//5 78//5 77//5
f 80//5 75//5 81//5
f 80//5 81//5 82//5
f 80//5 67//5 75//5
f 80//5 53//5 67//5
f 7//6 9//6 8//6
f 8//6 9//6 47//6
f 47//7 11//7 48//7
f 48//8 11//8 46//8
f 9//7 11//7 47//7
f 11//8 10//8 46//8
f 46//9 12//9 49//9
f 49//10 12//10 51//10
f 10//9 12//9 46//9
f 12//10 14//10 51//10
f 14//11 15//11 51//11
f 51//11 15//11 52//11
f 15//12 13//12 52//12
f 52//12 13//12 50//12
f 13//13 17//13 50//13
f 50//13 17//13 54//13
f 54//14 17//14 55//14
f 17//14 18//14 55//14
f 18//15 16//15 55//15
f 55//15 16//15 53//15
f 53//16 16//16 57//16
f 16//16 20//16 57//16
f 57//17 20//17 56//17
f 20//17 19//17 56//17
f 19//18 22//18 56//18
f 56//18 22//18 59//18
f 22//19 21//19 59//19
f 59//19 21//19 58//19
f 58//20 21//20 62//20
f 21//20 25//20 62//20
f 25//21 26//21 62//21
f 62//21 26//21 63//21
f 26//22 27//22 63//22
f 63//22 27//22 64//22
f 27//23 28//23 64//23
f 64//23 28//23 65//23
f 65//24 28//24 66//24
f 28//24 29//24 66//24
f 66//25 29//25 61//25
f 29//25 24//25 61//25
f 61//26 30//26 67//26
f 67//27 30//27 72//27
f 24//26 30//26 61//26
f 30//27 35//27 72//27
f 72//28 34//28 71//28
f 71//29 34//29 76//29
f 35//28 34//28 72//28
f 34//29 39//29 76//29
f 76//30 38//30 75//30
f 75//31 38//31 81//31
f 39//30 38//30 76//30
f 38//31 44//31 81//31
f 81//32 45//32 82//32
f 44//32 45//32 81//32
f 82//33 43//33 80//33
f 80//34 43//34 78//34
f 45//33 43//33 82//33
f 43//34 42//34 78//34
f 42//35 41//35 78//35
f 78//35 41//35 79//35
f 41//36 40//36 79//36
f 79//36 40//36 77//36
f 40//37 37//37 77//37
f 77//37 37//37 74//37
f 37//38 36//38 74//38
f 74//38 36//38 73//38
f 36//39 32//39 73//39
f 73//39 32//39 68//39
f 32//40 31//40 68//40
f 68//40 31//40 69//40
f 31//41 33//41 69//41
f 69//41 33//41 70//41
f 33//42 23//42 70//42
f 70//42 23//42 60//42
f 60//43 23//43 3//43
f 23//43 1//43 3//43
o 2
v 0.000000 0.055549 -0.034606
v -0.055549 0.055549 -0.034606
v 0.000000 0.055549 0.015519
v -0.055549 0.055549 0.015519
v -0.055549 -0.055549 -0.034606
v -0.055549 -0.055549 0.015519
v 0.000000 -0.055549 0.015519
v 0.000000 -0.055549 -0.034606
v 0.004587 -0.055360 -0.034606
v 0.013637 -0.053849 -0.034606
v 0.009143 -0.054792 -0.034606
v 0.018037 -0.052539 -0.034606
v 0.030383 -0.046504 -0.034606
v 0.022314 -0.050871 -0.034606
v 0.026439 -0.048854 -0.034606
v 0.040869 -0.037623 -0.034606
v 0.034119 -0.043836 -0.034606
v 0.037623 -0.040869 -0.034606
v 0.046504 -0.030383 -0.034606
v 0.043836 -0.034119 -0.034606
v 0.050871 -0.022314 -0.034606
v 0.048854 -0.026439 -0.034606
v 0.004587 0.055360 -0.034606
v 0.055360 0.004587 -0.034606
v 0.052539 -0.018037 -0.034606
v 0.053849 -0.013637 -0.034606
v 0.054792 -0.009143 -0.034606
v 0.055360 -0.004587 -0.034606
v 0.055549 -0.000000 -0.034606
v 0.054792 0.009143 -0.034606
v 0.013637 0.053849 -0.034606
v 0.018037 0.052539 -0.034606
v 0.009143 0.054792 -0.034606
v 0.052539 0.018037 -0.034606
v 0.053849 0.013637 -0.034606
v 0.022314 0.050871 -0.034606
v 0.026439 0.048854 -0.034606
v 0.048854 0.026439 -0.034606
v 0.050871 0.022314 -0.034606
v 0.030383 0.046504 -0.034606
v 0.034119 0.043836 -0.034606
v 0.037623 0.040869 -0.034606
v 0.040869 0.037623 -0.034606
v 0.046504 0.030383 -0.034606
v 0.043836 0.034119 -0.034606
v 0.013637 -0.053849 0.015519
v 0.004587 -0.055360 0.015519
v 0.009143 -0.054792 0.015519
v 0.018037 -0.052539 0.015519
v 0.030383 -0.046504 0.015519
v 0.022314 -0.050871 0.015519
v 0.026439 -0.048854 0.015519
v 0.040869 -0.037623 0.015519
v 0.034119 -0.043836 0.015519
v 0.037623 -0.040869 0.015519
v 0.046504 -0.030383 0.015519
v 0.043836 -0.034119 0.015519
v 0.050871 -0.022314 0.015519
v 0.048854 -0.026439 0.015519
v 0.004587 0.055360 0.015519
v 0.055360 0.004587 0.015519
v 0.052539 -0.018037 0.015519
v 0.053849 -0.013637 0.015519
v 0.054792 -0.009143 0.015519
v 0.055360 -0.004587 0.015519
v 0.055549 -0.000000 0.015519
v 0.054792 0.009143 0.015519
v 0.018037 0.052539 0.015519
v 0.013637 0.053849 0.015519
v 0.009143 0.054792 0.015519
v 0.052539 0.018037 0.015519
v 0.053849 0.013637 0.015519
v 0.022314 0.050871 0.015519
v 0.026439 0.048854 0.015519
v 0.048854 0.026439 0.015519
v 0.050871 0.022314 0.015519
v 0.030383 0.046504 0.015519
v 0.037623 0.040869 0.015519
v 0.034119 0.043836 0.015519
v 0.040869 0.037623 0.015519
v 0.046504 0.030383 0.015519
v 0.043836 0.034119 0.015519
vn -0.0000 1.0000 -0.0000
vn -1.0000 -0.0000 -0.0000
vn -0.0000 -1.0000 -0.0000
vn -0.0000 -0.0000 -1.0000
vn -0.0000 -0.0000 1.0000
vn 0.0413 -0.9991 -0.0000
vn 0.1237 -0.9923 -0.0000
vn 0.2052 -0.9787 -0.0000
vn 0.2853 -0.9584 -0.0000
vn 0.3635 -0.9316 -0.0000
vn 0.4392 -0.8984 -0.0000
vn 0.5119 -0.8591 -0.0000
vn 0.5811 -0.8138 -0.0000
vn 0.6463 -0.7631 -0.0000
vn 0.7071 -0.7071 -0.0000
vn 0.7631 -0.6463 -0.0000
vn 0.8138 -0.5811 -0.0000
vn 0.8591 -0.5119 -0.0000
vn 0.8984 -0.4392 -0.0000
vn 0.9316 -0.3635 -0.0000
vn 0.9584 -0.2853 -0.0000
vn 0.9787 -0.2052 -0.0000
vn 0.9923 -0.1237 -0.0000
vn 0.9991 -0.0413 -0.0000
vn 0.9991 0.0413 -0.0000
vn 0.9923 0.1237 -0.0000
vn 0.9787 0.2052 -0.0000
vn 0.9584 0.2853 -0.0000
vn 0.9316 0.3635 -0.0000
vn 0.8984 0.4392 -0.0000
vn 0.8591 0.5119 -0.0000
vn 0.8138 0.5811 -0.0000
vn 0.7631 0.6463 -0.0000
vn 0.7071 0.7071 -0.0000
vn 0.6463 0.7631 -0.0000
vn 0.5811 0.8138 -0.0000
vn 0.5119 0.8591 -0.0000
vn 0.4392 0.8984 -0.0000
vn 0.3635 0.9316 -0.0000
vn 0.2853 0.9584 -0.0000
vn 0.2052 0.9787 -0.0000
vn 0.1237 0.9923 -0.0000
vn 0.0413 0.9991 -0.0000
s 0
usemtl black_sick_ral_9005
f 83//44 84//44 85//44
f 85//44 84//44 86//44
f 84//45 87//45 86//45
f 86//45 87//45 88//45
f 87//46 89//46 88//46
f 87//46 90//46 89//46
f 91//47 92//47 93//47
f 90//47 94//47 91//47
f 91//47 94//47 92//47
f 94//47 95//47 96//47
f 96//47 95//47 97//47
f 90//47 95//47 94//47
f 95//47 98//47 99//47
f 99//47 98//47 100//47
f 90//47 98//47 95//47
f 98//47 101//47 102//47
f 101//47 103//47 104//47
f 98//47 103//47 101//47
f 87//47 83//47 90//47
f 84//47 83//47 87//47
f 83//47 105//47 90//47
f 103//47 106//47 107//47
f 107//47 106//47 108//47
f 108//47 106//47 109//47
f 109//47 106//47 110//47
f 110//47 106//47 111//47
f 98//47 112//47 103//47
f 103//47 112//47 106//47
f 113//47 114//47 115//47
f 115//47 114//47 105//47
f 112//47 116//47 117//47
f 114//47 118//47 105//47
f 118//47 119//47 105//47
f 112//47 120//47 116//47
f 116//47 120//47 121//47
f 119//47 122//47 105//47
f 90//47 122//47 98//47
f 105//47 122//47 90//47
f 123//47 124//47 122//47
f 122//47 125//47 98//47
f 124//47 125//47 122//47
f 120//47 125//47 126//47
f 126//47 125//47 127//47
f 112//47 125//47 120//47
f 98//47 125//47 112//47
f 128//48 129//48 130//48
f 131//48 89//48 129//48
f 131//48 129//48 128//48
f 132//48 131//48 133//48
f 132//48 133//48 134//48
f 132//48 89//48 131//48
f 135//48 132//48 136//48
f 135//48 136//48 137//48
f 135//48 89//48 132//48
f 138//48 135//48 139//48
f 140//48 138//48 141//48
f 140//48 135//48 138//48
f 85//48 88//48 89//48
f 85//48 86//48 88//48
f 142//48 85//48 89//48
f 143//48 140//48 144//48
f 143//48 144//48 145//48
f 143//48 145//48 146//48
f 143//48 146//48 147//48
f 143//48 147//48 148//48
f 149//48 135//48 140//48
f 149//48 140//48 143//48
f 150//48 151//48 152//48
f 150//48 152//48 142//48
f 153//48 149//48 154//48
f 155//48 150//48 142//48
f 156//48 155//48 142//48
f 157//48 149//48 153//48
f 157//48 153//48 158//48
f 159//48 156//48 142//48
f 159//48 89//48 135//48
f 159//48 142//48 89//48
f 160//48 161//48 159//48
f 162//48 159//48 135//48
f 162//48 160//48 159//48
f 162//48 157//48 163//48
f 162//48 163//48 164//48
f 162//48 149//48 157//48
f 162//48 135//48 149//48
f 90//49 91//49 89//49
f 89//49 91//49 129//49
f 129//50 91//50 130//50
f 91//50 93//50 130//50
f 130//51 92//51 128//51
f 93//51 92//51 130//51
f 128//52 94//52 131//52
f 92//52 94//52 128//52
f 94//53 96//53 131//53
f 131//53 96//53 133//53
f 96//54 97//54 133//54
f 133//54 97//54 134//54
f 97//55 95//55 134//55
f 134//55 95//55 132//55
f 95//56 99//56 132//56
f 132//56 99//56 136//56
f 136//57 99//57 137//57
f 99//57 100//57 137//57
f 100//58 98//58 137//58
f 137//58 98//58 135//58
f 98//59 102//59 135//59
f 135//59 102//59 139//59
f 102//60 101//60 139//60
f 139//60 101//60 138//60
f 138//61 101//61 141//61
f 101//61 104//61 141//61
f 104//62 103//62 141//62
f 141//62 103//62 140//62
f 140//63 103//63 144//63
f 103//63 107//63 144//63
f 107//64 108//64 144//64
f 144//64 108//64 145//64
f 145//65 108//65 146//65
f 108//65 109//65 146//65
f 146//66 109//66 147//66
f 109//66 110//66 147//66
f 147//67 111//67 148//67
f 110//67 111//67 147//67
f 148//68 106//68 143//68
f 143//69 106//69 149//69
f 111//68 106//68 148//68
f 106//69 112//69 149//69
f 149//70 117//70 154//70
f 112//70 117//70 149//70
f 154//71 116//71 153//71
f 153//72 116//72 158//72
f 117//71 116//71 154//71
f 116//72 121//72 158//72
f 158//73 120//73 157//73
f 157//74 120//74 163//74
f 121//73 120//73 158//73
f 163//75 126//75 164//75
f 120//74 126//74 163//74
f 126//75 127//75 164//75
f 164//76 125//76 162//76
f 127//76 125//76 164//76
f 162//77 124//77 160//77
f 160//78 124//78 161//78
f 125//77 124//77 162//77
f 124//78 123//78 161//78
f 123//79 122//79 161//79
f 161//79 122//79 159//79
f 122//80 119//80 159//80
f 159//80 119//80 156//80
f 119//81 118//81 156//81
f 156//81 118//81 155//81
f 118//82 114//82 155//82
f 155//82 114//82 150//82
f 150//83 114//83 151//83
f 114//83 113//83 151//83
f 113//84 115//84 151//84
f 151//84 115//84 152//84
f 115//85 105//85 152//85
f 152//85 105//85 142//85
f 105//86 83//86 142//86
f 142//86 83//86 85//86
o 3
v 0.016304 -0.023285 0.015519
v 0.020100 -0.020100 0.015519
v 0.018272 -0.021775 0.015519
v 0.025762 -0.012013 0.015519
v 0.021775 -0.018272 0.015519
v 0.023285 -0.016304 0.015519
v 0.024617 -0.014213 0.015519
v 0.012013 -0.025762 0.015519
v 0.014213 -0.024617 0.015519
v 0.027457 -0.007357 0.015519
v 0.026711 -0.009722 0.015519
v 0.002477 -0.028317 0.015519
v 0.007357 -0.027457 0.015519
v 0.004936 -0.027994 0.015519
v 0.028426 0.000000 0.015519
v 0.027994 -0.004936 0.015519
v 0.028317 -0.002477 0.015519
v 0.027994 0.004936 0.015519
v 0.028317 0.002477 0.015519
v -0.004936 -0.027994 0.015519
v -0.000000 -0.028426 0.015519
v -0.002477 -0.028317 0.015519
v 0.009722 -0.026711 0.015519
v -0.007357 -0.027457 0.015519
v -0.009722 -0.026711 0.015519
v 0.025762 0.012013 0.015519
v 0.027457 0.007357 0.015519
v 0.026711 0.009722 0.015519
v -0.014213 -0.024617 0.015519
v -0.012013 -0.025762 0.015519
v 0.020100 0.020100 0.015519
v 0.024617 0.014213 0.015519
v 0.023285 0.016304 0.015519
v 0.021775 0.018272 0.015519
v -0.020100 -0.020100 0.015519
v -0.016304 -0.023285 0.015519
v -0.018272 -0.021775 0.015519
v 0.016304 0.023285 0.015519
v 0.018272 0.021775 0.015519
v -0.023285 -0.016304 0.015519
v -0.021775 -0.018272 0.015519
v -0.024617 -0.014213 0.015519
v 0.012013 0.025762 0.015519
v 0.014213 0.024617 0.015519
v -0.026711 -0.009722 0.015519
v -0.025762 -0.012013 0.015519
v -0.027994 -0.004936 0.015519
v -0.027457 -0.007357 0.015519
v 0.002477 0.028317 0.015519
v 0.009722 0.026711 0.015519
v 0.007357 0.027457 0.015519
v 0.004936 0.027994 0.015519
v 0.000000 0.028426 0.015519
v -0.028317 0.002477 0.015519
v -0.028317 -0.002477 0.015519
v -0.028426 0.000000 0.015519
v -0.004936 0.027994 0.015519
v -0.002477 0.028317 0.015519
v -0.007357 0.027457 0.015519
v -0.026711 0.009722 0.015519
v -0.027994 0.004936 0.015519
v -0.027457 0.007357 0.015519
v -0.012013 0.025762 0.015519
v -0.009722 0.026711 0.015519
v -0.024617 0.014213 0.015519
v -0.025762 0.012013 0.015519
v -0.016304 0.023285 0.015519
v -0.014213 0.024617 0.015519
v -0.020100 0.020100 0.015519
v -0.018272 0.021775 0.015519
v -0.023285 0.016304 0.015519
v -0.021775 0.018272 0.015519
v 0.039056 0.003417 0.028609
v 0.036087 0.000000 0.024291
v 0.035950 0.003145 0.024291
v 0.039205 0.000000 0.028609
v 0.038610 0.006808 0.028609
v 0.035539 0.006266 0.024291
v 0.041695 0.003648 0.032847
v 0.041855 0.000000 0.032847
v 0.037869 0.010147 0.028609
v 0.034857 0.009340 0.024291
v 0.033911 0.012343 0.024291
v 0.041219 0.007268 0.032847
v 0.043902 0.003841 0.037018
v 0.044070 0.000000 0.037018
v 0.036841 0.013409 0.028609
v 0.040428 0.010833 0.032847
v 0.043400 0.007653 0.037018
v 0.035532 0.016569 0.028609
v 0.032706 0.015251 0.024291
v 0.031252 0.018044 0.024291
v 0.045706 0.003999 0.041135
v 0.045881 0.000000 0.041135
v 0.039330 0.014315 0.032847
v 0.042568 0.011406 0.037018
v 0.033953 0.019603 0.028609
v 0.029561 0.020699 0.024291
v 0.045184 0.007967 0.041135
v 0.047054 0.004117 0.044950
v 0.047234 0.000000 0.044950
v 0.037933 0.017688 0.032847
v 0.041412 0.015073 0.037018
v 0.032115 0.022487 0.028609
v 0.044318 0.011875 0.041135
v 0.046516 0.008202 0.044950
v 0.048118 0.004210 0.048855
v 0.048301 0.000000 0.048855
v 0.036247 0.020927 0.032847
v 0.039941 0.018625 0.037018
v 0.030033 0.025201 0.028609
v 0.027644 0.023196 0.024291
v 0.043114 0.015692 0.041135
v 0.045624 0.012225 0.044950
v 0.047568 0.008387 0.048855
v 0.034285 0.024007 0.032847
v 0.048881 0.004277 0.052830
v 0.049068 0.000000 0.052830
v 0.038165 0.022035 0.037018
v 0.027722 0.027722 0.028609
v 0.025517 0.025517 0.024291
v 0.041582 0.019390 0.041135
v 0.044385 0.016155 0.044950
v 0.046655 0.012501 0.048855
v 0.032062 0.026904 0.032847
v 0.048323 0.008521 0.052830
v 0.036100 0.025277 0.037018
v 0.025201 0.030033 0.028609
v 0.023196 0.027644 0.024291
v 0.020699 0.029561 0.024291
v 0.039734 0.022941 0.041135
v 0.042808 0.019962 0.044950
v 0.049471 0.004328 0.059181
v 0.049699 0.000000 0.061513
v 0.049660 0.000000 0.059181
v 0.049510 0.004332 0.061513
v 0.045388 0.016520 0.048855
v 0.029596 0.029596 0.032847
v 0.047396 0.012700 0.052830
v 0.033759 0.028327 0.037018
v 0.022487 0.032115 0.028609
v 0.037584 0.026316 0.041135
v 0.040906 0.023617 0.044950
v 0.048905 0.008623 0.059181
v 0.048944 0.008630 0.061513
v 0.043776 0.020413 0.048855
v 0.026904 0.032062 0.032847
v 0.046109 0.016782 0.052830
v 0.031162 0.031162 0.037018
v 0.019603 0.033953 0.028609
v 0.018044 0.031252 0.024291
v 0.015251 0.032706 0.024291
v 0.035147 0.029492 0.041135
v 0.038692 0.027092 0.044950
v 0.047968 0.012853 0.059181
v 0.048006 0.012863 0.061513
v 0.041830 0.024151 0.048855
v 0.024007 0.034285 0.032847
v 0.044471 0.020737 0.052830
v 0.028327 0.033759 0.037018
v 0.016569 0.035532 0.028609
v 0.012343 0.033911 0.024291
v 0.032443 0.032443 0.041135
v 0.036183 0.030361 0.044950
v 0.046665 0.016985 0.059181
v 0.046702 0.016998 0.061513
v 0.039566 0.027704 0.048855
v 0.020927 0.036247 0.032847
v 0.042494 0.024534 0.052830
v 0.025277 0.036100 0.037018
v 0.013409 0.036841 0.028609
v 0.029492 0.035147 0.041135
v 0.033399 0.033399 0.044950
v 0.045007 0.020987 0.059181
v 0.045043 0.021004 0.061513
v 0.037001 0.031047 0.048855
v 0.017688 0.037933 0.032847
v 0.040194 0.028144 0.052830
v 0.022035 0.038165 0.037018
v 0.010147 0.037869 0.028609
v 0.009340 0.034857 0.024291
v 0.006266 0.035539 0.024291
v 0.026316 0.037584 0.041135
v 0.030361 0.036183 0.044950
v 0.043007 0.024830 0.059181
v 0.043041 0.024850 0.061513
v 0.034154 0.034154 0.048855
v 0.014315 0.039330 0.032847
v 0.037588 0.031540 0.052830
v 0.018625 0.039941 0.037018
v 0.006808 0.038610 0.028609
v 0.022941 0.039734 0.041135
v 0.027092 0.038692 0.044950
v 0.040679 0.028484 0.059181
v 0.040711 0.028506 0.061513
v 0.031047 0.037001 0.048855
v 0.010833 0.040428 0.032847
v 0.034696 0.034696 0.052830
v 0.015073 0.041412 0.037018
v 0.003417 0.039056 0.028609
v 0.003145 0.035950 0.024291
v 0.019390 0.041582 0.041135
v 0.023617 0.040906 0.044950
v 0.038042 0.031921 0.059181
v 0.038072 0.031946 0.061513
v 0.027704 0.039566 0.048855
v 0.007268 0.041219 0.032847
v 0.031540 0.037588 0.052830
v 0.011406 0.042568 0.037018
v 0.000000 0.039205 0.028609
v 0.000000 0.036087 0.024291
v 0.015692 0.043114 0.041135
v 0.019962 0.042808 0.044950
v 0.035115 0.035115 0.059181
v 0.035143 0.035143 0.061513
v 0.024151 0.041830 0.048855
v 0.003648 0.041695 0.032847
v 0.028144 0.040194 0.052830
v 0.007653 0.043400 0.037018
v -0.003417 0.039056 0.028609
v -0.003145 0.035950 0.024291
v 0.011875 0.044318 0.041135
v 0.016155 0.044385 0.044950
v 0.031921 0.038042 0.059181
v 0.031946 0.038072 0.061513
v 0.020413 0.043776 0.048855
v 0.000000 0.041855 0.032847
v 0.024534 0.042494 0.052830
v 0.003841 0.043902 0.037018
v -0.006808 0.038610 0.028609
v -0.006266 0.035539 0.024291
v 0.007967 0.045184 0.041135
v 0.012225 0.045624 0.044950
v 0.028484 0.040679 0.059181
v 0.028506 0.040711 0.061513
v 0.016520 0.045388 0.048855
v -0.003648 0.041695 0.032847
v 0.020737 0.044471 0.052830
v 0.000000 0.044070 0.037018
v -0.010147 0.037869 0.028609
v -0.009340 0.034857 0.024291
v 0.003999 0.045706 0.041135
v 0.008202 0.046516 0.044950
v 0.024830 0.043007 0.059181
v 0.024850 0.043041 0.061513
v 0.012501 0.046655 0.048855
v -0.007268 0.041219 0.032847
v 0.016782 0.046109 0.052830
v -0.003841 0.043902 0.037018
v -0.013409 0.036841 0.028609
v -0.012343 0.033911 0.024291
v 0.000000 0.045881 0.041135
v 0.004117 0.047054 0.044950
v 0.020987 0.045007 0.059181
v 0.021004 0.045043 0.061513
v 0.008387 0.047568 0.048855
v -0.010833 0.040428 0.032847
v 0.012700 0.047396 0.052830
v -0.007653 0.043400 0.037018
v -0.016569 0.035532 0.028609
v -0.015251 0.032706 0.024291
v -0.018044 0.031252 0.024291
v -0.003999 0.045706 0.041135
v 0.000000 0.047234 0.044950
v 0.016985 0.046665 0.059181
v 0.016998 0.046702 0.061513
v 0.004210 0.048118 0.048855
v -0.014315 0.039330 0.032847
v 0.008521 0.048323 0.052830
v -0.011406 0.042568 0.037018
v -0.019603 0.033953 0.028609
v -0.007967 0.045184 0.041135
v -0.004117 0.047054 0.044950
v 0.012853 0.047968 0.059181
v 0.012863 0.048006 0.061513
v 0.000000 0.048301 0.048855
v -0.017688 0.037933 0.032847
v 0.004277 0.048881 0.052830
v -0.015073 0.041412 0.037018
v -0.022487 0.032115 0.028609
v -0.020699 0.029561 0.024291
v -0.011875 0.044318 0.041135
v -0.008202 0.046516 0.044950
v 0.008623 0.048905 0.059181
v 0.008630 0.048944 0.061513
v -0.004210 0.048118 0.048855
v -0.020927 0.036247 0.032847
v 0.000000 0.049068 0.052830
v -0.018625 0.039941 0.037018
v -0.025201 0.030033 0.028609
v -0.023196 0.027644 0.024291
v -0.015692 0.043114 0.041135
v -0.012225 0.045624 0.044950
v 0.004328 0.049471 0.059181
v 0.004332 0.049510 0.061513
v 0.000000 0.049699 0.061513
v -0.008387 0.047568 0.048855
v -0.024007 0.034285 0.032847
v -0.004277 0.048881 0.052830
v -0.022035 0.038165 0.037018
v -0.027722 0.027722 0.028609
v -0.025517 0.025517 0.024291
v -0.027644 0.023196 0.024291
v -0.019390 0.041582 0.041135
v -0.016155 0.044385 0.044950
v 0.000000 0.049660 0.059181
v -0.012501 0.046655 0.048855
v -0.026904 0.032062 0.032847
v -0.008521 0.048323 0.052830
v -0.025277 0.036100 0.037018
v -0.030033 0.025201 0.028609
v -0.022941 0.039734 0.041135
v -0.019962 0.042808 0.044950
v -0.004328 0.049471 0.059181
v -0.004332 0.049510 0.061513
v -0.016520 0.045388 0.048855
v -0.029596 0.029596 0.032847
v -0.012700 0.047396 0.052830
v -0.028327 0.033759 0.037018
v -0.032115 0.022487 0.028609
v -0.029561 0.020699 0.024291
v -0.026316 0.037584 0.041135
v -0.023617 0.040906 0.044950
v -0.008623 0.048905 0.059181
v -0.008630 0.048944 0.061513
v -0.012863 0.048006 0.061513
v -0.020413 0.043776 0.048855
v -0.032062 0.026904 0.032847
v -0.016782 0.046109 0.052830
v -0.031162 0.031162 0.037018
v -0.033953 0.019603 0.028609
v -0.031252 0.018044 0.024291
v -0.029492 0.035147 0.041135
v -0.027092 0.038692 0.044950
v -0.012853 0.047968 0.059181
v -0.024151 0.041830 0.048855
v -0.034285 0.024007 0.032847
v -0.020737 0.044471 0.052830
v -0.033759 0.028327 0.037018
v -0.035532 0.016569 0.028609
v -0.032706 0.015251 0.024291
v -0.033911 0.012343 0.024291
v -0.032443 0.032443 0.041135
v -0.030361 0.036183 0.044950
v -0.016985 0.046665 0.059181
v -0.016998 0.046702 0.061513
v -0.021004 0.045043 0.061513
v -0.027704 0.039566 0.048855
v -0.036247 0.020927 0.032847
v -0.024534 0.042494 0.052830
v -0.036100 0.025277 0.037018
v -0.036841 0.013409 0.028609
v -0.035147 0.029492 0.041135
v -0.033399 0.033399 0.044950
v -0.020987 0.045007 0.059181
v -0.031047 0.037001 0.048855
v -0.037933 0.017688 0.032847
v -0.028144 0.040194 0.052830
v -0.038165 0.022035 0.037018
v -0.037869 0.010147 0.028609
v -0.034857 0.009340 0.024291
v -0.037584 0.026316 0.041135
v -0.036183 0.030361 0.044950
v -0.024830 0.043007 0.059181
v -0.024850 0.043041 0.061513
v -0.028506 0.040711 0.061513
v -0.034154 0.034154 0.048855
v -0.039330 0.014315 0.032847
v -0.031540 0.037588 0.052830
v -0.039941 0.018625 0.037018
v -0.038610 0.006808 0.028609
v -0.035539 0.006266 0.024291
v -0.035950 0.003145 0.024291
v -0.039734 0.022941 0.041135
v -0.038692 0.027092 0.044950
v -0.028484 0.040679 0.059181
v -0.037001 0.031047 0.048855
v -0.040428 0.010833 0.032847
v -0.034696 0.034696 0.052830
v -0.041412 0.015073 0.037018
v -0.039056 0.003417 0.028609
v -0.036087 0.000000 0.024291
v -0.041582 0.019390 0.041135
v -0.040906 0.023617 0.044950
v -0.031921 0.038042 0.059181
v -0.031946 0.038072 0.061513
v -0.039566 0.027704 0.048855
v -0.041219 0.007268 0.032847
v -0.037588 0.031540 0.052830
v -0.042568 0.011406 0.037018
v -0.039205 0.000000 0.028609
v -0.043114 0.015692 0.041135
v -0.042808 0.019962 0.044950
v -0.035115 0.035115 0.059181
v -0.035143 0.035143 0.061513
v -0.041830 0.024151 0.048855
v -0.041695 0.003648 0.032847
v -0.040194 0.028144 0.052830
v -0.043400 0.007653 0.037018
v -0.039056 -0.003417 0.028609
v -0.035950 -0.003145 0.024291
v -0.044318 0.011875 0.041135
v -0.044385 0.016155 0.044950
v -0.038042 0.031921 0.059181
v -0.038072 0.031946 0.061513
v -0.040711 0.028506 0.061513
v -0.043776 0.020413 0.048855
v -0.041855 0.000000 0.032847
v -0.042494 0.024534 0.052830
v -0.043902 0.003841 0.037018
v -0.038610 -0.006808 0.028609
v -0.035539 -0.006266 0.024291
v -0.045184 0.007967 0.041135
v -0.045624 0.012225 0.044950
v -0.040679 0.028484 0.059181
v -0.045388 0.016520 0.048855
v -0.041695 -0.003648 0.032847
v -0.044471 0.020737 0.052830
v -0.044070 0.000000 0.037018
v -0.037869 -0.010147 0.028609
v -0.034857 -0.009340 0.024291
v -0.045706 0.003999 0.041135
v -0.046516 0.008202 0.044950
v -0.043007 0.024830 0.059181
v -0.043041 0.024850 0.061513
v -0.045043 0.021004 0.061513
v -0.046655 0.012501 0.048855
v -0.041219 -0.007268 0.032847
v -0.046109 0.016782 0.052830
v -0.043902 -0.003841 0.037018
v -0.036841 -0.013409 0.028609
v -0.033911 -0.012343 0.024291
v -0.045881 0.000000 0.041135
v -0.047054 0.004117 0.044950
v -0.045007 0.020987 0.059181
v -0.047568 0.008387 0.048855
v -0.040428 -0.010833 0.032847
v -0.047396 0.012700 0.052830
v -0.043400 -0.007653 0.037018
v -0.035532 -0.016569 0.028609
v -0.032706 -0.015251 0.024291
v -0.045706 -0.003999 0.041135
v -0.047234 0.000000 0.044950
v -0.046665 0.016985 0.059181
v -0.046702 0.016998 0.061513
v -0.048006 0.012863 0.061513
v -0.048118 0.004210 0.048855
v -0.039330 -0.014315 0.032847
v -0.048323 0.008521 0.052830
v -0.042568 -0.011406 0.037018
v -0.033953 -0.019603 0.028609
v -0.031252 -0.018044 0.024291
v -0.045184 -0.007967 0.041135
v -0.047054 -0.004117 0.044950
v -0.047968 0.012853 0.059181
v -0.048301 0.000000 0.048855
v -0.037933 -0.017688 0.032847
v -0.048881 0.004277 0.052830
v -0.041412 -0.015073 0.037018
v -0.032115 -0.022487 0.028609
v -0.029561 -0.020699 0.024291
v -0.044318 -0.011875 0.041135
v -0.046516 -0.008202 0.044950
v -0.048905 0.008623 0.059181
v -0.048944 0.008630 0.061513
v -0.048118 -0.004210 0.048855
v -0.036247 -0.020927 0.032847
v -0.049068 0.000000 0.052830
v -0.039941 -0.018625 0.037018
v -0.030033 -0.025201 0.028609
v -0.027644 -0.023196 0.024291
v -0.043114 -0.015692 0.041135
v -0.045624 -0.012225 0.044950
v -0.049471 0.004328 0.059181
v -0.049510 0.004332 0.061513
v -0.049699 0.000000 0.061513
v -0.047568 -0.008387 0.048855
v -0.034285 -0.024007 0.032847
v -0.048881 -0.004277 0.052830
v -0.038165 -0.022035 0.037018
v -0.027722 -0.027722 0.028609
v -0.025517 -0.025517 0.024291
v -0.041582 -0.019390 0.041135
v -0.044385 -0.016155 0.044950
v -0.049660 0.000000 0.059181
v -0.046655 -0.012501 0.048855
v -0.032062 -0.026904 0.032847
v -0.048323 -0.008521 0.052830
v -0.036100 -0.025277 0.037018
v -0.025201 -0.030033 0.028609
v -0.023196 -0.027644 0.024291
v -0.020699 -0.029561 0.024291
v -0.039734 -0.022941 0.041135
v -0.042808 -0.019962 0.044950
v -0.049471 -0.004328 0.059181
v -0.049510 -0.004332 0.061513
v -0.045388 -0.016520 0.048855
v -0.029596 -0.029596 0.032847
v -0.047396 -0.012700 0.052830
v -0.033759 -0.028327 0.037018
v -0.022487 -0.032115 0.028609
v -0.018044 -0.031252 0.024291
v -0.037584 -0.026316 0.041135
v -0.040906 -0.023617 0.044950
v -0.048905 -0.008623 0.059181
v -0.048944 -0.008630 0.061513
v -0.043776 -0.020413 0.048855
v -0.026904 -0.032062 0.032847
v -0.046109 -0.016782 0.052830
v -0.031162 -0.031162 0.037018
v -0.019603 -0.033953 0.028609
v -0.035147 -0.029492 0.041135
v -0.038692 -0.027092 0.044950
v -0.047968 -0.012853 0.059181
v -0.048006 -0.012863 0.061513
v -0.041830 -0.024151 0.048855
v -0.024007 -0.034285 0.032847
v -0.044471 -0.020737 0.052830
v -0.028327 -0.033759 0.037018
v -0.016569 -0.035532 0.028609
v -0.015251 -0.032706 0.024291
v -0.032443 -0.032443 0.041135
v -0.036183 -0.030361 0.044950
v -0.046665 -0.016985 0.059181
v -0.046702 -0.016998 0.061513
v -0.039566 -0.027704 0.048855
v -0.020927 -0.036247 0.032847
v -0.042494 -0.024534 0.052830
v -0.025277 -0.036100 0.037018
v -0.013409 -0.036841 0.028609
v -0.012343 -0.033911 0.024291
v -0.009340 -0.034857 0.024291
v -0.029492 -0.035147 0.041135
v -0.033399 -0.033399 0.044950
v -0.045007 -0.020987 0.059181
v -0.045043 -0.021004 0.061513
v -0.037001 -0.031047 0.048855
v -0.017688 -0.037933 0.032847
v -0.040194 -0.028144 0.052830
v -0.022035 -0.038165 0.037018
v -0.010147 -0.037869 0.028609
v -0.026316 -0.037584 0.041135
v -0.030361 -0.036183 0.044950
v -0.043007 -0.024830 0.059181
v -0.043041 -0.024850 0.061513
v -0.034154 -0.034154 0.048855
v -0.014315 -0.039330 0.032847
v -0.037588 -0.031540 0.052830
v -0.018625 -0.039941 0.037018
v -0.006808 -0.038610 0.028609
v -0.006266 -0.035539 0.024291
v -0.022941 -0.039734 0.041135
v -0.027092 -0.038692 0.044950
v -0.040679 -0.028484 0.059181
v -0.040711 -0.028506 0.061513
v -0.031047 -0.037001 0.048855
v -0.010833 -0.040428 0.032847
v -0.034696 -0.034696 0.052830
v -0.015073 -0.041412 0.037018
v -0.003417 -0.039056 0.028609
v -0.003145 -0.035950 0.024291
v -0.000000 -0.036087 0.024291
v -0.019390 -0.041582 0.041135
v -0.023617 -0.040906 0.044950
v -0.038042 -0.031921 0.059181
v -0.038072 -0.031946 0.061513
v -0.027704 -0.039566 0.048855
v -0.007268 -0.041219 0.032847
v -0.031540 -0.037588 0.052830
v -0.011406 -0.042568 0.037018
v -0.000000 -0.039205 0.028609
v -0.015692 -0.043114 0.041135
v -0.019962 -0.042808 0.044950
v -0.035115 -0.035115 0.059181
v -0.035143 -0.035143 0.061513
v -0.024151 -0.041830 0.048855
v -0.003648 -0.041695 0.032847
v -0.028144 -0.040194 0.052830
v -0.007653 -0.043400 0.037018
v 0.003417 -0.039056 0.028609
v 0.003145 -0.035950 0.024291
v -0.011875 -0.044318 0.041135
v -0.016155 -0.044385 0.044950
v -0.031921 -0.038042 0.059181
v -0.031946 -0.038072 0.061513
v -0.020413 -0.043776 0.048855
v -0.000000 -0.041855 0.032847
v -0.024534 -0.042494 0.052830
v -0.003841 -0.043902 0.037018
v 0.006808 -0.038610 0.028609
v 0.006266 -0.035539 0.024291
v 0.009340 -0.034857 0.024291
v -0.007967 -0.045184 0.041135
v -0.012225 -0.045624 0.044950
v -0.028484 -0.040679 0.059181
v -0.028506 -0.040711 0.061513
v -0.024850 -0.043041 0.061513
v -0.016520 -0.045388 0.048855
v 0.003648 -0.041695 0.032847
v -0.020737 -0.044471 0.052830
v -0.000000 -0.044070 0.037018
v 0.010147 -0.037869 0.028609
v -0.003999 -0.045706 0.041135
v -0.008202 -0.046516 0.044950
v -0.024830 -0.043007 0.059181
v -0.012501 -0.046655 0.048855
v 0.007268 -0.041219 0.032847
v -0.016782 -0.046109 0.052830
v 0.003841 -0.043902 0.037018
v 0.013409 -0.036841 0.028609
v 0.012343 -0.033911 0.024291
v 0.015251 -0.032706 0.024291
v -0.000000 -0.045881 0.041135
v -0.004117 -0.047054 0.044950
v -0.020987 -0.045007 0.059181
v -0.021004 -0.045043 0.061513
v -0.008387 -0.047568 0.048855
v 0.010833 -0.040428 0.032847
v -0.012700 -0.047396 0.052830
v 0.007653 -0.043400 0.037018
v 0.016569 -0.035532 0.028609
v 0.003999 -0.045706 0.041135
v -0.000000 -0.047234 0.044950
v -0.016985 -0.046665 0.059181
v -0.016998 -0.046702 0.061513
v -0.004210 -0.048118 0.048855
v 0.014315 -0.039330 0.032847
v -0.008521 -0.048323 0.052830
v 0.011406 -0.042568 0.037018
v 0.019603 -0.033953 0.028609
v 0.018044 -0.031252 0.024291
v 0.020699 -0.029561 0.024291
v 0.007967 -0.045184 0.041135
v 0.004117 -0.047054 0.044950
v -0.012853 -0.047968 0.059181
v -0.012863 -0.048006 0.061513
v -0.000000 -0.048301 0.048855
v 0.017688 -0.037933 0.032847
v -0.004277 -0.048881 0.052830
v 0.015073 -0.041412 0.037018
v 0.022487 -0.032115 0.028609
v 0.011875 -0.044318 0.041135
v 0.008202 -0.046516 0.044950
v -0.008623 -0.048905 0.059181
v -0.008630 -0.048944 0.061513
v 0.004210 -0.048118 0.048855
v 0.020927 -0.036247 0.032847
v -0.000000 -0.049068 0.052830
v 0.018625 -0.039941 0.037018
v 0.025201 -0.030033 0.028609
v 0.023196 -0.027644 0.024291
v 0.025517 -0.025517 0.024291
v 0.015692 -0.043114 0.041135
v 0.012225 -0.045624 0.044950
v -0.004328 -0.049471 0.059181
v -0.004332 -0.049510 0.061513
v 0.008387 -0.047568 0.048855
v 0.024007 -0.034285 0.032847
v 0.004277 -0.048881 0.052830
v 0.022035 -0.038165 0.037018
v 0.027722 -0.027722 0.028609
v 0.019390 -0.041582 0.041135
v 0.016155 -0.044385 0.044950
v -0.000000 -0.049660 0.059181
v -0.000000 -0.049699 0.061513
v 0.012501 -0.046655 0.048855
v 0.026904 -0.032062 0.032847
v 0.008521 -0.048323 0.052830
v 0.025277 -0.036100 0.037018
v 0.030033 -0.025201 0.028609
v 0.027644 -0.023196 0.024291
v 0.022941 -0.039734 0.041135
v 0.019962 -0.042808 0.044950
v 0.004328 -0.049471 0.059181
v 0.004332 -0.049510 0.061513
v 0.008630 -0.048944 0.061513
v 0.016520 -0.045388 0.048855
v 0.029596 -0.029596 0.032847
v 0.012700 -0.047396 0.052830
v 0.028327 -0.033759 0.037018
v 0.032115 -0.022487 0.028609
v 0.029561 -0.020699 0.024291
v 0.026316 -0.037584 0.041135
v 0.023617 -0.040906 0.044950
v 0.008623 -0.048905 0.059181
v 0.012863 -0.048006 0.061513
v 0.020413 -0.043776 0.048855
v 0.032062 -0.026904 0.032847
v 0.016782 -0.046109 0.052830
v 0.031162 -0.031162 0.037018
v 0.033953 -0.019603 0.028609
v 0.031252 -0.018044 0.024291
v 0.029492 -0.035147 0.041135
v 0.027092 -0.038692 0.044950
v 0.012853 -0.047968 0.059181
v 0.016998 -0.046702 0.061513
v 0.024151 -0.041830 0.048855
v 0.034285 -0.024007 0.032847
v 0.020737 -0.044471 0.052830
v 0.033759 -0.028327 0.037018
v 0.035532 -0.016569 0.028609
v 0.032706 -0.015251 0.024291
v 0.032443 -0.032443 0.041135
v 0.030361 -0.036183 0.044950
v 0.016985 -0.046665 0.059181
v 0.027704 -0.039566 0.048855
v 0.036247 -0.020927 0.032847
v 0.024534 -0.042494 0.052830
v 0.036100 -0.025277 0.037018
v 0.036841 -0.013409 0.028609
v 0.033911 -0.012343 0.024291
v 0.035147 -0.029492 0.041135
v 0.033399 -0.033399 0.044950
v 0.020987 -0.045007 0.059181
v 0.021004 -0.045043 0.061513
v 0.031047 -0.037001 0.048855
v 0.037933 -0.017688 0.032847
v 0.028144 -0.040194 0.052830
v 0.038165 -0.022035 0.037018
v 0.037869 -0.010147 0.028609
v 0.034857 -0.009340 0.024291
v 0.037584 -0.026316 0.041135
v 0.036183 -0.030361 0.044950
v 0.024830 -0.043007 0.059181
v 0.024850 -0.043041 0.061513
v 0.028506 -0.040711 0.061513
v 0.034154 -0.034154 0.048855
v 0.039330 -0.014315 0.032847
v 0.031540 -0.037588 0.052830
v 0.035950 -0.003145 0.024291
v 0.039941 -0.018625 0.037018
v 0.038610 -0.006808 0.028609
v 0.035539 -0.006266 0.024291
v 0.039734 -0.022941 0.041135
v 0.038692 -0.027092 0.044950
v 0.028484 -0.040679 0.059181
v 0.037001 -0.031047 0.048855
v 0.040428 -0.010833 0.032847
v 0.034696 -0.034696 0.052830
v 0.041412 -0.015073 0.037018
v 0.039056 -0.003417 0.028609
v 0.041582 -0.019390 0.041135
v 0.040906 -0.023617 0.044950
v 0.031921 -0.038042 0.059181
v 0.031946 -0.038072 0.061513
v 0.039566 -0.027704 0.048855
v 0.041219 -0.007268 0.032847
v 0.037588 -0.031540 0.052830
v 0.042568 -0.011406 0.037018
v 0.043114 -0.015692 0.041135
v 0.042808 -0.019962 0.044950
v 0.035115 -0.035115 0.059181
v 0.035143 -0.035143 0.061513
v 0.041830 -0.024151 0.048855
v 0.041695 -0.003648 0.032847
v 0.040194 -0.028144 0.052830
v 0.043400 -0.007653 0.037018
v 0.044318 -0.011875 0.041135
v 0.044385 -0.016155 0.044950
v 0.038042 -0.031921 0.059181
v 0.038072 -0.031946 0.061513
v 0.043776 -0.020413 0.048855
v 0.042494 -0.024534 0.052830
v 0.043902 -0.003841 0.037018
v 0.045184 -0.007967 0.041135
v 0.045624 -0.012225 0.044950
v 0.040679 -0.028484 0.059181
v 0.040711 -0.028506 0.061513
v 0.045388 -0.016520 0.048855
v 0.044471 -0.020737 0.052830
v 0.045706 -0.003999 0.041135
v 0.046516 -0.008202 0.044950
v 0.043007 -0.024830 0.059181
v 0.043041 -0.024850 0.061513
v 0.046655 -0.012501 0.048855
v 0.046109 -0.016782 0.052830
v 0.047054 -0.004117 0.044950
v 0.045007 -0.020987 0.059181
v 0.045043 -0.021004 0.061513
v 0.047568 -0.008387 0.048855
v 0.047396 -0.012700 0.052830
v 0.046665 -0.016985 0.059181
v 0.046702 -0.016998 0.061513
v 0.048118 -0.004210 0.048855
v 0.048323 -0.008521 0.052830
v 0.047968 -0.012853 0.059181
v 0.048006 -0.012863 0.061513
v 0.048881 -0.004277 0.052830
v 0.048905 -0.008623 0.059181
v 0.048944 -0.008630 0.061513
v 0.049471 -0.004328 0.059181
v 0.049510 -0.004332 0.061513
v 0.030508 0.001332 0.017742
v 0.032585 0.000000 0.020025
v 0.032461 0.002840 0.020025
v 0.030276 0.003986 0.017742
v 0.032090 0.005658 0.020025
v 0.034335 0.001499 0.022132
v 0.029814 0.006610 0.017742
v 0.031475 0.008434 0.020025
v 0.034074 0.004486 0.022132
v 0.029124 0.009183 0.017742
v 0.030620 0.011145 0.020025
v 0.033553 0.007439 0.022132
v 0.028213 0.011686 0.017742
v 0.029532 0.013771 0.020025
v 0.032777 0.010335 0.022132
v 0.027087 0.014101 0.017742
v 0.028220 0.016293 0.020025
v 0.031752 0.013152 0.022132
v 0.025755 0.016408 0.017742
v 0.026692 0.018690 0.020025
v 0.030484 0.015869 0.022132
v 0.024227 0.018590 0.017742
v 0.024962 0.020945 0.020025
v 0.028985 0.018466 0.022132
v 0.022515 0.020631 0.017742
v 0.023041 0.023041 0.020025
v 0.027266 0.020922 0.022132
v 0.020631 0.022515 0.017742
v 0.020945 0.024962 0.020025
v 0.025338 0.023218 0.022132
v 0.018590 0.024227 0.017742
v 0.018690 0.026692 0.020025
v 0.023218 0.025338 0.022132
v 0.016408 0.025755 0.017742
v 0.016293 0.028220 0.020025
v 0.020922 0.027266 0.022132
v 0.014101 0.027087 0.017742
v 0.013771 0.029532 0.020025
v 0.049399 0.002877 0.056282
v 0.049529 0.000000 0.056852
v 0.018466 0.028985 0.022132
v 0.011686 0.028213 0.017742
v 0.011145 0.030620 0.020025
v 0.048827 0.007152 0.054939
v 0.049034 0.006455 0.055997
v 0.049210 0.005752 0.057057
v 0.015869 0.030484 0.022132
v 0.009183 0.029124 0.017742
v 0.008434 0.031475 0.020025
v 0.048018 0.011381 0.054939
v 0.048285 0.010704 0.055997
v 0.048521 0.010019 0.057057
v 0.013152 0.031752 0.022132
v 0.006610 0.029814 0.017742
v 0.005658 0.032090 0.020025
v 0.046844 0.015522 0.054939
v 0.047168 0.014872 0.055997
v 0.047463 0.014210 0.057057
v 0.010335 0.032777 0.022132
v 0.003986 0.030276 0.017742
v 0.002840 0.032461 0.020025
v 0.045313 0.019546 0.054939
v 0.045692 0.018926 0.055997
v 0.046044 0.018292 0.057057
v 0.007439 0.033553 0.022132
v 0.001332 0.030508 0.017742
v 0.000000 0.032585 0.020025
v 0.043437 0.023421 0.054939
v 0.043869 0.022837 0.055997
v 0.044275 0.022236 0.057057
v 0.004486 0.034074 0.022132
v -0.001332 0.030508 0.017742
v -0.002840 0.032461 0.020025
v 0.041230 0.027117 0.054939
v 0.041712 0.026573 0.055997
v 0.042168 0.026010 0.057057
v 0.001499 0.034335 0.022132
v -0.003986 0.030276 0.017742
v -0.005658 0.032090 0.020025
v 0.038710 0.030608 0.054939
v 0.039237 0.030108 0.055997
v 0.039741 0.029586 0.057057
v -0.001499 0.034335 0.022132
v -0.006610 0.029814 0.017742
v -0.008434 0.031475 0.020025
v 0.035895 0.033865 0.054939
v 0.036464 0.033413 0.055997
v 0.037011 0.032937 0.057057
v -0.004486 0.034074 0.022132
v 0.033865 0.035895 0.054939
v -0.009183 0.029124 0.017742
v -0.011145 0.030620 0.020025
v 0.033413 0.036464 0.055997
v -0.007439 0.033553 0.022132
v 0.032937 0.037011 0.057057
v -0.011686 0.028213 0.017742
v -0.013771 0.029532 0.020025
v 0.029469 0.039584 0.054939
v 0.030108 0.039237 0.055997
v 0.030729 0.038864 0.057057
v -0.010335 0.032777 0.022132
v -0.014101 0.027087 0.017742
v -0.016293 0.028220 0.020025
v 0.025907 0.042001 0.054939
v 0.026573 0.041712 0.055997
v 0.027225 0.041394 0.057057
v -0.013152 0.031752 0.022132
v -0.016408 0.025755 0.017742
v -0.018690 0.026692 0.020025
v 0.022148 0.044099 0.054939
v 0.022837 0.043869 0.055997
v 0.023514 0.043609 0.057057
v -0.015869 0.030484 0.022132
v -0.018590 0.024227 0.017742
v -0.020945 0.024962 0.020025
v 0.018220 0.045862 0.054939
v 0.018926 0.045692 0.055997
v 0.019624 0.045493 0.057057
v -0.018466 0.028985 0.022132
v -0.020631 0.022515 0.017742
v -0.023041 0.023041 0.020025
v 0.014153 0.047275 0.054939
v 0.014872 0.047168 0.055997
v 0.015584 0.047030 0.057057
v -0.020922 0.027266 0.022132
v -0.022515 0.020631 0.017742
v -0.024962 0.020945 0.020025
v 0.009979 0.048329 0.054939
v 0.010704 0.048285 0.055997
v 0.011426 0.048209 0.057057
v -0.023218 0.025338 0.022132
v 0.007152 0.048827 0.054939
v -0.024227 0.018590 0.017742
v -0.026692 0.018690 0.020025
v 0.006455 0.049034 0.055997
v -0.025338 0.023218 0.022132
v 0.005752 0.049210 0.057057
v -0.025755 0.016408 0.017742
v -0.028220 0.016293 0.020025
v 0.001435 0.049328 0.054939
v 0.002157 0.049410 0.055997
v 0.002881 0.049461 0.057057
v -0.027266 0.020922 0.022132
v -0.027087 0.014101 0.017742
v -0.029532 0.013771 0.020025
v -0.002869 0.049265 0.054939
v -0.002157 0.049410 0.055997
v -0.001441 0.049524 0.057057
v -0.028985 0.018466 0.022132
v -0.028213 0.011686 0.017742
v -0.030620 0.011145 0.020025
v -0.007152 0.048827 0.054939
v -0.006455 0.049034 0.055997
v -0.005752 0.049210 0.057057
v -0.030484 0.015869 0.022132
v -0.029124 0.009183 0.017742
v -0.031475 0.008434 0.020025
v -0.011381 0.048018 0.054939
v -0.010704 0.048285 0.055997
v -0.010019 0.048521 0.057057
v -0.031752 0.013152 0.022132
v -0.029814 0.006610 0.017742
v -0.032090 0.005658 0.020025
v -0.015522 0.046844 0.054939
v -0.014872 0.047168 0.055997
v -0.014210 0.047463 0.057057
v -0.032777 0.010335 0.022132
v -0.030276 0.003986 0.017742
v -0.032461 0.002840 0.020025
v -0.019546 0.045313 0.054939
v -0.018926 0.045692 0.055997
v -0.018292 0.046044 0.057057
v -0.033553 0.007439 0.022132
v -0.030508 0.001332 0.017742
v -0.032585 0.000000 0.020025
v -0.023421 0.043437 0.054939
v -0.022837 0.043869 0.055997
v -0.022236 0.044275 0.057057
v -0.034074 0.004486 0.022132
v -0.025907 0.042001 0.054939
v -0.030508 -0.001332 0.017742
v -0.032461 -0.002840 0.020025
v -0.026573 0.041712 0.055997
v -0.034335 0.001499 0.022132
v -0.027225 0.041394 0.057057
v -0.030276 -0.003986 0.017742
v -0.032090 -0.005658 0.020025
v -0.030608 0.038710 0.054939
v -0.030108 0.039237 0.055997
v -0.029586 0.039741 0.057057
v -0.034335 -0.001499 0.022132
v -0.032807 0.036865 0.054939
v -0.029814 -0.006610 0.017742
v -0.031475 -0.008434 0.020025
v -0.033413 0.036464 0.055997
v -0.034074 -0.004486 0.022132
v -0.034000 0.036038 0.057057
v -0.029124 -0.009183 0.017742
v -0.030620 -0.011145 0.020025
v -0.036865 0.032807 0.054939
v -0.036464 0.033413 0.055997
v -0.036038 0.034000 0.057057
v -0.033553 -0.007439 0.022132
v -0.028213 -0.011686 0.017742
v -0.029532 -0.013771 0.020025
v -0.039584 0.029469 0.054939
v -0.039237 0.030108 0.055997
v -0.038864 0.030729 0.057057
v -0.032777 -0.010335 0.022132
v -0.027087 -0.014101 0.017742
v -0.028220 -0.016293 0.020025
v -0.042001 0.025907 0.054939
v -0.041712 0.026573 0.055997
v -0.041394 0.027225 0.057057
v -0.031752 -0.013152 0.022132
v -0.043437 0.023421 0.054939
v -0.025755 -0.016408 0.017742
v -0.026692 -0.018690 0.020025
v -0.043869 0.022837 0.055997
v -0.030484 -0.015869 0.022132
v -0.044275 0.022236 0.057057
v -0.024227 -0.018590 0.017742
v -0.024962 -0.020945 0.020025
v -0.045862 0.018220 0.054939
v -0.045692 0.018926 0.055997
v -0.045493 0.019624 0.057057
v -0.028985 -0.018466 0.022132
v -0.022515 -0.020631 0.017742
v -0.023041 -0.023041 0.020025
v -0.047275 0.014153 0.054939
v -0.047168 0.014872 0.055997
v -0.047030 0.015584 0.057057
v -0.027266 -0.020922 0.022132
v -0.020631 -0.022515 0.017742
v -0.020945 -0.024962 0.020025
v -0.048329 0.009979 0.054939
v -0.048285 0.010704 0.055997
v -0.048209 0.011426 0.057057
v -0.025338 -0.023218 0.022132
v -0.048827 0.007152 0.054939
v -0.018590 -0.024227 0.017742
v -0.018690 -0.026692 0.020025
v -0.049034 0.006455 0.055997
v -0.023218 -0.025338 0.022132
v -0.049210 0.005752 0.057057
v -0.049265 0.002869 0.054939
v -0.016408 -0.025755 0.017742
v -0.016293 -0.028220 0.020025
v -0.049410 0.002157 0.055997
v -0.020922 -0.027266 0.022132
v -0.049524 0.001441 0.057057
v -0.014101 -0.027087 0.017742
v -0.013771 -0.029532 0.020025
v -0.049265 -0.002869 0.054939
v -0.049410 -0.002157 0.055997
v -0.049524 -0.001441 0.057057
v -0.018466 -0.028985 0.022132
v -0.011686 -0.028213 0.017742
v -0.011145 -0.030620 0.020025
v -0.048827 -0.007152 0.054939
v -0.049034 -0.006455 0.055997
v -0.049210 -0.005752 0.057057
v -0.015869 -0.030484 0.022132
v -0.048329 -0.009979 0.054939
v -0.009183 -0.029124 0.017742
v -0.008434 -0.031475 0.020025
v -0.048285 -0.010704 0.055997
v -0.013152 -0.031752 0.022132
v -0.048209 -0.011426 0.057057
v -0.047275 -0.014153 0.054939
v -0.006610 -0.029814 0.017742
v -0.005658 -0.032090 0.020025
v -0.047168 -0.014872 0.055997
v -0.010335 -0.032777 0.022132
v -0.047030 -0.015584 0.057057
v -0.003986 -0.030276 0.017742
v -0.002840 -0.032461 0.020025
v -0.045313 -0.019546 0.054939
v -0.045692 -0.018926 0.055997
v -0.046044 -0.018292 0.057057
v -0.007439 -0.033553 0.022132
v -0.044099 -0.022148 0.054939
v -0.001332 -0.030508 0.017742
v -0.000000 -0.032585 0.020025
v -0.043869 -0.022837 0.055997
v -0.004486 -0.034074 0.022132
v -0.043609 -0.023514 0.057057
v 0.001332 -0.030508 0.017742
v 0.002840 -0.032461 0.020025
v -0.041230 -0.027117 0.054939
v -0.041712 -0.026573 0.055997
v -0.042168 -0.026010 0.057057
v -0.001499 -0.034335 0.022132
v -0.039584 -0.029469 0.054939
v 0.003986 -0.030276 0.017742
v 0.005658 -0.032090 0.020025
v -0.039237 -0.030108 0.055997
v 0.001499 -0.034335 0.022132
v -0.038864 -0.030729 0.057057
v -0.036865 -0.032807 0.054939
v 0.006610 -0.029814 0.017742
v 0.008434 -0.031475 0.020025
v -0.036464 -0.033413 0.055997
v 0.004486 -0.034074 0.022132
v -0.036038 -0.034000 0.057057
v 0.009183 -0.029124 0.017742
v 0.011145 -0.030620 0.020025
v -0.032807 -0.036865 0.054939
v -0.033413 -0.036464 0.055997
v -0.034000 -0.036038 0.057057
v 0.007439 -0.033553 0.022132
v 0.011686 -0.028213 0.017742
v 0.013771 -0.029532 0.020025
v -0.029469 -0.039584 0.054939
v -0.030108 -0.039237 0.055997
v -0.030729 -0.038864 0.057057
v 0.010335 -0.032777 0.022132
v -0.027117 -0.041230 0.054939
v 0.014101 -0.027087 0.017742
v 0.016293 -0.028220 0.020025
v -0.026573 -0.041712 0.055997
v 0.013152 -0.031752 0.022132
v -0.026010 -0.042168 0.057057
v -0.023421 -0.043437 0.054939
v 0.016408 -0.025755 0.017742
v 0.018690 -0.026692 0.020025
v -0.022837 -0.043869 0.055997
v 0.015869 -0.030484 0.022132
v -0.022236 -0.044275 0.057057
v 0.018590 -0.024227 0.017742
v 0.020945 -0.024962 0.020025
v -0.018220 -0.045862 0.054939
v -0.018926 -0.045692 0.055997
v -0.019624 -0.045493 0.057057
v 0.018466 -0.028985 0.022132
v 0.020631 -0.022515 0.017742
v 0.023041 -0.023041 0.020025
v -0.014153 -0.047275 0.054939
v -0.014872 -0.047168 0.055997
v -0.015584 -0.047030 0.057057
v 0.020922 -0.027266 0.022132
v -0.011381 -0.048018 0.054939
v 0.022515 -0.020631 0.017742
v 0.024962 -0.020945 0.020025
v -0.010704 -0.048285 0.055997
v 0.023218 -0.025338 0.022132
v -0.010019 -0.048521 0.057057
v 0.024227 -0.018590 0.017742
v 0.026692 -0.018690 0.020025
v -0.005729 -0.049015 0.054939
v -0.006455 -0.049034 0.055997
v -0.007181 -0.049022 0.057057
v 0.025338 -0.023218 0.022132
v 0.025755 -0.016408 0.017742
v 0.028220 -0.016293 0.020025
v -0.001435 -0.049328 0.054939
v -0.002157 -0.049410 0.055997
v -0.002881 -0.049461 0.057057
v 0.027266 -0.020922 0.022132
v 0.027087 -0.014101 0.017742
v 0.029532 -0.013771 0.020025
v 0.002869 -0.049265 0.054939
v 0.002157 -0.049410 0.055997
v 0.001441 -0.049524 0.057057
v 0.028985 -0.018466 0.022132
v 0.005729 -0.049015 0.054939
v 0.028213 -0.011686 0.017742
v 0.030620 -0.011145 0.020025
v 0.006455 -0.049034 0.055997
v 0.030484 -0.015869 0.022132
v 0.007181 -0.049022 0.057057
v 0.009979 -0.048329 0.054939
v 0.029124 -0.009183 0.017742
v 0.031475 -0.008434 0.020025
v 0.010704 -0.048285 0.055997
v 0.031752 -0.013152 0.022132
v 0.011426 -0.048209 0.057057
v 0.029814 -0.006610 0.017742
v 0.032090 -0.005658 0.020025
v 0.015522 -0.046844 0.054939
v 0.014872 -0.047168 0.055997
v 0.014210 -0.047463 0.057057
v 0.032777 -0.010335 0.022132
v 0.030276 -0.003986 0.017742
v 0.032461 -0.002840 0.020025
v 0.019546 -0.045313 0.054939
v 0.018926 -0.045692 0.055997
v 0.018292 -0.046044 0.057057
v 0.033553 -0.007439 0.022132
v 0.022148 -0.044099 0.054939
v 0.030508 -0.001332 0.017742
v 0.022837 -0.043869 0.055997
v 0.034074 -0.004486 0.022132
v 0.023514 -0.043609 0.057057
v 0.025907 -0.042001 0.054939
v 0.026573 -0.041712 0.055997
v 0.034335 -0.001499 0.022132
v 0.027225 -0.041394 0.057057
v 0.030608 -0.038710 0.054939
v 0.030108 -0.039237 0.055997
v 0.029586 -0.039741 0.057057
v 0.033865 -0.035895 0.054939
v 0.033413 -0.036464 0.055997
v 0.032937 -0.037011 0.057057
v 0.035895 -0.033865 0.054939
v 0.036464 -0.033413 0.055997
v 0.037011 -0.032937 0.057057
v 0.038710 -0.030608 0.054939
v 0.039237 -0.030108 0.055997
v 0.039741 -0.029586 0.057057
v 0.042001 -0.025907 0.054939
v 0.041712 -0.026573 0.055997
v 0.041394 -0.027225 0.057057
v 0.043437 -0.023421 0.054939
v 0.043869 -0.022837 0.055997
v 0.044275 -0.022236 0.057057
v 0.045862 -0.018220 0.054939
v 0.045692 -0.018926 0.055997
v 0.045493 -0.019624 0.057057
v 0.047275 -0.014153 0.054939
v 0.047168 -0.014872 0.055997
v 0.047030 -0.015584 0.057057
v 0.048329 -0.009979 0.054939
v 0.048285 -0.010704 0.055997
v 0.048209 -0.011426 0.057057
v 0.049015 -0.005729 0.054939
v 0.049034 -0.006455 0.055997
v 0.049022 -0.007181 0.057057
v 0.049399 -0.002877 0.056282
vn -0.0000 -0.0000 -1.0000
vn 0.8102 0.0354 -0.5851
vn 0.8040 0.1058 -0.5851
vn 0.8040 0.1059 -0.5851
vn 0.8474 0.0370 -0.5297
vn 0.8409 0.1107 -0.5297
vn 0.7917 0.1755 -0.5851
vn 0.7734 0.2439 -0.5851
vn 0.8825 0.0385 -0.4687
vn 0.8089 0.2551 -0.5297
vn 0.8281 0.1836 -0.5297
vn 0.8758 0.1153 -0.4687
vn 0.7492 0.3103 -0.5851
vn 0.7193 0.3745 -0.5851
vn 0.9076 0.1195 -0.4024
vn 0.9146 0.0399 -0.4024
vn 0.8624 0.1912 -0.4687
vn 0.6840 0.4357 -0.5851
vn 0.9417 0.0411 -0.3339
vn 0.7836 0.3246 -0.5297
vn 0.8425 0.2656 -0.4687
vn 0.8161 0.3381 -0.4687
vn 0.8938 0.1981 -0.4024
vn 0.8731 0.2753 -0.4024
vn 0.9345 0.1230 -0.3339
vn 0.9638 0.0421 -0.2635
vn 0.9564 0.1259 -0.2635
vn 0.7524 0.3917 -0.5297
vn 0.6434 0.4937 -0.5851
vn 0.9203 0.2040 -0.3339
vn 0.6729 0.5164 -0.5297
vn 0.7154 0.4557 -0.5297
vn 0.9810 0.0428 -0.1893
vn 0.7450 0.4746 -0.4687
vn 0.7836 0.4079 -0.4687
vn 0.5979 0.5479 -0.5851
vn 0.8458 0.3503 -0.4024
vn 0.8120 0.4227 -0.4024
vn 0.8990 0.2834 -0.3339
vn 0.8709 0.3607 -0.3339
vn 0.9418 0.2088 -0.2635
vn 0.9200 0.2901 -0.2635
vn 0.9735 0.1282 -0.1893
vn 0.4937 0.6434 -0.5851
vn 0.5479 0.5979 -0.5851
vn 0.9989 0.0436 -0.0169
vn 0.8912 0.3692 -0.2635
vn 0.6254 0.5730 -0.5297
vn 0.9587 0.2125 -0.1893
vn 0.6513 0.5968 -0.4687
vn 0.7008 0.5378 -0.4687
vn 0.7721 0.4919 -0.4024
vn 0.8361 0.4352 -0.3339
vn 0.9913 0.1305 -0.0169
vn 0.5730 0.6254 -0.5297
vn 0.9365 0.2953 -0.1893
vn 0.4357 0.6840 -0.5851
vn 0.3745 0.7193 -0.5851
vn 0.7263 0.5573 -0.4024
vn 0.7950 0.5065 -0.3339
vn 0.9762 0.2164 -0.0169
vn 0.8557 0.4454 -0.2635
vn 0.4557 0.7154 -0.5297
vn 0.5164 0.6729 -0.5297
vn 0.9072 0.3758 -0.1893
vn 0.8710 0.4534 -0.1893
vn 0.5968 0.6513 -0.4687
vn 0.3103 0.7492 -0.5851
vn 0.6749 0.6185 -0.4024
vn 0.7478 0.5738 -0.3339
vn 0.9536 0.3007 -0.0169
vn 0.8136 0.5183 -0.2635
vn 0.5378 0.7008 -0.4687
vn 0.6185 0.6749 -0.4024
vn 0.5573 0.7263 -0.4024
vn 0.6368 0.6950 -0.3339
vn 0.6950 0.6368 -0.3339
vn 0.9237 0.3826 -0.0169
vn 0.7653 0.5873 -0.2635
vn 0.3917 0.7524 -0.5297
vn 0.7790 0.5978 -0.1893
vn 0.8281 0.5276 -0.1893
vn 0.4079 0.7836 -0.4687
vn 0.4746 0.7450 -0.4687
vn 0.2439 0.7734 -0.5851
vn 0.1755 0.7917 -0.5851
vn 0.4919 0.7721 -0.4024
vn 0.8869 0.4617 -0.0169
vn 0.7112 0.6517 -0.2635
vn 0.6517 0.7112 -0.2635
vn 0.3246 0.7836 -0.5297
vn 0.3381 0.8161 -0.4687
vn 0.4227 0.8120 -0.4024
vn 0.5738 0.7478 -0.3339
vn 0.8433 0.5372 -0.0169
vn 0.5873 0.7653 -0.2635
vn 0.1836 0.8281 -0.5297
vn 0.2551 0.8089 -0.5297
vn 0.7240 0.6634 -0.1893
vn 0.6634 0.7240 -0.1893
vn 0.1059 0.8040 -0.5851
vn 0.5065 0.7950 -0.3339
vn 0.7932 0.6087 -0.0169
vn 0.5183 0.8136 -0.2635
vn 0.2656 0.8425 -0.4687
vn 0.0354 0.8102 -0.5851
vn 0.3503 0.8458 -0.4024
vn 0.2753 0.8731 -0.4024
vn 0.4352 0.8361 -0.3339
vn 0.7372 0.6755 -0.0169
vn 0.1107 0.8409 -0.5297
vn 0.5978 0.7790 -0.1893
vn 0.5276 0.8281 -0.1893
vn 0.1912 0.8624 -0.4687
vn 0.1153 0.8758 -0.4687
vn -0.0354 0.8102 -0.5851
vn 0.2834 0.8990 -0.3339
vn 0.3607 0.8709 -0.3339
vn 0.6755 0.7372 -0.0169
vn 0.4454 0.8557 -0.2635
vn 0.0370 0.8474 -0.5297
vn -0.1059 0.8040 -0.5851
vn 0.1195 0.9076 -0.4024
vn 0.1981 0.8938 -0.4024
vn 0.6087 0.7932 -0.0169
vn 0.2901 0.9200 -0.2635
vn 0.3692 0.8912 -0.2635
vn -0.1107 0.8409 -0.5297
vn -0.0370 0.8474 -0.5297
vn 0.4534 0.8710 -0.1893
vn 0.0385 0.8825 -0.4687
vn -0.0385 0.8825 -0.4687
vn -0.1755 0.7917 -0.5851
vn 0.2040 0.9203 -0.3339
vn 0.5372 0.8433 -0.0169
vn 0.3758 0.9072 -0.1893
vn -0.2439 0.7734 -0.5851
vn 0.0399 0.9146 -0.4024
vn 0.1230 0.9345 -0.3339
vn 0.4617 0.8869 -0.0169
vn 0.2088 0.9418 -0.2635
vn 0.1259 0.9564 -0.2635
vn -0.1836 0.8281 -0.5297
vn 0.2953 0.9365 -0.1893
vn -0.1153 0.8758 -0.4687
vn -0.3103 0.7492 -0.5851
vn -0.3745 0.7193 -0.5851
vn -0.0399 0.9146 -0.4024
vn -0.1195 0.9076 -0.4024
vn -0.0411 0.9417 -0.3339
vn 0.0411 0.9417 -0.3339
vn 0.3826 0.9237 -0.0169
vn -0.2551 0.8089 -0.5297
vn 0.2125 0.9587 -0.1893
vn -0.1912 0.8624 -0.4687
vn -0.1230 0.9345 -0.3339
vn 0.3007 0.9536 -0.0169
vn 0.0421 0.9638 -0.2635
vn -0.0421 0.9638 -0.2635
vn -0.3246 0.7836 -0.5297
vn 0.1282 0.9735 -0.1893
vn -0.2656 0.8425 -0.4687
vn -0.3381 0.8161 -0.4687
vn -0.4357 0.6840 -0.5851
vn -0.2753 0.8731 -0.4024
vn -0.1981 0.8938 -0.4024
vn 0.2164 0.9762 -0.0169
vn -0.3917 0.7524 -0.5297
vn 0.0428 0.9810 -0.1893
vn -0.4937 0.6434 -0.5851
vn -0.2040 0.9203 -0.3339
vn 0.1305 0.9913 -0.0169
vn 0.0436 0.9989 -0.0169
vn -0.1259 0.9564 -0.2635
vn -0.4557 0.7154 -0.5297
vn -0.1282 0.9735 -0.1893
vn -0.0428 0.9810 -0.1893
vn -0.4079 0.7836 -0.4687
vn -0.5979 0.5479 -0.5851
vn -0.5479 0.5979 -0.5851
vn -0.4227 0.8120 -0.4024
vn -0.3503 0.8458 -0.4024
vn -0.3607 0.8709 -0.3339
vn -0.2834 0.8990 -0.3339
vn -0.2088 0.9418 -0.2635
vn -0.2901 0.9200 -0.2635
vn -0.5164 0.6729 -0.5297
vn -0.4746 0.7450 -0.4687
vn -0.0436 0.9989 -0.0169
vn -0.5730 0.6254 -0.5297
vn -0.2125 0.9587 -0.1893
vn -0.2953 0.9365 -0.1893
vn -0.5378 0.7008 -0.4687
vn -0.6434 0.4937 -0.5851
vn -0.4919 0.7721 -0.4024
vn -0.4352 0.8361 -0.3339
vn -0.1305 0.9913 -0.0169
vn -0.2164 0.9762 -0.0169
vn -0.3692 0.8912 -0.2635
vn -0.4454 0.8557 -0.2635
vn -0.6254 0.5730 -0.5297
vn -0.6729 0.5164 -0.5297
vn -0.6513 0.5968 -0.4687
vn -0.5968 0.6513 -0.4687
vn -0.6840 0.4357 -0.5851
vn -0.5573 0.7263 -0.4024
vn -0.5738 0.7478 -0.3339
vn -0.5065 0.7950 -0.3339
vn -0.4534 0.8710 -0.1893
vn -0.3758 0.9072 -0.1893
vn -0.7193 0.3745 -0.5851
vn -0.7492 0.3103 -0.5851
vn -0.6185 0.6749 -0.4024
vn -0.3007 0.9536 -0.0169
vn -0.3826 0.9237 -0.0169
vn -0.5183 0.8136 -0.2635
vn -0.5873 0.7653 -0.2635
vn -0.7154 0.4557 -0.5297
vn -0.7008 0.5378 -0.4687
vn -0.7450 0.4746 -0.4687
vn -0.6749 0.6185 -0.4024
vn -0.7263 0.5573 -0.4024
vn -0.6368 0.6950 -0.3339
vn -0.6950 0.6368 -0.3339
vn -0.7524 0.3917 -0.5297
vn -0.5276 0.8281 -0.1893
vn -0.5978 0.7790 -0.1893
vn -0.7734 0.2439 -0.5851
vn -0.7478 0.5738 -0.3339
vn -0.4617 0.8869 -0.0169
vn -0.5372 0.8433 -0.0169
vn -0.6517 0.7112 -0.2635
vn -0.7836 0.3246 -0.5297
vn -0.8161 0.3381 -0.4687
vn -0.7836 0.4079 -0.4687
vn -0.7917 0.1755 -0.5851
vn -0.8040 0.1059 -0.5851
vn -0.7721 0.4919 -0.4024
vn -0.8120 0.4227 -0.4024
vn -0.7112 0.6517 -0.2635
vn -0.7653 0.5873 -0.2635
vn -0.8089 0.2551 -0.5297
vn -0.6634 0.7240 -0.1893
vn -0.8102 0.0354 -0.5851
vn -0.8040 0.1058 -0.5851
vn -0.7950 0.5065 -0.3339
vn -0.8361 0.4352 -0.3339
vn -0.6087 0.7932 -0.0169
vn -0.8281 0.1836 -0.5297
vn -0.7240 0.6634 -0.1893
vn -0.7790 0.5978 -0.1893
vn -0.8425 0.2656 -0.4687
vn -0.8624 0.1912 -0.4687
vn -0.8458 0.3503 -0.4024
vn -0.6755 0.7372 -0.0169
vn -0.8136 0.5183 -0.2635
vn -0.8557 0.4454 -0.2635
vn -0.8409 0.1107 -0.5297
vn -0.8102 -0.0354 -0.5851
vn -0.8938 0.1981 -0.4024
vn -0.8731 0.2753 -0.4024
vn -0.8990 0.2834 -0.3339
vn -0.8709 0.3607 -0.3339
vn -0.7372 0.6755 -0.0169
vn -0.7932 0.6087 -0.0169
vn -0.8474 0.0370 -0.5297
vn -0.8474 -0.0370 -0.5297
vn -0.8281 0.5276 -0.1893
vn -0.8710 0.4534 -0.1893
vn -0.8758 0.1153 -0.4687
vn -0.8825 0.0385 -0.4687
vn -0.8040 -0.1059 -0.5851
vn -0.8040 -0.1058 -0.5851
vn -0.8912 0.3692 -0.2635
vn -0.9200 0.2901 -0.2635
vn -0.8409 -0.1107 -0.5297
vn -0.7917 -0.1755 -0.5851
vn -0.9076 0.1195 -0.4024
vn -0.9203 0.2040 -0.3339
vn -0.9345 0.1230 -0.3339
vn -0.8433 0.5372 -0.0169
vn -0.8869 0.4617 -0.0169
vn -0.8281 -0.1836 -0.5297
vn -0.9072 0.3758 -0.1893
vn -0.9365 0.2953 -0.1893
vn -0.8825 -0.0385 -0.4687
vn -0.7734 -0.2439 -0.5851
vn -0.9146 0.0399 -0.4024
vn -0.9417 0.0411 -0.3339
vn -0.9418 0.2088 -0.2635
vn -0.8758 -0.1153 -0.4687
vn -0.7492 -0.3103 -0.5851
vn -0.9146 -0.0399 -0.4024
vn -0.9076 -0.1195 -0.4024
vn -0.9237 0.3826 -0.0169
vn -0.9536 0.3007 -0.0169
vn -0.9564 0.1259 -0.2635
vn -0.8089 -0.2551 -0.5297
vn -0.7836 -0.3246 -0.5297
vn -0.9587 0.2125 -0.1893
vn -0.8624 -0.1912 -0.4687
vn -0.7193 -0.3745 -0.5851
vn -0.8938 -0.1981 -0.4024
vn -0.9417 -0.0411 -0.3339
vn -0.9638 0.0421 -0.2635
vn -0.9638 -0.0421 -0.2635
vn -0.9735 0.1282 -0.1893
vn -0.8425 -0.2656 -0.4687
vn -0.6840 -0.4357 -0.5851
vn -0.8731 -0.2753 -0.4024
vn -0.9345 -0.1230 -0.3339
vn -0.9762 0.2164 -0.0169
vn -0.7524 -0.3917 -0.5297
vn -0.9810 -0.0428 -0.1893
vn -0.9810 0.0428 -0.1893
vn -0.8161 -0.3381 -0.4687
vn -0.6434 -0.4937 -0.5851
vn -0.8990 -0.2834 -0.3339
vn -0.9203 -0.2040 -0.3339
vn -0.9913 0.1305 -0.0169
vn -0.9989 0.0436 -0.0169
vn -0.9564 -0.1259 -0.2635
vn -0.9418 -0.2088 -0.2635
vn -0.7154 -0.4557 -0.5297
vn -0.7836 -0.4079 -0.4687
vn -0.5979 -0.5479 -0.5851
vn -0.8458 -0.3503 -0.4024
vn -0.8709 -0.3607 -0.3339
vn -0.6729 -0.5164 -0.5297
vn -0.9735 -0.1282 -0.1893
vn -0.9587 -0.2125 -0.1893
vn -0.7450 -0.4746 -0.4687
vn -0.4937 -0.6434 -0.5851
vn -0.5479 -0.5979 -0.5851
vn -0.8120 -0.4227 -0.4024
vn -0.9989 -0.0436 -0.0169
vn -0.9200 -0.2901 -0.2635
vn -0.8912 -0.3692 -0.2635
vn -0.6254 -0.5730 -0.5297
vn -0.9365 -0.2953 -0.1893
vn -0.7008 -0.5378 -0.4687
vn -0.4357 -0.6840 -0.5851
vn -0.7263 -0.5573 -0.4024
vn -0.7721 -0.4919 -0.4024
vn -0.7950 -0.5065 -0.3339
vn -0.8361 -0.4352 -0.3339
vn -0.9913 -0.1305 -0.0169
vn -0.5730 -0.6254 -0.5297
vn -0.9072 -0.3758 -0.1893
vn -0.6513 -0.5968 -0.4687
vn -0.9762 -0.2164 -0.0169
vn -0.8557 -0.4454 -0.2635
vn -0.5164 -0.6729 -0.5297
vn -0.5968 -0.6513 -0.4687
vn -0.3745 -0.7193 -0.5851
vn -0.6749 -0.6185 -0.4024
vn -0.7478 -0.5738 -0.3339
vn -0.9536 -0.3007 -0.0169
vn -0.8136 -0.5183 -0.2635
vn -0.4557 -0.7154 -0.5297
vn -0.8281 -0.5276 -0.1893
vn -0.8710 -0.4534 -0.1893
vn -0.5378 -0.7008 -0.4687
vn -0.4746 -0.7450 -0.4687
vn -0.2439 -0.7734 -0.5851
vn -0.3103 -0.7492 -0.5851
vn -0.5573 -0.7263 -0.4024
vn -0.6185 -0.6749 -0.4024
vn -0.6368 -0.6950 -0.3339
vn -0.6950 -0.6368 -0.3339
vn -0.9237 -0.3826 -0.0169
vn -0.7653 -0.5873 -0.2635
vn -0.3917 -0.7524 -0.5297
vn -0.3246 -0.7836 -0.5297
vn -0.7790 -0.5978 -0.1893
vn -0.8869 -0.4617 -0.0169
vn -0.7112 -0.6517 -0.2635
vn -0.6517 -0.7112 -0.2635
vn -0.4079 -0.7836 -0.4687
vn -0.1755 -0.7917 -0.5851
vn -0.4227 -0.8120 -0.4024
vn -0.4919 -0.7721 -0.4024
vn -0.5738 -0.7478 -0.3339
vn -0.5065 -0.7950 -0.3339
vn -0.8433 -0.5372 -0.0169
vn -0.5873 -0.7653 -0.2635
vn -0.2551 -0.8089 -0.5297
vn -0.7240 -0.6634 -0.1893
vn -0.3381 -0.8161 -0.4687
vn -0.1059 -0.8040 -0.5851
vn -0.0354 -0.8102 -0.5851
vn -0.7932 -0.6087 -0.0169
vn -0.5183 -0.8136 -0.2635
vn -0.1836 -0.8281 -0.5297
vn -0.1107 -0.8409 -0.5297
vn -0.5978 -0.7790 -0.1893
vn -0.6634 -0.7240 -0.1893
vn -0.2656 -0.8425 -0.4687
vn -0.3503 -0.8458 -0.4024
vn -0.3607 -0.8709 -0.3339
vn -0.4352 -0.8361 -0.3339
vn -0.7372 -0.6755 -0.0169
vn -0.5276 -0.8281 -0.1893
vn -0.1912 -0.8624 -0.4687
vn 0.0354 -0.8102 -0.5851
vn -0.2753 -0.8731 -0.4024
vn -0.6755 -0.7372 -0.0169
vn -0.4454 -0.8557 -0.2635
vn -0.3692 -0.8912 -0.2635
vn -0.0370 -0.8474 -0.5297
vn -0.1153 -0.8758 -0.4687
vn 0.1059 -0.8040 -0.5851
vn 0.1755 -0.7917 -0.5851
vn -0.1981 -0.8938 -0.4024
vn -0.1195 -0.9076 -0.4024
vn -0.2834 -0.8990 -0.3339
vn -0.6087 -0.7932 -0.0169
vn -0.5372 -0.8433 -0.0169
vn 0.0370 -0.8474 -0.5297
vn -0.4534 -0.8710 -0.1893
vn -0.3758 -0.9072 -0.1893
vn -0.0385 -0.8825 -0.4687
vn -0.2040 -0.9203 -0.3339
vn -0.2901 -0.9200 -0.2635
vn 0.1107 -0.8409 -0.5297
vn 0.0385 -0.8825 -0.4687
vn 0.2439 -0.7734 -0.5851
vn 0.3103 -0.7492 -0.5851
vn -0.0399 -0.9146 -0.4024
vn -0.1230 -0.9345 -0.3339
vn -0.4617 -0.8869 -0.0169
vn -0.2088 -0.9418 -0.2635
vn -0.1259 -0.9564 -0.2635
vn 0.1836 -0.8281 -0.5297
vn -0.2953 -0.9365 -0.1893
vn 0.1153 -0.8758 -0.4687
vn 0.0399 -0.9146 -0.4024
vn -0.0411 -0.9417 -0.3339
vn -0.3826 -0.9237 -0.0169
vn 0.2551 -0.8089 -0.5297
vn -0.2125 -0.9587 -0.1893
vn -0.1282 -0.9735 -0.1893
vn 0.1912 -0.8624 -0.4687
vn 0.4357 -0.6840 -0.5851
vn 0.3745 -0.7193 -0.5851
vn 0.1195 -0.9076 -0.4024
vn 0.0411 -0.9417 -0.3339
vn -0.3007 -0.9536 -0.0169
vn 0.0421 -0.9638 -0.2635
vn -0.0421 -0.9638 -0.2635
vn 0.3246 -0.7836 -0.5297
vn 0.3917 -0.7524 -0.5297
vn -0.0428 -0.9810 -0.1893
vn 0.2656 -0.8425 -0.4687
vn 0.3381 -0.8161 -0.4687
vn 0.1981 -0.8938 -0.4024
vn 0.1230 -0.9345 -0.3339
vn 0.2040 -0.9203 -0.3339
vn -0.2164 -0.9762 -0.0169
vn 0.0428 -0.9810 -0.1893
vn 0.5479 -0.5979 -0.5851
vn 0.4937 -0.6434 -0.5851
vn 0.2753 -0.8731 -0.4024
vn -0.1305 -0.9913 -0.0169
vn 0.1259 -0.9564 -0.2635
vn 0.2088 -0.9418 -0.2635
vn 0.4557 -0.7154 -0.5297
vn 0.4079 -0.7836 -0.4687
vn 0.4746 -0.7450 -0.4687
vn 0.3503 -0.8458 -0.4024
vn 0.2834 -0.8990 -0.3339
vn -0.0436 -0.9989 -0.0169
vn 0.2901 -0.9200 -0.2635
vn 0.5164 -0.6729 -0.5297
vn 0.2125 -0.9587 -0.1893
vn 0.1282 -0.9735 -0.1893
vn 0.5979 -0.5479 -0.5851
vn 0.4227 -0.8120 -0.4024
vn 0.3607 -0.8709 -0.3339
vn 0.0436 -0.9989 -0.0169
vn 0.1305 -0.9913 -0.0169
vn 0.3692 -0.8912 -0.2635
vn 0.5730 -0.6254 -0.5297
vn 0.5378 -0.7008 -0.4687
vn 0.5968 -0.6513 -0.4687
vn 0.6434 -0.4937 -0.5851
vn 0.4919 -0.7721 -0.4024
vn 0.4352 -0.8361 -0.3339
vn 0.2164 -0.9762 -0.0169
vn 0.6254 -0.5730 -0.5297
vn 0.6729 -0.5164 -0.5297
vn 0.2953 -0.9365 -0.1893
vn 0.3758 -0.9072 -0.1893
vn 0.6840 -0.4357 -0.5851
vn 0.5573 -0.7263 -0.4024
vn 0.6185 -0.6749 -0.4024
vn 0.5065 -0.7950 -0.3339
vn 0.3007 -0.9536 -0.0169
vn 0.4454 -0.8557 -0.2635
vn 0.5183 -0.8136 -0.2635
vn 0.6513 -0.5968 -0.4687
vn 0.7193 -0.3745 -0.5851
vn 0.5738 -0.7478 -0.3339
vn 0.5873 -0.7653 -0.2635
vn 0.7524 -0.3917 -0.5297
vn 0.7154 -0.4557 -0.5297
vn 0.5276 -0.8281 -0.1893
vn 0.4534 -0.8710 -0.1893
vn 0.7008 -0.5378 -0.4687
vn 0.7492 -0.3103 -0.5851
vn 0.6749 -0.6185 -0.4024
vn 0.7263 -0.5573 -0.4024
vn 0.6368 -0.6950 -0.3339
vn 0.3826 -0.9237 -0.0169
vn 0.7450 -0.4746 -0.4687
vn 0.7734 -0.2439 -0.5851
vn 0.6950 -0.6368 -0.3339
vn 0.4617 -0.8869 -0.0169
vn 0.5372 -0.8433 -0.0169
vn 0.6517 -0.7112 -0.2635
vn 0.7112 -0.6517 -0.2635
vn 0.7836 -0.3246 -0.5297
vn 0.5978 -0.7790 -0.1893
vn 0.8102 -0.0354 -0.5851
vn 0.7836 -0.4079 -0.4687
vn 0.7917 -0.1755 -0.5851
vn 0.8040 -0.1059 -0.5851
vn 0.7721 -0.4919 -0.4024
vn 0.7478 -0.5738 -0.3339
vn 0.7653 -0.5873 -0.2635
vn 0.8089 -0.2551 -0.5297
vn 0.8281 -0.1836 -0.5297
vn 0.7240 -0.6634 -0.1893
vn 0.6634 -0.7240 -0.1893
vn 0.8161 -0.3381 -0.4687
vn 0.8040 -0.1058 -0.5851
vn 0.8120 -0.4227 -0.4024
vn 0.7950 -0.5065 -0.3339
vn 0.6087 -0.7932 -0.0169
vn 0.8136 -0.5183 -0.2635
vn 0.8409 -0.1107 -0.5297
vn 0.7790 -0.5978 -0.1893
vn 0.8425 -0.2656 -0.4687
vn 0.8458 -0.3503 -0.4024
vn 0.8709 -0.3607 -0.3339
vn 0.8361 -0.4352 -0.3339
vn 0.6755 -0.7372 -0.0169
vn 0.8474 -0.0370 -0.5297
vn 0.8624 -0.1912 -0.4687
vn 0.8731 -0.2753 -0.4024
vn 0.8938 -0.1981 -0.4024
vn 0.7372 -0.6755 -0.0169
vn 0.8557 -0.4454 -0.2635
vn 0.8281 -0.5276 -0.1893
vn 0.8758 -0.1153 -0.4687
vn 0.8825 -0.0385 -0.4687
vn 0.8990 -0.2834 -0.3339
vn 0.7932 -0.6087 -0.0169
vn 0.8912 -0.3692 -0.2635
vn 0.9200 -0.2901 -0.2635
vn 0.9072 -0.3758 -0.1893
vn 0.8710 -0.4534 -0.1893
vn 0.9076 -0.1195 -0.4024
vn 0.9146 -0.0399 -0.4024
vn 0.9345 -0.1230 -0.3339
vn 0.9203 -0.2040 -0.3339
vn 0.8433 -0.5372 -0.0169
vn 0.9417 -0.0411 -0.3339
vn 0.9638 -0.0421 -0.2635
vn 0.8869 -0.4617 -0.0169
vn 0.9418 -0.2088 -0.2635
vn 0.9564 -0.1259 -0.2635
vn 0.9365 -0.2953 -0.1893
vn 0.9237 -0.3826 -0.0169
vn 0.9587 -0.2125 -0.1893
vn 0.9735 -0.1282 -0.1893
vn 0.9536 -0.3007 -0.0169
vn 0.9810 -0.0428 -0.1893
vn 0.9762 -0.2164 -0.0169
vn 0.9913 -0.1305 -0.0169
vn 0.9989 -0.0436 -0.0169
vn 0.7200 0.0314 -0.6933
vn 0.7347 -0.0168 -0.6782
vn 0.7487 0.0327 -0.6621
vn 0.7145 0.0941 -0.6933
vn 0.7369 0.0645 -0.6729
vn 0.7430 0.0978 -0.6621
vn 0.7270 0.0636 -0.6836
vn 0.7729 -0.0103 -0.6345
vn 0.7875 0.0344 -0.6153
vn 0.7572 0.0331 -0.6523
vn 0.7036 0.1560 -0.6933
vn 0.7187 0.1267 -0.6836
vn 0.7285 0.1284 -0.6729
vn 0.7317 0.1622 -0.6621
vn 0.7515 0.0989 -0.6523
vn 0.7735 0.0677 -0.6302
vn 0.7664 0.0671 -0.6388
vn 0.7815 0.1029 -0.6153
vn 0.6873 0.2167 -0.6933
vn 0.7050 0.1889 -0.6836
vn 0.7147 0.2254 -0.6621
vn 0.7145 0.1914 -0.6729
vn 0.7576 0.1336 -0.6388
vn 0.7646 0.1348 -0.6302
vn 0.7696 0.1706 -0.6153
vn 0.7400 0.1641 -0.6523
vn 0.6658 0.2758 -0.6933
vn 0.6951 0.2530 -0.6729
vn 0.6858 0.2496 -0.6836
vn 0.6924 0.2868 -0.6621
vn 0.7229 0.2279 -0.6523
vn 0.7431 0.1991 -0.6388
vn 0.7500 0.2010 -0.6302
vn 0.7518 0.2370 -0.6153
vn 0.6392 0.3328 -0.6933
vn 0.6648 0.3461 -0.6621
vn 0.6704 0.3126 -0.6729
vn 0.6614 0.3084 -0.6836
vn 0.7283 0.3017 -0.6153
vn 0.7296 0.2656 -0.6302
vn 0.7229 0.2631 -0.6388
vn 0.7003 0.2901 -0.6523
vn 0.6078 0.3872 -0.6933
vn 0.6406 0.3698 -0.6729
vn 0.6321 0.4027 -0.6621
vn 0.6320 0.3649 -0.6836
vn 0.7037 0.3281 -0.6302
vn 0.6992 0.3640 -0.6153
vn 0.6723 0.3500 -0.6523
vn 0.6973 0.3251 -0.6388
vn 0.5978 0.4186 -0.6836
vn 0.5718 0.4387 -0.6933
vn 0.5946 0.4562 -0.6621
vn 0.6059 0.4243 -0.6729
vn 0.6648 0.4235 -0.6153
vn 0.6724 0.3882 -0.6302
vn 0.6663 0.3847 -0.6388
vn 0.6392 0.4072 -0.6523
vn 0.5591 0.4691 -0.6836
vn 0.5313 0.4869 -0.6933
vn 0.5525 0.5063 -0.6621
vn 0.5666 0.4755 -0.6729
vn 0.6360 0.4453 -0.6302
vn 0.6013 0.4614 -0.6523
vn 0.6302 0.4413 -0.6388
vn 0.6254 0.4799 -0.6153
vn 0.4869 0.5313 -0.6933
vn 0.5063 0.5525 -0.6621
vn 0.5161 0.5161 -0.6836
vn 0.5230 0.5230 -0.6729
vn 0.5588 0.5121 -0.6523
vn 0.5893 0.4945 -0.6388
vn 0.5948 0.4991 -0.6302
vn 0.5812 0.5325 -0.6153
vn 0.4387 0.5718 -0.6933
vn 0.4691 0.5591 -0.6836
vn 0.4562 0.5946 -0.6621
vn 0.4755 0.5666 -0.6729
vn 0.5121 0.5588 -0.6523
vn 0.5490 0.5490 -0.6302
vn 0.5440 0.5440 -0.6388
vn 0.5325 0.5812 -0.6153
vn 0.3872 0.6078 -0.6933
vn 0.4027 0.6321 -0.6621
vn 0.4186 0.5978 -0.6836
vn 0.4243 0.6059 -0.6729
vn 0.4991 0.5948 -0.6302
vn 0.4799 0.6254 -0.6153
vn 0.4945 0.5893 -0.6388
vn 0.4614 0.6013 -0.6523
vn 0.3328 0.6392 -0.6933
vn 0.3698 0.6406 -0.6729
vn 0.3649 0.6320 -0.6836
vn 0.3460 0.6648 -0.6621
vn 0.9980 0.0436 -0.0466
vn 0.9932 0.0225 -0.1139
vn 0.9979 0.0342 -0.0559
vn 0.9904 0.0432 -0.1310
vn 0.4453 0.6360 -0.6302
vn 0.4413 0.6302 -0.6388
vn 0.4072 0.6392 -0.6523
vn 0.4235 0.6648 -0.6153
vn 0.3084 0.6614 -0.6836
vn 0.3126 0.6704 -0.6729
vn 0.2758 0.6658 -0.6933
vn 0.2868 0.6924 -0.6621
vn 0.9801 0.1290 -0.1508
vn 0.9895 0.0921 -0.1110
vn 0.9867 0.1077 -0.1216
vn 0.9904 0.0929 -0.1028
vn 0.9943 0.0833 -0.0664
vn 0.9909 0.1304 -0.0344
vn 0.3847 0.6663 -0.6388
vn 0.3882 0.6724 -0.6302
vn 0.3640 0.6992 -0.6153
vn 0.3500 0.6723 -0.6523
vn 0.2167 0.6873 -0.6933
vn 0.2530 0.6951 -0.6729
vn 0.2254 0.7147 -0.6621
vn 0.2496 0.6858 -0.6836
vn 0.9651 0.2140 -0.1508
vn 0.9760 0.1868 -0.1124
vn 0.9743 0.1865 -0.1262
vn 0.9827 0.1659 -0.0825
vn 0.9856 0.1590 -0.0580
vn 0.9845 0.1589 -0.0737
vn 0.9784 0.1799 -0.1021
vn 0.9757 0.2163 -0.0344
vn 0.3281 0.7037 -0.6302
vn 0.3251 0.6973 -0.6388
vn 0.2901 0.7003 -0.6523
vn 0.3017 0.7283 -0.6153
vn 0.1889 0.7050 -0.6836
vn 0.1622 0.7317 -0.6621
vn 0.1560 0.7036 -0.6933
vn 0.1914 0.7145 -0.6729
vn 0.9560 0.2711 -0.1124
vn 0.9428 0.2973 -0.1508
vn 0.9544 0.2707 -0.1262
vn 0.9645 0.2509 -0.0825
vn 0.9532 0.3005 -0.0344
vn 0.9680 0.2443 -0.0580
vn 0.9670 0.2441 -0.0737
vn 0.9590 0.2645 -0.1021
vn 0.2370 0.7518 -0.6153
vn 0.2631 0.7229 -0.6388
vn 0.2656 0.7296 -0.6302
vn 0.2279 0.7229 -0.6523
vn 0.0941 0.7145 -0.6933
vn 0.1284 0.7285 -0.6729
vn 0.1267 0.7187 -0.6836
vn 0.0978 0.7430 -0.6621
vn 0.9287 0.3534 -0.1124
vn 0.9133 0.3783 -0.1508
vn 0.9271 0.3528 -0.1262
vn 0.9233 0.3825 -0.0344
vn 0.9420 0.3274 -0.0737
vn 0.9389 0.3340 -0.0825
vn 0.9430 0.3278 -0.0580
vn 0.9323 0.3470 -0.1021
vn 0.1641 0.7400 -0.6523
vn 0.1706 0.7696 -0.6153
vn 0.1991 0.7431 -0.6388
vn 0.2010 0.7500 -0.6302
vn 0.0636 0.7270 -0.6836
vn 0.0314 0.7200 -0.6933
vn 0.0327 0.7487 -0.6621
vn 0.0645 0.7369 -0.6729
vn 0.8944 0.4330 -0.1124
vn 0.8769 0.4565 -0.1508
vn 0.8929 0.4323 -0.1262
vn 0.8985 0.4270 -0.1021
vn 0.9063 0.4146 -0.0825
vn 0.8865 0.4615 -0.0344
vn 0.9099 0.4083 -0.0737
vn 0.9108 0.4087 -0.0580
vn 0.1336 0.7576 -0.6388
vn 0.1029 0.7815 -0.6153
vn 0.1348 0.7646 -0.6302
vn 0.0989 0.7515 -0.6523
vn -0.0314 0.7200 -0.6933
vn -0.0327 0.7487 -0.6621
vn -0.0000 0.7298 -0.6836
vn -0.0000 0.7397 -0.6729
vn 0.8337 0.5312 -0.1508
vn 0.8532 0.5093 -0.1124
vn 0.8518 0.5084 -0.1262
vn 0.8667 0.4920 -0.0825
vn 0.8429 0.5370 -0.0344
vn 0.8579 0.5037 -0.1021
vn 0.8717 0.4865 -0.0580
vn 0.8708 0.4860 -0.0737
vn 0.0344 0.7875 -0.6153
vn 0.0331 0.7572 -0.6523
vn 0.0677 0.7735 -0.6302
vn 0.0671 0.7664 -0.6388
vn -0.0941 0.7145 -0.6933
vn -0.0636 0.7270 -0.6836
vn -0.0645 0.7369 -0.6729
vn -0.0978 0.7430 -0.6621
vn 0.7843 0.6018 -0.1508
vn 0.8056 0.5817 -0.1124
vn 0.8042 0.5807 -0.1262
vn 0.8260 0.5607 -0.0580
vn 0.8107 0.5765 -0.1021
vn 0.7929 0.6084 -0.0344
vn 0.8252 0.5601 -0.0737
vn 0.8205 0.5657 -0.0825
vn -0.0331 0.7572 -0.6523
vn -0.0000 0.7693 -0.6388
vn -0.0000 0.7764 -0.6302
vn -0.0344 0.7875 -0.6153
vn -0.1284 0.7285 -0.6729
vn -0.1560 0.7036 -0.6933
vn -0.1267 0.7187 -0.6836
vn -0.1622 0.7317 -0.6621
vn 0.7518 0.6497 -0.1124
vn 0.7288 0.6679 -0.1508
vn 0.7506 0.6486 -0.1262
vn 0.7681 0.6350 -0.0825
vn 0.7732 0.6299 -0.0737
vn 0.7212 0.6898 -0.0633
vn 0.7368 0.6752 -0.0344
vn 0.7574 0.6450 -0.1021
vn 0.7740 0.6305 -0.0580
vn -0.0671 0.7664 -0.6388
vn -0.0677 0.7735 -0.6302
vn -0.1029 0.7815 -0.6153
vn -0.0989 0.7515 -0.6523
vn 0.6679 0.7288 -0.1508
vn 0.7018 0.7018 -0.1221
vn -0.2167 0.6873 -0.6933
vn -0.1889 0.7050 -0.6836
vn -0.1914 0.7145 -0.6729
vn -0.2254 0.7147 -0.6621
vn 0.7049 0.7049 -0.0783
vn 0.6542 0.7465 -0.1216
vn 0.7050 0.7050 -0.0776
vn -0.1706 0.7696 -0.6153
vn -0.1641 0.7400 -0.6523
vn -0.1336 0.7576 -0.6388
vn -0.1348 0.7646 -0.6302
vn 0.6898 0.7212 -0.0633
vn 0.6752 0.7368 -0.0344
vn -0.2868 0.6924 -0.6621
vn -0.2530 0.6951 -0.6729
vn -0.2496 0.6858 -0.6836
vn -0.2758 0.6658 -0.6933
vn 0.6018 0.7843 -0.1508
vn 0.6391 0.7616 -0.1073
vn 0.6215 0.7739 -0.1216
vn 0.6084 0.7929 -0.0344
vn 0.6415 0.7645 -0.0639
vn 0.6391 0.7617 -0.1069
vn -0.2370 0.7518 -0.6153
vn -0.1991 0.7431 -0.6388
vn -0.2279 0.7229 -0.6523
vn -0.2010 0.7500 -0.6302
vn -0.3328 0.6392 -0.6933
vn -0.3126 0.6704 -0.6729
vn -0.3461 0.6648 -0.6621
vn -0.3084 0.6614 -0.6836
vn 0.5580 0.8222 -0.1124
vn 0.5312 0.8337 -0.1508
vn 0.5571 0.8208 -0.1262
vn 0.5775 0.8122 -0.0826
vn 0.5838 0.8085 -0.0737
vn 0.5844 0.8094 -0.0580
vn 0.5646 0.8190 -0.1021
vn 0.5370 0.8429 -0.0344
vn -0.2656 0.7296 -0.6302
vn -0.2901 0.7003 -0.6523
vn -0.2631 0.7229 -0.6388
vn -0.3017 0.7283 -0.6153
vn -0.3872 0.6078 -0.6933
vn -0.3649 0.6320 -0.6836
vn -0.4027 0.6321 -0.6621
vn -0.3698 0.6406 -0.6729
vn 0.4565 0.8769 -0.1508
vn 0.4843 0.8677 -0.1124
vn 0.4835 0.8662 -0.1262
vn 0.4615 0.8865 -0.0344
vn 0.5117 0.8572 -0.0580
vn 0.5046 0.8594 -0.0825
vn 0.5111 0.8563 -0.0737
vn 0.4911 0.8651 -0.1021
vn -0.3500 0.6723 -0.6523
vn -0.3251 0.6973 -0.6388
vn -0.3281 0.7037 -0.6302
vn -0.3640 0.6992 -0.6153
vn -0.4186 0.5978 -0.6836
vn -0.4387 0.5718 -0.6933
vn -0.4562 0.5946 -0.6621
vn -0.4243 0.6059 -0.6729
vn 0.4068 0.9066 -0.1124
vn 0.3783 0.9133 -0.1508
vn 0.4061 0.9051 -0.1262
vn 0.4138 0.9046 -0.1021
vn 0.4277 0.9001 -0.0825
vn 0.4346 0.8976 -0.0737
vn 0.3825 0.9233 -0.0344
vn 0.4350 0.8985 -0.0580
vn -0.4235 0.6648 -0.6153
vn -0.4072 0.6392 -0.6523
vn -0.3847 0.6663 -0.6388
vn -0.3882 0.6724 -0.6302
vn -0.4869 0.5313 -0.6933
vn -0.5063 0.5525 -0.6621
vn -0.4691 0.5591 -0.6836
vn -0.4755 0.5666 -0.6729
vn 0.2973 0.9428 -0.1508
vn 0.3262 0.9386 -0.1124
vn 0.3257 0.9370 -0.1262
vn 0.3551 0.9330 -0.0580
vn 0.3547 0.9321 -0.0737
vn 0.3005 0.9532 -0.0344
vn 0.3334 0.9372 -0.1021
vn 0.3477 0.9340 -0.0826
vn -0.4413 0.6302 -0.6388
vn -0.4614 0.6013 -0.6523
vn -0.4453 0.6360 -0.6302
vn -0.4799 0.6254 -0.6153
vn -0.5313 0.4869 -0.6933
vn -0.5161 0.5161 -0.6836
vn -0.5525 0.5063 -0.6621
vn -0.5230 0.5230 -0.6729
vn 0.2140 0.9651 -0.1508
vn 0.2432 0.9634 -0.1124
vn 0.2428 0.9618 -0.1262
vn 0.2721 0.9594 -0.0737
vn 0.2724 0.9604 -0.0580
vn 0.1951 0.9787 -0.0633
vn 0.2505 0.9627 -0.1021
vn 0.2163 0.9757 -0.0344
vn 0.2649 0.9607 -0.0825
vn -0.4945 0.5893 -0.6388
vn -0.4991 0.5948 -0.6302
vn -0.5121 0.5588 -0.6523
vn -0.5325 0.5812 -0.6153
vn 0.1723 0.9774 -0.1221
vn 0.1290 0.9801 -0.1508
vn -0.5591 0.4691 -0.6836
vn -0.5666 0.4755 -0.6729
vn -0.5718 0.4387 -0.6933
vn -0.5946 0.4562 -0.6621
vn 0.1078 0.9867 -0.1216
vn 0.1731 0.9818 -0.0776
vn 0.1731 0.9818 -0.0783
vn -0.5812 0.5325 -0.6153
vn -0.5440 0.5440 -0.6388
vn -0.5490 0.5490 -0.6302
vn -0.5588 0.5121 -0.6523
vn 0.1514 0.9864 -0.0633
vn 0.1304 0.9909 -0.0344
vn -0.6321 0.4027 -0.6621
vn -0.6078 0.3872 -0.6933
vn -0.6059 0.4243 -0.6729
vn -0.5978 0.4186 -0.6836
vn 0.0431 0.9876 -0.1508
vn 0.0652 0.9904 -0.1216
vn 0.0867 0.9904 -0.1073
vn 0.0867 0.9905 -0.1069
vn 0.0870 0.9942 -0.0639
vn 0.0436 0.9985 -0.0344
vn -0.6254 0.4799 -0.6153
vn -0.5893 0.4945 -0.6388
vn -0.5948 0.4991 -0.6302
vn -0.6013 0.4614 -0.6523
vn -0.6648 0.3461 -0.6621
vn -0.6392 0.3328 -0.6933
vn -0.6320 0.3649 -0.6836
vn -0.6406 0.3698 -0.6729
vn -0.0431 0.9876 -0.1508
vn -0.0145 0.9936 -0.1124
vn -0.0144 0.9919 -0.1262
vn 0.0072 0.9966 -0.0825
vn -0.0436 0.9985 -0.0344
vn 0.0145 0.9982 -0.0580
vn 0.0145 0.9972 -0.0737
vn -0.0072 0.9948 -0.1021
vn -0.6360 0.4453 -0.6302
vn -0.6393 0.4072 -0.6523
vn -0.6302 0.4413 -0.6388
vn -0.6648 0.4235 -0.6153
vn -0.6658 0.2758 -0.6933
vn -0.6614 0.3084 -0.6836
vn -0.6704 0.3126 -0.6729
vn -0.6924 0.2868 -0.6621
vn -0.1290 0.9801 -0.1508
vn -0.1010 0.9885 -0.1124
vn -0.1008 0.9869 -0.1262
vn -0.1304 0.9909 -0.0344
vn -0.0725 0.9946 -0.0737
vn -0.0796 0.9934 -0.0825
vn -0.0725 0.9957 -0.0580
vn -0.0939 0.9903 -0.1021
vn -0.6992 0.3640 -0.6153
vn -0.6723 0.3500 -0.6523
vn -0.6663 0.3847 -0.6388
vn -0.6724 0.3882 -0.6302
vn -0.6873 0.2167 -0.6933
vn -0.7147 0.2254 -0.6621
vn -0.6858 0.2496 -0.6836
vn -0.6951 0.2530 -0.6729
vn -0.2140 0.9651 -0.1508
vn -0.1868 0.9760 -0.1124
vn -0.1864 0.9743 -0.1262
vn -0.1799 0.9784 -0.1021
vn -0.2163 0.9757 -0.0344
vn -0.1659 0.9827 -0.0825
vn -0.1589 0.9845 -0.0737
vn -0.1590 0.9856 -0.0580
vn -0.7283 0.3017 -0.6153
vn -0.7037 0.3281 -0.6302
vn -0.7003 0.2901 -0.6523
vn -0.6973 0.3251 -0.6388
vn -0.7050 0.1889 -0.6836
vn -0.7036 0.1560 -0.6933
vn -0.7317 0.1622 -0.6621
vn -0.7145 0.1914 -0.6729
vn -0.2711 0.9560 -0.1124
vn -0.2973 0.9428 -0.1508
vn -0.2707 0.9544 -0.1262
vn -0.2509 0.9645 -0.0825
vn -0.2443 0.9680 -0.0580
vn -0.2645 0.9590 -0.1021
vn -0.3005 0.9532 -0.0344
vn -0.2441 0.9670 -0.0737
vn -0.7296 0.2656 -0.6302
vn -0.7229 0.2279 -0.6523
vn -0.7518 0.2370 -0.6153
vn -0.7229 0.2631 -0.6388
vn -0.7187 0.1267 -0.6836
vn -0.7285 0.1284 -0.6729
vn -0.7145 0.0941 -0.6933
vn -0.7430 0.0978 -0.6621
vn -0.3783 0.9133 -0.1508
vn -0.3534 0.9287 -0.1124
vn -0.3528 0.9271 -0.1262
vn -0.3340 0.9389 -0.0825
vn -0.3278 0.9430 -0.0580
vn -0.3274 0.9420 -0.0737
vn -0.3470 0.9323 -0.1021
vn -0.3825 0.9233 -0.0344
vn -0.7500 0.2010 -0.6302
vn -0.7400 0.1641 -0.6523
vn -0.7696 0.1706 -0.6153
vn -0.7431 0.1991 -0.6388
vn -0.7369 0.0645 -0.6729
vn -0.7200 0.0314 -0.6933
vn -0.7270 0.0636 -0.6836
vn -0.7487 0.0327 -0.6621
vn -0.4330 0.8944 -0.1124
vn -0.4565 0.8769 -0.1508
vn -0.4323 0.8929 -0.1262
vn -0.4615 0.8865 -0.0344
vn -0.4087 0.9108 -0.0580
vn -0.4083 0.9099 -0.0737
vn -0.4270 0.8985 -0.1021
vn -0.4796 0.8752 -0.0633
vn -0.4146 0.9063 -0.0825
vn -0.7576 0.1336 -0.6388
vn -0.7646 0.1348 -0.6302
vn -0.7515 0.0989 -0.6523
vn -0.7815 0.1029 -0.6153
vn -0.4963 0.8595 -0.1221
vn -0.5312 0.8337 -0.1508
vn -0.7200 -0.0314 -0.6933
vn -0.7397 -0.0000 -0.6729
vn -0.7298 -0.0000 -0.6836
vn -0.7487 -0.0327 -0.6621
vn -0.5517 0.8251 -0.1216
vn -0.4985 0.8634 -0.0776
vn -0.4985 0.8634 -0.0783
vn -0.7875 0.0344 -0.6153
vn -0.7664 0.0671 -0.6388
vn -0.7735 0.0677 -0.6302
vn -0.7572 0.0331 -0.6523
vn -0.5181 0.8530 -0.0633
vn -0.5370 0.8429 -0.0344
vn -0.7270 -0.0636 -0.6836
vn -0.7145 -0.0941 -0.6933
vn -0.7430 -0.0978 -0.6621
vn -0.7369 -0.0645 -0.6729
vn -0.6018 0.7843 -0.1508
vn -0.5703 0.8144 -0.1073
vn -0.5703 0.8145 -0.1069
vn -0.5867 0.8006 -0.1216
vn -0.6243 0.7786 -0.0633
vn -0.6084 0.7929 -0.0344
vn -0.5724 0.8175 -0.0639
vn -0.7764 -0.0000 -0.6302
vn -0.7875 -0.0344 -0.6153
vn -0.7693 -0.0000 -0.6388
vn -0.7572 -0.0331 -0.6523
vn -0.6679 0.7288 -0.1508
vn -0.6380 0.7603 -0.1221
vn -0.7317 -0.1622 -0.6621
vn -0.7036 -0.1560 -0.6933
vn -0.7285 -0.1284 -0.6729
vn -0.7187 -0.1267 -0.6836
vn -0.6408 0.7637 -0.0776
vn -0.6408 0.7637 -0.0783
vn -0.6866 0.7168 -0.1216
vn -0.7815 -0.1029 -0.6153
vn -0.7515 -0.0989 -0.6523
vn -0.7735 -0.0677 -0.6302
vn -0.7664 -0.0671 -0.6388
vn -0.6584 0.7500 -0.0633
vn -0.6752 0.7368 -0.0344
vn -0.7147 -0.2254 -0.6621
vn -0.6873 -0.2167 -0.6933
vn -0.7145 -0.1914 -0.6729
vn -0.7050 -0.1889 -0.6836
vn -0.7288 0.6679 -0.1508
vn -0.7031 0.7031 -0.1069
vn -0.7168 0.6866 -0.1216
vn -0.7030 0.7030 -0.1073
vn -0.7368 0.6752 -0.0344
vn -0.7057 0.7057 -0.0639
vn -0.7400 -0.1641 -0.6523
vn -0.7696 -0.1706 -0.6153
vn -0.7646 -0.1348 -0.6302
vn -0.7576 -0.1336 -0.6388
vn -0.6658 -0.2758 -0.6933
vn -0.6924 -0.2868 -0.6621
vn -0.6951 -0.2530 -0.6729
vn -0.6858 -0.2496 -0.6836
vn -0.7843 0.6018 -0.1508
vn -0.7704 0.6276 -0.1124
vn -0.7691 0.6265 -0.1262
vn -0.7588 0.6461 -0.0825
vn -0.7553 0.6528 -0.0580
vn -0.7546 0.6521 -0.0737
vn -0.7667 0.6339 -0.1021
vn -0.7929 0.6084 -0.0344
vn -0.7229 -0.2279 -0.6523
vn -0.7500 -0.2010 -0.6302
vn -0.7518 -0.2370 -0.6153
vn -0.7431 -0.1991 -0.6388
vn -0.6614 -0.3084 -0.6836
vn -0.6392 -0.3328 -0.6933
vn -0.6648 -0.3461 -0.6621
vn -0.6704 -0.3126 -0.6729
vn -0.8337 0.5312 -0.1508
vn -0.8222 0.5580 -0.1124
vn -0.8208 0.5571 -0.1262
vn -0.8190 0.5646 -0.1021
vn -0.8122 0.5775 -0.0825
vn -0.8094 0.5844 -0.0580
vn -0.8085 0.5838 -0.0737
vn -0.8530 0.5181 -0.0633
vn -0.8429 0.5370 -0.0344
vn -0.7229 -0.2631 -0.6388
vn -0.7296 -0.2656 -0.6302
vn -0.7003 -0.2901 -0.6523
vn -0.7283 -0.3017 -0.6153
vn -0.8595 0.4963 -0.1221
vn -0.8769 0.4565 -0.1508
vn -0.6321 -0.4027 -0.6621
vn -0.6320 -0.3649 -0.6836
vn -0.6078 -0.3872 -0.6933
vn -0.6406 -0.3698 -0.6729
vn -0.8903 0.4387 -0.1216
vn -0.8634 0.4985 -0.0776
vn -0.8634 0.4985 -0.0783
vn -0.6992 -0.3640 -0.6153
vn -0.6973 -0.3251 -0.6388
vn -0.7037 -0.3281 -0.6302
vn -0.6723 -0.3500 -0.6523
vn -0.8865 0.4615 -0.0344
vn -0.8752 0.4796 -0.0633
vn -0.6059 -0.4243 -0.6729
vn -0.5718 -0.4387 -0.6933
vn -0.5978 -0.4186 -0.6836
vn -0.5946 -0.4562 -0.6621
vn -0.9133 0.3783 -0.1508
vn -0.9011 0.4202 -0.1073
vn -0.9084 0.4000 -0.1216
vn -0.9011 0.4202 -0.1069
vn -0.9045 0.4218 -0.0639
vn -0.9233 0.3825 -0.0344
vn -0.6393 -0.4072 -0.6523
vn -0.6648 -0.4235 -0.6153
vn -0.6724 -0.3882 -0.6302
vn -0.6663 -0.3847 -0.6388
vn -0.5313 -0.4869 -0.6933
vn -0.5591 -0.4691 -0.6836
vn -0.5666 -0.4755 -0.6729
vn -0.5525 -0.5063 -0.6621
vn -0.9428 0.2973 -0.1508
vn -0.9386 0.3262 -0.1124
vn -0.9370 0.3257 -0.1262
vn -0.9532 0.3005 -0.0344
vn -0.9340 0.3477 -0.0825
vn -0.9321 0.3547 -0.0737
vn -0.9330 0.3550 -0.0580
vn -0.9372 0.3334 -0.1021
vn -0.6302 -0.4413 -0.6388
vn -0.6254 -0.4799 -0.6153
vn -0.6013 -0.4614 -0.6523
vn -0.6360 -0.4453 -0.6302
vn -0.5230 -0.5230 -0.6729
vn -0.5063 -0.5525 -0.6621
vn -0.4869 -0.5313 -0.6933
vn -0.5161 -0.5161 -0.6836
vn -0.9634 0.2432 -0.1124
vn -0.9651 0.2140 -0.1508
vn -0.9618 0.2428 -0.1262
vn -0.9787 0.1951 -0.0633
vn -0.9757 0.2163 -0.0344
vn -0.9607 0.2649 -0.0825
vn -0.9594 0.2721 -0.0737
vn -0.9604 0.2724 -0.0580
vn -0.9627 0.2505 -0.1021
vn -0.5812 -0.5325 -0.6153
vn -0.5588 -0.5121 -0.6523
vn -0.5948 -0.4991 -0.6302
vn -0.5893 -0.4945 -0.6388
vn -0.9774 0.1724 -0.1221
vn -0.9801 0.1290 -0.1508
vn -0.9818 0.1731 -0.0776
vn -0.4755 -0.5666 -0.6729
vn -0.4387 -0.5718 -0.6933
vn -0.4691 -0.5591 -0.6836
vn -0.4562 -0.5946 -0.6621
vn -0.9818 0.1731 -0.0783
vn -0.5440 -0.5440 -0.6388
vn -0.5121 -0.5588 -0.6523
vn -0.5325 -0.5812 -0.6153
vn -0.5490 -0.5490 -0.6302
vn -0.9864 0.1514 -0.0633
vn -0.9909 0.1304 -0.0344
vn -0.9885 0.1010 -0.1124
vn -0.9903 0.0939 -0.1021
vn -0.9876 0.0431 -0.1508
vn -0.9869 0.1008 -0.1262
vn -0.4186 -0.5978 -0.6836
vn -0.4243 -0.6059 -0.6729
vn -0.3872 -0.6078 -0.6933
vn -0.4027 -0.6321 -0.6621
vn -0.9934 0.0796 -0.0825
vn -0.9923 0.0213 -0.1216
vn -0.4799 -0.6254 -0.6153
vn -0.4991 -0.5948 -0.6302
vn -0.4614 -0.6013 -0.6523
vn -0.4945 -0.5893 -0.6388
vn -0.9946 0.0725 -0.0737
vn -0.9957 0.0725 -0.0580
vn -0.9985 0.0436 -0.0344
vn -0.3461 -0.6648 -0.6621
vn -0.3698 -0.6406 -0.6729
vn -0.3649 -0.6320 -0.6836
vn -0.3328 -0.6392 -0.6933
vn -0.9876 -0.0431 -0.1508
vn -0.9923 -0.0213 -0.1216
vn -0.9942 -0.0000 -0.1073
vn -0.9943 -0.0000 -0.1069
vn -0.9980 -0.0000 -0.0639
vn -0.9985 -0.0436 -0.0344
vn -0.4453 -0.6360 -0.6302
vn -0.4413 -0.6302 -0.6388
vn -0.4072 -0.6392 -0.6523
vn -0.4235 -0.6648 -0.6153
vn -0.3084 -0.6614 -0.6836
vn -0.2758 -0.6658 -0.6933
vn -0.2868 -0.6924 -0.6621
vn -0.3126 -0.6704 -0.6729
vn -0.9885 -0.1010 -0.1124
vn -0.9801 -0.1290 -0.1508
vn -0.9869 -0.1008 -0.1262
vn -0.9909 -0.1304 -0.0344
vn -0.9864 -0.1514 -0.0633
vn -0.9957 -0.0725 -0.0580
vn -0.9946 -0.0725 -0.0737
vn -0.9903 -0.0939 -0.1021
vn -0.9934 -0.0796 -0.0825
vn -0.3500 -0.6723 -0.6523
vn -0.3640 -0.6992 -0.6153
vn -0.3847 -0.6663 -0.6388
vn -0.3882 -0.6724 -0.6302
vn -0.9651 -0.2140 -0.1508
vn -0.9774 -0.1724 -0.1221
vn -0.2254 -0.7147 -0.6621
vn -0.2530 -0.6951 -0.6729
vn -0.2167 -0.6873 -0.6933
vn -0.2496 -0.6858 -0.6836
vn -0.9818 -0.1731 -0.0783
vn -0.9818 -0.1731 -0.0776
vn -0.2901 -0.7003 -0.6523
vn -0.3281 -0.7037 -0.6302
vn -0.3017 -0.7283 -0.6153
vn -0.3251 -0.6973 -0.6388
vn -0.9757 -0.2163 -0.0344
vn -0.9787 -0.1951 -0.0633
vn -0.9428 -0.2973 -0.1508
vn -0.9634 -0.2432 -0.1124
vn -0.9618 -0.2428 -0.1262
vn -0.9627 -0.2505 -0.1021
vn -0.1622 -0.7317 -0.6621
vn -0.1914 -0.7145 -0.6729
vn -0.1560 -0.7036 -0.6933
vn -0.1889 -0.7050 -0.6836
vn -0.9398 -0.3194 -0.1216
vn -0.9607 -0.2649 -0.0825
vn -0.2279 -0.7229 -0.6523
vn -0.2370 -0.7518 -0.6153
vn -0.2656 -0.7296 -0.6302
vn -0.2631 -0.7229 -0.6388
vn -0.9594 -0.2721 -0.0737
vn -0.9532 -0.3005 -0.0344
vn -0.9604 -0.2724 -0.0580
vn -0.0941 -0.7145 -0.6933
vn -0.1284 -0.7285 -0.6729
vn -0.0978 -0.7430 -0.6621
vn -0.1267 -0.7187 -0.6836
vn -0.9133 -0.3783 -0.1508
vn -0.9343 -0.3400 -0.1073
vn -0.9252 -0.3595 -0.1216
vn -0.9343 -0.3401 -0.1069
vn -0.9233 -0.3825 -0.0344
vn -0.9137 -0.4015 -0.0633
vn -0.9378 -0.3413 -0.0639
vn -0.1641 -0.7400 -0.6523
vn -0.1706 -0.7696 -0.6153
vn -0.1991 -0.7431 -0.6388
vn -0.2010 -0.7500 -0.6302
vn -0.8995 -0.4195 -0.1221
vn -0.8769 -0.4565 -0.1508
vn -0.0327 -0.7487 -0.6621
vn -0.0314 -0.7200 -0.6933
vn -0.0645 -0.7369 -0.6729
vn -0.0636 -0.7270 -0.6836
vn -0.9036 -0.4213 -0.0776
vn -0.8701 -0.4777 -0.1216
vn -0.9035 -0.4213 -0.0783
vn -0.1029 -0.7815 -0.6153
vn -0.1348 -0.7646 -0.6302
vn -0.1336 -0.7576 -0.6388
vn -0.0989 -0.7515 -0.6523
vn -0.8949 -0.4418 -0.0633
vn -0.8865 -0.4615 -0.0344
vn -0.0000 -0.7298 -0.6836
vn 0.0327 -0.7487 -0.6621
vn -0.0000 -0.7397 -0.6729
vn 0.0314 -0.7200 -0.6933
vn -0.8337 -0.5312 -0.1508
vn -0.8610 -0.4971 -0.1073
vn -0.8487 -0.5147 -0.1216
vn -0.8611 -0.4971 -0.1069
vn -0.8643 -0.4990 -0.0639
vn -0.8300 -0.5541 -0.0633
vn -0.8429 -0.5370 -0.0344
vn -0.0671 -0.7664 -0.6388
vn -0.0331 -0.7572 -0.6523
vn -0.0677 -0.7735 -0.6302
vn -0.0344 -0.7875 -0.6153
vn -0.8130 -0.5693 -0.1221
vn -0.7843 -0.6018 -0.1508
vn 0.0645 -0.7369 -0.6729
vn 0.0636 -0.7270 -0.6836
vn 0.0978 -0.7430 -0.6621
vn 0.0941 -0.7145 -0.6933
vn -0.8167 -0.5718 -0.0776
vn -0.8166 -0.5718 -0.0783
vn 0.0331 -0.7572 -0.6523
vn -0.0000 -0.7693 -0.6388
vn -0.0000 -0.7764 -0.6302
vn 0.0344 -0.7875 -0.6153
vn -0.7929 -0.6084 -0.0344
vn -0.8046 -0.5905 -0.0633
vn -0.7288 -0.6679 -0.1508
vn -0.7704 -0.6276 -0.1124
vn -0.7691 -0.6265 -0.1262
vn -0.7667 -0.6339 -0.1021
vn 0.1284 -0.7285 -0.6729
vn 0.1267 -0.7187 -0.6836
vn 0.1622 -0.7317 -0.6621
vn 0.1560 -0.7036 -0.6933
vn -0.7168 -0.6866 -0.1216
vn -0.7588 -0.6461 -0.0825
vn 0.0671 -0.7664 -0.6388
vn 0.0677 -0.7735 -0.6302
vn 0.0989 -0.7515 -0.6523
vn 0.1029 -0.7815 -0.6153
vn -0.7546 -0.6521 -0.0737
vn -0.7368 -0.6752 -0.0344
vn -0.7553 -0.6528 -0.0580
vn 0.1914 -0.7145 -0.6729
vn 0.2167 -0.6873 -0.6933
vn 0.1889 -0.7050 -0.6836
vn 0.2254 -0.7147 -0.6621
vn -0.6679 -0.7288 -0.1508
vn -0.7030 -0.7030 -0.1073
vn -0.6866 -0.7168 -0.1216
vn -0.6752 -0.7368 -0.0344
vn -0.7057 -0.7057 -0.0639
vn -0.7031 -0.7031 -0.1069
vn 0.1641 -0.7400 -0.6523
vn 0.1336 -0.7576 -0.6388
vn 0.1348 -0.7646 -0.6302
vn 0.1706 -0.7696 -0.6153
vn 0.2868 -0.6924 -0.6621
vn 0.2530 -0.6951 -0.6729
vn 0.2758 -0.6658 -0.6933
vn 0.2496 -0.6858 -0.6836
vn -0.6276 -0.7704 -0.1124
vn -0.6018 -0.7843 -0.1508
vn -0.6265 -0.7691 -0.1262
vn -0.6461 -0.7588 -0.0825
vn -0.6521 -0.7546 -0.0737
vn -0.6528 -0.7553 -0.0580
vn -0.5905 -0.8046 -0.0633
vn -0.6084 -0.7929 -0.0344
vn -0.6339 -0.7667 -0.1021
vn 0.2370 -0.7518 -0.6153
vn 0.1991 -0.7431 -0.6388
vn 0.2010 -0.7500 -0.6302
vn 0.2279 -0.7229 -0.6523
vn -0.5312 -0.8337 -0.1508
vn -0.5693 -0.8130 -0.1221
vn 0.3460 -0.6648 -0.6621
vn 0.3126 -0.6704 -0.6729
vn 0.3328 -0.6392 -0.6933
vn 0.3084 -0.6614 -0.6836
vn -0.5718 -0.8167 -0.0776
vn -0.5718 -0.8166 -0.0783
vn 0.2656 -0.7296 -0.6302
vn 0.2901 -0.7003 -0.6523
vn 0.3017 -0.7283 -0.6153
vn 0.2631 -0.7229 -0.6388
vn -0.5541 -0.8301 -0.0633
vn -0.5370 -0.8429 -0.0344
vn -0.4565 -0.8769 -0.1508
vn -0.5037 -0.8579 -0.1021
vn -0.5084 -0.8518 -0.1262
vn -0.5093 -0.8532 -0.1124
vn 0.3649 -0.6320 -0.6836
vn 0.4027 -0.6321 -0.6621
vn 0.3872 -0.6078 -0.6933
vn 0.3698 -0.6406 -0.6729
vn -0.4920 -0.8667 -0.0825
vn -0.4387 -0.8904 -0.1216
vn 0.3500 -0.6723 -0.6523
vn 0.3251 -0.6973 -0.6388
vn 0.3640 -0.6992 -0.6153
vn 0.3281 -0.7037 -0.6302
vn -0.4860 -0.8708 -0.0737
vn -0.4865 -0.8717 -0.0580
vn -0.4615 -0.8865 -0.0344
vn 0.4186 -0.5978 -0.6836
vn 0.4387 -0.5718 -0.6933
vn 0.4562 -0.5946 -0.6621
vn 0.4243 -0.6059 -0.6729
vn -0.3783 -0.9133 -0.1508
vn -0.4000 -0.9084 -0.1216
vn -0.4202 -0.9011 -0.1073
vn -0.4202 -0.9011 -0.1069
vn -0.4218 -0.9045 -0.0639
vn -0.3825 -0.9233 -0.0344
vn 0.3882 -0.6724 -0.6302
vn 0.4072 -0.6392 -0.6523
vn 0.3847 -0.6663 -0.6388
vn 0.4235 -0.6648 -0.6153
vn 0.4691 -0.5591 -0.6836
vn 0.4869 -0.5313 -0.6933
vn 0.5063 -0.5525 -0.6621
vn 0.4755 -0.5666 -0.6729
vn -0.2973 -0.9428 -0.1508
vn -0.3262 -0.9386 -0.1124
vn -0.3257 -0.9370 -0.1262
vn -0.3005 -0.9532 -0.0344
vn -0.2797 -0.9580 -0.0633
vn -0.3551 -0.9330 -0.0580
vn -0.3547 -0.9321 -0.0737
vn -0.3477 -0.9340 -0.0826
vn -0.3334 -0.9372 -0.1021
vn 0.4413 -0.6302 -0.6388
vn 0.4453 -0.6360 -0.6302
vn 0.4614 -0.6013 -0.6523
vn 0.4799 -0.6254 -0.6153
vn -0.2569 -0.9587 -0.1221
vn -0.2140 -0.9651 -0.1508
vn 0.5230 -0.5230 -0.6729
vn 0.5313 -0.4869 -0.6933
vn 0.5161 -0.5161 -0.6836
vn 0.5525 -0.5063 -0.6621
vn -0.2580 -0.9630 -0.0783
vn -0.2580 -0.9630 -0.0776
vn -0.1933 -0.9736 -0.1216
vn 0.5325 -0.5812 -0.6153
vn 0.4945 -0.5893 -0.6388
vn 0.4991 -0.5948 -0.6302
vn 0.5121 -0.5588 -0.6523
vn -0.2163 -0.9757 -0.0344
vn -0.2368 -0.9695 -0.0633
vn 0.5946 -0.4562 -0.6621
vn 0.5718 -0.4387 -0.6933
vn 0.5591 -0.4691 -0.6836
vn 0.5666 -0.4755 -0.6729
vn -0.1290 -0.9801 -0.1508
vn -0.1513 -0.9810 -0.1216
vn -0.1726 -0.9791 -0.1073
vn -0.1304 -0.9909 -0.0344
vn -0.1733 -0.9828 -0.0639
vn -0.1727 -0.9792 -0.1069
vn 0.5812 -0.5325 -0.6153
vn 0.5490 -0.5490 -0.6302
vn 0.5440 -0.5440 -0.6388
vn 0.5588 -0.5121 -0.6523
vn 0.6059 -0.4243 -0.6729
vn 0.6321 -0.4027 -0.6621
vn 0.6078 -0.3872 -0.6933
vn 0.5978 -0.4186 -0.6836
vn -0.0431 -0.9876 -0.1508
vn -0.0722 -0.9910 -0.1124
vn -0.0721 -0.9894 -0.1262
vn -0.0436 -0.9985 -0.0344
vn -0.0941 -0.9921 -0.0825
vn -0.1014 -0.9921 -0.0737
vn -0.1015 -0.9931 -0.0580
vn -0.0795 -0.9916 -0.1021
vn 0.5948 -0.4991 -0.6302
vn 0.6013 -0.4614 -0.6523
vn 0.6254 -0.4799 -0.6153
vn 0.5893 -0.4945 -0.6388
vn 0.6406 -0.3698 -0.6729
vn 0.6648 -0.3461 -0.6621
vn 0.6392 -0.3328 -0.6933
vn 0.6320 -0.3649 -0.6836
vn 0.0145 -0.9936 -0.1124
vn 0.0431 -0.9876 -0.1508
vn 0.0144 -0.9919 -0.1262
vn 0.0648 -0.9959 -0.0633
vn 0.0072 -0.9948 -0.1021
vn 0.0436 -0.9985 -0.0344
vn -0.0145 -0.9982 -0.0580
vn -0.0072 -0.9966 -0.0825
vn -0.0145 -0.9972 -0.0737
vn 0.6302 -0.4413 -0.6388
vn 0.6360 -0.4453 -0.6302
vn 0.6648 -0.4235 -0.6153
vn 0.6392 -0.4072 -0.6523
vn 0.1290 -0.9801 -0.1508
vn 0.0869 -0.9932 -0.0776
vn 0.0865 -0.9887 -0.1221
vn 0.6614 -0.3084 -0.6836
vn 0.6924 -0.2868 -0.6621
vn 0.6704 -0.3126 -0.6729
vn 0.6658 -0.2758 -0.6933
vn 0.0869 -0.9931 -0.0783
vn 0.6724 -0.3882 -0.6302
vn 0.6663 -0.3847 -0.6388
vn 0.6723 -0.3500 -0.6523
vn 0.6992 -0.3640 -0.6153
vn 0.1091 -0.9920 -0.0633
vn 0.1304 -0.9909 -0.0344
vn 0.1656 -0.9809 -0.1021
vn 0.2140 -0.9651 -0.1508
vn 0.1580 -0.9793 -0.1262
vn 0.1583 -0.9810 -0.1124
vn 0.6858 -0.2496 -0.6836
vn 0.6951 -0.2530 -0.6729
vn 0.6873 -0.2167 -0.6933
vn 0.7147 -0.2254 -0.6621
vn 0.1802 -0.9802 -0.0825
vn 0.2362 -0.9641 -0.1216
vn 0.6973 -0.3251 -0.6388
vn 0.7037 -0.3281 -0.6302
vn 0.7003 -0.2901 -0.6523
vn 0.7283 -0.3017 -0.6153
vn 0.1874 -0.9795 -0.0737
vn 0.2163 -0.9757 -0.0344
vn 0.1876 -0.9805 -0.0580
vn 0.7317 -0.1622 -0.6621
vn 0.7050 -0.1889 -0.6836
vn 0.7145 -0.1914 -0.6729
vn 0.7036 -0.1560 -0.6933
vn 0.2973 -0.9428 -0.1508
vn 0.2775 -0.9530 -0.1216
vn 0.2573 -0.9603 -0.1073
vn 0.2573 -0.9604 -0.1069
vn 0.2583 -0.9640 -0.0639
vn 0.3005 -0.9532 -0.0344
vn 0.7229 -0.2631 -0.6388
vn 0.7296 -0.2656 -0.6302
vn 0.7229 -0.2279 -0.6523
vn 0.7518 -0.2370 -0.6153
vn 0.7285 -0.1284 -0.6729
vn 0.7187 -0.1267 -0.6836
vn 0.7145 -0.0941 -0.6933
vn 0.7430 -0.0978 -0.6621
vn 0.3534 -0.9287 -0.1124
vn 0.3783 -0.9133 -0.1508
vn 0.3528 -0.9271 -0.1262
vn 0.3278 -0.9430 -0.0580
vn 0.3274 -0.9420 -0.0737
vn 0.3340 -0.9389 -0.0825
vn 0.4015 -0.9137 -0.0633
vn 0.3470 -0.9323 -0.1021
vn 0.3825 -0.9233 -0.0344
vn 0.7400 -0.1641 -0.6523
vn 0.7696 -0.1706 -0.6153
vn 0.7500 -0.2010 -0.6302
vn 0.7431 -0.1991 -0.6388
vn 0.4565 -0.8769 -0.1508
vn 0.4195 -0.8995 -0.1221
vn 0.4213 -0.9036 -0.0776
vn 0.7369 -0.0645 -0.6729
vn 0.7487 -0.0327 -0.6621
vn 0.7270 -0.0636 -0.6836
vn 0.7200 -0.0314 -0.6933
vn 0.7347 0.0168 -0.6782
vn 0.4213 -0.9035 -0.0783
vn 0.7576 -0.1336 -0.6388
vn 0.7815 -0.1029 -0.6153
vn 0.7646 -0.1348 -0.6302
vn 0.7515 -0.0989 -0.6523
vn 0.4615 -0.8865 -0.0344
vn 0.4418 -0.8949 -0.0633
vn 0.5312 -0.8337 -0.1508
vn 0.4843 -0.8677 -0.1124
vn 0.4835 -0.8662 -0.1262
vn 0.4911 -0.8651 -0.1021
vn 0.5517 -0.8251 -0.1216
vn 0.5046 -0.8594 -0.0825
vn 0.7572 -0.0331 -0.6523
vn 0.7729 0.0103 -0.6345
vn 0.7875 -0.0344 -0.6153
vn 0.7664 -0.0671 -0.6388
vn 0.7735 -0.0677 -0.6302
vn 0.5370 -0.8429 -0.0344
vn 0.5111 -0.8563 -0.0737
vn 0.5117 -0.8572 -0.0580
vn 0.6018 -0.7843 -0.1508
vn 0.5867 -0.8006 -0.1216
vn 0.5703 -0.8144 -0.1073
vn 0.6084 -0.7929 -0.0344
vn 0.5703 -0.8145 -0.1069
vn 0.5724 -0.8175 -0.0639
vn 0.6497 -0.7518 -0.1124
vn 0.6679 -0.7288 -0.1508
vn 0.6486 -0.7506 -0.1262
vn 0.6305 -0.7740 -0.0580
vn 0.6898 -0.7212 -0.0633
vn 0.6450 -0.7574 -0.1021
vn 0.6752 -0.7368 -0.0344
vn 0.6350 -0.7681 -0.0825
vn 0.6299 -0.7732 -0.0737
vn 0.7018 -0.7018 -0.1221
vn 0.7288 -0.6679 -0.1508
vn 0.7050 -0.7050 -0.0776
vn 0.7049 -0.7049 -0.0783
vn 0.7212 -0.6898 -0.0633
vn 0.7368 -0.6752 -0.0344
vn 0.7506 -0.6486 -0.1262
vn 0.7518 -0.6497 -0.1124
vn 0.7574 -0.6450 -0.1021
vn 0.7843 -0.6018 -0.1508
vn 0.7681 -0.6350 -0.0825
vn 0.8006 -0.5867 -0.1216
vn 0.7732 -0.6299 -0.0737
vn 0.7929 -0.6084 -0.0344
vn 0.7740 -0.6305 -0.0580
vn 0.8337 -0.5312 -0.1508
vn 0.8144 -0.5703 -0.1073
vn 0.8251 -0.5517 -0.1216
vn 0.8145 -0.5703 -0.1069
vn 0.8175 -0.5724 -0.0639
vn 0.8530 -0.5181 -0.0633
vn 0.8429 -0.5370 -0.0344
vn 0.8595 -0.4963 -0.1221
vn 0.8634 -0.4985 -0.0776
vn 0.8769 -0.4565 -0.1508
vn 0.8634 -0.4985 -0.0783
vn 0.8903 -0.4387 -0.1216
vn 0.8752 -0.4796 -0.0633
vn 0.8865 -0.4615 -0.0344
vn 0.9133 -0.3783 -0.1508
vn 0.9011 -0.4202 -0.1069
vn 0.9011 -0.4202 -0.1073
vn 0.9084 -0.4000 -0.1216
vn 0.9045 -0.4218 -0.0639
vn 0.9233 -0.3825 -0.0344
vn 0.9428 -0.2973 -0.1508
vn 0.9386 -0.3262 -0.1124
vn 0.9370 -0.3257 -0.1262
vn 0.9532 -0.3005 -0.0344
vn 0.9340 -0.3477 -0.0825
vn 0.9330 -0.3551 -0.0580
vn 0.9321 -0.3547 -0.0737
vn 0.9372 -0.3334 -0.1021
vn 0.9651 -0.2140 -0.1508
vn 0.9634 -0.2432 -0.1124
vn 0.9618 -0.2428 -0.1262
vn 0.9757 -0.2163 -0.0344
vn 0.9594 -0.2721 -0.0737
vn 0.9607 -0.2649 -0.0825
vn 0.9604 -0.2724 -0.0580
vn 0.9627 -0.2505 -0.1021
vn 0.9801 -0.1290 -0.1508
vn 0.9810 -0.1583 -0.1124
vn 0.9793 -0.1580 -0.1262
vn 0.9909 -0.1304 -0.0344
vn 0.9795 -0.1874 -0.0737
vn 0.9920 -0.1091 -0.0633
vn 0.9802 -0.1802 -0.0825
vn 0.9805 -0.1876 -0.0580
vn 0.9809 -0.1656 -0.1021
vn 0.9904 -0.0432 -0.1310
vn 0.9901 -0.0785 -0.1166
vn 0.9980 -0.0436 -0.0466
vn 0.9928 -0.0955 -0.0725
vn 0.9932 -0.0225 -0.1139
vn 0.9979 -0.0342 -0.0559
vn 0.9921 -0.0946 -0.0829
vn -0.0000 -0.0000 1.0000
vn -0.0001 -0.0000 1.0000
vn 0.0001 -0.0000 1.0000
s 0
usemtl black_sick_ral_9005
f 165//87 166//87 167//87
f 168//87 169//87 166//87
f 168//87 170//87 169//87
f 168//87 171//87 170//87
f 172//87 165//87 173//87
f 172//87 168//87 166//87
f 172//87 166//87 165//87
f 174//87 175//87 168//87
f 176//87 177//87 178//87
f 179//87 180//87 174//87
f 179//87 181//87 180//87
f 182//87 183//87 179//87
f 182//87 179//87 174//87
f 184//87 177//87 176//87
f 184//87 185//87 186//87
f 184//87 176//87 185//87
f 184//87 187//87 177//87
f 184//87 172//87 187//87
f 184//87 168//87 172//87
f 188//87 168//87 184//87
f 188//87 174//87 168//87
f 189//87 174//87 188//87
f 190//87 191//87 182//87
f 190//87 192//87 191//87
f 193//87 189//87 194//87
f 195//87 196//87 190//87
f 195//87 197//87 196//87
f 195//87 198//87 197//87
f 195//87 190//87 182//87
f 195//87 182//87 174//87
f 199//87 189//87 193//87
f 199//87 200//87 201//87
f 199//87 193//87 200//87
f 202//87 203//87 195//87
f 204//87 199//87 205//87
f 206//87 189//87 199//87
f 206//87 199//87 204//87
f 207//87 208//87 202//87
f 207//87 202//87 195//87
f 209//87 206//87 210//87
f 209//87 189//87 206//87
f 211//87 174//87 189//87
f 211//87 189//87 209//87
f 211//87 209//87 212//87
f 213//87 214//87 207//87
f 213//87 215//87 214//87
f 213//87 216//87 215//87
f 217//87 213//87 207//87
f 218//87 219//87 220//87
f 218//87 211//87 219//87
f 221//87 222//87 217//87
f 223//87 221//87 217//87
f 224//87 225//87 226//87
f 224//87 218//87 225//87
f 224//87 211//87 218//87
f 227//87 228//87 223//87
f 229//87 224//87 230//87
f 231//87 227//87 223//87
f 231//87 195//87 174//87
f 231//87 232//87 227//87
f 231//87 207//87 195//87
f 231//87 174//87 211//87
f 231//87 217//87 207//87
f 231//87 223//87 217//87
f 233//87 231//87 211//87
f 233//87 234//87 231//87
f 233//87 235//87 236//87
f 233//87 229//87 235//87
f 233//87 211//87 224//87
f 233//87 224//87 229//87
f 237//88 238//88 239//88
f 237//88 240//88 238//88
f 241//89 237//89 239//89
f 241//90 239//90 242//90
f 243//91 240//91 237//91
f 243//91 244//91 240//91
f 243//92 237//92 241//92
f 245//93 241//93 242//93
f 245//94 246//94 247//94
f 245//93 242//93 246//93
f 248//92 243//92 241//92
f 249//95 244//95 243//95
f 249//95 250//95 244//95
f 251//94 245//94 247//94
f 252//96 245//96 251//96
f 252//97 241//97 245//97
f 252//97 248//97 241//97
f 253//98 243//98 248//98
f 253//98 249//98 243//98
f 254//99 247//99 255//99
f 254//100 255//100 256//100
f 254//99 251//99 247//99
f 257//101 249//101 253//101
f 257//102 258//102 250//102
f 257//102 250//102 249//102
f 259//96 252//96 251//96
f 260//103 253//103 248//103
f 260//103 248//103 252//103
f 261//104 256//104 262//104
f 261//100 254//100 256//100
f 263//101 257//101 253//101
f 264//105 265//105 258//105
f 264//105 258//105 257//105
f 266//106 251//106 254//106
f 266//106 259//106 251//106
f 267//107 252//107 259//107
f 267//107 260//107 252//107
f 267//108 259//108 266//108
f 268//104 261//104 262//104
f 269//109 263//109 253//109
f 269//110 260//110 267//110
f 269//109 253//109 260//109
f 270//111 264//111 257//111
f 270//111 257//111 263//111
f 271//112 265//112 264//112
f 271//112 272//112 265//112
f 271//113 264//113 270//113
f 273//114 266//114 254//114
f 273//114 254//114 261//114
f 274//108 267//108 266//108
f 275//115 268//115 262//115
f 275//115 262//115 276//115
f 277//110 269//110 267//110
f 278//116 263//116 269//116
f 278//116 270//116 263//116
f 279//113 271//113 270//113
f 280//117 268//117 275//117
f 280//118 273//118 261//118
f 280//118 261//118 268//118
f 281//119 272//119 271//119
f 281//119 282//119 272//119
f 283//120 273//120 280//120
f 283//121 266//121 273//121
f 283//121 274//121 266//121
f 284//122 275//122 276//122
f 284//122 276//122 285//122
f 286//123 267//123 274//123
f 286//123 277//123 267//123
f 286//124 274//124 283//124
f 287//125 269//125 277//125
f 287//125 278//125 269//125
f 287//126 277//126 286//126
f 288//127 279//127 270//127
f 288//128 278//128 287//128
f 288//127 270//127 278//127
f 289//117 280//117 275//117
f 290//129 281//129 271//129
f 290//129 271//129 279//129
f 291//120 283//120 280//120
f 292//130 293//130 294//130
f 292//131 284//131 285//131
f 292//131 285//131 293//131
f 295//124 286//124 283//124
f 296//126 287//126 286//126
f 297//132 298//132 299//132
f 297//132 300//132 298//132
f 301//133 287//133 296//133
f 301//128 288//128 287//128
f 302//134 275//134 284//134
f 302//134 289//134 275//134
f 303//135 290//135 279//135
f 303//135 279//135 288//135
f 304//136 289//136 302//136
f 304//137 291//137 280//137
f 304//137 280//137 289//137
f 305//130 292//130 294//130
f 306//138 295//138 283//138
f 306//138 283//138 291//138
f 307//139 286//139 295//139
f 307//139 296//139 286//139
f 308//140 300//140 297//140
f 308//140 309//140 300//140
f 310//133 301//133 296//133
f 311//141 284//141 292//141
f 311//141 302//141 284//141
f 312//142 288//142 301//142
f 312//142 303//142 288//142
f 313//136 304//136 302//136
f 314//143 305//143 294//143
f 314//144 315//144 316//144
f 314//143 294//143 315//143
f 317//145 306//145 291//145
f 317//145 291//145 304//145
f 318//146 295//146 306//146
f 318//146 307//146 295//146
f 319//147 309//147 308//147
f 319//147 320//147 309//147
f 321//148 296//148 307//148
f 321//148 310//148 296//148
f 322//149 305//149 314//149
f 322//150 311//150 292//150
f 322//150 292//150 305//150
f 323//151 312//151 301//151
f 323//151 301//151 310//151
f 323//152 310//152 321//152
f 324//153 302//153 311//153
f 324//153 313//153 302//153
f 325//144 314//144 316//144
f 325//154 316//154 326//154
f 327//155 304//155 313//155
f 327//155 317//155 304//155
f 328//156 306//156 317//156
f 328//156 318//156 306//156
f 329//157 320//157 319//157
f 329//157 330//157 320//157
f 331//158 321//158 307//158
f 331//158 307//158 318//158
f 332//149 322//149 314//149
f 333//152 323//152 321//152
f 334//159 311//159 322//159
f 334//159 324//159 311//159
f 335//154 325//154 326//154
f 336//160 313//160 324//160
f 336//160 327//160 313//160
f 336//161 324//161 334//161
f 337//162 327//162 336//162
f 337//163 317//163 327//163
f 337//163 328//163 317//163
f 338//164 330//164 329//164
f 338//164 339//164 330//164
f 340//165 331//165 318//165
f 340//165 318//165 328//165
f 341//166 332//166 314//166
f 341//166 314//166 325//166
f 342//167 331//167 340//167
f 342//168 321//168 331//168
f 342//168 333//168 321//168
f 343//169 332//169 341//169
f 343//170 334//170 322//170
f 343//170 322//170 332//170
f 344//171 326//171 345//171
f 344//171 335//171 326//171
f 344//172 345//172 346//172
f 347//161 336//161 334//161
f 347//173 334//173 343//173
f 348//162 337//162 336//162
f 349//174 339//174 338//174
f 349//174 350//174 339//174
f 351//175 328//175 337//175
f 351//176 337//176 348//176
f 351//175 340//175 328//175
f 352//177 325//177 335//177
f 352//177 341//177 325//177
f 353//167 342//167 340//167
f 354//169 343//169 341//169
f 354//178 341//178 352//178
f 355//172 344//172 346//172
f 356//179 343//179 354//179
f 356//173 347//173 343//173
f 357//180 336//180 347//180
f 357//180 348//180 336//180
f 358//181 350//181 349//181
f 358//181 359//181 350//181
f 360//182 348//182 357//182
f 360//176 351//176 348//176
f 361//183 344//183 355//183
f 361//184 335//184 344//184
f 361//184 352//184 335//184
f 362//185 353//185 340//185
f 362//185 340//185 351//185
f 362//186 351//186 360//186
f 363//178 354//178 352//178
f 364//187 346//187 365//187
f 364//187 355//187 346//187
f 366//179 356//179 354//179
f 367//188 347//188 356//188
f 367//188 357//188 347//188
f 368//189 359//189 358//189
f 368//189 369//189 359//189
f 370//190 357//190 367//190
f 370//182 360//182 357//182
f 371//183 361//183 355//183
f 372//186 362//186 360//186
f 373//191 352//191 361//191
f 373//191 363//191 352//191
f 374//192 365//192 375//192
f 374//192 364//192 365//192
f 376//193 366//193 354//193
f 376//193 354//193 363//193
f 376//194 363//194 373//194
f 377//195 367//195 356//195
f 377//195 356//195 366//195
f 378//196 369//196 368//196
f 378//196 379//196 369//196
f 380//190 370//190 367//190
f 381//197 355//197 364//197
f 381//197 371//197 355//197
f 382//198 372//198 360//198
f 382//198 360//198 370//198
f 382//199 370//199 380//199
f 383//200 361//200 371//200
f 383//201 371//201 381//201
f 383//200 373//200 361//200
f 384//202 374//202 375//202
f 384//202 375//202 385//202
f 386//194 376//194 373//194
f 387//203 376//203 386//203
f 387//204 366//204 376//204
f 387//204 377//204 366//204
f 388//205 379//205 378//205
f 388//205 389//205 379//205
f 390//206 367//206 377//206
f 390//206 380//206 367//206
f 391//207 364//207 374//207
f 391//207 381//207 364//207
f 392//199 382//199 380//199
f 393//201 383//201 381//201
f 394//208 385//208 395//208
f 394//208 384//208 385//208
f 396//209 383//209 393//209
f 396//210 373//210 383//210
f 396//210 386//210 373//210
f 397//203 387//203 386//203
f 398//211 389//211 388//211
f 398//211 399//211 389//211
f 400//212 387//212 397//212
f 400//213 377//213 387//213
f 400//213 390//213 377//213
f 401//214 384//214 394//214
f 401//215 374//215 384//215
f 401//215 391//215 374//215
f 402//216 380//216 390//216
f 402//216 392//216 380//216
f 403//217 393//217 381//217
f 403//218 391//218 401//218
f 403//217 381//217 391//217
f 404//219 395//219 405//219
f 404//219 394//219 395//219
f 406//209 396//209 393//209
f 407//220 386//220 396//220
f 407//220 397//220 386//220
f 408//221 399//221 398//221
f 408//221 409//221 399//221
f 410//212 400//212 397//212
f 411//214 401//214 394//214
f 412//222 402//222 390//222
f 412//222 390//222 400//222
f 413//218 403//218 401//218
f 414//223 405//223 415//223
f 414//223 404//223 405//223
f 416//224 393//224 403//224
f 416//224 406//224 393//224
f 417//225 396//225 406//225
f 417//225 407//225 396//225
f 418//226 409//226 408//226
f 418//226 419//226 409//226
f 420//227 397//227 407//227
f 420//227 410//227 397//227
f 420//228 407//228 417//228
f 421//229 394//229 404//229
f 421//229 411//229 394//229
f 422//230 400//230 410//230
f 422//230 412//230 400//230
f 423//231 401//231 411//231
f 423//231 413//231 401//231
f 424//232 415//232 425//232
f 424//233 425//233 426//233
f 424//232 414//232 415//232
f 427//234 403//234 413//234
f 427//234 416//234 403//234
f 427//235 413//235 423//235
f 428//236 416//236 427//236
f 428//237 417//237 406//237
f 428//237 406//237 416//237
f 429//238 419//238 418//238
f 429//238 430//238 419//238
f 431//228 420//228 417//228
f 432//239 404//239 414//239
f 432//239 421//239 404//239
f 433//240 410//240 420//240
f 433//240 422//240 410//240
f 434//241 411//241 421//241
f 434//241 423//241 411//241
f 435//233 424//233 426//233
f 436//235 427//235 423//235
f 437//236 428//236 427//236
f 437//242 427//242 436//242
f 438//243 430//243 429//243
f 438//243 439//243 430//243
f 440//244 417//244 428//244
f 440//244 431//244 417//244
f 440//245 428//245 437//245
f 441//246 414//246 424//246
f 441//246 432//246 414//246
f 442//247 420//247 431//247
f 442//247 433//247 420//247
f 443//248 421//248 432//248
f 443//248 434//248 421//248
f 443//249 432//249 441//249
f 444//250 426//250 445//250
f 444//250 435//250 426//250
f 446//251 434//251 443//251
f 446//252 436//252 423//252
f 446//252 423//252 434//252
f 447//242 437//242 436//242
f 448//253 439//253 438//253
f 448//253 449//253 439//253
f 450//245 440//245 437//245
f 451//254 424//254 435//254
f 451//254 441//254 424//254
f 452//255 431//255 440//255
f 452//255 442//255 431//255
f 453//249 443//249 441//249
f 454//256 444//256 445//256
f 454//256 445//256 455//256
f 456//251 446//251 443//251
f 457//257 436//257 446//257
f 457//257 447//257 436//257
f 458//258 459//258 449//258
f 458//259 460//259 459//259
f 458//258 449//258 448//258
f 461//260 437//260 447//260
f 461//260 450//260 437//260
f 462//261 451//261 435//261
f 462//261 435//261 444//261
f 463//262 450//262 461//262
f 463//263 440//263 450//263
f 463//263 452//263 440//263
f 464//264 441//264 451//264
f 464//264 453//264 441//264
f 465//265 466//265 467//265
f 465//266 455//266 466//266
f 465//266 454//266 455//266
f 468//267 453//267 464//267
f 468//268 443//268 453//268
f 468//268 456//268 443//268
f 469//269 456//269 468//269
f 469//270 446//270 456//270
f 469//270 457//270 446//270
f 470//259 460//259 458//259
f 471//271 461//271 447//271
f 471//272 457//272 469//272
f 471//271 447//271 457//271
f 472//273 462//273 444//273
f 472//273 444//273 454//273
f 473//262 463//262 461//262
f 474//274 464//274 451//274
f 474//274 451//274 462//274
f 475//265 465//265 467//265
f 476//267 468//267 464//267
f 477//269 469//269 468//269
f 478//275 479//275 460//275
f 478//275 460//275 470//275
f 480//272 471//272 469//272
f 481//276 454//276 465//276
f 481//276 472//276 454//276
f 482//277 473//277 461//277
f 482//277 461//277 471//277
f 482//278 471//278 480//278
f 483//279 474//279 462//279
f 483//279 462//279 472//279
f 484//280 467//280 485//280
f 484//280 475//280 467//280
f 486//281 464//281 474//281
f 486//281 476//281 464//281
f 487//282 468//282 476//282
f 487//282 477//282 468//282
f 488//283 489//283 479//283
f 488//284 490//284 489//284
f 488//283 479//283 478//283
f 491//285 469//285 477//285
f 491//285 480//285 469//285
f 491//286 477//286 487//286
f 492//287 481//287 465//287
f 492//287 465//287 475//287
f 492//288 475//288 484//288
f 493//278 482//278 480//278
f 494//289 481//289 492//289
f 494//290 472//290 481//290
f 494//290 483//290 472//290
f 495//291 484//291 485//291
f 495//291 485//291 496//291
f 497//292 486//292 474//292
f 497//292 474//292 483//292
f 498//293 486//293 497//293
f 498//294 476//294 486//294
f 498//294 487//294 476//294
f 499//284 490//284 488//284
f 500//286 491//286 487//286
f 501//288 492//288 484//288
f 502//295 491//295 500//295
f 502//296 480//296 491//296
f 502//296 493//296 480//296
f 503//289 494//289 492//289
f 504//297 495//297 496//297
f 504//297 496//297 505//297
f 504//298 505//298 506//298
f 507//299 497//299 483//299
f 507//299 483//299 494//299
f 508//293 498//293 497//293
f 509//300 510//300 490//300
f 509//301 511//301 510//301
f 509//300 490//300 499//300
f 512//302 487//302 498//302
f 512//302 500//302 487//302
f 512//303 498//303 508//303
f 513//304 501//304 484//304
f 513//304 484//304 495//304
f 514//295 502//295 500//295
f 515//305 492//305 501//305
f 515//306 501//306 513//306
f 515//305 503//305 492//305
f 516//298 504//298 506//298
f 517//307 507//307 494//307
f 517//307 494//307 503//307
f 517//308 503//308 515//308
f 518//309 508//309 497//309
f 518//309 497//309 507//309
f 518//310 507//310 517//310
f 519//301 511//301 509//301
f 520//303 512//303 508//303
f 521//311 495//311 504//311
f 521//311 513//311 495//311
f 522//312 500//312 512//312
f 522//312 514//312 500//312
f 522//313 512//313 520//313
f 523//306 515//306 513//306
f 524//314 516//314 506//314
f 524//314 506//314 525//314
f 526//308 517//308 515//308
f 527//315 517//315 526//315
f 527//310 518//310 517//310
f 528//316 529//316 511//316
f 528//317 530//317 529//317
f 528//316 511//316 519//316
f 531//318 508//318 518//318
f 531//318 520//318 508//318
f 532//319 504//319 516//319
f 532//319 521//319 504//319
f 533//313 522//313 520//313
f 534//320 521//320 532//320
f 534//321 513//321 521//321
f 534//321 523//321 513//321
f 535//322 525//322 536//322
f 535//323 536//323 537//323
f 535//322 524//322 525//322
f 538//324 526//324 515//324
f 538//325 523//325 534//325
f 538//324 515//324 523//324
f 539//315 527//315 526//315
f 540//317 530//317 528//317
f 541//326 531//326 518//326
f 541//326 518//326 527//326
f 541//327 527//327 539//327
f 542//328 516//328 524//328
f 542//328 532//328 516//328
f 543//329 520//329 531//329
f 543//329 533//329 520//329
f 544//320 534//320 532//320
f 545//330 537//330 546//330
f 545//331 535//331 537//331
f 547//325 538//325 534//325
f 548//332 539//332 526//332
f 548//333 538//333 547//333
f 548//332 526//332 538//332
f 549//334 550//334 530//334
f 549//334 530//334 540//334
f 551//327 541//327 539//327
f 552//335 542//335 524//335
f 552//335 524//335 535//335
f 553//336 543//336 531//336
f 553//336 531//336 541//336
f 553//337 541//337 551//337
f 554//338 532//338 542//338
f 554//338 544//338 532//338
f 554//339 542//339 552//339
f 555//330 545//330 546//330
f 556//340 534//340 544//340
f 556//340 547//340 534//340
f 557//333 548//333 547//333
f 558//341 559//341 550//341
f 558//341 550//341 549//341
f 560//342 539//342 548//342
f 560//342 551//342 539//342
f 560//343 548//343 557//343
f 561//344 535//344 545//344
f 561//344 552//344 535//344
f 562//337 553//337 551//337
f 563//339 554//339 552//339
f 564//345 555//345 546//345
f 564//345 546//345 565//345
f 566//346 554//346 563//346
f 566//347 544//347 554//347
f 566//347 556//347 544//347
f 567//348 556//348 566//348
f 567//349 547//349 556//349
f 567//349 557//349 547//349
f 568//350 569//350 559//350
f 568//351 570//351 569//351
f 568//350 559//350 558//350
f 571//343 560//343 557//343
f 572//352 561//352 545//352
f 572//353 555//353 564//353
f 572//352 545//352 555//352
f 573//354 562//354 551//354
f 573//354 551//354 560//354
f 573//355 560//355 571//355
f 574//356 552//356 561//356
f 574//356 563//356 552//356
f 574//357 561//357 572//357
f 575//358 565//358 576//358
f 575//359 564//359 565//359
f 577//346 566//346 563//346
f 578//348 567//348 566//348
f 579//351 570//351 568//351
f 580//360 557//360 567//360
f 580//360 571//360 557//360
f 580//361 567//361 578//361
f 581//362 564//362 575//362
f 581//353 572//353 564//353
f 582//355 573//355 571//355
f 583//357 574//357 572//357
f 584//363 575//363 576//363
f 584//363 576//363 585//363
f 586//364 577//364 563//364
f 586//364 563//364 574//364
f 587//365 566//365 577//365
f 587//365 578//365 566//365
f 587//366 577//366 586//366
f 588//367 589//367 570//367
f 588//368 590//368 589//368
f 588//367 570//367 579//367
f 591//361 580//361 578//361
f 592//362 581//362 575//362
f 592//369 575//369 584//369
f 593//370 571//370 580//370
f 593//370 582//370 571//370
f 593//371 580//371 591//371
f 594//372 572//372 581//372
f 594//372 583//372 572//372
f 595//373 584//373 585//373
f 595//373 585//373 596//373
f 597//374 574//374 583//374
f 597//374 586//374 574//374
f 598//375 586//375 597//375
f 598//366 587//366 586//366
f 599//368 590//368 588//368
f 600//376 578//376 587//376
f 600//376 591//376 578//376
f 601//369 592//369 584//369
f 602//371 593//371 591//371
f 603//377 581//377 592//377
f 603//377 594//377 581//377
f 604//378 595//378 596//378
f 604//378 596//378 605//378
f 606//379 583//379 594//379
f 606//379 597//379 583//379
f 606//380 594//380 603//380
f 607//375 598//375 597//375
f 608//381 609//381 590//381
f 608//382 610//382 609//382
f 608//381 590//381 599//381
f 611//383 600//383 587//383
f 611//383 587//383 598//383
f 612//384 601//384 584//384
f 612//384 584//384 595//384
f 612//385 595//385 604//385
f 613//386 591//386 600//386
f 613//386 602//386 591//386
f 614//387 592//387 601//387
f 614//387 603//387 592//387
f 615//388 605//388 616//388
f 615//388 604//388 605//388
f 617//380 606//380 603//380
f 617//389 603//389 614//389
f 618//390 597//390 606//390
f 618//390 607//390 597//390
f 619//382 610//382 608//382
f 620//391 598//391 607//391
f 620//391 611//391 598//391
f 620//392 607//392 618//392
f 621//385 612//385 604//385
f 622//393 600//393 611//393
f 622//393 613//393 600//393
f 623//394 601//394 612//394
f 623//394 614//394 601//394
f 624//395 615//395 616//395
f 624//395 616//395 625//395
f 626//389 617//389 614//389
f 626//396 614//396 623//396
f 627//397 606//397 617//397
f 627//397 618//397 606//397
f 628//398 629//398 610//398
f 628//398 610//398 619//398
f 630//392 620//392 618//392
f 631//399 604//399 615//399
f 631//399 621//399 604//399
f 632//400 620//400 630//400
f 632//401 611//401 620//401
f 632//401 622//401 611//401
f 633//402 612//402 621//402
f 633//402 623//402 612//402
f 634//403 624//403 625//403
f 634//403 625//403 635//403
f 636//396 626//396 623//396
f 637//404 626//404 636//404
f 637//405 627//405 617//405
f 637//405 617//405 626//405
f 638//406 639//406 629//406
f 638//407 640//407 639//407
f 638//406 629//406 628//406
f 641//408 618//408 627//408
f 641//408 630//408 618//408
f 641//409 627//409 637//409
f 642//410 615//410 624//410
f 642//410 631//410 615//410
f 643//400 632//400 630//400
f 644//411 621//411 631//411
f 644//411 633//411 621//411
f 645//412 635//412 646//412
f 645//412 634//412 635//412
f 647//413 623//413 633//413
f 647//413 636//413 623//413
f 648//404 637//404 636//404
f 648//414 636//414 647//414
f 649//407 640//407 638//407
f 650//409 641//409 637//409
f 651//415 624//415 634//415
f 651//415 642//415 624//415
f 652//416 630//416 641//416
f 652//417 641//417 650//417
f 652//416 643//416 630//416
f 653//418 631//418 642//418
f 653//418 644//418 631//418
f 654//419 655//419 656//419
f 654//420 645//420 646//420
f 654//420 646//420 655//420
f 657//421 647//421 633//421
f 657//421 633//421 644//421
f 658//414 648//414 647//414
f 659//422 660//422 640//422
f 659//422 640//422 649//422
f 661//423 637//423 648//423
f 661//423 650//423 637//423
f 661//424 648//424 658//424
f 662//425 651//425 634//425
f 662//425 634//425 645//425
f 663//417 652//417 650//417
f 663//426 650//426 661//426
f 664//427 642//427 651//427
f 664//427 653//427 642//427
f 665//419 654//419 656//419
f 665//428 656//428 666//428
f 667//429 653//429 664//429
f 667//430 644//430 653//430
f 667//430 657//430 644//430
f 668//431 657//431 667//431
f 668//432 647//432 657//432
f 668//432 658//432 647//432
f 669//433 670//433 660//433
f 669//433 660//433 659//433
f 671//424 661//424 658//424
f 672//434 662//434 645//434
f 672//434 645//434 654//434
f 673//426 663//426 661//426
f 673//435 661//435 671//435
f 674//436 664//436 651//436
f 674//436 651//436 662//436
f 675//428 665//428 666//428
f 676//429 667//429 664//429
f 677//431 668//431 667//431
f 678//437 679//437 670//437
f 678//437 670//437 669//437
f 680//438 658//438 668//438
f 680//438 671//438 658//438
f 681//439 672//439 654//439
f 681//439 654//439 665//439
f 682//435 673//435 671//435
f 683//440 662//440 672//440
f 683//440 674//440 662//440
f 684//441 666//441 685//441
f 684//441 675//441 666//441
f 686//442 664//442 674//442
f 686//442 676//442 664//442
f 687//443 677//443 667//443
f 687//443 667//443 676//443
f 688//444 689//444 679//444
f 688//444 679//444 678//444
f 690//445 680//445 668//445
f 690//445 668//445 677//445
f 691//446 681//446 665//446
f 691//446 665//446 675//446
f 692//447 680//447 690//447
f 692//448 671//448 680//448
f 692//448 682//448 671//448
f 693//449 683//449 672//449
f 693//449 672//449 681//449
f 693//450 681//450 691//450
f 694//451 695//451 696//451
f 694//452 684//452 685//452
f 694//452 685//452 695//452
f 697//453 683//453 693//453
f 697//454 674//454 683//454
f 697//454 686//454 674//454
f 698//455 686//455 697//455
f 698//456 676//456 686//456
f 698//456 687//456 676//456
f 699//457 700//457 689//457
f 699//457 689//457 688//457
f 701//458 677//458 687//458
f 701//458 690//458 677//458
f 702//459 675//459 684//459
f 702//459 691//459 675//459
f 702//460 684//460 694//460
f 703//461 690//461 701//461
f 703//447 692//447 690//447
f 704//450 693//450 691//450
f 705//451 694//451 696//451
f 706//453 697//453 693//453
f 707//455 698//455 697//455
f 708//462 709//462 700//462
f 708//462 700//462 699//462
f 710//463 701//463 687//463
f 710//463 687//463 698//463
f 710//464 698//464 707//464
f 711//460 702//460 694//460
f 712//461 703//461 701//461
f 713//465 704//465 691//465
f 713//465 691//465 702//465
f 714//466 696//466 715//466
f 714//466 705//466 696//466
f 716//467 704//467 713//467
f 716//468 706//468 693//468
f 716//468 693//468 704//468
f 717//469 697//469 706//469
f 717//469 707//469 697//469
f 717//470 706//470 716//470
f 718//471 719//471 709//471
f 718//471 709//471 708//471
f 720//464 710//464 707//464
f 720//472 707//472 717//472
f 721//473 711//473 694//473
f 721//473 694//473 705//473
f 722//474 712//474 701//474
f 722//474 701//474 710//474
f 723//475 702//475 711//475
f 723//475 713//475 702//475
f 724//476 715//476 725//476
f 724//476 714//476 715//476
f 724//477 725//477 726//477
f 727//467 716//467 713//467
f 728//470 717//470 716//470
f 729//478 730//478 719//478
f 729//478 719//478 718//478
f 731//472 720//472 717//472
f 731//479 717//479 728//479
f 732//480 705//480 714//480
f 732//480 721//480 705//480
f 732//481 714//481 724//481
f 733//482 720//482 731//482
f 733//483 710//483 720//483
f 733//483 722//483 710//483
f 734//484 711//484 721//484
f 734//484 723//484 711//484
f 735//477 724//477 726//477
f 736//485 713//485 723//485
f 736//485 727//485 713//485
f 737//486 727//486 736//486
f 737//487 716//487 727//487
f 737//487 728//487 716//487
f 738//488 739//488 730//488
f 738//488 730//488 729//488
f 740//479 731//479 728//479
f 741//481 732//481 724//481
f 742//489 731//489 740//489
f 742//482 733//482 731//482
f 743//490 721//490 732//490
f 743//490 734//490 721//490
f 744//491 735//491 726//491
f 744//491 726//491 745//491
f 746//492 723//492 734//492
f 746//492 736//492 723//492
f 747//486 737//486 736//486
f 748//493 749//493 739//493
f 748//493 739//493 738//493
f 750//494 740//494 728//494
f 750//495 737//495 747//495
f 750//494 728//494 737//494
f 751//496 741//496 724//496
f 751//496 724//496 735//496
f 752//489 742//489 740//489
f 753//497 743//497 732//497
f 753//497 732//497 741//497
f 754//498 744//498 745//498
f 754//498 745//498 755//498
f 754//499 755//499 756//499
f 757//500 746//500 734//500
f 757//500 734//500 743//500
f 757//501 743//501 753//501
f 758//502 736//502 746//502
f 758//502 747//502 736//502
f 759//503 760//503 749//503
f 759//504 761//504 760//504
f 759//503 749//503 748//503
f 762//495 750//495 747//495
f 763//505 735//505 744//505
f 763//505 751//505 735//505
f 764//506 740//506 750//506
f 764//506 752//506 740//506
f 764//507 750//507 762//507
f 765//508 741//508 751//508
f 765//508 753//508 741//508
f 766//499 754//499 756//499
f 767//501 757//501 753//501
f 768//509 746//509 757//509
f 768//509 758//509 746//509
f 769//504 761//504 759//504
f 770//510 747//510 758//510
f 770//510 762//510 747//510
f 771//511 744//511 754//511
f 771//511 763//511 744//511
f 772//507 764//507 762//507
f 773//512 751//512 763//512
f 773//512 765//512 751//512
f 774//513 756//513 775//513
f 774//514 775//514 776//514
f 774//513 766//513 756//513
f 777//515 753//515 765//515
f 777//515 767//515 753//515
f 778//516 768//516 757//516
f 778//516 757//516 767//516
f 779//517 761//517 769//517
f 779//517 780//517 761//517
f 781//518 758//518 768//518
f 781//519 768//519 778//519
f 781//518 770//518 758//518
f 782//520 771//520 754//520
f 782//520 754//520 766//520
f 783//521 762//521 770//521
f 783//521 772//521 762//521
f 784//522 773//522 763//522
f 784//522 763//522 771//522
f 785//514 774//514 776//514
f 786//523 777//523 765//523
f 786//523 765//523 773//523
f 787//524 767//524 777//524
f 787//524 778//524 767//524
f 788//525 789//525 780//525
f 788//525 780//525 779//525
f 790//519 781//519 778//519
f 791//526 782//526 766//526
f 791//526 766//526 774//526
f 792//527 783//527 770//527
f 792//527 770//527 781//527
f 792//528 781//528 790//528
f 793//529 771//529 782//529
f 793//529 784//529 771//529
f 794//530 795//530 796//530
f 794//531 785//531 776//531
f 794//531 776//531 795//531
f 797//532 773//532 784//532
f 797//532 786//532 773//532
f 798//533 787//533 777//533
f 798//533 777//533 786//533
f 799//534 800//534 789//534
f 799//534 789//534 788//534
f 801//535 787//535 798//535
f 801//536 778//536 787//536
f 801//536 790//536 778//536
f 802//537 791//537 774//537
f 802//537 774//537 785//537
f 802//538 785//538 794//538
f 803//539 790//539 801//539
f 803//528 792//528 790//528
f 804//540 793//540 782//540
f 804//540 782//540 791//540
f 804//541 791//541 802//541
f 805//530 794//530 796//530
f 806//542 797//542 784//542
f 806//542 784//542 793//542
f 807//543 786//543 797//543
f 807//544 797//544 806//544
f 807//543 798//543 786//543
f 808//545 800//545 799//545
f 808//545 809//545 800//545
f 810//535 801//535 798//535
f 811//538 802//538 794//538
f 812//546 801//546 810//546
f 812//539 803//539 801//539
f 813//541 804//541 802//541
f 814//547 815//547 816//547
f 814//548 805//548 796//548
f 814//548 796//548 815//548
f 817//549 806//549 793//549
f 817//549 793//549 804//549
f 818//544 807//544 806//544
f 819//550 820//550 809//550
f 819//550 809//550 808//550
f 821//551 798//551 807//551
f 821//552 807//552 818//552
f 821//551 810//551 798//551
f 822//553 794//553 805//553
f 822//553 811//553 794//553
f 823//546 812//546 810//546
f 824//554 813//554 802//554
f 824//555 811//555 822//555
f 824//554 802//554 811//554
f 825//547 814//547 816//547
f 826//556 804//556 813//556
f 826//556 817//556 804//556
f 827//557 806//557 817//557
f 827//557 818//557 806//557
f 828//558 829//558 820//558
f 828//558 820//558 819//558
f 830//552 821//552 818//552
f 830//559 818//559 827//559
f 831//560 822//560 805//560
f 831//560 805//560 814//560
f 832//561 821//561 830//561
f 832//562 810//562 821//562
f 832//562 823//562 810//562
f 833//555 824//555 822//555
f 834//563 816//563 835//563
f 834//563 825//563 816//563
f 836//564 813//564 824//564
f 836//564 826//564 813//564
f 837//565 827//565 817//565
f 837//565 817//565 826//565
f 838//566 829//566 828//566
f 838//566 839//566 829//566
f 838//567 840//567 839//567
f 841//559 830//559 827//559
f 841//568 827//568 837//568
f 842//569 814//569 825//569
f 842//569 831//569 814//569
f 843//561 832//561 830//561
f 844//570 833//570 822//570
f 844//571 831//571 842//571
f 844//570 822//570 831//570
f 845//572 835//572 846//572
f 845//572 834//572 835//572
f 847//573 836//573 824//573
f 847//573 824//573 833//573
f 848//574 837//574 826//574
f 848//574 826//574 836//574
f 849//567 840//567 838//567
f 849//575 850//575 840//575
f 851//568 841//568 837//568
f 852//576 825//576 834//576
f 852//577 834//577 845//577
f 852//576 842//576 825//576
f 853//578 830//578 841//578
f 853//579 841//579 851//579
f 853//578 843//578 830//578
f 854//571 844//571 842//571
f 855//580 845//580 846//580
f 855//580 846//580 856//580
f 857//581 833//581 844//581
f 857//581 847//581 833//581
f 857//582 844//582 854//582
f 858//583 848//583 836//583
f 858//583 836//583 847//583
f 859//584 860//584 850//584
f 859//575 850//575 849//575
f 861//585 851//585 837//585
f 861//585 837//585 848//585
f 861//586 848//586 858//586
f 862//577 852//577 845//577
f 863//579 853//579 851//579
f 864//587 842//587 852//587
f 864//587 854//587 842//587
f 865//588 855//588 856//588
f 865//588 856//588 866//588
f 867//582 857//582 854//582
f 868//589 847//589 857//589
f 868//589 858//589 847//589
f 869//584 860//584 859//584
f 870//590 858//590 868//590
f 870//586 861//586 858//586
f 871//591 855//591 865//591
f 871//592 845//592 855//592
f 871//592 862//592 845//592
f 872//593 861//593 870//593
f 872//594 851//594 861//594
f 872//594 863//594 851//594
f 873//595 864//595 852//595
f 873//595 852//595 862//595
f 874//596 866//596 875//596
f 874//596 865//596 866//596
f 876//597 867//597 854//597
f 876//597 854//597 864//597
f 876//598 864//598 873//598
f 877//599 857//599 867//599
f 877//599 868//599 857//599
f 878//600 879//600 860//600
f 878//600 860//600 869//600
f 880//590 870//590 868//590
f 881//591 871//591 865//591
f 882//593 872//593 870//593
f 883//601 862//601 871//601
f 883//601 873//601 862//601
f 884//602 874//602 875//602
f 884//602 875//602 885//602
f 886//598 876//598 873//598
f 887//603 877//603 867//603
f 887//603 867//603 876//603
f 888//604 889//604 879//604
f 888//605 890//605 889//605
f 888//604 879//604 878//604
f 891//606 868//606 877//606
f 891//606 880//606 868//606
f 891//607 877//607 887//607
f 892//608 865//608 874//608
f 892//608 881//608 865//608
f 893//609 870//609 880//609
f 893//609 882//609 870//609
f 894//610 238//610 240//610
f 895//611 871//611 881//611
f 895//611 883//611 871//611
f 896//612 885//612 897//612
f 896//612 884//612 885//612
f 896//613 897//613 894//613
f 898//614 886//614 873//614
f 898//614 873//614 883//614
f 899//615 876//615 886//615
f 899//615 887//615 876//615
f 900//605 890//605 888//605
f 901//607 891//607 887//607
f 901//616 887//616 899//616
f 902//617 874//617 884//617
f 902//617 892//617 874//617
f 902//618 884//618 896//618
f 903//619 891//619 901//619
f 903//620 880//620 891//620
f 903//620 893//620 880//620
f 904//621 881//621 892//621
f 904//621 895//621 881//621
f 905//622 896//622 894//622
f 905//610 894//610 240//610
f 906//623 898//623 883//623
f 906//623 883//623 895//623
f 907//624 886//624 898//624
f 907//624 899//624 886//624
f 908//625 909//625 890//625
f 908//625 890//625 900//625
f 910//616 901//616 899//616
f 910//626 899//626 907//626
f 911//627 896//627 905//627
f 911//618 902//618 896//618
f 912//628 901//628 910//628
f 912//619 903//619 901//619
f 913//629 892//629 902//629
f 913//629 904//629 892//629
f 914//630 906//630 895//630
f 914//630 895//630 904//630
f 915//631 906//631 914//631
f 915//632 907//632 898//632
f 915//632 898//632 906//632
f 916//633 909//633 908//633
f 916//633 917//633 909//633
f 918//626 910//626 907//626
f 919//634 905//634 240//634
f 919//634 240//634 244//634
f 919//627 911//627 905//627
f 920//628 912//628 910//628
f 921//635 902//635 911//635
f 921//635 913//635 902//635
f 922//636 914//636 904//636
f 922//636 904//636 913//636
f 922//637 913//637 921//637
f 923//631 915//631 914//631
f 924//638 917//638 916//638
f 924//638 925//638 917//638
f 926//639 907//639 915//639
f 926//639 918//639 907//639
f 927//640 920//640 910//640
f 927//640 910//640 918//640
f 928//641 921//641 911//641
f 928//642 919//642 244//642
f 928//641 911//641 919//641
f 928//642 244//642 250//642
f 929//637 922//637 921//637
f 930//643 914//643 922//643
f 930//643 923//643 914//643
f 931//644 932//644 925//644
f 931//644 925//644 924//644
f 933//645 915//645 923//645
f 933//645 926//645 915//645
f 933//646 923//646 930//646
f 934//647 926//647 933//647
f 934//648 918//648 926//648
f 934//648 927//648 918//648
f 935//649 921//649 928//649
f 935//649 929//649 921//649
f 935//650 928//650 250//650
f 935//650 250//650 258//650
f 936//651 929//651 935//651
f 936//652 922//652 929//652
f 936//652 930//652 922//652
f 937//653 938//653 932//653
f 937//653 932//653 931//653
f 939//646 933//646 930//646
f 940//647 934//647 933//647
f 941//654 258//654 265//654
f 941//655 265//655 272//655
f 941//651 936//651 935//651
f 941//654 935//654 258//654
f 942//656 943//656 938//656
f 942//656 938//656 937//656
f 944//657 939//657 930//657
f 944//657 930//657 936//657
f 944//658 936//658 941//658
f 945//659 933//659 939//659
f 945//659 940//659 933//659
f 946//660 943//660 942//660
f 946//660 947//660 943//660
f 948//658 944//658 941//658
f 948//655 941//655 272//655
f 949//661 945//661 939//661
f 949//661 939//661 944//661
f 949//662 944//662 948//662
f 950//663 947//663 946//663
f 950//663 951//663 947//663
f 952//662 949//662 948//662
f 952//664 948//664 272//664
f 952//664 272//664 282//664
f 953//665 951//665 950//665
f 953//665 954//665 951//665
f 955//666 954//666 953//666
f 955//666 956//666 954//666
f 955//667 298//667 956//667
f 955//667 299//667 298//667
f 957//668 179//668 183//668
f 957//669 958//669 179//669
f 957//670 959//670 958//670
f 960//671 183//671 182//671
f 960//672 959//672 957//672
f 960//673 961//673 959//673
f 960//674 957//674 183//674
f 962//675 238//675 958//675
f 962//676 239//676 238//676
f 962//677 958//677 959//677
f 963//678 182//678 191//678
f 963//679 960//679 182//679
f 963//680 961//680 960//680
f 963//681 964//681 961//681
f 965//682 959//682 961//682
f 965//683 239//683 962//683
f 965//684 962//684 959//684
f 965//685 242//685 239//685
f 966//686 191//686 192//686
f 966//687 963//687 191//687
f 966//688 967//688 964//688
f 966//689 964//689 963//689
f 968//690 965//690 961//690
f 968//691 242//691 965//691
f 968//692 246//692 242//692
f 968//693 961//693 964//693
f 969//694 192//694 190//694
f 969//695 967//695 966//695
f 969//696 966//696 192//696
f 969//697 970//697 967//697
f 971//698 964//698 967//698
f 971//699 968//699 964//699
f 971//700 246//700 968//700
f 971//701 247//701 246//701
f 972//702 190//702 196//702
f 972//703 973//703 970//703
f 972//704 970//704 969//704
f 972//705 969//705 190//705
f 974//706 255//706 247//706
f 974//707 247//707 971//707
f 974//708 971//708 967//708
f 974//709 967//709 970//709
f 975//710 196//710 197//710
f 975//711 973//711 972//711
f 975//712 976//712 973//712
f 975//713 972//713 196//713
f 977//714 255//714 974//714
f 977//715 256//715 255//715
f 977//716 970//716 973//716
f 977//717 974//717 970//717
f 978//718 975//718 197//718
f 978//719 197//719 198//719
f 978//720 979//720 976//720
f 978//721 976//721 975//721
f 980//722 262//722 256//722
f 980//723 256//723 977//723
f 980//724 977//724 973//724
f 980//725 973//725 976//725
f 981//726 978//726 198//726
f 981//727 198//727 195//727
f 981//728 982//728 979//728
f 981//729 979//729 978//729
f 983//730 262//730 980//730
f 983//731 976//731 979//731
f 983//732 980//732 976//732
f 983//733 276//733 262//733
f 984//734 195//734 203//734
f 984//735 985//735 982//735
f 984//736 981//736 195//736
f 984//737 982//737 981//737
f 986//738 979//738 982//738
f 986//739 983//739 979//739
f 986//740 276//740 983//740
f 986//741 285//741 276//741
f 987//742 203//742 202//742
f 987//743 984//743 203//743
f 987//744 988//744 985//744
f 987//745 985//745 984//745
f 989//746 982//746 985//746
f 989//747 285//747 986//747
f 989//748 986//748 982//748
f 989//749 293//749 285//749
f 990//750 202//750 208//750
f 990//751 991//751 988//751
f 990//752 987//752 202//752
f 990//753 988//753 987//753
f 992//754 293//754 989//754
f 992//755 294//755 293//755
f 992//756 989//756 985//756
f 992//757 985//757 988//757
f 993//758 208//758 207//758
f 993//759 991//759 990//759
f 993//760 990//760 208//760
f 993//761 994//761 991//761
f 995//762 297//762 299//762
f 995//763 996//763 282//763
f 995//764 299//764 996//764
f 995//765 282//765 281//765
f 997//766 294//766 992//766
f 997//767 992//767 988//767
f 997//768 988//768 991//768
f 997//769 315//769 294//769
f 998//770 993//770 207//770
f 998//771 994//771 993//771
f 998//772 207//772 214//772
f 998//773 999//773 994//773
f 1000//774 281//774 290//774
f 1001//775 995//775 281//775
f 1001//776 281//776 1000//776
f 1002//777 995//777 1001//777
f 1002//778 297//778 995//778
f 1002//779 308//779 297//779
f 1003//780 997//780 991//780
f 1003//781 315//781 997//781
f 1003//782 316//782 315//782
f 1003//783 991//783 994//783
f 1004//784 214//784 215//784
f 1004//785 999//785 998//785
f 1004//786 1005//786 999//786
f 1004//787 998//787 214//787
f 1006//788 290//788 303//788
f 1006//789 1000//789 290//789
f 1007//790 1000//790 1006//790
f 1008//791 1001//791 1000//791
f 1008//792 1002//792 1001//792
f 1008//793 308//793 1002//793
f 1008//794 1000//794 1007//794
f 1008//795 319//795 308//795
f 1009//796 316//796 1003//796
f 1009//797 1003//797 994//797
f 1009//798 994//798 999//798
f 1009//799 326//799 316//799
f 1010//800 1004//800 215//800
f 1010//801 1011//801 1005//801
f 1010//802 215//802 216//802
f 1010//803 1005//803 1004//803
f 1012//804 1006//804 303//804
f 1012//805 303//805 312//805
f 1013//806 1006//806 1012//806
f 1014//807 1007//807 1006//807
f 1014//808 329//808 319//808
f 1014//809 1008//809 1007//809
f 1014//810 319//810 1008//810
f 1014//811 1006//811 1013//811
f 1015//812 345//812 326//812
f 1015//813 1009//813 999//813
f 1015//814 326//814 1009//814
f 1015//815 999//815 1005//815
f 1016//816 216//816 213//816
f 1016//817 1011//817 1010//817
f 1016//818 1010//818 216//818
f 1016//819 1017//819 1011//819
f 1018//820 1012//820 312//820
f 1018//821 312//821 323//821
f 1019//822 1012//822 1018//822
f 1020//823 338//823 329//823
f 1020//824 329//824 1014//824
f 1020//825 1013//825 1012//825
f 1020//826 1014//826 1013//826
f 1020//827 1012//827 1019//827
f 1021//828 1005//828 1011//828
f 1021//829 346//829 345//829
f 1021//830 1015//830 1005//830
f 1021//831 345//831 1015//831
f 1022//832 1016//832 213//832
f 1022//833 213//833 217//833
f 1022//834 1023//834 1017//834
f 1022//835 1017//835 1016//835
f 1024//836 1018//836 323//836
f 1024//837 323//837 333//837
f 1025//838 1018//838 1024//838
f 1026//839 1018//839 1025//839
f 1026//840 1019//840 1018//840
f 1026//841 349//841 338//841
f 1026//842 338//842 1020//842
f 1026//843 1020//843 1019//843
f 1027//844 1021//844 1011//844
f 1027//845 365//845 346//845
f 1027//846 346//846 1021//846
f 1027//847 1011//847 1017//847
f 1028//848 217//848 222//848
f 1028//849 1029//849 1023//849
f 1028//850 1022//850 217//850
f 1028//851 1023//851 1022//851
f 1030//852 333//852 342//852
f 1030//853 1024//853 333//853
f 1031//854 1024//854 1030//854
f 1032//855 1025//855 1024//855
f 1032//856 358//856 349//856
f 1032//857 1024//857 1031//857
f 1032//858 1026//858 1025//858
f 1032//859 349//859 1026//859
f 1033//860 375//860 365//860
f 1033//861 1017//861 1023//861
f 1033//862 365//862 1027//862
f 1033//863 1027//863 1017//863
f 1034//864 222//864 221//864
f 1034//865 1028//865 222//865
f 1034//866 1029//866 1028//866
f 1034//867 1035//867 1029//867
f 1036//868 342//868 353//868
f 1036//869 1030//869 342//869
f 1037//870 1030//870 1036//870
f 1038//871 1032//871 1031//871
f 1038//872 1030//872 1037//872
f 1038//873 368//873 358//873
f 1038//874 358//874 1032//874
f 1038//875 1031//875 1030//875
f 1039//876 1023//876 1029//876
f 1039//877 1033//877 1023//877
f 1039//878 375//878 1033//878
f 1039//879 385//879 375//879
f 1040//880 1035//880 1034//880
f 1040//881 221//881 223//881
f 1040//882 1034//882 221//882
f 1040//883 1041//883 1035//883
f 1042//884 1036//884 353//884
f 1042//885 353//885 362//885
f 1043//886 1036//886 1042//886
f 1044//887 1037//887 1036//887
f 1044//888 368//888 1038//888
f 1044//889 1043//889 378//889
f 1044//890 378//890 368//890
f 1044//891 1036//891 1043//891
f 1044//892 1038//892 1037//892
f 1045//893 1039//893 1029//893
f 1045//894 385//894 1039//894
f 1045//895 395//895 385//895
f 1045//896 1029//896 1035//896
f 1046//897 362//897 372//897
f 1046//898 1042//898 362//898
f 1047//899 223//899 228//899
f 1047//900 1040//900 223//900
f 1047//901 1041//901 1040//901
f 1047//902 1048//902 1041//902
f 1049//903 378//903 1043//903
f 1049//904 1046//904 372//904
f 1049//905 1042//905 1046//905
f 1049//905 1043//905 1042//905
f 1050//906 405//906 395//906
f 1050//907 1035//907 1041//907
f 1050//908 1045//908 1035//908
f 1050//909 395//909 1045//909
f 1051//910 378//910 1049//910
f 1051//911 388//911 378//911
f 1052//912 1053//912 1048//912
f 1052//913 1048//913 1047//913
f 1052//914 1047//914 228//914
f 1052//915 228//915 227//915
f 1054//916 372//916 382//916
f 1055//917 1049//917 372//917
f 1055//918 372//918 1054//918
f 1056//919 398//919 388//919
f 1056//920 388//920 1051//920
f 1056//921 1051//921 1049//921
f 1056//921 1049//921 1055//921
f 1057//922 415//922 405//922
f 1057//923 1050//923 1041//923
f 1057//924 1041//924 1048//924
f 1057//925 405//925 1050//925
f 1058//926 227//926 232//926
f 1058//927 1053//927 1052//927
f 1058//928 1059//928 1053//928
f 1058//929 1052//929 227//929
f 1060//930 1054//930 382//930
f 1060//931 382//931 392//931
f 1061//932 1054//932 1060//932
f 1062//933 1055//933 1054//933
f 1062//934 398//934 1056//934
f 1062//935 1056//935 1055//935
f 1062//936 1054//936 1061//936
f 1062//937 408//937 398//937
f 1063//938 415//938 1057//938
f 1063//939 1048//939 1053//939
f 1063//940 1057//940 1048//940
f 1063//941 425//941 415//941
f 1064//942 232//942 231//942
f 1064//943 1058//943 232//943
f 1064//944 1065//944 1059//944
f 1064//945 1059//945 1058//945
f 1066//946 392//946 402//946
f 1066//947 1060//947 392//947
f 1067//948 1060//948 1066//948
f 1068//949 418//949 408//949
f 1068//950 1062//950 1061//950
f 1068//951 1061//951 1060//951
f 1068//952 408//952 1062//952
f 1068//953 1060//953 1067//953
f 1069//954 1053//954 1059//954
f 1069//955 1063//955 1053//955
f 1069//956 425//956 1063//956
f 1069//957 426//957 425//957
f 1070//958 1064//958 231//958
f 1070//959 231//959 234//959
f 1070//960 1071//960 1065//960
f 1070//961 1065//961 1064//961
f 1072//962 1066//962 402//962
f 1072//963 402//963 412//963
f 1073//964 1066//964 1072//964
f 1074//965 1066//965 1073//965
f 1074//966 1067//966 1066//966
f 1074//967 418//967 1068//967
f 1074//968 429//968 418//968
f 1074//969 1068//969 1067//969
f 1075//970 445//970 426//970
f 1075//971 1059//971 1065//971
f 1075//972 1069//972 1059//972
f 1075//973 426//973 1069//973
f 1076//974 234//974 233//974
f 1076//975 1077//975 1071//975
f 1076//976 1070//976 234//976
f 1076//977 1071//977 1070//977
f 1078//978 412//978 422//978
f 1078//979 1072//979 412//979
f 1079//980 1072//980 1078//980
f 1080//981 1074//981 1073//981
f 1080//982 429//982 1074//982
f 1080//983 438//983 429//983
f 1080//984 1072//984 1079//984
f 1080//985 1073//985 1072//985
f 1081//986 1075//986 1065//986
f 1081//987 1065//987 1071//987
f 1081//988 445//988 1075//988
f 1081//989 455//989 445//989
f 1082//990 233//990 236//990
f 1082//991 1076//991 233//991
f 1082//992 1083//992 1077//992
f 1082//993 1077//993 1076//993
f 1084//994 422//994 433//994
f 1084//995 1078//995 422//995
f 1085//996 1078//996 1084//996
f 1086//997 438//997 1080//997
f 1086//998 1080//998 1079//998
f 1086//999 1085//999 448//999
f 1086//1000 1078//1000 1085//1000
f 1086//1001 448//1001 438//1001
f 1086//1002 1079//1002 1078//1002
f 1087//1003 1081//1003 1071//1003
f 1087//1004 455//1004 1081//1004
f 1087//1005 1071//1005 1077//1005
f 1087//1006 466//1006 455//1006
f 1088//1007 1084//1007 433//1007
f 1088//1008 433//1008 442//1008
f 1089//1009 1082//1009 236//1009
f 1089//1010 1083//1010 1082//1010
f 1089//1011 236//1011 235//1011
f 1089//1012 1090//1012 1083//1012
f 1091//1013 1088//1013 442//1013
f 1091//1014 1084//1014 1088//1014
f 1091//1015 448//1015 1085//1015
f 1091//1014 1085//1014 1084//1014
f 1092//1016 467//1016 466//1016
f 1092//1017 1087//1017 1077//1017
f 1092//1018 466//1018 1087//1018
f 1092//1019 1077//1019 1083//1019
f 1093//1020 448//1020 1091//1020
f 1093//1021 458//1021 448//1021
f 1094//1022 1095//1022 1090//1022
f 1094//1023 235//1023 229//1023
f 1094//1024 1090//1024 1089//1024
f 1094//1025 1089//1025 235//1025
f 1096//1026 442//1026 452//1026
f 1097//1027 442//1027 1096//1027
f 1097//1028 1091//1028 442//1028
f 1098//1029 1093//1029 1091//1029
f 1098//1029 1091//1029 1097//1029
f 1098//1030 458//1030 1093//1030
f 1098//1031 470//1031 458//1031
f 1099//1032 485//1032 467//1032
f 1099//1033 1092//1033 1083//1033
f 1099//1034 467//1034 1092//1034
f 1099//1035 1083//1035 1090//1035
f 1100//1036 1101//1036 1095//1036
f 1100//1037 229//1037 230//1037
f 1100//1038 1094//1038 229//1038
f 1100//1039 1095//1039 1094//1039
f 1102//1040 452//1040 463//1040
f 1102//1041 1096//1041 452//1041
f 1103//1042 1096//1042 1102//1042
f 1104//1043 1097//1043 1096//1043
f 1104//1044 478//1044 470//1044
f 1104//1045 1098//1045 1097//1045
f 1104//1046 470//1046 1098//1046
f 1104//1047 1096//1047 1103//1047
f 1105//1048 485//1048 1099//1048
f 1105//1049 1090//1049 1095//1049
f 1105//1050 1099//1050 1090//1050
f 1105//1051 496//1051 485//1051
f 1106//1052 230//1052 224//1052
f 1106//1053 1100//1053 230//1053
f 1106//1054 1101//1054 1100//1054
f 1106//1055 1107//1055 1101//1055
f 1108//1056 463//1056 473//1056
f 1108//1057 1102//1057 463//1057
f 1109//1058 1102//1058 1108//1058
f 1110//1059 488//1059 478//1059
f 1110//1060 478//1060 1104//1060
f 1110//1061 1103//1061 1102//1061
f 1110//1062 1104//1062 1103//1062
f 1110//1063 1102//1063 1109//1063
f 1111//1064 505//1064 496//1064
f 1111//1065 1095//1065 1101//1065
f 1111//1066 1105//1066 1095//1066
f 1111//1067 496//1067 1105//1067
f 1112//1068 224//1068 226//1068
f 1112//1069 1113//1069 1107//1069
f 1112//1070 1106//1070 224//1070
f 1112//1071 1107//1071 1106//1071
f 1114//1072 473//1072 482//1072
f 1114//1073 1108//1073 473//1073
f 1115//1074 1108//1074 1114//1074
f 1116//1075 1108//1075 1115//1075
f 1116//1076 499//1076 488//1076
f 1116//1077 1109//1077 1108//1077
f 1116//1078 488//1078 1110//1078
f 1116//1079 1110//1079 1109//1079
f 1117//1080 506//1080 505//1080
f 1117//1081 505//1081 1111//1081
f 1117//1082 1101//1082 1107//1082
f 1117//1083 1111//1083 1101//1083
f 1118//1084 1112//1084 226//1084
f 1118//1085 226//1085 225//1085
f 1118//1086 1119//1086 1113//1086
f 1118//1087 1113//1087 1112//1087
f 1120//1088 1114//1088 482//1088
f 1120//1089 482//1089 493//1089
f 1121//1090 1114//1090 1120//1090
f 1122//1091 1115//1091 1114//1091
f 1122//1092 1116//1092 1115//1092
f 1122//1093 1114//1093 1121//1093
f 1122//1094 509//1094 499//1094
f 1122//1095 499//1095 1116//1095
f 1123//1096 506//1096 1117//1096
f 1123//1097 1107//1097 1113//1097
f 1123//1098 525//1098 506//1098
f 1123//1099 1117//1099 1107//1099
f 1124//1100 1118//1100 225//1100
f 1124//1101 1119//1101 1118//1101
f 1124//1102 225//1102 218//1102
f 1124//1103 1125//1103 1119//1103
f 1126//1104 493//1104 502//1104
f 1126//1105 1120//1105 493//1105
f 1127//1106 1120//1106 1126//1106
f 1128//1107 1121//1107 1120//1107
f 1128//1108 1122//1108 1121//1108
f 1128//1109 509//1109 1122//1109
f 1128//1110 1120//1110 1127//1110
f 1128//1111 519//1111 509//1111
f 1129//1112 525//1112 1123//1112
f 1129//1113 1113//1113 1119//1113
f 1129//1114 536//1114 525//1114
f 1129//1115 1123//1115 1113//1115
f 1130//1116 1125//1116 1124//1116
f 1130//1117 218//1117 220//1117
f 1130//1118 1124//1118 218//1118
f 1130//1119 1131//1119 1125//1119
f 1132//1120 1126//1120 502//1120
f 1132//1121 502//1121 514//1121
f 1133//1122 1126//1122 1132//1122
f 1134//1123 528//1123 519//1123
f 1134//1124 1128//1124 1127//1124
f 1134//1125 519//1125 1128//1125
f 1134//1126 1126//1126 1133//1126
f 1134//1127 1133//1127 528//1127
f 1134//1128 1127//1128 1126//1128
f 1135//1129 1129//1129 1119//1129
f 1135//1130 536//1130 1129//1130
f 1135//1131 1119//1131 1125//1131
f 1135//1132 537//1132 536//1132
f 1136//1133 1132//1133 514//1133
f 1136//1134 514//1134 522//1134
f 1137//1135 220//1135 219//1135
f 1137//1136 1131//1136 1130//1136
f 1137//1137 1130//1137 220//1137
f 1137//1138 1138//1138 1131//1138
f 1139//1139 1136//1139 522//1139
f 1139//1140 1133//1140 1132//1140
f 1139//1141 528//1141 1133//1141
f 1139//1140 1132//1140 1136//1140
f 1140//1142 546//1142 537//1142
f 1140//1143 1135//1143 1125//1143
f 1140//1144 537//1144 1135//1144
f 1140//1145 1125//1145 1131//1145
f 1141//1146 528//1146 1139//1146
f 1141//1147 540//1147 528//1147
f 1142//1148 1137//1148 219//1148
f 1142//1149 219//1149 211//1149
f 1142//1150 1143//1150 1138//1150
f 1142//1151 1138//1151 1137//1151
f 1144//1152 522//1152 533//1152
f 1145//1153 1139//1153 522//1153
f 1145//1154 1141//1154 1139//1154
f 1145//1155 522//1155 1144//1155
f 1146//1156 1145//1156 549//1156
f 1146//1157 549//1157 540//1157
f 1146//1158 540//1158 1141//1158
f 1146//1154 1141//1154 1145//1154
f 1147//1159 546//1159 1140//1159
f 1147//1160 565//1160 546//1160
f 1147//1161 1140//1161 1131//1161
f 1147//1162 1131//1162 1138//1162
f 1148//1163 533//1163 543//1163
f 1148//1164 1144//1164 533//1164
f 1149//1165 1150//1165 1143//1165
f 1149//1166 211//1166 212//1166
f 1149//1167 1143//1167 1142//1167
f 1149//1168 1142//1168 211//1168
f 1151//1169 1144//1169 1148//1169
f 1151//1170 549//1170 1145//1170
f 1151//1171 1148//1171 543//1171
f 1151//1169 1145//1169 1144//1169
f 1152//1172 576//1172 565//1172
f 1152//1173 1138//1173 1143//1173
f 1152//1174 565//1174 1147//1174
f 1152//1175 1147//1175 1138//1175
f 1153//1176 549//1176 1151//1176
f 1153//1177 558//1177 549//1177
f 1154//1178 1155//1178 1150//1178
f 1154//1179 212//1179 209//1179
f 1154//1180 1150//1180 1149//1180
f 1154//1181 1149//1181 212//1181
f 1156//1182 543//1182 553//1182
f 1157//1183 1153//1183 1151//1183
f 1157//1184 543//1184 1156//1184
f 1157//1185 1151//1185 543//1185
f 1158//1183 1153//1183 1157//1183
f 1158//1186 568//1186 558//1186
f 1158//1187 558//1187 1153//1187
f 1159//1188 1143//1188 1150//1188
f 1159//1189 585//1189 576//1189
f 1159//1190 576//1190 1152//1190
f 1159//1191 1152//1191 1143//1191
f 1160//1192 209//1192 210//1192
f 1160//1193 1161//1193 1155//1193
f 1160//1194 1155//1194 1154//1194
f 1160//1195 1154//1195 209//1195
f 1162//1196 553//1196 562//1196
f 1162//1197 1156//1197 553//1197
f 1163//1198 1156//1198 1162//1198
f 1164//1199 1157//1199 1156//1199
f 1164//1200 1158//1200 1157//1200
f 1164//1201 568//1201 1158//1201
f 1164//1202 1156//1202 1163//1202
f 1164//1203 579//1203 568//1203
f 1165//1204 1150//1204 1155//1204
f 1165//1205 585//1205 1159//1205
f 1165//1206 596//1206 585//1206
f 1165//1207 1159//1207 1150//1207
f 1166//1208 1160//1208 210//1208
f 1166//1209 210//1209 206//1209
f 1166//1210 1167//1210 1161//1210
f 1166//1211 1161//1211 1160//1211
f 1168//1212 562//1212 573//1212
f 1168//1213 1162//1213 562//1213
f 1169//1214 1162//1214 1168//1214
f 1170//1215 1162//1215 1169//1215
f 1170//1216 1163//1216 1162//1216
f 1170//1217 1164//1217 1163//1217
f 1170//1218 579//1218 1164//1218
f 1170//1219 1169//1219 588//1219
f 1170//1220 588//1220 579//1220
f 1171//1221 1165//1221 1155//1221
f 1171//1222 596//1222 1165//1222
f 1171//1223 1155//1223 1161//1223
f 1171//1224 605//1224 596//1224
f 1172//1225 1168//1225 573//1225
f 1172//1226 573//1226 582//1226
f 1173//1227 1174//1227 1167//1227
f 1173//1228 1166//1228 206//1228
f 1173//1229 206//1229 204//1229
f 1173//1230 1167//1230 1166//1230
f 1175//1231 1172//1231 582//1231
f 1175//1232 1168//1232 1172//1232
f 1175//1232 1169//1232 1168//1232
f 1175//1233 588//1233 1169//1233
f 1176//1234 616//1234 605//1234
f 1176//1235 1171//1235 1161//1235
f 1176//1236 605//1236 1171//1236
f 1176//1237 1161//1237 1167//1237
f 1177//1238 599//1238 588//1238
f 1177//1239 588//1239 1175//1239
f 1178//1240 1174//1240 1173//1240
f 1178//1241 204//1241 205//1241
f 1178//1242 1173//1242 204//1242
f 1178//1243 1179//1243 1174//1243
f 1180//1244 582//1244 593//1244
f 1181//1245 1175//1245 582//1245
f 1181//1246 582//1246 1180//1246
f 1182//1247 1177//1247 1175//1247
f 1182//1248 599//1248 1177//1248
f 1182//1249 608//1249 599//1249
f 1182//1247 1175//1247 1181//1247
f 1183//1250 1167//1250 1174//1250
f 1183//1251 625//1251 616//1251
f 1183//1252 616//1252 1176//1252
f 1183//1253 1176//1253 1167//1253
f 1184//1254 205//1254 199//1254
f 1184//1255 1178//1255 205//1255
f 1184//1256 1179//1256 1178//1256
f 1184//1257 1185//1257 1179//1257
f 1186//1258 593//1258 602//1258
f 1186//1259 1180//1259 593//1259
f 1187//1260 1180//1260 1186//1260
f 1188//1261 619//1261 608//1261
f 1188//1262 1181//1262 1180//1262
f 1188//1263 608//1263 1182//1263
f 1188//1264 1182//1264 1181//1264
f 1188//1265 1180//1265 1187//1265
f 1189//1266 1183//1266 1174//1266
f 1189//1267 635//1267 625//1267
f 1189//1268 1174//1268 1179//1268
f 1189//1269 625//1269 1183//1269
f 1190//1270 1185//1270 1184//1270
f 1190//1271 1191//1271 1185//1271
f 1190//1272 199//1272 201//1272
f 1190//1273 1184//1273 199//1273
f 1192//1274 1186//1274 602//1274
f 1192//1275 602//1275 613//1275
f 1193//1276 1186//1276 1192//1276
f 1194//1277 1193//1277 628//1277
f 1194//1278 628//1278 619//1278
f 1194//1279 1187//1279 1186//1279
f 1194//1280 619//1280 1188//1280
f 1194//1281 1188//1281 1187//1281
f 1194//1282 1186//1282 1193//1282
f 1195//1283 646//1283 635//1283
f 1195//1284 1179//1284 1185//1284
f 1195//1285 635//1285 1189//1285
f 1195//1286 1189//1286 1179//1286
f 1196//1287 1192//1287 613//1287
f 1196//1288 613//1288 622//1288
f 1196//1289 1193//1289 1192//1289
f 1197//1290 1191//1290 1190//1290
f 1197//1291 201//1291 200//1291
f 1197//1292 1190//1292 201//1292
f 1197//1293 1198//1293 1191//1293
f 1199//1294 628//1294 1193//1294
f 1199//1289 1193//1289 1196//1289
f 1200//1295 1195//1295 1185//1295
f 1200//1296 1185//1296 1191//1296
f 1200//1297 655//1297 646//1297
f 1200//1298 646//1298 1195//1298
f 1201//1299 628//1299 1199//1299
f 1201//1300 638//1300 628//1300
f 1202//1301 1196//1301 622//1301
f 1202//1302 1201//1302 1199//1302
f 1202//1303 622//1303 632//1303
f 1202//1304 1199//1304 1196//1304
f 1203//1305 1197//1305 200//1305
f 1203//1306 1198//1306 1197//1306
f 1203//1307 200//1307 193//1307
f 1203//1308 1204//1308 1198//1308
f 1205//1309 1201//1309 1202//1309
f 1205//1310 1202//1310 632//1310
f 1206//1311 656//1311 655//1311
f 1206//1312 655//1312 1200//1312
f 1206//1313 1191//1313 1198//1313
f 1206//1314 1200//1314 1191//1314
f 1207//1315 638//1315 1201//1315
f 1207//1316 1201//1316 1205//1316
f 1207//1317 649//1317 638//1317
f 1208//1318 1209//1318 1204//1318
f 1208//1319 1204//1319 1203//1319
f 1208//1320 1203//1320 193//1320
f 1208//1321 193//1321 194//1321
f 1210//1322 632//1322 643//1322
f 1211//1323 632//1323 1210//1323
f 1211//1324 1205//1324 632//1324
f 1212//1325 1207//1325 1205//1325
f 1212//1326 649//1326 1207//1326
f 1212//1325 1205//1325 1211//1325
f 1212//1327 659//1327 649//1327
f 1213//1328 656//1328 1206//1328
f 1213//1329 1206//1329 1198//1329
f 1213//1330 1198//1330 1204//1330
f 1213//1331 666//1331 656//1331
f 1214//1332 1208//1332 194//1332
f 1214//1333 194//1333 189//1333
f 1214//1334 1215//1334 1209//1334
f 1214//1335 1209//1335 1208//1335
f 1216//1336 1210//1336 643//1336
f 1216//1337 643//1337 652//1337
f 1217//1338 1210//1338 1216//1338
f 1218//1339 669//1339 659//1339
f 1218//1340 1217//1340 669//1340
f 1218//1341 1212//1341 1211//1341
f 1218//1342 659//1342 1212//1342
f 1218//1343 1210//1343 1217//1343
f 1218//1344 1211//1344 1210//1344
f 1219//1345 1204//1345 1209//1345
f 1219//1346 685//1346 666//1346
f 1219//1347 1213//1347 1204//1347
f 1219//1348 666//1348 1213//1348
f 1220//1349 652//1349 663//1349
f 1220//1350 1216//1350 652//1350
f 1221//1351 1222//1351 1215//1351
f 1221//1352 1215//1352 1214//1352
f 1221//1353 189//1353 188//1353
f 1221//1354 1214//1354 189//1354
f 1223//1355 669//1355 1217//1355
f 1223//1356 1216//1356 1220//1356
f 1223//1356 1217//1356 1216//1356
f 1224//1357 1209//1357 1215//1357
f 1224//1358 685//1358 1219//1358
f 1224//1359 695//1359 685//1359
f 1224//1360 1219//1360 1209//1360
f 1225//1361 678//1361 669//1361
f 1225//1362 669//1362 1223//1362
f 1226//1363 663//1363 673//1363
f 1226//1364 1220//1364 663//1364
f 1226//1365 1223//1365 1220//1365
f 1226//1366 1225//1366 1223//1366
f 1227//1367 1228//1367 1222//1367
f 1227//1368 1222//1368 1221//1368
f 1227//1369 188//1369 184//1369
f 1227//1370 1221//1370 188//1370
f 1229//1371 1226//1371 673//1371
f 1229//1372 1225//1372 1226//1372
f 1230//1373 1215//1373 1222//1373
f 1230//1374 696//1374 695//1374
f 1230//1375 695//1375 1224//1375
f 1230//1376 1224//1376 1215//1376
f 1231//1377 678//1377 1225//1377
f 1231//1378 688//1378 678//1378
f 1231//1379 1225//1379 1229//1379
f 1232//1380 184//1380 186//1380
f 1232//1381 1228//1381 1227//1381
f 1232//1382 1233//1382 1228//1382
f 1232//1383 1227//1383 184//1383
f 1234//1384 673//1384 682//1384
f 1235//1385 1229//1385 673//1385
f 1235//1386 673//1386 1234//1386
f 1236//1387 1229//1387 1235//1387
f 1236//1388 699//1388 688//1388
f 1236//1389 1235//1389 699//1389
f 1236//1387 1231//1387 1229//1387
f 1236//1390 688//1390 1231//1390
f 1237//1391 1222//1391 1228//1391
f 1237//1392 715//1392 696//1392
f 1237//1393 1230//1393 1222//1393
f 1237//1394 696//1394 1230//1394
f 1238//1395 1234//1395 682//1395
f 1238//1396 682//1396 692//1396
f 1239//1397 1240//1397 1233//1397
f 1239//1398 186//1398 185//1398
f 1239//1399 1233//1399 1232//1399
f 1239//1400 1232//1400 186//1400
f 1241//1401 1235//1401 1234//1401
f 1241//1402 1238//1402 692//1402
f 1241//1401 1234//1401 1238//1401
f 1241//1403 699//1403 1235//1403
f 1242//1404 725//1404 715//1404
f 1242//1405 715//1405 1237//1405
f 1242//1406 1237//1406 1228//1406
f 1242//1407 1228//1407 1233//1407
f 1243//1408 699//1408 1241//1408
f 1243//1409 708//1409 699//1409
f 1244//1410 1239//1410 185//1410
f 1244//1411 1245//1411 1240//1411
f 1244//1412 1240//1412 1239//1412
f 1244//1413 185//1413 176//1413
f 1246//1414 692//1414 703//1414
f 1247//1415 1241//1415 692//1415
f 1247//1416 692//1416 1246//1416
f 1248//1417 1243//1417 1241//1417
f 1248//1418 708//1418 1243//1418
f 1248//1419 1247//1419 718//1419
f 1248//1417 1241//1417 1247//1417
f 1248//1420 718//1420 708//1420
f 1249//1421 1242//1421 1233//1421
f 1249//1422 1233//1422 1240//1422
f 1249//1423 725//1423 1242//1423
f 1249//1424 726//1424 725//1424
f 1250//1425 1246//1425 703//1425
f 1250//1426 703//1426 712//1426
f 1251//1427 1245//1427 1244//1427
f 1251//1428 1244//1428 176//1428
f 1251//1429 1252//1429 1245//1429
f 1251//1430 176//1430 178//1430
f 1253//1431 1246//1431 1250//1431
f 1253//1431 1247//1431 1246//1431
f 1253//1432 718//1432 1247//1432
f 1254//1433 1240//1433 1245//1433
f 1254//1434 1249//1434 1240//1434
f 1254//1435 726//1435 1249//1435
f 1254//1436 745//1436 726//1436
f 1255//1437 729//1437 718//1437
f 1255//1438 718//1438 1253//1438
f 1256//1439 712//1439 722//1439
f 1256//1440 1250//1440 712//1440
f 1256//1441 1253//1441 1250//1441
f 1256//1442 1255//1442 1253//1442
f 1257//1443 1252//1443 1251//1443
f 1257//1444 1251//1444 178//1444
f 1257//1445 1258//1445 1252//1445
f 1257//1446 178//1446 177//1446
f 1259//1447 1256//1447 722//1447
f 1259//1448 1255//1448 1256//1448
f 1260//1449 1254//1449 1245//1449
f 1260//1450 745//1450 1254//1450
f 1260//1451 1245//1451 1252//1451
f 1260//1452 755//1452 745//1452
f 1261//1453 729//1453 1255//1453
f 1261//1454 738//1454 729//1454
f 1261//1455 1255//1455 1259//1455
f 1262//1456 1258//1456 1257//1456
f 1262//1457 177//1457 187//1457
f 1262//1458 1257//1458 177//1458
f 1262//1459 1263//1459 1258//1459
f 1264//1460 722//1460 733//1460
f 1265//1461 1259//1461 722//1461
f 1265//1462 722//1462 1264//1462
f 1266//1463 748//1463 738//1463
f 1266//1464 738//1464 1261//1464
f 1266//1465 1261//1465 1259//1465
f 1266//1465 1259//1465 1265//1465
f 1267//1466 1252//1466 1258//1466
f 1267//1467 1260//1467 1252//1467
f 1267//1468 755//1468 1260//1468
f 1267//1469 756//1469 755//1469
f 1268//1470 1269//1470 1263//1470
f 1268//1471 1263//1471 1262//1471
f 1268//1472 187//1472 172//1472
f 1268//1473 1262//1473 187//1473
f 1270//1474 1264//1474 733//1474
f 1270//1475 733//1475 742//1475
f 1271//1476 1264//1476 1270//1476
f 1272//1477 1265//1477 1264//1477
f 1272//1478 748//1478 1266//1478
f 1272//1479 1266//1479 1265//1479
f 1272//1480 1271//1480 759//1480
f 1272//1481 759//1481 748//1481
f 1272//1482 1264//1482 1271//1482
f 1273//1483 775//1483 756//1483
f 1273//1484 1267//1484 1258//1484
f 1273//1485 756//1485 1267//1485
f 1273//1486 1258//1486 1263//1486
f 1274//1487 742//1487 752//1487
f 1274//1488 1270//1488 742//1488
f 1275//1489 1276//1489 1269//1489
f 1275//1490 1269//1490 1268//1490
f 1275//1491 172//1491 173//1491
f 1275//1492 1268//1492 172//1492
f 1277//1493 1270//1493 1274//1493
f 1277//1494 759//1494 1271//1494
f 1277//1493 1271//1493 1270//1493
f 1278//1495 775//1495 1273//1495
f 1278//1496 1263//1496 1269//1496
f 1278//1497 776//1497 775//1497
f 1278//1498 1273//1498 1263//1498
f 1279//1499 759//1499 1277//1499
f 1279//1500 769//1500 759//1500
f 1280//1501 752//1501 764//1501
f 1280//1502 1279//1502 1277//1502
f 1280//1503 1277//1503 1274//1503
f 1280//1504 1274//1504 752//1504
f 1281//1505 1275//1505 173//1505
f 1281//1506 1282//1506 1276//1506
f 1281//1507 173//1507 165//1507
f 1281//1508 1276//1508 1275//1508
f 1283//1509 1279//1509 1280//1509
f 1283//1510 1280//1510 764//1510
f 1284//1511 1269//1511 1276//1511
f 1284//1512 1278//1512 1269//1512
f 1284//1513 795//1513 776//1513
f 1284//1514 776//1514 1278//1514
f 1285//1515 769//1515 1279//1515
f 1285//1516 1279//1516 1283//1516
f 1285//1517 779//1517 769//1517
f 1286//1518 1281//1518 165//1518
f 1286//1519 165//1519 167//1519
f 1286//1520 1287//1520 1282//1520
f 1286//1521 1282//1521 1281//1521
f 1288//1522 764//1522 772//1522
f 1289//1523 764//1523 1288//1523
f 1289//1524 1283//1524 764//1524
f 1290//1525 1283//1525 1289//1525
f 1290//1525 1285//1525 1283//1525
f 1290//1526 779//1526 1285//1526
f 1290//1527 788//1527 779//1527
f 1291//1528 795//1528 1284//1528
f 1291//1529 1276//1529 1282//1529
f 1291//1530 1284//1530 1276//1530
f 1291//1531 796//1531 795//1531
f 1292//1532 1286//1532 167//1532
f 1292//1533 167//1533 166//1533
f 1292//1534 1293//1534 1287//1534
f 1292//1535 1287//1535 1286//1535
f 1294//1536 772//1536 783//1536
f 1294//1537 1288//1537 772//1537
f 1295//1538 1288//1538 1294//1538
f 1296//1539 799//1539 788//1539
f 1296//1540 1295//1540 799//1540
f 1296//1541 1290//1541 1289//1541
f 1296//1542 788//1542 1290//1542
f 1296//1543 1289//1543 1288//1543
f 1296//1544 1288//1544 1295//1544
f 1297//1545 1291//1545 1282//1545
f 1297//1546 796//1546 1291//1546
f 1297//1547 1282//1547 1287//1547
f 1297//1548 815//1548 796//1548
f 1298//1549 1294//1549 783//1549
f 1298//1550 783//1550 792//1550
f 1299//1551 1293//1551 1292//1551
f 1299//1552 166//1552 169//1552
f 1299//1553 1292//1553 166//1553
f 1299//1554 1300//1554 1293//1554
f 1301//1555 799//1555 1295//1555
f 1301//1556 1294//1556 1298//1556
f 1301//1556 1295//1556 1294//1556
f 1301//1557 1298//1557 792//1557
f 1302//1558 816//1558 815//1558
f 1302//1559 1297//1559 1287//1559
f 1302//1560 815//1560 1297//1560
f 1302//1561 1287//1561 1293//1561
f 1303//1562 808//1562 799//1562
f 1303//1563 799//1563 1301//1563
f 1304//1564 1305//1564 1300//1564
f 1304//1565 169//1565 170//1565
f 1304//1566 1299//1566 169//1566
f 1304//1567 1300//1567 1299//1567
f 1306//1568 792//1568 803//1568
f 1307//1569 792//1569 1306//1569
f 1307//1570 1301//1570 792//1570
f 1308//1571 819//1571 808//1571
f 1308//1572 808//1572 1303//1572
f 1308//1573 1303//1573 1301//1573
f 1308//1573 1301//1573 1307//1573
f 1309//1574 835//1574 816//1574
f 1309//1575 816//1575 1302//1575
f 1309//1576 1302//1576 1293//1576
f 1309//1577 1293//1577 1300//1577
f 1310//1578 1305//1578 1304//1578
f 1310//1579 1311//1579 1305//1579
f 1310//1580 170//1580 171//1580
f 1310//1581 1304//1581 170//1581
f 1312//1582 803//1582 812//1582
f 1312//1583 1306//1583 803//1583
f 1313//1584 1306//1584 1312//1584
f 1314//1585 828//1585 819//1585
f 1314//1586 1307//1586 1306//1586
f 1314//1587 819//1587 1308//1587
f 1314//1588 1308//1588 1307//1588
f 1314//1589 1306//1589 1313//1589
f 1315//1590 835//1590 1309//1590
f 1315//1591 1300//1591 1305//1591
f 1315//1592 846//1592 835//1592
f 1315//1593 1309//1593 1300//1593
f 1316//1594 1311//1594 1310//1594
f 1316//1595 1317//1595 1311//1595
f 1316//1596 171//1596 168//1596
f 1316//1597 1310//1597 171//1597
f 1318//1598 1312//1598 812//1598
f 1318//1599 812//1599 823//1599
f 1319//1600 1312//1600 1318//1600
f 1320//1601 1319//1601 838//1601
f 1320//1602 1312//1602 1319//1602
f 1320//1603 838//1603 828//1603
f 1320//1604 1314//1604 1313//1604
f 1320//1605 1313//1605 1312//1605
f 1320//1606 828//1606 1314//1606
f 1321//1607 1315//1607 1305//1607
f 1321//1608 846//1608 1315//1608
f 1321//1609 856//1609 846//1609
f 1321//1610 1305//1610 1311//1610
f 1322//1611 823//1611 832//1611
f 1322//1612 1319//1612 1318//1612
f 1322//1613 1318//1613 823//1613
f 1323//1614 1316//1614 168//1614
f 1323//1615 1324//1615 1317//1615
f 1323//1616 1317//1616 1316//1616
f 1323//1617 168//1617 175//1617
f 1325//1618 838//1618 1319//1618
f 1325//1612 1319//1612 1322//1612
f 1326//1619 856//1619 1321//1619
f 1326//1620 1321//1620 1311//1620
f 1326//1621 1311//1621 1317//1621
f 1326//1622 866//1622 856//1622
f 1327//1623 838//1623 1325//1623
f 1327//1624 849//1624 838//1624
f 1328//1625 1327//1625 1325//1625
f 1328//1626 832//1626 843//1626
f 1328//1627 1325//1627 1322//1627
f 1328//1628 1322//1628 832//1628
f 1329//1629 1323//1629 175//1629
f 1329//1630 1324//1630 1323//1630
f 1329//1631 175//1631 174//1631
f 1329//1632 1330//1632 1324//1632
f 1331//1633 1327//1633 1328//1633
f 1331//1634 1328//1634 843//1634
f 1332//1635 1326//1635 1317//1635
f 1332//1636 866//1636 1326//1636
f 1332//1637 1317//1637 1324//1637
f 1332//1638 875//1638 866//1638
f 1333//1639 849//1639 1327//1639
f 1333//1640 859//1640 849//1640
f 1333//1641 1327//1641 1331//1641
f 1334//1642 1335//1642 1330//1642
f 1334//1643 1329//1643 174//1643
f 1334//1644 1330//1644 1329//1644
f 1334//1645 174//1645 180//1645
f 1336//1646 843//1646 853//1646
f 1337//1647 843//1647 1336//1647
f 1337//1648 1331//1648 843//1648
f 1338//1649 1333//1649 1331//1649
f 1338//1649 1331//1649 1337//1649
f 1338//1650 859//1650 1333//1650
f 1338//1651 869//1651 859//1651
f 1339//1652 1332//1652 1324//1652
f 1339//1653 875//1653 1332//1653
f 1339//1654 1324//1654 1330//1654
f 1339//1655 885//1655 875//1655
f 1340//1656 1335//1656 1334//1656
f 1340//1657 1334//1657 180//1657
f 1340//1658 180//1658 181//1658
f 1340//1659 1341//1659 1335//1659
f 1342//1660 1336//1660 853//1660
f 1342//1661 853//1661 863//1661
f 1343//1662 1336//1662 1342//1662
f 1344//1663 1338//1663 1337//1663
f 1344//1664 869//1664 1338//1664
f 1344//1665 1337//1665 1336//1665
f 1344//1666 1343//1666 878//1666
f 1344//1667 1336//1667 1343//1667
f 1344//1668 878//1668 869//1668
f 1345//1669 1330//1669 1335//1669
f 1345//1670 897//1670 885//1670
f 1345//1671 885//1671 1339//1671
f 1345//1672 1339//1672 1330//1672
f 1346//1673 863//1673 872//1673
f 1346//1674 1342//1674 863//1674
f 1346//1675 1343//1675 1342//1675
f 1347//1676 1341//1676 1340//1676
f 1347//1677 958//1677 1341//1677
f 1347//1678 1340//1678 181//1678
f 1347//1679 181//1679 179//1679
f 1347//1680 179//1680 958//1680
f 1348//1681 878//1681 1343//1681
f 1348//1675 1343//1675 1346//1675
f 1349//1682 1345//1682 1335//1682
f 1349//1683 894//1683 897//1683
f 1349//1684 897//1684 1345//1684
f 1349//1685 1335//1685 1341//1685
f 1350//1686 888//1686 878//1686
f 1350//1687 878//1687 1348//1687
f 1351//1688 872//1688 882//1688
f 1351//1689 1346//1689 872//1689
f 1351//1690 1348//1690 1346//1690
f 1351//1691 1350//1691 1348//1691
f 1352//1692 1351//1692 882//1692
f 1352//1693 1350//1693 1351//1693
f 1353//1694 1341//1694 958//1694
f 1353//1695 958//1695 238//1695
f 1353//1696 238//1696 894//1696
f 1353//1697 1349//1697 1341//1697
f 1353//1698 894//1698 1349//1698
f 1354//1699 900//1699 888//1699
f 1354//1700 888//1700 1350//1700
f 1354//1701 1350//1701 1352//1701
f 1355//1702 882//1702 893//1702
f 1356//1703 882//1703 1355//1703
f 1356//1704 1352//1704 882//1704
f 1357//1705 908//1705 900//1705
f 1357//1706 1354//1706 1352//1706
f 1357//1706 1352//1706 1356//1706
f 1357//1707 900//1707 1354//1707
f 1358//1708 1355//1708 893//1708
f 1358//1709 893//1709 903//1709
f 1359//1710 1355//1710 1358//1710
f 1360//1711 1357//1711 1356//1711
f 1360//1712 1359//1712 916//1712
f 1360//1713 1355//1713 1359//1713
f 1360//1714 916//1714 908//1714
f 1360//1715 1356//1715 1355//1715
f 1360//1716 908//1716 1357//1716
f 1361//1717 1358//1717 903//1717
f 1361//1718 903//1718 912//1718
f 1362//1719 1358//1719 1361//1719
f 1362//1719 1359//1719 1358//1719
f 1362//1720 916//1720 1359//1720
f 1363//1721 916//1721 1362//1721
f 1363//1722 924//1722 916//1722
f 1364//1723 1362//1723 1361//1723
f 1364//1724 1361//1724 912//1724
f 1364//1725 1363//1725 1362//1725
f 1364//1726 912//1726 920//1726
f 1365//1727 1363//1727 1364//1727
f 1365//1728 1364//1728 920//1728
f 1366//1729 924//1729 1363//1729
f 1366//1730 931//1730 924//1730
f 1366//1731 1363//1731 1365//1731
f 1367//1732 920//1732 927//1732
f 1368//1733 1365//1733 920//1733
f 1368//1734 920//1734 1367//1734
f 1369//1735 1365//1735 1368//1735
f 1369//1735 1366//1735 1365//1735
f 1369//1736 931//1736 1366//1736
f 1369//1737 1368//1737 937//1737
f 1369//1738 937//1738 931//1738
f 1370//1739 1367//1739 927//1739
f 1370//1740 1368//1740 1367//1740
f 1370//1741 927//1741 934//1741
f 1371//1740 1368//1740 1370//1740
f 1371//1742 937//1742 1368//1742
f 1371//1743 1370//1743 934//1743
f 1372//1744 937//1744 1371//1744
f 1372//1745 942//1745 937//1745
f 1373//1746 934//1746 940//1746
f 1374//1747 1372//1747 1371//1747
f 1374//1748 1371//1748 934//1748
f 1374//1749 934//1749 1373//1749
f 1375//1750 942//1750 1372//1750
f 1375//1747 1372//1747 1374//1747
f 1375//1751 946//1751 942//1751
f 1376//1752 940//1752 945//1752
f 1376//1753 1373//1753 940//1753
f 1377//1754 1373//1754 1376//1754
f 1378//1755 950//1755 946//1755
f 1378//1756 1374//1756 1373//1756
f 1378//1757 1375//1757 1374//1757
f 1378//1758 946//1758 1375//1758
f 1378//1759 1373//1759 1377//1759
f 1379//1760 945//1760 949//1760
f 1379//1761 1376//1761 945//1761
f 1380//1762 1376//1762 1379//1762
f 1381//1763 953//1763 950//1763
f 1381//1764 950//1764 1378//1764
f 1381//1765 1377//1765 1376//1765
f 1381//1766 1378//1766 1377//1766
f 1381//1767 1376//1767 1380//1767
f 1382//1768 949//1768 952//1768
f 1382//1769 1379//1769 949//1769
f 1383//1770 1379//1770 1382//1770
f 1384//1771 955//1771 953//1771
f 1384//1772 953//1772 1381//1772
f 1384//1773 1383//1773 955//1773
f 1384//1774 1380//1774 1379//1774
f 1384//1775 1381//1775 1380//1775
f 1384//1776 1379//1776 1383//1776
f 1385//1777 952//1777 282//1777
f 1385//1778 1382//1778 952//1778
f 1385//1779 299//1779 955//1779
f 1385//1780 955//1780 1383//1780
f 1385//1781 282//1781 996//1781
f 1385//1782 996//1782 299//1782
f 1385//1783 1383//1783 1382//1783
f 761//1784 749//1784 760//1784
f 700//1784 709//1784 719//1784
f 700//1784 719//1784 730//1784
f 700//1784 730//1784 739//1784
f 700//1784 739//1784 749//1784
f 789//1784 761//1784 780//1784
f 800//1784 749//1784 761//1784
f 800//1784 761//1784 789//1784
f 670//1784 679//1784 689//1784
f 829//1784 809//1784 820//1784
f 839//1784 809//1784 829//1784
f 839//1784 800//1784 809//1784
f 639//1784 670//1784 689//1784
f 639//1784 640//1784 660//1784
f 639//1784 660//1784 670//1784
f 639//1784 689//1784 700//1784
f 850//1784 800//1784 839//1784
f 850//1784 839//1784 840//1784
f 850//1784 749//1784 800//1784
f 610//1784 639//1784 700//1784
f 610//1785 629//1785 639//1785
f 610//1784 700//1784 749//1784
f 609//1784 749//1784 850//1784
f 609//1784 610//1784 749//1784
f 609//1784 850//1784 860//1784
f 889//1784 609//1784 860//1784
f 889//1784 590//1784 609//1784
f 889//1784 860//1784 879//1784
f 917//1784 890//1784 909//1784
f 925//1784 890//1784 917//1784
f 550//1784 559//1784 569//1784
f 550//1784 569//1784 570//1784
f 550//1784 570//1784 589//1784
f 530//1784 589//1784 590//1784
f 530//1784 550//1784 589//1784
f 943//1784 925//1784 932//1784
f 943//1784 932//1784 938//1784
f 511//1784 529//1784 530//1784
f 947//1784 590//1784 889//1784
f 947//1784 890//1784 925//1784
f 947//1784 925//1784 943//1784
f 947//1784 889//1784 890//1784
f 510//1784 511//1784 530//1784
f 490//1784 530//1784 590//1784
f 490//1784 510//1784 530//1784
f 956//1784 947//1784 951//1784
f 956//1786 951//1786 954//1786
f 460//1784 479//1784 489//1784
f 460//1784 489//1784 490//1784
f 459//1784 590//1784 947//1784
f 459//1784 490//1784 590//1784
f 459//1784 947//1784 956//1784
f 459//1784 460//1784 490//1784
f 300//1784 956//1784 298//1784
f 320//1786 300//1786 309//1786
f 320//1784 459//1784 956//1784
f 320//1784 956//1784 300//1784
f 430//1784 439//1784 449//1784
f 430//1784 449//1784 459//1784
f 339//1784 320//1784 330//1784
f 419//1784 459//1784 320//1784
f 419//1784 430//1784 459//1784
f 359//1784 320//1784 339//1784
f 359//1784 339//1784 350//1784
f 359//1784 409//1784 419//1784
f 359//1784 419//1784 320//1784
f 379//1784 359//1784 369//1784
f 379//1784 409//1784 359//1784
f 379//1784 389//1784 399//1784
f 379//1784 399//1784 409//1784
o 4
v 0.049510 0.004332 0.075349
v 0.049699 -0.000000 0.075349
v 0.049699 -0.000000 0.061513
v 0.049510 0.004332 0.061513
v 0.048944 0.008630 0.075349
v 0.048944 0.008630 0.061513
v 0.048006 0.012863 0.061513
v 0.048006 0.012863 0.075349
v 0.046702 0.016998 0.075349
v 0.046702 0.016998 0.061513
v 0.045043 0.021004 0.061513
v 0.045043 0.021004 0.075349
v 0.043041 0.024850 0.075349
v 0.043041 0.024850 0.061513
v 0.040711 0.028506 0.075349
v 0.040711 0.028506 0.061513
v 0.038072 0.031946 0.075349
v 0.038072 0.031946 0.061513
v 0.035143 0.035143 0.075349
v 0.035143 0.035143 0.061513
v 0.031946 0.038072 0.075349
v 0.031946 0.038072 0.061513
v 0.028506 0.040711 0.075349
v 0.028506 0.040711 0.061513
v 0.024850 0.043041 0.075349
v 0.024850 0.043041 0.061513
v 0.021004 0.045043 0.061513
v 0.021004 0.045043 0.075349
v 0.016998 0.046702 0.061513
v 0.016998 0.046702 0.075349
v 0.012863 0.048006 0.075349
v 0.012863 0.048006 0.061513
v 0.008630 0.048944 0.061513
v 0.008630 0.048944 0.075349
v 0.004332 0.049510 0.075349
v 0.004332 0.049510 0.061513
v 0.000000 0.049699 0.075349
v 0.000000 0.049699 0.061513
v -0.004332 0.049510 0.061513
v -0.004332 0.049510 0.075349
v -0.008630 0.048944 0.075349
v -0.008630 0.048944 0.061513
v -0.012863 0.048006 0.075349
v -0.012863 0.048006 0.061513
v -0.016998 0.046702 0.061513
v -0.016998 0.046702 0.075349
v -0.021004 0.045043 0.075349
v -0.021004 0.045043 0.061513
v -0.024850 0.043041 0.061513
v -0.024850 0.043041 0.075349
v -0.028506 0.040711 0.075349
v -0.028506 0.040711 0.061513
v -0.031946 0.038072 0.075349
v -0.031946 0.038072 0.061513
v -0.035143 0.035143 0.061513
v -0.035143 0.035143 0.075349
v -0.038072 0.031946 0.075349
v -0.038072 0.031946 0.061513
v -0.040711 0.028506 0.075349
v -0.040711 0.028506 0.061513
v -0.043041 0.024850 0.075349
v -0.043041 0.024850 0.061513
v -0.045043 0.021004 0.075349
v -0.045043 0.021004 0.061513
v -0.046702 0.016998 0.061513
v -0.046702 0.016998 0.075349
v -0.048006 0.012863 0.075349
v -0.048006 0.012863 0.061513
v -0.048944 0.008630 0.075349
v -0.048944 0.008630 0.061513
v -0.049510 0.004332 0.075349
v -0.049510 0.004332 0.061513
v -0.049699 0.000000 0.061513
v -0.049699 0.000000 0.075349
v -0.049510 -0.004332 0.075349
v -0.049510 -0.004332 0.061513
v -0.048944 -0.008630 0.075349
v -0.048944 -0.008630 0.061513
v -0.048006 -0.012863 0.075349
v -0.048006 -0.012863 0.061513
v -0.046702 -0.016998 0.075349
v -0.046702 -0.016998 0.061513
v -0.045043 -0.021004 0.061513
v -0.045043 -0.021004 0.075349
v -0.043041 -0.024850 0.075349
v -0.043041 -0.024850 0.061513
v -0.040711 -0.028506 0.061513
v -0.040711 -0.028506 0.075349
v -0.038072 -0.031946 0.075349
v -0.038072 -0.031946 0.061513
v -0.035143 -0.035143 0.061513
v -0.035143 -0.035143 0.075349
v -0.031946 -0.038072 0.075349
v -0.031946 -0.038072 0.061513
v -0.028506 -0.040711 0.061513
v -0.028506 -0.040711 0.075349
v -0.024850 -0.043041 0.075349
v -0.024850 -0.043041 0.061513
v -0.021004 -0.045043 0.075349
v -0.021004 -0.045043 0.061513
v -0.016998 -0.046702 0.061513
v -0.016998 -0.046702 0.075349
v -0.012863 -0.048006 0.075349
v -0.012863 -0.048006 0.061513
v -0.008630 -0.048944 0.061513
v -0.008630 -0.048944 0.075349
v -0.004332 -0.049510 0.075349
v -0.004332 -0.049510 0.061513
v -0.000000 -0.049699 0.075349
v -0.000000 -0.049699 0.061513
v 0.004332 -0.049510 0.075349
v 0.004332 -0.049510 0.061513
v 0.008630 -0.048944 0.061513
v 0.008630 -0.048944 0.075349
v 0.012863 -0.048006 0.075349
v 0.012863 -0.048006 0.061513
v 0.016998 -0.046702 0.075349
v 0.016998 -0.046702 0.061513
v 0.021004 -0.045043 0.075349
v 0.021004 -0.045043 0.061513
v 0.024850 -0.043041 0.075349
v 0.024850 -0.043041 0.061513
v 0.028506 -0.040711 0.075349
v 0.028506 -0.040711 0.061513
v 0.031946 -0.038072 0.075349
v 0.031946 -0.038072 0.061513
v 0.035143 -0.035143 0.075349
v 0.035143 -0.035143 0.061513
v 0.038072 -0.031946 0.075349
v 0.038072 -0.031946 0.061513
v 0.040711 -0.028506 0.061513
v 0.040711 -0.028506 0.075349
v 0.043041 -0.024850 0.075349
v 0.043041 -0.024850 0.061513
v 0.045043 -0.021004 0.075349
v 0.045043 -0.021004 0.061513
v 0.046702 -0.016998 0.075349
v 0.046702 -0.016998 0.061513
v 0.048006 -0.012863 0.075349
v 0.048006 -0.012863 0.061513
v 0.048944 -0.008630 0.075349
v 0.048944 -0.008630 0.061513
v 0.049510 -0.004332 0.075349
v 0.049510 -0.004332 0.061513
vn 0.9990 0.0436 -0.0000
vn 0.9914 0.1305 -0.0000
vn 0.9763 0.2164 -0.0000
vn 0.9537 0.3007 -0.0000
vn 0.9239 0.3827 -0.0000
vn 0.8870 0.4617 -0.0000
vn 0.8434 0.5373 -0.0000
vn 0.7934 0.6088 -0.0000
vn 0.7373 0.6756 -0.0000
vn 0.6756 0.7373 -0.0000
vn 0.6088 0.7934 -0.0000
vn 0.5373 0.8434 -0.0000
vn 0.4617 0.8870 -0.0000
vn 0.3827 0.9239 -0.0000
vn 0.3007 0.9537 -0.0000
vn 0.2164 0.9763 -0.0000
vn 0.1305 0.9914 -0.0000
vn 0.0436 0.9990 -0.0000
vn -0.0436 0.9990 -0.0000
vn -0.1305 0.9914 -0.0000
vn -0.2164 0.9763 -0.0000
vn -0.3007 0.9537 -0.0000
vn -0.3827 0.9239 -0.0000
vn -0.4617 0.8870 -0.0000
vn -0.5373 0.8434 -0.0000
vn -0.6088 0.7934 -0.0000
vn -0.6756 0.7373 -0.0000
vn -0.7373 0.6756 -0.0000
vn -0.7934 0.6088 -0.0000
vn -0.8434 0.5373 -0.0000
vn -0.8870 0.4617 -0.0000
vn -0.9239 0.3827 -0.0000
vn -0.9537 0.3007 -0.0000
vn -0.9763 0.2164 -0.0000
vn -0.9914 0.1305 -0.0000
vn -0.9990 0.0436 -0.0000
vn -0.9990 -0.0436 -0.0000
vn -0.9914 -0.1305 -0.0000
vn -0.9763 -0.2164 -0.0000
vn -0.9537 -0.3007 -0.0000
vn -0.9239 -0.3827 -0.0000
vn -0.8870 -0.4617 -0.0000
vn -0.8434 -0.5373 -0.0000
vn -0.7934 -0.6088 -0.0000
vn -0.7373 -0.6756 -0.0000
vn -0.6756 -0.7373 -0.0000
vn -0.6088 -0.7934 -0.0000
vn -0.5373 -0.8434 -0.0000
vn -0.4617 -0.8870 -0.0000
vn -0.3827 -0.9239 -0.0000
vn -0.3007 -0.9537 -0.0000
vn -0.2164 -0.9763 -0.0000
vn -0.1305 -0.9914 -0.0000
vn -0.0436 -0.9990 -0.0000
vn 0.0436 -0.9990 -0.0000
vn 0.1305 -0.9914 -0.0000
vn 0.2164 -0.9763 -0.0000
vn 0.3007 -0.9537 -0.0000
vn 0.3827 -0.9239 -0.0000
vn 0.4617 -0.8870 -0.0000
vn 0.5373 -0.8434 -0.0000
vn 0.6088 -0.7934 -0.0000
vn 0.6756 -0.7373 -0.0000
vn 0.7373 -0.6756 -0.0000
vn 0.7934 -0.6088 -0.0000
vn 0.8434 -0.5373 -0.0000
vn 0.8870 -0.4617 -0.0000
vn 0.9239 -0.3827 -0.0000
vn 0.9537 -0.3007 -0.0000
vn 0.9763 -0.2164 -0.0000
vn 0.9914 -0.1305 -0.0000
vn 0.9990 -0.0436 -0.0000
vn -0.0000 -0.0000 1.0000
vn -0.0000 -0.0000 -1.0000
vn 0.0001 -0.0000 -1.0000
vn -0.0001 -0.0000 -1.0000
s 0
usemtl black_sick_ral_9005
f 1386//1787 1387//1787 1388//1787
f 1386//1787 1388//1787 1389//1787
f 1390//1788 1386//1788 1389//1788
f 1390//1788 1389//1788 1391//1788
f 1390//1789 1391//1789 1392//1789
f 1393//1789 1390//1789 1392//1789
f 1394//1790 1393//1790 1392//1790
f 1394//1790 1392//1790 1395//1790
f 1394//1791 1395//1791 1396//1791
f 1397//1791 1394//1791 1396//1791
f 1398//1792 1397//1792 1396//1792
f 1398//1792 1396//1792 1399//1792
f 1400//1793 1398//1793 1399//1793
f 1400//1793 1399//1793 1401//1793
f 1402//1794 1401//1794 1403//1794
f 1402//1794 1400//1794 1401//1794
f 1404//1795 1403//1795 1405//1795
f 1404//1795 1402//1795 1403//1795
f 1406//1796 1405//1796 1407//1796
f 1406//1796 1404//1796 1405//1796
f 1408//1797 1407//1797 1409//1797
f 1408//1797 1406//1797 1407//1797
f 1410//1798 1409//1798 1411//1798
f 1410//1799 1411//1799 1412//1799
f 1410//1798 1408//1798 1409//1798
f 1413//1799 1410//1799 1412//1799
f 1413//1800 1412//1800 1414//1800
f 1415//1800 1413//1800 1414//1800
f 1416//1801 1415//1801 1414//1801
f 1416//1801 1414//1801 1417//1801
f 1416//1802 1417//1802 1418//1802
f 1419//1802 1416//1802 1418//1802
f 1420//1803 1419//1803 1418//1803
f 1420//1803 1418//1803 1421//1803
f 1422//1804 1420//1804 1421//1804
f 1422//1804 1421//1804 1423//1804
f 1422//1805 1423//1805 1424//1805
f 1425//1805 1422//1805 1424//1805
f 1426//1806 1425//1806 1424//1806
f 1426//1806 1424//1806 1427//1806
f 1428//1807 1426//1807 1427//1807
f 1428//1807 1427//1807 1429//1807
f 1428//1808 1429//1808 1430//1808
f 1431//1808 1428//1808 1430//1808
f 1432//1809 1431//1809 1430//1809
f 1432//1809 1430//1809 1433//1809
f 1432//1810 1433//1810 1434//1810
f 1435//1810 1432//1810 1434//1810
f 1436//1811 1435//1811 1434//1811
f 1436//1811 1434//1811 1437//1811
f 1438//1812 1436//1812 1437//1812
f 1438//1812 1437//1812 1439//1812
f 1438//1813 1439//1813 1440//1813
f 1441//1813 1438//1813 1440//1813
f 1442//1814 1440//1814 1443//1814
f 1442//1814 1441//1814 1440//1814
f 1444//1815 1443//1815 1445//1815
f 1444//1815 1442//1815 1443//1815
f 1446//1816 1445//1816 1447//1816
f 1446//1816 1444//1816 1445//1816
f 1448//1817 1447//1817 1449//1817
f 1448//1818 1449//1818 1450//1818
f 1448//1817 1446//1817 1447//1817
f 1451//1818 1448//1818 1450//1818
f 1452//1819 1450//1819 1453//1819
f 1452//1819 1451//1819 1450//1819
f 1454//1820 1453//1820 1455//1820
f 1454//1820 1452//1820 1453//1820
f 1456//1821 1455//1821 1457//1821
f 1456//1822 1457//1822 1458//1822
f 1456//1821 1454//1821 1455//1821
f 1459//1822 1456//1822 1458//1822
f 1460//1823 1458//1823 1461//1823
f 1460//1823 1459//1823 1458//1823
f 1462//1824 1461//1824 1463//1824
f 1462//1824 1460//1824 1461//1824
f 1464//1825 1462//1825 1463//1825
f 1464//1825 1463//1825 1465//1825
f 1466//1826 1464//1826 1465//1826
f 1466//1826 1465//1826 1467//1826
f 1466//1827 1467//1827 1468//1827
f 1469//1827 1466//1827 1468//1827
f 1470//1828 1469//1828 1468//1828
f 1470//1828 1468//1828 1471//1828
f 1470//1829 1471//1829 1472//1829
f 1473//1829 1470//1829 1472//1829
f 1474//1830 1472//1830 1475//1830
f 1474//1831 1475//1831 1476//1831
f 1474//1830 1473//1830 1472//1830
f 1477//1831 1474//1831 1476//1831
f 1478//1832 1476//1832 1479//1832
f 1478//1833 1479//1833 1480//1833
f 1478//1832 1477//1832 1476//1832
f 1481//1833 1478//1833 1480//1833
f 1482//1834 1480//1834 1483//1834
f 1482//1834 1481//1834 1480//1834
f 1484//1835 1483//1835 1485//1835
f 1484//1836 1485//1836 1486//1836
f 1484//1835 1482//1835 1483//1835
f 1487//1836 1484//1836 1486//1836
f 1488//1837 1486//1837 1489//1837
f 1488//1838 1489//1838 1490//1838
f 1488//1837 1487//1837 1486//1837
f 1491//1838 1488//1838 1490//1838
f 1492//1839 1490//1839 1493//1839
f 1492//1839 1491//1839 1490//1839
f 1494//1840 1493//1840 1495//1840
f 1494//1840 1492//1840 1493//1840
f 1496//1841 1495//1841 1497//1841
f 1496//1842 1497//1842 1498//1842
f 1496//1841 1494//1841 1495//1841
f 1499//1842 1496//1842 1498//1842
f 1500//1843 1498//1843 1501//1843
f 1500//1843 1499//1843 1498//1843
f 1502//1844 1501//1844 1503//1844
f 1502//1844 1500//1844 1501//1844
f 1504//1845 1503//1845 1505//1845
f 1504//1845 1502//1845 1503//1845
f 1506//1846 1505//1846 1507//1846
f 1506//1846 1504//1846 1505//1846
f 1508//1847 1507//1847 1509//1847
f 1508//1847 1506//1847 1507//1847
f 1510//1848 1509//1848 1511//1848
f 1510//1848 1508//1848 1509//1848
f 1512//1849 1511//1849 1513//1849
f 1512//1849 1510//1849 1511//1849
f 1514//1850 1512//1850 1513//1850
f 1514//1850 1513//1850 1515//1850
f 1514//1851 1515//1851 1516//1851
f 1517//1851 1514//1851 1516//1851
f 1518//1852 1517//1852 1516//1852
f 1518//1852 1516//1852 1519//1852
f 1520//1853 1518//1853 1519//1853
f 1520//1853 1519//1853 1521//1853
f 1522//1854 1520//1854 1521//1854
f 1522//1854 1521//1854 1523//1854
f 1524//1855 1522//1855 1523//1855
f 1524//1855 1523//1855 1525//1855
f 1526//1856 1524//1856 1525//1856
f 1526//1856 1525//1856 1527//1856
f 1528//1857 1526//1857 1527//1857
f 1528//1857 1527//1857 1529//1857
f 1387//1858 1528//1858 1529//1858
f 1387//1858 1529//1858 1388//1858
f 1482//1859 1478//1859 1481//1859
f 1469//1859 1470//1859 1473//1859
f 1469//1859 1473//1859 1474//1859
f 1469//1859 1474//1859 1477//1859
f 1469//1859 1477//1859 1478//1859
f 1487//1859 1482//1859 1484//1859
f 1488//1859 1478//1859 1482//1859
f 1488//1859 1482//1859 1487//1859
f 1462//1859 1464//1859 1466//1859
f 1494//1859 1491//1859 1492//1859
f 1496//1859 1491//1859 1494//1859
f 1496//1859 1488//1859 1491//1859
f 1456//1859 1462//1859 1466//1859
f 1456//1859 1459//1859 1460//1859
f 1456//1859 1460//1859 1462//1859
f 1456//1859 1466//1859 1469//1859
f 1500//1859 1488//1859 1496//1859
f 1500//1859 1496//1859 1499//1859
f 1500//1859 1478//1859 1488//1859
f 1452//1859 1456//1859 1469//1859
f 1452//1859 1454//1859 1456//1859
f 1452//1859 1469//1859 1478//1859
f 1451//1859 1478//1859 1500//1859
f 1451//1859 1452//1859 1478//1859
f 1451//1859 1500//1859 1502//1859
f 1506//1859 1451//1859 1502//1859
f 1506//1859 1448//1859 1451//1859
f 1506//1859 1502//1859 1504//1859
f 1512//1859 1508//1859 1510//1859
f 1514//1859 1508//1859 1512//1859
f 1438//1859 1441//1859 1442//1859
f 1438//1859 1442//1859 1444//1859
f 1438//1859 1444//1859 1446//1859
f 1436//1859 1446//1859 1448//1859
f 1436//1859 1438//1859 1446//1859
f 1520//1859 1514//1859 1517//1859
f 1520//1859 1517//1859 1518//1859
f 1432//1859 1435//1859 1436//1859
f 1522//1859 1448//1859 1506//1859
f 1522//1859 1508//1859 1514//1859
f 1522//1859 1514//1859 1520//1859
f 1522//1859 1506//1859 1508//1859
f 1431//1859 1432//1859 1436//1859
f 1428//1859 1436//1859 1448//1859
f 1428//1859 1431//1859 1436//1859
f 1528//1859 1522//1859 1524//1859
f 1528//1859 1524//1859 1526//1859
f 1422//1859 1425//1859 1426//1859
f 1422//1859 1426//1859 1428//1859
f 1420//1859 1448//1859 1522//1859
f 1420//1859 1428//1859 1448//1859
f 1420//1859 1522//1859 1528//1859
f 1420//1859 1422//1859 1428//1859
f 1386//1859 1528//1859 1387//1859
f 1393//1859 1386//1859 1390//1859
f 1393//1859 1420//1859 1528//1859
f 1393//1859 1528//1859 1386//1859
f 1415//1859 1416//1859 1419//1859
f 1415//1859 1419//1859 1420//1859
f 1397//1859 1393//1859 1394//1859
f 1413//1859 1420//1859 1393//1859
f 1413//1859 1415//1859 1420//1859
f 1400//1859 1393//1859 1397//1859
f 1400//1859 1397//1859 1398//1859
f 1400//1859 1410//1859 1413//1859
f 1400//1859 1413//1859 1393//1859
f 1404//1859 1400//1859 1402//1859
f 1404//1859 1410//1859 1400//1859
f 1404//1859 1406//1859 1408//1859
f 1404//1859 1408//1859 1410//1859
f 1479//1860 1483//1860 1480//1860
f 1471//1860 1468//1860 1472//1860
f 1472//1860 1468//1860 1475//1860
f 1475//1860 1468//1860 1476//1860
f 1476//1860 1468//1860 1479//1860
f 1483//1860 1486//1860 1485//1860
f 1479//1860 1489//1860 1483//1860
f 1483//1860 1489//1860 1486//1860
f 1465//1860 1463//1860 1467//1860
f 1490//1860 1495//1860 1493//1860
f 1490//1860 1497//1860 1495//1860
f 1489//1860 1497//1860 1490//1860
f 1463//1860 1457//1860 1467//1860
f 1458//1860 1457//1860 1461//1860
f 1461//1860 1457//1860 1463//1860
f 1467//1860 1457//1860 1468//1860
f 1489//1860 1501//1860 1497//1860
f 1497//1860 1501//1860 1498//1860
f 1479//1860 1501//1860 1489//1860
f 1457//1860 1453//1860 1468//1860
f 1455//1861 1453//1861 1457//1861
f 1468//1860 1453//1860 1479//1860
f 1479//1860 1450//1860 1501//1860
f 1453//1860 1450//1860 1479//1860
f 1501//1860 1450//1860 1503//1860
f 1450//1860 1507//1860 1503//1860
f 1449//1860 1507//1860 1450//1860
f 1503//1860 1507//1860 1505//1860
f 1509//1860 1513//1860 1511//1860
f 1509//1860 1515//1860 1513//1860
f 1440//1860 1439//1860 1443//1860
f 1443//1860 1439//1860 1445//1860
f 1445//1860 1439//1860 1447//1860
f 1447//1860 1437//1860 1449//1860
f 1439//1860 1437//1860 1447//1860
f 1515//1860 1521//1860 1516//1860
f 1516//1860 1521//1860 1519//1860
f 1434//1860 1433//1860 1437//1860
f 1449//1860 1523//1860 1507//1860
f 1509//1860 1523//1860 1515//1860
f 1515//1860 1523//1860 1521//1860
f 1507//1860 1523//1860 1509//1860
f 1433//1860 1430//1860 1437//1860
f 1437//1860 1429//1860 1449//1860
f 1430//1860 1429//1860 1437//1860
f 1523//1860 1529//1860 1525//1860
f 1525//1862 1529//1862 1527//1862
f 1424//1860 1423//1860 1427//1860
f 1427//1860 1423//1860 1429//1860
f 1449//1860 1421//1860 1523//1860
f 1429//1860 1421//1860 1449//1860
f 1523//1860 1421//1860 1529//1860
f 1423//1860 1421//1860 1429//1860
f 1529//1860 1389//1860 1388//1860
f 1389//1862 1392//1862 1391//1862
f 1421//1860 1392//1860 1529//1860
f 1529//1860 1392//1860 1389//1860
f 1417//1860 1414//1860 1418//1860
f 1418//1860 1414//1860 1421//1860
f 1392//1860 1396//1860 1395//1860
f 1421//1860 1412//1860 1392//1860
f 1414//1860 1412//1860 1421//1860
f 1392//1860 1401//1860 1396//1860
f 1396//1860 1401//1860 1399//1860
f 1411//1860 1401//1860 1412//1860
f 1412//1860 1401//1860 1392//1860
f 1401//1860 1405//1860 1403//1860
f 1411//1860 1405//1860 1401//1860
f 1407//1860 1405//1860 1409//1860
f 1409//1860 1405//1860 1411//1860
